#pragma once
/*
    #version:1# (machine generated, don't edit!)

    Generated by sokol-shdc (https://github.com/floooh/sokol-tools)

    Cmdline:
        sokol-shdc -i src/shaders/sk_model.glsl -o src/shaders/sk_model.glsl.h -l glsl410:glsl300es:wgsl --ifdef

    Overview:
    =========
    Shader program: 'background':
        Get shader desc: background_shader_desc(sg_query_backend());
        Vertex Shader: vs_background
        Fragment Shader: fs_background
        Attributes:
            ATTR_background_bg_position => 0
    Shader program: 'model_skinned':
        Get shader desc: model_skinned_shader_desc(sg_query_backend());
        Vertex Shader: vs_skinned
        Fragment Shader: fs
        Attributes:
            ATTR_model_skinned_position => 0
            ATTR_model_skinned_normal => 1
            ATTR_model_skinned_texcoord0 => 2
            ATTR_model_skinned_texcoord1 => 3
            ATTR_model_skinned_tangent => 4
            ATTR_model_skinned_color0 => 5
            ATTR_model_skinned_joints => 6
            ATTR_model_skinned_weights => 7
    Shader program: 'model_static':
        Get shader desc: model_static_shader_desc(sg_query_backend());
        Vertex Shader: vs_static
        Fragment Shader: fs
        Attributes:
            ATTR_model_static_position => 0
            ATTR_model_static_normal => 1
            ATTR_model_static_texcoord0 => 2
            ATTR_model_static_texcoord1 => 3
            ATTR_model_static_tangent => 4
            ATTR_model_static_color0 => 5
    Bindings:
        Uniform block 'bg_params':
            C struct: bg_params_t
            Bind slot: UB_bg_params => 0
        Uniform block 'vs_skin_params':
            C struct: vs_skin_params_t
            Bind slot: UB_vs_skin_params => 0
        Uniform block 'fs_scene':
            C struct: fs_scene_t
            Bind slot: UB_fs_scene => 2
        Uniform block 'fs_params':
            C struct: fs_params_t
            Bind slot: UB_fs_params => 1
        Uniform block 'fs_lights':
            C struct: fs_lights_t
            Bind slot: UB_fs_lights => 3
        Uniform block 'vs_params':
            C struct: vs_params_t
            Bind slot: UB_vs_params => 0
        Texture 'bg_tex':
            Image type: SG_IMAGETYPE_CUBE
            Sample type: SG_IMAGESAMPLETYPE_FLOAT
            Multisampled: false
            Bind slot: VIEW_bg_tex => 0
        Texture 'joint_tex':
            Image type: SG_IMAGETYPE_2D
            Sample type: SG_IMAGESAMPLETYPE_UNFILTERABLE_FLOAT
            Multisampled: false
            Bind slot: VIEW_joint_tex => 7
        Texture 'base_color_tex':
            Image type: SG_IMAGETYPE_2D
            Sample type: SG_IMAGESAMPLETYPE_FLOAT
            Multisampled: false
            Bind slot: VIEW_base_color_tex => 0
        Texture 'normal_tex':
            Image type: SG_IMAGETYPE_2D
            Sample type: SG_IMAGESAMPLETYPE_FLOAT
            Multisampled: false
            Bind slot: VIEW_normal_tex => 2
        Texture 'metallic_roughness_tex':
            Image type: SG_IMAGETYPE_2D
            Sample type: SG_IMAGESAMPLETYPE_FLOAT
            Multisampled: false
            Bind slot: VIEW_metallic_roughness_tex => 1
        Texture 'occlusion_tex':
            Image type: SG_IMAGETYPE_2D
            Sample type: SG_IMAGESAMPLETYPE_FLOAT
            Multisampled: false
            Bind slot: VIEW_occlusion_tex => 3
        Texture 'env_tex':
            Image type: SG_IMAGETYPE_CUBE
            Sample type: SG_IMAGESAMPLETYPE_FLOAT
            Multisampled: false
            Bind slot: VIEW_env_tex => 5
        Texture 'brdf_tex':
            Image type: SG_IMAGETYPE_2D
            Sample type: SG_IMAGESAMPLETYPE_FLOAT
            Multisampled: false
            Bind slot: VIEW_brdf_tex => 6
        Texture 'emissive_tex':
            Image type: SG_IMAGETYPE_2D
            Sample type: SG_IMAGESAMPLETYPE_FLOAT
            Multisampled: false
            Bind slot: VIEW_emissive_tex => 4
        Sampler 'bg_smp':
            Type: SG_SAMPLERTYPE_FILTERING
            Bind slot: SMP_bg_smp => 0
        Sampler 'joint_smp':
            Type: SG_SAMPLERTYPE_NONFILTERING
            Bind slot: SMP_joint_smp => 7
        Sampler 'base_color_smp':
            Type: SG_SAMPLERTYPE_FILTERING
            Bind slot: SMP_base_color_smp => 0
        Sampler 'normal_smp':
            Type: SG_SAMPLERTYPE_FILTERING
            Bind slot: SMP_normal_smp => 2
        Sampler 'metallic_roughness_smp':
            Type: SG_SAMPLERTYPE_FILTERING
            Bind slot: SMP_metallic_roughness_smp => 1
        Sampler 'occlusion_smp':
            Type: SG_SAMPLERTYPE_FILTERING
            Bind slot: SMP_occlusion_smp => 3
        Sampler 'env_smp':
            Type: SG_SAMPLERTYPE_FILTERING
            Bind slot: SMP_env_smp => 5
        Sampler 'brdf_smp':
            Type: SG_SAMPLERTYPE_FILTERING
            Bind slot: SMP_brdf_smp => 6
        Sampler 'emissive_smp':
            Type: SG_SAMPLERTYPE_FILTERING
            Bind slot: SMP_emissive_smp => 4
*/
#if !defined(SOKOL_GFX_INCLUDED)
#error "Please include sokol_gfx.h before sk_model.glsl.h"
#endif
#if !defined(SOKOL_SHDC_ALIGN)
#if defined(_MSC_VER)
#define SOKOL_SHDC_ALIGN(a) __declspec(align(a))
#else
#define SOKOL_SHDC_ALIGN(a) __attribute__((aligned(a)))
#endif
#endif
#define ATTR_background_bg_position (0)
#define ATTR_model_skinned_position (0)
#define ATTR_model_skinned_normal (1)
#define ATTR_model_skinned_texcoord0 (2)
#define ATTR_model_skinned_texcoord1 (3)
#define ATTR_model_skinned_tangent (4)
#define ATTR_model_skinned_color0 (5)
#define ATTR_model_skinned_joints (6)
#define ATTR_model_skinned_weights (7)
#define ATTR_model_static_position (0)
#define ATTR_model_static_normal (1)
#define ATTR_model_static_texcoord0 (2)
#define ATTR_model_static_texcoord1 (3)
#define ATTR_model_static_tangent (4)
#define ATTR_model_static_color0 (5)
#define UB_bg_params (0)
#define UB_vs_skin_params (0)
#define UB_fs_scene (2)
#define UB_fs_params (1)
#define UB_fs_lights (3)
#define UB_vs_params (0)
#define VIEW_bg_tex (0)
#define VIEW_joint_tex (7)
#define VIEW_base_color_tex (0)
#define VIEW_normal_tex (2)
#define VIEW_metallic_roughness_tex (1)
#define VIEW_occlusion_tex (3)
#define VIEW_env_tex (5)
#define VIEW_brdf_tex (6)
#define VIEW_emissive_tex (4)
#define SMP_bg_smp (0)
#define SMP_joint_smp (7)
#define SMP_base_color_smp (0)
#define SMP_normal_smp (2)
#define SMP_metallic_roughness_smp (1)
#define SMP_occlusion_smp (3)
#define SMP_env_smp (5)
#define SMP_brdf_smp (6)
#define SMP_emissive_smp (4)
#pragma pack(push,1)
SOKOL_SHDC_ALIGN(16) typedef struct bg_params_t {
    float inv_view_proj[16];
    float bg_env[4];
    float bg_tonemap[4];
} bg_params_t;
#pragma pack(pop)
#pragma pack(push,1)
SOKOL_SHDC_ALIGN(16) typedef struct vs_skin_params_t {
    float mvp[16];
    float model[16];
    float normal_mat[16];
    float skin_base[4];
} vs_skin_params_t;
#pragma pack(pop)
#pragma pack(push,1)
SOKOL_SHDC_ALIGN(16) typedef struct fs_scene_t {
    float u_camera_pos[4];
    float u_ambient[4];
    float u_env[4];
    float u_sh[9][4];
    float u_tonemap[4];
} fs_scene_t;
#pragma pack(pop)
#pragma pack(push,1)
SOKOL_SHDC_ALIGN(16) typedef struct fs_params_t {
    float u_base_color[4];
    float u_emissive[4];
    float u_pbr[4];
    float u_material[4];
    float u_uv_row0[5][4];
    float u_uv_row1[5][4];
} fs_params_t;
#pragma pack(pop)
#pragma pack(push,1)
SOKOL_SHDC_ALIGN(16) typedef struct fs_lights_t {
    float u_light_pos_range[8][4];
    float u_light_dir_type[8][4];
    float u_light_radiance[8][4];
    float u_light_spot[8][4];
} fs_lights_t;
#pragma pack(pop)
#pragma pack(push,1)
SOKOL_SHDC_ALIGN(16) typedef struct vs_params_t {
    float mvp[16];
    float model[16];
    float normal_mat[16];
} vs_params_t;
#pragma pack(pop)
/*
    #version 410

    uniform vec4 vs_params[12];
    layout(location = 0) in vec3 position;
    layout(location = 0) out vec3 v_normal;
    layout(location = 1) in vec3 normal;
    layout(location = 1) out vec4 v_tangent;
    layout(location = 4) in vec4 tangent;
    layout(location = 2) out vec2 v_uv0;
    layout(location = 2) in vec2 texcoord0;
    layout(location = 3) out vec2 v_uv1;
    layout(location = 3) in vec2 texcoord1;
    layout(location = 4) out vec4 v_color;
    layout(location = 5) in vec4 color0;
    layout(location = 5) out vec3 v_world_pos;

    void main()
    {
        vec4 _31 = vec4(position, 1.0);
        gl_Position = mat4(vs_params[0], vs_params[1], vs_params[2], vs_params[3]) * _31;
        mat4 _39 = mat4(vs_params[8], vs_params[9], vs_params[10], vs_params[11]);
        v_normal = mat3(_39[0].xyz, _39[1].xyz, _39[2].xyz) * normal;
        mat4 _54 = mat4(vs_params[4], vs_params[5], vs_params[6], vs_params[7]);
        v_tangent = vec4(mat3(_54[0].xyz, _54[1].xyz, _54[2].xyz) * tangent.xyz, tangent.w);
        v_uv0 = texcoord0;
        v_uv1 = texcoord1;
        v_color = color0;
        v_world_pos = (_54 * _31).xyz;
    }

*/
#if defined(SOKOL_GLCORE)
static const uint8_t vs_static_source_glsl410[1065] = {
    0x23,0x76,0x65,0x72,0x73,0x69,0x6f,0x6e,0x20,0x34,0x31,0x30,0x0a,0x0a,0x75,0x6e,
    0x69,0x66,0x6f,0x72,0x6d,0x20,0x76,0x65,0x63,0x34,0x20,0x76,0x73,0x5f,0x70,0x61,
    0x72,0x61,0x6d,0x73,0x5b,0x31,0x32,0x5d,0x3b,0x0a,0x6c,0x61,0x79,0x6f,0x75,0x74,
    0x28,0x6c,0x6f,0x63,0x61,0x74,0x69,0x6f,0x6e,0x20,0x3d,0x20,0x30,0x29,0x20,0x69,
    0x6e,0x20,0x76,0x65,0x63,0x33,0x20,0x70,0x6f,0x73,0x69,0x74,0x69,0x6f,0x6e,0x3b,
    0x0a,0x6c,0x61,0x79,0x6f,0x75,0x74,0x28,0x6c,0x6f,0x63,0x61,0x74,0x69,0x6f,0x6e,
    0x20,0x3d,0x20,0x30,0x29,0x20,0x6f,0x75,0x74,0x20,0x76,0x65,0x63,0x33,0x20,0x76,
    0x5f,0x6e,0x6f,0x72,0x6d,0x61,0x6c,0x3b,0x0a,0x6c,0x61,0x79,0x6f,0x75,0x74,0x28,
    0x6c,0x6f,0x63,0x61,0x74,0x69,0x6f,0x6e,0x20,0x3d,0x20,0x31,0x29,0x20,0x69,0x6e,
    0x20,0x76,0x65,0x63,0x33,0x20,0x6e,0x6f,0x72,0x6d,0x61,0x6c,0x3b,0x0a,0x6c,0x61,
    0x79,0x6f,0x75,0x74,0x28,0x6c,0x6f,0x63,0x61,0x74,0x69,0x6f,0x6e,0x20,0x3d,0x20,
    0x31,0x29,0x20,0x6f,0x75,0x74,0x20,0x76,0x65,0x63,0x34,0x20,0x76,0x5f,0x74,0x61,
    0x6e,0x67,0x65,0x6e,0x74,0x3b,0x0a,0x6c,0x61,0x79,0x6f,0x75,0x74,0x28,0x6c,0x6f,
    0x63,0x61,0x74,0x69,0x6f,0x6e,0x20,0x3d,0x20,0x34,0x29,0x20,0x69,0x6e,0x20,0x76,
    0x65,0x63,0x34,0x20,0x74,0x61,0x6e,0x67,0x65,0x6e,0x74,0x3b,0x0a,0x6c,0x61,0x79,
    0x6f,0x75,0x74,0x28,0x6c,0x6f,0x63,0x61,0x74,0x69,0x6f,0x6e,0x20,0x3d,0x20,0x32,
    0x29,0x20,0x6f,0x75,0x74,0x20,0x76,0x65,0x63,0x32,0x20,0x76,0x5f,0x75,0x76,0x30,
    0x3b,0x0a,0x6c,0x61,0x79,0x6f,0x75,0x74,0x28,0x6c,0x6f,0x63,0x61,0x74,0x69,0x6f,
    0x6e,0x20,0x3d,0x20,0x32,0x29,0x20,0x69,0x6e,0x20,0x76,0x65,0x63,0x32,0x20,0x74,
    0x65,0x78,0x63,0x6f,0x6f,0x72,0x64,0x30,0x3b,0x0a,0x6c,0x61,0x79,0x6f,0x75,0x74,
    0x28,0x6c,0x6f,0x63,0x61,0x74,0x69,0x6f,0x6e,0x20,0x3d,0x20,0x33,0x29,0x20,0x6f,
    0x75,0x74,0x20,0x76,0x65,0x63,0x32,0x20,0x76,0x5f,0x75,0x76,0x31,0x3b,0x0a,0x6c,
    0x61,0x79,0x6f,0x75,0x74,0x28,0x6c,0x6f,0x63,0x61,0x74,0x69,0x6f,0x6e,0x20,0x3d,
    0x20,0x33,0x29,0x20,0x69,0x6e,0x20,0x76,0x65,0x63,0x32,0x20,0x74,0x65,0x78,0x63,
    0x6f,0x6f,0x72,0x64,0x31,0x3b,0x0a,0x6c,0x61,0x79,0x6f,0x75,0x74,0x28,0x6c,0x6f,
    0x63,0x61,0x74,0x69,0x6f,0x6e,0x20,0x3d,0x20,0x34,0x29,0x20,0x6f,0x75,0x74,0x20,
    0x76,0x65,0x63,0x34,0x20,0x76,0x5f,0x63,0x6f,0x6c,0x6f,0x72,0x3b,0x0a,0x6c,0x61,
    0x79,0x6f,0x75,0x74,0x28,0x6c,0x6f,0x63,0x61,0x74,0x69,0x6f,0x6e,0x20,0x3d,0x20,
    0x35,0x29,0x20,0x69,0x6e,0x20,0x76,0x65,0x63,0x34,0x20,0x63,0x6f,0x6c,0x6f,0x72,
    0x30,0x3b,0x0a,0x6c,0x61,0x79,0x6f,0x75,0x74,0x28,0x6c,0x6f,0x63,0x61,0x74,0x69,
    0x6f,0x6e,0x20,0x3d,0x20,0x35,0x29,0x20,0x6f,0x75,0x74,0x20,0x76,0x65,0x63,0x33,
    0x20,0x76,0x5f,0x77,0x6f,0x72,0x6c,0x64,0x5f,0x70,0x6f,0x73,0x3b,0x0a,0x0a,0x76,
    0x6f,0x69,0x64,0x20,0x6d,0x61,0x69,0x6e,0x28,0x29,0x0a,0x7b,0x0a,0x20,0x20,0x20,
    0x20,0x76,0x65,0x63,0x34,0x20,0x5f,0x33,0x31,0x20,0x3d,0x20,0x76,0x65,0x63,0x34,
    0x28,0x70,0x6f,0x73,0x69,0x74,0x69,0x6f,0x6e,0x2c,0x20,0x31,0x2e,0x30,0x29,0x3b,
    0x0a,0x20,0x20,0x20,0x20,0x67,0x6c,0x5f,0x50,0x6f,0x73,0x69,0x74,0x69,0x6f,0x6e,
    0x20,0x3d,0x20,0x6d,0x61,0x74,0x34,0x28,0x76,0x73,0x5f,0x70,0x61,0x72,0x61,0x6d,
    0x73,0x5b,0x30,0x5d,0x2c,0x20,0x76,0x73,0x5f,0x70,0x61,0x72,0x61,0x6d,0x73,0x5b,
    0x31,0x5d,0x2c,0x20,0x76,0x73,0x5f,0x70,0x61,0x72,0x61,0x6d,0x73,0x5b,0x32,0x5d,
    0x2c,0x20,0x76,0x73,0x5f,0x70,0x61,0x72,0x61,0x6d,0x73,0x5b,0x33,0x5d,0x29,0x20,
    0x2a,0x20,0x5f,0x33,0x31,0x3b,0x0a,0x20,0x20,0x20,0x20,0x6d,0x61,0x74,0x34,0x20,
    0x5f,0x33,0x39,0x20,0x3d,0x20,0x6d,0x61,0x74,0x34,0x28,0x76,0x73,0x5f,0x70,0x61,
    0x72,0x61,0x6d,0x73,0x5b,0x38,0x5d,0x2c,0x20,0x76,0x73,0x5f,0x70,0x61,0x72,0x61,
    0x6d,0x73,0x5b,0x39,0x5d,0x2c,0x20,0x76,0x73,0x5f,0x70,0x61,0x72,0x61,0x6d,0x73,
    0x5b,0x31,0x30,0x5d,0x2c,0x20,0x76,0x73,0x5f,0x70,0x61,0x72,0x61,0x6d,0x73,0x5b,
    0x31,0x31,0x5d,0x29,0x3b,0x0a,0x20,0x20,0x20,0x20,0x76,0x5f,0x6e,0x6f,0x72,0x6d,
    0x61,0x6c,0x20,0x3d,0x20,0x6d,0x61,0x74,0x33,0x28,0x5f,0x33,0x39,0x5b,0x30,0x5d,
    0x2e,0x78,0x79,0x7a,0x2c,0x20,0x5f,0x33,0x39,0x5b,0x31,0x5d,0x2e,0x78,0x79,0x7a,
    0x2c,0x20,0x5f,0x33,0x39,0x5b,0x32,0x5d,0x2e,0x78,0x79,0x7a,0x29,0x20,0x2a,0x20,
    0x6e,0x6f,0x72,0x6d,0x61,0x6c,0x3b,0x0a,0x20,0x20,0x20,0x20,0x6d,0x61,0x74,0x34,
    0x20,0x5f,0x35,0x34,0x20,0x3d,0x20,0x6d,0x61,0x74,0x34,0x28,0x76,0x73,0x5f,0x70,
    0x61,0x72,0x61,0x6d,0x73,0x5b,0x34,0x5d,0x2c,0x20,0x76,0x73,0x5f,0x70,0x61,0x72,
    0x61,0x6d,0x73,0x5b,0x35,0x5d,0x2c,0x20,0x76,0x73,0x5f,0x70,0x61,0x72,0x61,0x6d,
    0x73,0x5b,0x36,0x5d,0x2c,0x20,0x76,0x73,0x5f,0x70,0x61,0x72,0x61,0x6d,0x73,0x5b,
    0x37,0x5d,0x29,0x3b,0x0a,0x20,0x20,0x20,0x20,0x76,0x5f,0x74,0x61,0x6e,0x67,0x65,
    0x6e,0x74,0x20,0x3d,0x20,0x76,0x65,0x63,0x34,0x28,0x6d,0x61,0x74,0x33,0x28,0x5f,
    0x35,0x34,0x5b,0x30,0x5d,0x2e,0x78,0x79,0x7a,0x2c,0x20,0x5f,0x35,0x34,0x5b,0x31,
    0x5d,0x2e,0x78,0x79,0x7a,0x2c,0x20,0x5f,0x35,0x34,0x5b,0x32,0x5d,0x2e,0x78,0x79,
    0x7a,0x29,0x20,0x2a,0x20,0x74,0x61,0x6e,0x67,0x65,0x6e,0x74,0x2e,0x78,0x79,0x7a,
    0x2c,0x20,0x74,0x61,0x6e,0x67,0x65,0x6e,0x74,0x2e,0x77,0x29,0x3b,0x0a,0x20,0x20,
    0x20,0x20,0x76,0x5f,0x75,0x76,0x30,0x20,0x3d,0x20,0x74,0x65,0x78,0x63,0x6f,0x6f,
    0x72,0x64,0x30,0x3b,0x0a,0x20,0x20,0x20,0x20,0x76,0x5f,0x75,0x76,0x31,0x20,0x3d,
    0x20,0x74,0x65,0x78,0x63,0x6f,0x6f,0x72,0x64,0x31,0x3b,0x0a,0x20,0x20,0x20,0x20,
    0x76,0x5f,0x63,0x6f,0x6c,0x6f,0x72,0x20,0x3d,0x20,0x63,0x6f,0x6c,0x6f,0x72,0x30,
    0x3b,0x0a,0x20,0x20,0x20,0x20,0x76,0x5f,0x77,0x6f,0x72,0x6c,0x64,0x5f,0x70,0x6f,
    0x73,0x20,0x3d,0x20,0x28,0x5f,0x35,0x34,0x20,0x2a,0x20,0x5f,0x33,0x31,0x29,0x2e,
    0x78,0x79,0x7a,0x3b,0x0a,0x7d,0x0a,0x0a,0x00,
};
#endif
/*
    #version 410

    uniform vec4 vs_skin_params[13];
    uniform sampler2D joint_tex_joint_smp;

    layout(location = 7) in vec4 weights;
    layout(location = 6) in vec4 joints;
    layout(location = 0) in vec3 position;
    layout(location = 0) out vec3 v_normal;
    layout(location = 1) in vec3 normal;
    layout(location = 1) out vec4 v_tangent;
    layout(location = 4) in vec4 tangent;
    layout(location = 2) out vec2 v_uv0;
    layout(location = 2) in vec2 texcoord0;
    layout(location = 3) out vec2 v_uv1;
    layout(location = 3) in vec2 texcoord1;
    layout(location = 4) out vec4 v_color;
    layout(location = 5) in vec4 color0;
    layout(location = 5) out vec3 v_world_pos;

    mat4 joint_at(int index)
    {
        int _27 = int(vs_skin_params[12].x) + index;
        ivec2 _38 = ivec2((_27 % 256) * 4, _27 / 256);
        return mat4(texelFetch(joint_tex_joint_smp, _38, 0), texelFetch(joint_tex_joint_smp, _38 + ivec2(1, 0), 0), texelFetch(joint_tex_joint_smp, _38 + ivec2(2, 0), 0), texelFetch(joint_tex_joint_smp, _38 + ivec2(3, 0), 0));
    }

    void main()
    {
        int param = int(joints.x);
        mat4 _117 = joint_at(param) * weights.x;
        int param_1 = int(joints.y);
        mat4 _126 = joint_at(param_1) * weights.y;
        int param_2 = int(joints.z);
        mat4 _148 = joint_at(param_2) * weights.z;
        int param_3 = int(joints.w);
        mat4 _170 = joint_at(param_3) * weights.w;
        vec4 _173 = ((_117[0] + _126[0]) + _148[0]) + _170[0];
        vec4 _176 = ((_117[1] + _126[1]) + _148[1]) + _170[1];
        vec4 _179 = ((_117[2] + _126[2]) + _148[2]) + _170[2];
        vec4 _195 = mat4(_173, _176, _179, ((_117[3] + _126[3]) + _148[3]) + _170[3]) * vec4(position, 1.0);
        gl_Position = mat4(vs_skin_params[0], vs_skin_params[1], vs_skin_params[2], vs_skin_params[3]) * _195;
        mat4 _210 = mat4(vs_skin_params[8], vs_skin_params[9], vs_skin_params[10], vs_skin_params[11]);
        mat3 _226 = mat3(_173.xyz, _176.xyz, _179.xyz);
        v_normal = mat3(_210[0].xyz, _210[1].xyz, _210[2].xyz) * (_226 * normal);
        mat4 _233 = mat4(vs_skin_params[4], vs_skin_params[5], vs_skin_params[6], vs_skin_params[7]);
        v_tangent = vec4(mat3(_233[0].xyz, _233[1].xyz, _233[2].xyz) * (_226 * tangent.xyz), tangent.w);
        v_uv0 = texcoord0;
        v_uv1 = texcoord1;
        v_color = color0;
        v_world_pos = (_233 * _195).xyz;
    }

*/
#if defined(SOKOL_GLCORE)
static const uint8_t vs_skinned_source_glsl410[2241] = {
    0x23,0x76,0x65,0x72,0x73,0x69,0x6f,0x6e,0x20,0x34,0x31,0x30,0x0a,0x0a,0x75,0x6e,
    0x69,0x66,0x6f,0x72,0x6d,0x20,0x76,0x65,0x63,0x34,0x20,0x76,0x73,0x5f,0x73,0x6b,
    0x69,0x6e,0x5f,0x70,0x61,0x72,0x61,0x6d,0x73,0x5b,0x31,0x33,0x5d,0x3b,0x0a,0x75,
    0x6e,0x69,0x66,0x6f,0x72,0x6d,0x20,0x73,0x61,0x6d,0x70,0x6c,0x65,0x72,0x32,0x44,
    0x20,0x6a,0x6f,0x69,0x6e,0x74,0x5f,0x74,0x65,0x78,0x5f,0x6a,0x6f,0x69,0x6e,0x74,
    0x5f,0x73,0x6d,0x70,0x3b,0x0a,0x0a,0x6c,0x61,0x79,0x6f,0x75,0x74,0x28,0x6c,0x6f,
    0x63,0x61,0x74,0x69,0x6f,0x6e,0x20,0x3d,0x20,0x37,0x29,0x20,0x69,0x6e,0x20,0x76,
    0x65,0x63,0x34,0x20,0x77,0x65,0x69,0x67,0x68,0x74,0x73,0x3b,0x0a,0x6c,0x61,0x79,
    0x6f,0x75,0x74,0x28,0x6c,0x6f,0x63,0x61,0x74,0x69,0x6f,0x6e,0x20,0x3d,0x20,0x36,
    0x29,0x20,0x69,0x6e,0x20,0x76,0x65,0x63,0x34,0x20,0x6a,0x6f,0x69,0x6e,0x74,0x73,
    0x3b,0x0a,0x6c,0x61,0x79,0x6f,0x75,0x74,0x28,0x6c,0x6f,0x63,0x61,0x74,0x69,0x6f,
    0x6e,0x20,0x3d,0x20,0x30,0x29,0x20,0x69,0x6e,0x20,0x76,0x65,0x63,0x33,0x20,0x70,
    0x6f,0x73,0x69,0x74,0x69,0x6f,0x6e,0x3b,0x0a,0x6c,0x61,0x79,0x6f,0x75,0x74,0x28,
    0x6c,0x6f,0x63,0x61,0x74,0x69,0x6f,0x6e,0x20,0x3d,0x20,0x30,0x29,0x20,0x6f,0x75,
    0x74,0x20,0x76,0x65,0x63,0x33,0x20,0x76,0x5f,0x6e,0x6f,0x72,0x6d,0x61,0x6c,0x3b,
    0x0a,0x6c,0x61,0x79,0x6f,0x75,0x74,0x28,0x6c,0x6f,0x63,0x61,0x74,0x69,0x6f,0x6e,
    0x20,0x3d,0x20,0x31,0x29,0x20,0x69,0x6e,0x20,0x76,0x65,0x63,0x33,0x20,0x6e,0x6f,
    0x72,0x6d,0x61,0x6c,0x3b,0x0a,0x6c,0x61,0x79,0x6f,0x75,0x74,0x28,0x6c,0x6f,0x63,
    0x61,0x74,0x69,0x6f,0x6e,0x20,0x3d,0x20,0x31,0x29,0x20,0x6f,0x75,0x74,0x20,0x76,
    0x65,0x63,0x34,0x20,0x76,0x5f,0x74,0x61,0x6e,0x67,0x65,0x6e,0x74,0x3b,0x0a,0x6c,
    0x61,0x79,0x6f,0x75,0x74,0x28,0x6c,0x6f,0x63,0x61,0x74,0x69,0x6f,0x6e,0x20,0x3d,
    0x20,0x34,0x29,0x20,0x69,0x6e,0x20,0x76,0x65,0x63,0x34,0x20,0x74,0x61,0x6e,0x67,
    0x65,0x6e,0x74,0x3b,0x0a,0x6c,0x61,0x79,0x6f,0x75,0x74,0x28,0x6c,0x6f,0x63,0x61,
    0x74,0x69,0x6f,0x6e,0x20,0x3d,0x20,0x32,0x29,0x20,0x6f,0x75,0x74,0x20,0x76,0x65,
    0x63,0x32,0x20,0x76,0x5f,0x75,0x76,0x30,0x3b,0x0a,0x6c,0x61,0x79,0x6f,0x75,0x74,
    0x28,0x6c,0x6f,0x63,0x61,0x74,0x69,0x6f,0x6e,0x20,0x3d,0x20,0x32,0x29,0x20,0x69,
    0x6e,0x20,0x76,0x65,0x63,0x32,0x20,0x74,0x65,0x78,0x63,0x6f,0x6f,0x72,0x64,0x30,
    0x3b,0x0a,0x6c,0x61,0x79,0x6f,0x75,0x74,0x28,0x6c,0x6f,0x63,0x61,0x74,0x69,0x6f,
    0x6e,0x20,0x3d,0x20,0x33,0x29,0x20,0x6f,0x75,0x74,0x20,0x76,0x65,0x63,0x32,0x20,
    0x76,0x5f,0x75,0x76,0x31,0x3b,0x0a,0x6c,0x61,0x79,0x6f,0x75,0x74,0x28,0x6c,0x6f,
    0x63,0x61,0x74,0x69,0x6f,0x6e,0x20,0x3d,0x20,0x33,0x29,0x20,0x69,0x6e,0x20,0x76,
    0x65,0x63,0x32,0x20,0x74,0x65,0x78,0x63,0x6f,0x6f,0x72,0x64,0x31,0x3b,0x0a,0x6c,
    0x61,0x79,0x6f,0x75,0x74,0x28,0x6c,0x6f,0x63,0x61,0x74,0x69,0x6f,0x6e,0x20,0x3d,
    0x20,0x34,0x29,0x20,0x6f,0x75,0x74,0x20,0x76,0x65,0x63,0x34,0x20,0x76,0x5f,0x63,
    0x6f,0x6c,0x6f,0x72,0x3b,0x0a,0x6c,0x61,0x79,0x6f,0x75,0x74,0x28,0x6c,0x6f,0x63,
    0x61,0x74,0x69,0x6f,0x6e,0x20,0x3d,0x20,0x35,0x29,0x20,0x69,0x6e,0x20,0x76,0x65,
    0x63,0x34,0x20,0x63,0x6f,0x6c,0x6f,0x72,0x30,0x3b,0x0a,0x6c,0x61,0x79,0x6f,0x75,
    0x74,0x28,0x6c,0x6f,0x63,0x61,0x74,0x69,0x6f,0x6e,0x20,0x3d,0x20,0x35,0x29,0x20,
    0x6f,0x75,0x74,0x20,0x76,0x65,0x63,0x33,0x20,0x76,0x5f,0x77,0x6f,0x72,0x6c,0x64,
    0x5f,0x70,0x6f,0x73,0x3b,0x0a,0x0a,0x6d,0x61,0x74,0x34,0x20,0x6a,0x6f,0x69,0x6e,
    0x74,0x5f,0x61,0x74,0x28,0x69,0x6e,0x74,0x20,0x69,0x6e,0x64,0x65,0x78,0x29,0x0a,
    0x7b,0x0a,0x20,0x20,0x20,0x20,0x69,0x6e,0x74,0x20,0x5f,0x32,0x37,0x20,0x3d,0x20,
    0x69,0x6e,0x74,0x28,0x76,0x73,0x5f,0x73,0x6b,0x69,0x6e,0x5f,0x70,0x61,0x72,0x61,
    0x6d,0x73,0x5b,0x31,0x32,0x5d,0x2e,0x78,0x29,0x20,0x2b,0x20,0x69,0x6e,0x64,0x65,
    0x78,0x3b,0x0a,0x20,0x20,0x20,0x20,0x69,0x76,0x65,0x63,0x32,0x20,0x5f,0x33,0x38,
    0x20,0x3d,0x20,0x69,0x76,0x65,0x63,0x32,0x28,0x28,0x5f,0x32,0x37,0x20,0x25,0x20,
    0x32,0x35,0x36,0x29,0x20,0x2a,0x20,0x34,0x2c,0x20,0x5f,0x32,0x37,0x20,0x2f,0x20,
    0x32,0x35,0x36,0x29,0x3b,0x0a,0x20,0x20,0x20,0x20,0x72,0x65,0x74,0x75,0x72,0x6e,
    0x20,0x6d,0x61,0x74,0x34,0x28,0x74,0x65,0x78,0x65,0x6c,0x46,0x65,0x74,0x63,0x68,
    0x28,0x6a,0x6f,0x69,0x6e,0x74,0x5f,0x74,0x65,0x78,0x5f,0x6a,0x6f,0x69,0x6e,0x74,
    0x5f,0x73,0x6d,0x70,0x2c,0x20,0x5f,0x33,0x38,0x2c,0x20,0x30,0x29,0x2c,0x20,0x74,
    0x65,0x78,0x65,0x6c,0x46,0x65,0x74,0x63,0x68,0x28,0x6a,0x6f,0x69,0x6e,0x74,0x5f,
    0x74,0x65,0x78,0x5f,0x6a,0x6f,0x69,0x6e,0x74,0x5f,0x73,0x6d,0x70,0x2c,0x20,0x5f,
    0x33,0x38,0x20,0x2b,0x20,0x69,0x76,0x65,0x63,0x32,0x28,0x31,0x2c,0x20,0x30,0x29,
    0x2c,0x20,0x30,0x29,0x2c,0x20,0x74,0x65,0x78,0x65,0x6c,0x46,0x65,0x74,0x63,0x68,
    0x28,0x6a,0x6f,0x69,0x6e,0x74,0x5f,0x74,0x65,0x78,0x5f,0x6a,0x6f,0x69,0x6e,0x74,
    0x5f,0x73,0x6d,0x70,0x2c,0x20,0x5f,0x33,0x38,0x20,0x2b,0x20,0x69,0x76,0x65,0x63,
    0x32,0x28,0x32,0x2c,0x20,0x30,0x29,0x2c,0x20,0x30,0x29,0x2c,0x20,0x74,0x65,0x78,
    0x65,0x6c,0x46,0x65,0x74,0x63,0x68,0x28,0x6a,0x6f,0x69,0x6e,0x74,0x5f,0x74,0x65,
    0x78,0x5f,0x6a,0x6f,0x69,0x6e,0x74,0x5f,0x73,0x6d,0x70,0x2c,0x20,0x5f,0x33,0x38,
    0x20,0x2b,0x20,0x69,0x76,0x65,0x63,0x32,0x28,0x33,0x2c,0x20,0x30,0x29,0x2c,0x20,
    0x30,0x29,0x29,0x3b,0x0a,0x7d,0x0a,0x0a,0x76,0x6f,0x69,0x64,0x20,0x6d,0x61,0x69,
    0x6e,0x28,0x29,0x0a,0x7b,0x0a,0x20,0x20,0x20,0x20,0x69,0x6e,0x74,0x20,0x70,0x61,
    0x72,0x61,0x6d,0x20,0x3d,0x20,0x69,0x6e,0x74,0x28,0x6a,0x6f,0x69,0x6e,0x74,0x73,
    0x2e,0x78,0x29,0x3b,0x0a,0x20,0x20,0x20,0x20,0x6d,0x61,0x74,0x34,0x20,0x5f,0x31,
    0x31,0x37,0x20,0x3d,0x20,0x6a,0x6f,0x69,0x6e,0x74,0x5f,0x61,0x74,0x28,0x70,0x61,
    0x72,0x61,0x6d,0x29,0x20,0x2a,0x20,0x77,0x65,0x69,0x67,0x68,0x74,0x73,0x2e,0x78,
    0x3b,0x0a,0x20,0x20,0x20,0x20,0x69,0x6e,0x74,0x20,0x70,0x61,0x72,0x61,0x6d,0x5f,
    0x31,0x20,0x3d,0x20,0x69,0x6e,0x74,0x28,0x6a,0x6f,0x69,0x6e,0x74,0x73,0x2e,0x79,
    0x29,0x3b,0x0a,0x20,0x20,0x20,0x20,0x6d,0x61,0x74,0x34,0x20,0x5f,0x31,0x32,0x36,
    0x20,0x3d,0x20,0x6a,0x6f,0x69,0x6e,0x74,0x5f,0x61,0x74,0x28,0x70,0x61,0x72,0x61,
    0x6d,0x5f,0x31,0x29,0x20,0x2a,0x20,0x77,0x65,0x69,0x67,0x68,0x74,0x73,0x2e,0x79,
    0x3b,0x0a,0x20,0x20,0x20,0x20,0x69,0x6e,0x74,0x20,0x70,0x61,0x72,0x61,0x6d,0x5f,
    0x32,0x20,0x3d,0x20,0x69,0x6e,0x74,0x28,0x6a,0x6f,0x69,0x6e,0x74,0x73,0x2e,0x7a,
    0x29,0x3b,0x0a,0x20,0x20,0x20,0x20,0x6d,0x61,0x74,0x34,0x20,0x5f,0x31,0x34,0x38,
    0x20,0x3d,0x20,0x6a,0x6f,0x69,0x6e,0x74,0x5f,0x61,0x74,0x28,0x70,0x61,0x72,0x61,
    0x6d,0x5f,0x32,0x29,0x20,0x2a,0x20,0x77,0x65,0x69,0x67,0x68,0x74,0x73,0x2e,0x7a,
    0x3b,0x0a,0x20,0x20,0x20,0x20,0x69,0x6e,0x74,0x20,0x70,0x61,0x72,0x61,0x6d,0x5f,
    0x33,0x20,0x3d,0x20,0x69,0x6e,0x74,0x28,0x6a,0x6f,0x69,0x6e,0x74,0x73,0x2e,0x77,
    0x29,0x3b,0x0a,0x20,0x20,0x20,0x20,0x6d,0x61,0x74,0x34,0x20,0x5f,0x31,0x37,0x30,
    0x20,0x3d,0x20,0x6a,0x6f,0x69,0x6e,0x74,0x5f,0x61,0x74,0x28,0x70,0x61,0x72,0x61,
    0x6d,0x5f,0x33,0x29,0x20,0x2a,0x20,0x77,0x65,0x69,0x67,0x68,0x74,0x73,0x2e,0x77,
    0x3b,0x0a,0x20,0x20,0x20,0x20,0x76,0x65,0x63,0x34,0x20,0x5f,0x31,0x37,0x33,0x20,
    0x3d,0x20,0x28,0x28,0x5f,0x31,0x31,0x37,0x5b,0x30,0x5d,0x20,0x2b,0x20,0x5f,0x31,
    0x32,0x36,0x5b,0x30,0x5d,0x29,0x20,0x2b,0x20,0x5f,0x31,0x34,0x38,0x5b,0x30,0x5d,
    0x29,0x20,0x2b,0x20,0x5f,0x31,0x37,0x30,0x5b,0x30,0x5d,0x3b,0x0a,0x20,0x20,0x20,
    0x20,0x76,0x65,0x63,0x34,0x20,0x5f,0x31,0x37,0x36,0x20,0x3d,0x20,0x28,0x28,0x5f,
    0x31,0x31,0x37,0x5b,0x31,0x5d,0x20,0x2b,0x20,0x5f,0x31,0x32,0x36,0x5b,0x31,0x5d,
    0x29,0x20,0x2b,0x20,0x5f,0x31,0x34,0x38,0x5b,0x31,0x5d,0x29,0x20,0x2b,0x20,0x5f,
    0x31,0x37,0x30,0x5b,0x31,0x5d,0x3b,0x0a,0x20,0x20,0x20,0x20,0x76,0x65,0x63,0x34,
    0x20,0x5f,0x31,0x37,0x39,0x20,0x3d,0x20,0x28,0x28,0x5f,0x31,0x31,0x37,0x5b,0x32,
    0x5d,0x20,0x2b,0x20,0x5f,0x31,0x32,0x36,0x5b,0x32,0x5d,0x29,0x20,0x2b,0x20,0x5f,
    0x31,0x34,0x38,0x5b,0x32,0x5d,0x29,0x20,0x2b,0x20,0x5f,0x31,0x37,0x30,0x5b,0x32,
    0x5d,0x3b,0x0a,0x20,0x20,0x20,0x20,0x76,0x65,0x63,0x34,0x20,0x5f,0x31,0x39,0x35,
    0x20,0x3d,0x20,0x6d,0x61,0x74,0x34,0x28,0x5f,0x31,0x37,0x33,0x2c,0x20,0x5f,0x31,
    0x37,0x36,0x2c,0x20,0x5f,0x31,0x37,0x39,0x2c,0x20,0x28,0x28,0x5f,0x31,0x31,0x37,
    0x5b,0x33,0x5d,0x20,0x2b,0x20,0x5f,0x31,0x32,0x36,0x5b,0x33,0x5d,0x29,0x20,0x2b,
    0x20,0x5f,0x31,0x34,0x38,0x5b,0x33,0x5d,0x29,0x20,0x2b,0x20,0x5f,0x31,0x37,0x30,
    0x5b,0x33,0x5d,0x29,0x20,0x2a,0x20,0x76,0x65,0x63,0x34,0x28,0x70,0x6f,0x73,0x69,
    0x74,0x69,0x6f,0x6e,0x2c,0x20,0x31,0x2e,0x30,0x29,0x3b,0x0a,0x20,0x20,0x20,0x20,
    0x67,0x6c,0x5f,0x50,0x6f,0x73,0x69,0x74,0x69,0x6f,0x6e,0x20,0x3d,0x20,0x6d,0x61,
    0x74,0x34,0x28,0x76,0x73,0x5f,0x73,0x6b,0x69,0x6e,0x5f,0x70,0x61,0x72,0x61,0x6d,
    0x73,0x5b,0x30,0x5d,0x2c,0x20,0x76,0x73,0x5f,0x73,0x6b,0x69,0x6e,0x5f,0x70,0x61,
    0x72,0x61,0x6d,0x73,0x5b,0x31,0x5d,0x2c,0x20,0x76,0x73,0x5f,0x73,0x6b,0x69,0x6e,
    0x5f,0x70,0x61,0x72,0x61,0x6d,0x73,0x5b,0x32,0x5d,0x2c,0x20,0x76,0x73,0x5f,0x73,
    0x6b,0x69,0x6e,0x5f,0x70,0x61,0x72,0x61,0x6d,0x73,0x5b,0x33,0x5d,0x29,0x20,0x2a,
    0x20,0x5f,0x31,0x39,0x35,0x3b,0x0a,0x20,0x20,0x20,0x20,0x6d,0x61,0x74,0x34,0x20,
    0x5f,0x32,0x31,0x30,0x20,0x3d,0x20,0x6d,0x61,0x74,0x34,0x28,0x76,0x73,0x5f,0x73,
    0x6b,0x69,0x6e,0x5f,0x70,0x61,0x72,0x61,0x6d,0x73,0x5b,0x38,0x5d,0x2c,0x20,0x76,
    0x73,0x5f,0x73,0x6b,0x69,0x6e,0x5f,0x70,0x61,0x72,0x61,0x6d,0x73,0x5b,0x39,0x5d,
    0x2c,0x20,0x76,0x73,0x5f,0x73,0x6b,0x69,0x6e,0x5f,0x70,0x61,0x72,0x61,0x6d,0x73,
    0x5b,0x31,0x30,0x5d,0x2c,0x20,0x76,0x73,0x5f,0x73,0x6b,0x69,0x6e,0x5f,0x70,0x61,
    0x72,0x61,0x6d,0x73,0x5b,0x31,0x31,0x5d,0x29,0x3b,0x0a,0x20,0x20,0x20,0x20,0x6d,
    0x61,0x74,0x33,0x20,0x5f,0x32,0x32,0x36,0x20,0x3d,0x20,0x6d,0x61,0x74,0x33,0x28,
    0x5f,0x31,0x37,0x33,0x2e,0x78,0x79,0x7a,0x2c,0x20,0x5f,0x31,0x37,0x36,0x2e,0x78,
    0x79,0x7a,0x2c,0x20,0x5f,0x31,0x37,0x39,0x2e,0x78,0x79,0x7a,0x29,0x3b,0x0a,0x20,
    0x20,0x20,0x20,0x76,0x5f,0x6e,0x6f,0x72,0x6d,0x61,0x6c,0x20,0x3d,0x20,0x6d,0x61,
    0x74,0x33,0x28,0x5f,0x32,0x31,0x30,0x5b,0x30,0x5d,0x2e,0x78,0x79,0x7a,0x2c,0x20,
    0x5f,0x32,0x31,0x30,0x5b,0x31,0x5d,0x2e,0x78,0x79,0x7a,0x2c,0x20,0x5f,0x32,0x31,
    0x30,0x5b,0x32,0x5d,0x2e,0x78,0x79,0x7a,0x29,0x20,0x2a,0x20,0x28,0x5f,0x32,0x32,
    0x36,0x20,0x2a,0x20,0x6e,0x6f,0x72,0x6d,0x61,0x6c,0x29,0x3b,0x0a,0x20,0x20,0x20,
    0x20,0x6d,0x61,0x74,0x34,0x20,0x5f,0x32,0x33,0x33,0x20,0x3d,0x20,0x6d,0x61,0x74,
    0x34,0x28,0x76,0x73,0x5f,0x73,0x6b,0x69,0x6e,0x5f,0x70,0x61,0x72,0x61,0x6d,0x73,
    0x5b,0x34,0x5d,0x2c,0x20,0x76,0x73,0x5f,0x73,0x6b,0x69,0x6e,0x5f,0x70,0x61,0x72,
    0x61,0x6d,0x73,0x5b,0x35,0x5d,0x2c,0x20,0x76,0x73,0x5f,0x73,0x6b,0x69,0x6e,0x5f,
    0x70,0x61,0x72,0x61,0x6d,0x73,0x5b,0x36,0x5d,0x2c,0x20,0x76,0x73,0x5f,0x73,0x6b,
    0x69,0x6e,0x5f,0x70,0x61,0x72,0x61,0x6d,0x73,0x5b,0x37,0x5d,0x29,0x3b,0x0a,0x20,
    0x20,0x20,0x20,0x76,0x5f,0x74,0x61,0x6e,0x67,0x65,0x6e,0x74,0x20,0x3d,0x20,0x76,
    0x65,0x63,0x34,0x28,0x6d,0x61,0x74,0x33,0x28,0x5f,0x32,0x33,0x33,0x5b,0x30,0x5d,
    0x2e,0x78,0x79,0x7a,0x2c,0x20,0x5f,0x32,0x33,0x33,0x5b,0x31,0x5d,0x2e,0x78,0x79,
    0x7a,0x2c,0x20,0x5f,0x32,0x33,0x33,0x5b,0x32,0x5d,0x2e,0x78,0x79,0x7a,0x29,0x20,
    0x2a,0x20,0x28,0x5f,0x32,0x32,0x36,0x20,0x2a,0x20,0x74,0x61,0x6e,0x67,0x65,0x6e,
    0x74,0x2e,0x78,0x79,0x7a,0x29,0x2c,0x20,0x74,0x61,0x6e,0x67,0x65,0x6e,0x74,0x2e,
    0x77,0x29,0x3b,0x0a,0x20,0x20,0x20,0x20,0x76,0x5f,0x75,0x76,0x30,0x20,0x3d,0x20,
    0x74,0x65,0x78,0x63,0x6f,0x6f,0x72,0x64,0x30,0x3b,0x0a,0x20,0x20,0x20,0x20,0x76,
    0x5f,0x75,0x76,0x31,0x20,0x3d,0x20,0x74,0x65,0x78,0x63,0x6f,0x6f,0x72,0x64,0x31,
    0x3b,0x0a,0x20,0x20,0x20,0x20,0x76,0x5f,0x63,0x6f,0x6c,0x6f,0x72,0x20,0x3d,0x20,
    0x63,0x6f,0x6c,0x6f,0x72,0x30,0x3b,0x0a,0x20,0x20,0x20,0x20,0x76,0x5f,0x77,0x6f,
    0x72,0x6c,0x64,0x5f,0x70,0x6f,0x73,0x20,0x3d,0x20,0x28,0x5f,0x32,0x33,0x33,0x20,
    0x2a,0x20,0x5f,0x31,0x39,0x35,0x29,0x2e,0x78,0x79,0x7a,0x3b,0x0a,0x7d,0x0a,0x0a,
    0x00,
};
#endif
/*
    #version 410

    uniform vec4 fs_scene[13];
    uniform vec4 fs_params[14];
    uniform vec4 fs_lights[32];
    uniform sampler2D base_color_tex_base_color_smp;
    uniform sampler2D normal_tex_normal_smp;
    uniform sampler2D metallic_roughness_tex_metallic_roughness_smp;
    uniform sampler2D occlusion_tex_occlusion_smp;
    uniform samplerCube env_tex_env_smp;
    uniform sampler2D brdf_tex_brdf_smp;
    uniform sampler2D emissive_tex_emissive_smp;

    layout(location = 2) in vec2 v_uv0;
    layout(location = 3) in vec2 v_uv1;
    layout(location = 4) in vec4 v_color;
    layout(location = 0) out vec4 frag_color;
    layout(location = 0) in vec3 v_normal;
    layout(location = 1) in vec4 v_tangent;
    layout(location = 5) in vec3 v_world_pos;

    vec2 tex_uv(int i)
    {
        bvec2 _407 = bvec2(fs_params[i * 1 + 4].w < 0.5);
        vec3 _411 = vec3(vec2(_407.x ? v_uv0.x : v_uv1.x, _407.y ? v_uv0.y : v_uv1.y), 1.0);
        return vec2(dot(fs_params[i * 1 + 4].xyz, _411), dot(fs_params[i * 1 + 9].xyz, _411));
    }

    vec3 srgb_to_linear(vec3 c)
    {
        return mix(c * vec3(0.077399380505084991455078125), pow((max(c, vec3(0.040449999272823333740234375)) + vec3(0.054999999701976776123046875)) * vec3(0.947867333889007568359375), vec3(2.400000095367431640625)), step(vec3(0.040449999272823333740234375), c));
    }

    vec3 tonemap_neutral(inout vec3 color)
    {
        float _120 = min(color.x, min(color.y, color.z));
        float _126;
        if (_120 < 0.07999999821186065673828125)
        {
            _126 = _120 - ((6.25 * _120) * _120);
        }
        else
        {
            _126 = 0.039999999105930328369140625;
        }
        color -= vec3(_126);
        float _145 = color.x;
        float _147 = color.y;
        float _149 = color.z;
        float _151 = max(_145, max(_147, _149));
        if (_151 < 0.7599999904632568359375)
        {
            return color;
        }
        float _166 = 1.0 - (0.057599999010562896728515625 / (_151 + (-0.519999980926513671875)));
        color *= (_166 / _151);
        return mix(color, vec3(_166), vec3(1.0 - (1.0 / ((0.1500000059604644775390625 * (_151 - _166)) + 1.0))));
    }

    vec3 tonemap_aces(inout vec3 color)
    {
        color *= 0.60000002384185791015625;
        return clamp((color * ((color * 2.5099999904632568359375) + vec3(0.02999999932944774627685546875))) / ((color * ((color * 2.4300000667572021484375) + vec3(0.589999973773956298828125))) + vec3(0.14000000059604644775390625)), vec3(0.0), vec3(1.0));
    }

    vec3 linear_to_srgb(inout vec3 c)
    {
        c = clamp(c, vec3(0.0), vec3(1.0));
        return mix(c * 12.9200000762939453125, (pow(max(c, vec3(0.003130800090730190277099609375)), vec3(0.4166666567325592041015625)) * 1.05499994754791259765625) - vec3(0.054999999701976776123046875), step(vec3(0.003130800090730190277099609375), c));
    }

    vec3 to_display(inout vec3 color, vec4 tonemap)
    {
        color *= tonemap.y;
        int _226 = int(tonemap.x + 0.5);
        if (_226 == 1)
        {
            vec3 param = color;
            vec3 _234 = tonemap_neutral(param);
            color = _234;
        }
        else
        {
            if (_226 == 2)
            {
                vec3 param_1 = color;
                vec3 _243 = tonemap_aces(param_1);
                color = _243;
            }
        }
        vec3 param_2 = color;
        vec3 _246 = linear_to_srgb(param_2);
        return _246;
    }

    float attenuation(float d, float range)
    {
        float _433 = 1.0 / max(d * d, 0.00999999977648258209228515625);
        if (range <= 0.0)
        {
            return _433;
        }
        float _443 = d / range;
        float _453 = clamp(1.0 - (((_443 * _443) * _443) * _443), 0.0, 1.0);
        return (_453 * _453) * _433;
    }

    float spot_factor(float cos_angle, float cos_inner, float cos_outer)
    {
        if ((cos_inner - cos_outer) <= 9.9999999747524270787835121154785e-07)
        {
            return float(cos_angle >= cos_outer);
        }
        return smoothstep(cos_outer, cos_inner, cos_angle);
    }

    vec3 env_dir(vec3 dir, vec4 env)
    {
        return vec3((env.z * dir.x) - (env.w * dir.z), dir.y, (env.w * dir.x) + (env.z * dir.z));
    }

    vec3 eval_sh(vec3 n)
    {
        vec3 _386 = ((((((((fs_scene[3].xyz * 0.2820949852466583251953125) + (fs_scene[4].xyz * (0.48860299587249755859375 * n.y))) + (fs_scene[5].xyz * (0.48860299587249755859375 * n.z))) + (fs_scene[6].xyz * (0.48860299587249755859375 * n.x))) + (fs_scene[7].xyz * ((1.09254801273345947265625 * n.x) * n.y))) + (fs_scene[8].xyz * ((1.09254801273345947265625 * n.y) * n.z))) + (fs_scene[9].xyz * (0.3153919875621795654296875 * (((3.0 * n.z) * n.z) - 1.0)))) + (fs_scene[10].xyz * ((1.09254801273345947265625 * n.x) * n.z))) + (fs_scene[11].xyz * (0.546274006366729736328125 * ((n.x * n.x) - (n.y * n.y))));
        return _386;
    }

    void main()
    {
        int param = 0;
        vec4 _492 = texture(base_color_tex_base_color_smp, tex_uv(param));
        vec3 param_1 = _492.xyz;
        vec4 _510 = (vec4(srgb_to_linear(param_1), _492.w) * fs_params[0]) * v_color;
        float _512 = _510.w;
        if (_512 < fs_params[3].x)
        {
            discard;
        }
        if (fs_params[2].w < 0.5)
        {
            vec3 param_2 = _510.xyz;
            vec4 param_3 = fs_scene[12];
            vec3 _532 = to_display(param_2, param_3);
            frag_color = vec4(_532, _512);
            return;
        }
        vec3 _544 = normalize(v_normal);
        vec3 n = _544;
        vec3 _555 = v_tangent.xyz - (_544 * dot(_544, v_tangent.xyz));
        vec3 t = _555;
        if (dot(_555, _555) > 9.9999999392252902907785028219223e-09)
        {
            vec3 _569 = t;
            vec3 _570 = normalize(_569);
            t = _570;
            int param_4 = 2;
            vec3 _592 = (texture(normal_tex_normal_smp, tex_uv(param_4)).xyz * 2.0) - vec3(1.0);
            vec2 _597 = _592.xy * fs_params[1].w;
            vec3 _1034 = _592;
            _1034.x = _597.x;
            _1034.y = _597.y;
            n = normalize(mat3(t, cross(n, _570) * v_tangent.w, n) * _1034);
        }
        n *= (gl_FrontFacing ? 1.0 : (-1.0));
        int param_5 = 1;
        vec4 _633 = texture(metallic_roughness_tex_metallic_roughness_smp, tex_uv(param_5));
        float _641 = clamp(fs_params[2].x * _633.z, 0.0, 1.0);
        float _648 = clamp(fs_params[2].y * _633.y, 0.02999999932944774627685546875, 1.0);
        float _652 = _648 * _648;
        float _656 = _652 * _652;
        vec3 _660 = _510.xyz;
        vec3 _663 = mix(vec3(0.039999999105930328369140625), _660, vec3(_641));
        vec3 _669 = _660 * (1.0 - _641);
        vec3 _677 = normalize(fs_scene[0].xyz - v_world_pos);
        float _684 = clamp(abs(dot(n, _677)), 9.9999997473787516355514526367188e-05, 1.0);
        int param_6 = 3;
        float _699 = 1.0 + (fs_params[2].z * (texture(occlusion_tex_occlusion_smp, tex_uv(param_6)).x - 1.0));
        vec3 color = (fs_scene[1].xyz * (_669 + _663)) * _699;
        int _713 = int(fs_params[3].y);
        vec3 light_dir;
        vec3 _766;
        for (int i = 0; i < 8; i++)
        {
            if (i >= _713)
            {
                break;
            }
            float falloff = 1.0;
            int _742 = int(fs_lights[i * 1 + 8].w + 0.5);
            if (_742 == 0)
            {
                light_dir = normalize(fs_lights[i * 1 + 8].xyz);
            }
            else
            {
                vec3 _760 = v_world_pos - fs_lights[i * 1 + 0].xyz;
                float _763 = length(_760);
                if (_763 > 9.9999999747524270787835121154785e-07)
                {
                    _766 = _760 / vec3(_763);
                }
                else
                {
                    _766 = vec3(0.0, -1.0, 0.0);
                }
                light_dir = _766;
                float param_7 = _763;
                float param_8 = fs_lights[i * 1 + 0].w;
                falloff = attenuation(param_7, param_8);
                if (_742 == 2)
                {
                    float param_9 = dot(light_dir, normalize(fs_lights[i * 1 + 8].xyz));
                    float param_10 = fs_lights[i * 1 + 24].x;
                    float param_11 = fs_lights[i * 1 + 24].y;
                    falloff *= spot_factor(param_9, param_10, param_11);
                }
            }
            vec3 _808 = -light_dir;
            float _812 = dot(n, _808);
            if ((_812 <= 0.0) || (falloff <= 0.0))
            {
                continue;
            }
            vec3 _825 = normalize(_808 + _677);
            float _830 = clamp(dot(n, _825), 0.0, 1.0);
            vec3 _846 = _663 + ((vec3(1.0) - _663) * pow(1.0 - clamp(dot(_677, _825), 0.0, 1.0), 5.0));
            float _854 = ((_830 * _830) * (_656 - 1.0)) + 1.0;
            float _869 = 1.0 - _656;
            color += (((fs_lights[i * 1 + 16].xyz * falloff) * _812) * ((((vec3(1.0) - _846) * _669) * vec3(0.3183098733425140380859375)) + ((_846 * (_656 / ((3.1415927410125732421875 * _854) * _854))) * (0.5 / max((_812 * sqrt(((_684 * _684) * _869) + _656)) + (_684 * sqrt(((_812 * _812) * _869) + _656)), 9.9999999747524270787835121154785e-07)))));
        }
        if (fs_scene[2].x > 0.0)
        {
            float _931 = sqrt(clamp(_652, 0.0, 1.0));
            vec3 param_12 = n;
            vec4 param_13 = fs_scene[2];
            vec3 param_14 = env_dir(param_12, param_13);
            vec3 param_15 = reflect(-_677, n);
            vec4 param_16 = fs_scene[2];
            vec4 _978 = texture(brdf_tex_brdf_smp, vec2(_684, _931));
            color += ((((max(eval_sh(param_14), vec3(0.0)) * _669) + (textureLod(env_tex_env_smp, env_dir(param_15, param_16), _931 * fs_scene[2].y).xyz * ((_663 * _978.x) + vec3(_978.y)))) * _699) * fs_scene[2].x);
        }
        int param_17 = 4;
        vec3 param_18 = texture(emissive_tex_emissive_smp, tex_uv(param_17)).xyz;
        vec3 _1016 = color;
        vec3 _1017 = _1016 + (fs_params[1].xyz * srgb_to_linear(param_18));
        color = _1017;
        vec3 param_19 = _1017;
        vec4 param_20 = fs_scene[12];
        vec3 _1023 = to_display(param_19, param_20);
        frag_color = vec4(_1023, _512);
    }

*/
#if defined(SOKOL_GLCORE)
static const uint8_t fs_source_glsl410[9377] = {
    0x23,0x76,0x65,0x72,0x73,0x69,0x6f,0x6e,0x20,0x34,0x31,0x30,0x0a,0x0a,0x75,0x6e,
    0x69,0x66,0x6f,0x72,0x6d,0x20,0x76,0x65,0x63,0x34,0x20,0x66,0x73,0x5f,0x73,0x63,
    0x65,0x6e,0x65,0x5b,0x31,0x33,0x5d,0x3b,0x0a,0x75,0x6e,0x69,0x66,0x6f,0x72,0x6d,
    0x20,0x76,0x65,0x63,0x34,0x20,0x66,0x73,0x5f,0x70,0x61,0x72,0x61,0x6d,0x73,0x5b,
    0x31,0x34,0x5d,0x3b,0x0a,0x75,0x6e,0x69,0x66,0x6f,0x72,0x6d,0x20,0x76,0x65,0x63,
    0x34,0x20,0x66,0x73,0x5f,0x6c,0x69,0x67,0x68,0x74,0x73,0x5b,0x33,0x32,0x5d,0x3b,
    0x0a,0x75,0x6e,0x69,0x66,0x6f,0x72,0x6d,0x20,0x73,0x61,0x6d,0x70,0x6c,0x65,0x72,
    0x32,0x44,0x20,0x62,0x61,0x73,0x65,0x5f,0x63,0x6f,0x6c,0x6f,0x72,0x5f,0x74,0x65,
    0x78,0x5f,0x62,0x61,0x73,0x65,0x5f,0x63,0x6f,0x6c,0x6f,0x72,0x5f,0x73,0x6d,0x70,
    0x3b,0x0a,0x75,0x6e,0x69,0x66,0x6f,0x72,0x6d,0x20,0x73,0x61,0x6d,0x70,0x6c,0x65,
    0x72,0x32,0x44,0x20,0x6e,0x6f,0x72,0x6d,0x61,0x6c,0x5f,0x74,0x65,0x78,0x5f,0x6e,
    0x6f,0x72,0x6d,0x61,0x6c,0x5f,0x73,0x6d,0x70,0x3b,0x0a,0x75,0x6e,0x69,0x66,0x6f,
    0x72,0x6d,0x20,0x73,0x61,0x6d,0x70,0x6c,0x65,0x72,0x32,0x44,0x20,0x6d,0x65,0x74,
    0x61,0x6c,0x6c,0x69,0x63,0x5f,0x72,0x6f,0x75,0x67,0x68,0x6e,0x65,0x73,0x73,0x5f,
    0x74,0x65,0x78,0x5f,0x6d,0x65,0x74,0x61,0x6c,0x6c,0x69,0x63,0x5f,0x72,0x6f,0x75,
    0x67,0x68,0x6e,0x65,0x73,0x73,0x5f,0x73,0x6d,0x70,0x3b,0x0a,0x75,0x6e,0x69,0x66,
    0x6f,0x72,0x6d,0x20,0x73,0x61,0x6d,0x70,0x6c,0x65,0x72,0x32,0x44,0x20,0x6f,0x63,
    0x63,0x6c,0x75,0x73,0x69,0x6f,0x6e,0x5f,0x74,0x65,0x78,0x5f,0x6f,0x63,0x63,0x6c,
    0x75,0x73,0x69,0x6f,0x6e,0x5f,0x73,0x6d,0x70,0x3b,0x0a,0x75,0x6e,0x69,0x66,0x6f,
    0x72,0x6d,0x20,0x73,0x61,0x6d,0x70,0x6c,0x65,0x72,0x43,0x75,0x62,0x65,0x20,0x65,
    0x6e,0x76,0x5f,0x74,0x65,0x78,0x5f,0x65,0x6e,0x76,0x5f,0x73,0x6d,0x70,0x3b,0x0a,
    0x75,0x6e,0x69,0x66,0x6f,0x72,0x6d,0x20,0x73,0x61,0x6d,0x70,0x6c,0x65,0x72,0x32,
    0x44,0x20,0x62,0x72,0x64,0x66,0x5f,0x74,0x65,0x78,0x5f,0x62,0x72,0x64,0x66,0x5f,
    0x73,0x6d,0x70,0x3b,0x0a,0x75,0x6e,0x69,0x66,0x6f,0x72,0x6d,0x20,0x73,0x61,0x6d,
    0x70,0x6c,0x65,0x72,0x32,0x44,0x20,0x65,0x6d,0x69,0x73,0x73,0x69,0x76,0x65,0x5f,
    0x74,0x65,0x78,0x5f,0x65,0x6d,0x69,0x73,0x73,0x69,0x76,0x65,0x5f,0x73,0x6d,0x70,
    0x3b,0x0a,0x0a,0x6c,0x61,0x79,0x6f,0x75,0x74,0x28,0x6c,0x6f,0x63,0x61,0x74,0x69,
    0x6f,0x6e,0x20,0x3d,0x20,0x32,0x29,0x20,0x69,0x6e,0x20,0x76,0x65,0x63,0x32,0x20,
    0x76,0x5f,0x75,0x76,0x30,0x3b,0x0a,0x6c,0x61,0x79,0x6f,0x75,0x74,0x28,0x6c,0x6f,
    0x63,0x61,0x74,0x69,0x6f,0x6e,0x20,0x3d,0x20,0x33,0x29,0x20,0x69,0x6e,0x20,0x76,
    0x65,0x63,0x32,0x20,0x76,0x5f,0x75,0x76,0x31,0x3b,0x0a,0x6c,0x61,0x79,0x6f,0x75,
    0x74,0x28,0x6c,0x6f,0x63,0x61,0x74,0x69,0x6f,0x6e,0x20,0x3d,0x20,0x34,0x29,0x20,
    0x69,0x6e,0x20,0x76,0x65,0x63,0x34,0x20,0x76,0x5f,0x63,0x6f,0x6c,0x6f,0x72,0x3b,
    0x0a,0x6c,0x61,0x79,0x6f,0x75,0x74,0x28,0x6c,0x6f,0x63,0x61,0x74,0x69,0x6f,0x6e,
    0x20,0x3d,0x20,0x30,0x29,0x20,0x6f,0x75,0x74,0x20,0x76,0x65,0x63,0x34,0x20,0x66,
    0x72,0x61,0x67,0x5f,0x63,0x6f,0x6c,0x6f,0x72,0x3b,0x0a,0x6c,0x61,0x79,0x6f,0x75,
    0x74,0x28,0x6c,0x6f,0x63,0x61,0x74,0x69,0x6f,0x6e,0x20,0x3d,0x20,0x30,0x29,0x20,
    0x69,0x6e,0x20,0x76,0x65,0x63,0x33,0x20,0x76,0x5f,0x6e,0x6f,0x72,0x6d,0x61,0x6c,
    0x3b,0x0a,0x6c,0x61,0x79,0x6f,0x75,0x74,0x28,0x6c,0x6f,0x63,0x61,0x74,0x69,0x6f,
    0x6e,0x20,0x3d,0x20,0x31,0x29,0x20,0x69,0x6e,0x20,0x76,0x65,0x63,0x34,0x20,0x76,
    0x5f,0x74,0x61,0x6e,0x67,0x65,0x6e,0x74,0x3b,0x0a,0x6c,0x61,0x79,0x6f,0x75,0x74,
    0x28,0x6c,0x6f,0x63,0x61,0x74,0x69,0x6f,0x6e,0x20,0x3d,0x20,0x35,0x29,0x20,0x69,
    0x6e,0x20,0x76,0x65,0x63,0x33,0x20,0x76,0x5f,0x77,0x6f,0x72,0x6c,0x64,0x5f,0x70,
    0x6f,0x73,0x3b,0x0a,0x0a,0x76,0x65,0x63,0x32,0x20,0x74,0x65,0x78,0x5f,0x75,0x76,
    0x28,0x69,0x6e,0x74,0x20,0x69,0x29,0x0a,0x7b,0x0a,0x20,0x20,0x20,0x20,0x62,0x76,
    0x65,0x63,0x32,0x20,0x5f,0x34,0x30,0x37,0x20,0x3d,0x20,0x62,0x76,0x65,0x63,0x32,
    0x28,0x66,0x73,0x5f,0x70,0x61,0x72,0x61,0x6d,0x73,0x5b,0x69,0x20,0x2a,0x20,0x31,
    0x20,0x2b,0x20,0x34,0x5d,0x2e,0x77,0x20,0x3c,0x20,0x30,0x2e,0x35,0x29,0x3b,0x0a,
    0x20,0x20,0x20,0x20,0x76,0x65,0x63,0x33,0x20,0x5f,0x34,0x31,0x31,0x20,0x3d,0x20,
    0x76,0x65,0x63,0x33,0x28,0x76,0x65,0x63,0x32,0x28,0x5f,0x34,0x30,0x37,0x2e,0x78,
    0x20,0x3f,0x20,0x76,0x5f,0x75,0x76,0x30,0x2e,0x78,0x20,0x3a,0x20,0x76,0x5f,0x75,
    0x76,0x31,0x2e,0x78,0x2c,0x20,0x5f,0x34,0x30,0x37,0x2e,0x79,0x20,0x3f,0x20,0x76,
    0x5f,0x75,0x76,0x30,0x2e,0x79,0x20,0x3a,0x20,0x76,0x5f,0x75,0x76,0x31,0x2e,0x79,
    0x29,0x2c,0x20,0x31,0x2e,0x30,0x29,0x3b,0x0a,0x20,0x20,0x20,0x20,0x72,0x65,0x74,
    0x75,0x72,0x6e,0x20,0x76,0x65,0x63,0x32,0x28,0x64,0x6f,0x74,0x28,0x66,0x73,0x5f,
    0x70,0x61,0x72,0x61,0x6d,0x73,0x5b,0x69,0x20,0x2a,0x20,0x31,0x20,0x2b,0x20,0x34,
    0x5d,0x2e,0x78,0x79,0x7a,0x2c,0x20,0x5f,0x34,0x31,0x31,0x29,0x2c,0x20,0x64,0x6f,
    0x74,0x28,0x66,0x73,0x5f,0x70,0x61,0x72,0x61,0x6d,0x73,0x5b,0x69,0x20,0x2a,0x20,
    0x31,0x20,0x2b,0x20,0x39,0x5d,0x2e,0x78,0x79,0x7a,0x2c,0x20,0x5f,0x34,0x31,0x31,
    0x29,0x29,0x3b,0x0a,0x7d,0x0a,0x0a,0x76,0x65,0x63,0x33,0x20,0x73,0x72,0x67,0x62,
    0x5f,0x74,0x6f,0x5f,0x6c,0x69,0x6e,0x65,0x61,0x72,0x28,0x76,0x65,0x63,0x33,0x20,
    0x63,0x29,0x0a,0x7b,0x0a,0x20,0x20,0x20,0x20,0x72,0x65,0x74,0x75,0x72,0x6e,0x20,
    0x6d,0x69,0x78,0x28,0x63,0x20,0x2a,0x20,0x76,0x65,0x63,0x33,0x28,0x30,0x2e,0x30,
    0x37,0x37,0x33,0x39,0x39,0x33,0x38,0x30,0x35,0x30,0x35,0x30,0x38,0x34,0x39,0x39,
    0x31,0x34,0x35,0x35,0x30,0x37,0x38,0x31,0x32,0x35,0x29,0x2c,0x20,0x70,0x6f,0x77,
    0x28,0x28,0x6d,0x61,0x78,0x28,0x63,0x2c,0x20,0x76,0x65,0x63,0x33,0x28,0x30,0x2e,
    0x30,0x34,0x30,0x34,0x34,0x39,0x39,0x39,0x39,0x32,0x37,0x32,0x38,0x32,0x33,0x33,
    0x33,0x33,0x37,0x34,0x30,0x32,0x33,0x34,0x33,0x37,0x35,0x29,0x29,0x20,0x2b,0x20,
    0x76,0x65,0x63,0x33,0x28,0x30,0x2e,0x30,0x35,0x34,0x39,0x39,0x39,0x39,0x39,0x39,
    0x37,0x30,0x31,0x39,0x37,0x36,0x37,0x37,0x36,0x31,0x32,0x33,0x30,0x34,0x36,0x38,
    0x37,0x35,0x29,0x29,0x20,0x2a,0x20,0x76,0x65,0x63,0x33,0x28,0x30,0x2e,0x39,0x34,
    0x37,0x38,0x36,0x37,0x33,0x33,0x33,0x38,0x38,0x39,0x30,0x30,0x37,0x35,0x36,0x38,
    0x33,0x35,0x39,0x33,0x37,0x35,0x29,0x2c,0x20,0x76,0x65,0x63,0x33,0x28,0x32,0x2e,
    0x34,0x30,0x30,0x30,0x30,0x30,0x30,0x39,0x35,0x33,0x36,0x37,0x34,0x33,0x31,0x36,
    0x34,0x30,0x36,0x32,0x35,0x29,0x29,0x2c,0x20,0x73,0x74,0x65,0x70,0x28,0x76,0x65,
    0x63,0x33,0x28,0x30,0x2e,0x30,0x34,0x30,0x34,0x34,0x39,0x39,0x39,0x39,0x32,0x37,
    0x32,0x38,0x32,0x33,0x33,0x33,0x33,0x37,0x34,0x30,0x32,0x33,0x34,0x33,0x37,0x35,
    0x29,0x2c,0x20,0x63,0x29,0x29,0x3b,0x0a,0x7d,0x0a,0x0a,0x76,0x65,0x63,0x33,0x20,
    0x74,0x6f,0x6e,0x65,0x6d,0x61,0x70,0x5f,0x6e,0x65,0x75,0x74,0x72,0x61,0x6c,0x28,
    0x69,0x6e,0x6f,0x75,0x74,0x20,0x76,0x65,0x63,0x33,0x20,0x63,0x6f,0x6c,0x6f,0x72,
    0x29,0x0a,0x7b,0x0a,0x20,0x20,0x20,0x20,0x66,0x6c,0x6f,0x61,0x74,0x20,0x5f,0x31,
    0x32,0x30,0x20,0x3d,0x20,0x6d,0x69,0x6e,0x28,0x63,0x6f,0x6c,0x6f,0x72,0x2e,0x78,
    0x2c,0x20,0x6d,0x69,0x6e,0x28,0x63,0x6f,0x6c,0x6f,0x72,0x2e,0x79,0x2c,0x20,0x63,
    0x6f,0x6c,0x6f,0x72,0x2e,0x7a,0x29,0x29,0x3b,0x0a,0x20,0x20,0x20,0x20,0x66,0x6c,
    0x6f,0x61,0x74,0x20,0x5f,0x31,0x32,0x36,0x3b,0x0a,0x20,0x20,0x20,0x20,0x69,0x66,
    0x20,0x28,0x5f,0x31,0x32,0x30,0x20,0x3c,0x20,0x30,0x2e,0x30,0x37,0x39,0x39,0x39,
    0x39,0x39,0x39,0x38,0x32,0x31,0x31,0x38,0x36,0x30,0x36,0x35,0x36,0x37,0x33,0x38,
    0x32,0x38,0x31,0x32,0x35,0x29,0x0a,0x20,0x20,0x20,0x20,0x7b,0x0a,0x20,0x20,0x20,
    0x20,0x20,0x20,0x20,0x20,0x5f,0x31,0x32,0x36,0x20,0x3d,0x20,0x5f,0x31,0x32,0x30,
    0x20,0x2d,0x20,0x28,0x28,0x36,0x2e,0x32,0x35,0x20,0x2a,0x20,0x5f,0x31,0x32,0x30,
    0x29,0x20,0x2a,0x20,0x5f,0x31,0x32,0x30,0x29,0x3b,0x0a,0x20,0x20,0x20,0x20,0x7d,
    0x0a,0x20,0x20,0x20,0x20,0x65,0x6c,0x73,0x65,0x0a,0x20,0x20,0x20,0x20,0x7b,0x0a,
    0x20,0x20,0x20,0x20,0x20,0x20,0x20,0x20,0x5f,0x31,0x32,0x36,0x20,0x3d,0x20,0x30,
    0x2e,0x30,0x33,0x39,0x39,0x39,0x39,0x39,0x39,0x39,0x31,0x30,0x35,0x39,0x33,0x30,
    0x33,0x32,0x38,0x33,0x36,0x39,0x31,0x34,0x30,0x36,0x32,0x35,0x3b,0x0a,0x20,0x20,
    0x20,0x20,0x7d,0x0a,0x20,0x20,0x20,0x20,0x63,0x6f,0x6c,0x6f,0x72,0x20,0x2d,0x3d,
    0x20,0x76,0x65,0x63,0x33,0x28,0x5f,0x31,0x32,0x36,0x29,0x3b,0x0a,0x20,0x20,0x20,
    0x20,0x66,0x6c,0x6f,0x61,0x74,0x20,0x5f,0x31,0x34,0x35,0x20,0x3d,0x20,0x63,0x6f,
    0x6c,0x6f,0x72,0x2e,0x78,0x3b,0x0a,0x20,0x20,0x20,0x20,0x66,0x6c,0x6f,0x61,0x74,
    0x20,0x5f,0x31,0x34,0x37,0x20,0x3d,0x20,0x63,0x6f,0x6c,0x6f,0x72,0x2e,0x79,0x3b,
    0x0a,0x20,0x20,0x20,0x20,0x66,0x6c,0x6f,0x61,0x74,0x20,0x5f,0x31,0x34,0x39,0x20,
    0x3d,0x20,0x63,0x6f,0x6c,0x6f,0x72,0x2e,0x7a,0x3b,0x0a,0x20,0x20,0x20,0x20,0x66,
    0x6c,0x6f,0x61,0x74,0x20,0x5f,0x31,0x35,0x31,0x20,0x3d,0x20,0x6d,0x61,0x78,0x28,
    0x5f,0x31,0x34,0x35,0x2c,0x20,0x6d,0x61,0x78,0x28,0x5f,0x31,0x34,0x37,0x2c,0x20,
    0x5f,0x31,0x34,0x39,0x29,0x29,0x3b,0x0a,0x20,0x20,0x20,0x20,0x69,0x66,0x20,0x28,
    0x5f,0x31,0x35,0x31,0x20,0x3c,0x20,0x30,0x2e,0x37,0x35,0x39,0x39,0x39,0x39,0x39,
    0x39,0x30,0x34,0x36,0x33,0x32,0x35,0x36,0x38,0x33,0x35,0x39,0x33,0x37,0x35,0x29,
    0x0a,0x20,0x20,0x20,0x20,0x7b,0x0a,0x20,0x20,0x20,0x20,0x20,0x20,0x20,0x20,0x72,
    0x65,0x74,0x75,0x72,0x6e,0x20,0x63,0x6f,0x6c,0x6f,0x72,0x3b,0x0a,0x20,0x20,0x20,
    0x20,0x7d,0x0a,0x20,0x20,0x20,0x20,0x66,0x6c,0x6f,0x61,0x74,0x20,0x5f,0x31,0x36,
    0x36,0x20,0x3d,0x20,0x31,0x2e,0x30,0x20,0x2d,0x20,0x28,0x30,0x2e,0x30,0x35,0x37,
    0x35,0x39,0x39,0x39,0x39,0x39,0x30,0x31,0x30,0x35,0x36,0x32,0x38,0x39,0x36,0x37,
    0x32,0x38,0x35,0x31,0x35,0x36,0x32,0x35,0x20,0x2f,0x20,0x28,0x5f,0x31,0x35,0x31,
    0x20,0x2b,0x20,0x28,0x2d,0x30,0x2e,0x35,0x31,0x39,0x39,0x39,0x39,0x39,0x38,0x30,
    0x39,0x32,0x36,0x35,0x31,0x33,0x36,0x37,0x31,0x38,0x37,0x35,0x29,0x29,0x29,0x3b,
    0x0a,0x20,0x20,0x20,0x20,0x63,0x6f,0x6c,0x6f,0x72,0x20,0x2a,0x3d,0x20,0x28,0x5f,
    0x31,0x36,0x36,0x20,0x2f,0x20,0x5f,0x31,0x35,0x31,0x29,0x3b,0x0a,0x20,0x20,0x20,
    0x20,0x72,0x65,0x74,0x75,0x72,0x6e,0x20,0x6d,0x69,0x78,0x28,0x63,0x6f,0x6c,0x6f,
    0x72,0x2c,0x20,0x76,0x65,0x63,0x33,0x28,0x5f,0x31,0x36,0x36,0x29,0x2c,0x20,0x76,
    0x65,0x63,0x33,0x28,0x31,0x2e,0x30,0x20,0x2d,0x20,0x28,0x31,0x2e,0x30,0x20,0x2f,
    0x20,0x28,0x28,0x30,0x2e,0x31,0x35,0x30,0x30,0x30,0x30,0x30,0x30,0x35,0x39,0x36,
    0x30,0x34,0x36,0x34,0x34,0x37,0x37,0x35,0x33,0x39,0x30,0x36,0x32,0x35,0x20,0x2a,
    0x20,0x28,0x5f,0x31,0x35,0x31,0x20,0x2d,0x20,0x5f,0x31,0x36,0x36,0x29,0x29,0x20,
    0x2b,0x20,0x31,0x2e,0x30,0x29,0x29,0x29,0x29,0x3b,0x0a,0x7d,0x0a,0x0a,0x76,0x65,
    0x63,0x33,0x20,0x74,0x6f,0x6e,0x65,0x6d,0x61,0x70,0x5f,0x61,0x63,0x65,0x73,0x28,
    0x69,0x6e,0x6f,0x75,0x74,0x20,0x76,0x65,0x63,0x33,0x20,0x63,0x6f,0x6c,0x6f,0x72,
    0x29,0x0a,0x7b,0x0a,0x20,0x20,0x20,0x20,0x63,0x6f,0x6c,0x6f,0x72,0x20,0x2a,0x3d,
    0x20,0x30,0x2e,0x36,0x30,0x30,0x30,0x30,0x30,0x30,0x32,0x33,0x38,0x34,0x31,0x38,
    0x35,0x37,0x39,0x31,0x30,0x31,0x35,0x36,0x32,0x35,0x3b,0x0a,0x20,0x20,0x20,0x20,
    0x72,0x65,0x74,0x75,0x72,0x6e,0x20,0x63,0x6c,0x61,0x6d,0x70,0x28,0x28,0x63,0x6f,
    0x6c,0x6f,0x72,0x20,0x2a,0x20,0x28,0x28,0x63,0x6f,0x6c,0x6f,0x72,0x20,0x2a,0x20,
    0x32,0x2e,0x35,0x30,0x39,0x39,0x39,0x39,0x39,0x39,0x30,0x34,0x36,0x33,0x32,0x35,
    0x36,0x38,0x33,0x35,0x39,0x33,0x37,0x35,0x29,0x20,0x2b,0x20,0x76,0x65,0x63,0x33,
    0x28,0x30,0x2e,0x30,0x32,0x39,0x39,0x39,0x39,0x39,0x39,0x39,0x33,0x32,0x39,0x34,
    0x34,0x37,0x37,0x34,0x36,0x32,0x37,0x36,0x38,0x35,0x35,0x34,0x36,0x38,0x37,0x35,
    0x29,0x29,0x29,0x20,0x2f,0x20,0x28,0x28,0x63,0x6f,0x6c,0x6f,0x72,0x20,0x2a,0x20,
    0x28,0x28,0x63,0x6f,0x6c,0x6f,0x72,0x20,0x2a,0x20,0x32,0x2e,0x34,0x33,0x30,0x30,
    0x30,0x30,0x30,0x36,0x36,0x37,0x35,0x37,0x32,0x30,0x32,0x31,0x34,0x38,0x34,0x33,
    0x37,0x35,0x29,0x20,0x2b,0x20,0x76,0x65,0x63,0x33,0x28,0x30,0x2e,0x35,0x38,0x39,
    0x39,0x39,0x39,0x39,0x37,0x33,0x37,0x37,0x33,0x39,0x35,0x36,0x32,0x39,0x38,0x38,
    0x32,0x38,0x31,0x32,0x35,0x29,0x29,0x29,0x20,0x2b,0x20,0x76,0x65,0x63,0x33,0x28,
    0x30,0x2e,0x31,0x34,0x30,0x30,0x30,0x30,0x30,0x30,0x30,0x35,0x39,0x36,0x30,0x34,
    0x36,0x34,0x34,0x37,0x37,0x35,0x33,0x39,0x30,0x36,0x32,0x35,0x29,0x29,0x2c,0x20,
    0x76,0x65,0x63,0x33,0x28,0x30,0x2e,0x30,0x29,0x2c,0x20,0x76,0x65,0x63,0x33,0x28,
    0x31,0x2e,0x30,0x29,0x29,0x3b,0x0a,0x7d,0x0a,0x0a,0x76,0x65,0x63,0x33,0x20,0x6c,
    0x69,0x6e,0x65,0x61,0x72,0x5f,0x74,0x6f,0x5f,0x73,0x72,0x67,0x62,0x28,0x69,0x6e,
    0x6f,0x75,0x74,0x20,0x76,0x65,0x63,0x33,0x20,0x63,0x29,0x0a,0x7b,0x0a,0x20,0x20,
    0x20,0x20,0x63,0x20,0x3d,0x20,0x63,0x6c,0x61,0x6d,0x70,0x28,0x63,0x2c,0x20,0x76,
    0x65,0x63,0x33,0x28,0x30,0x2e,0x30,0x29,0x2c,0x20,0x76,0x65,0x63,0x33,0x28,0x31,
    0x2e,0x30,0x29,0x29,0x3b,0x0a,0x20,0x20,0x20,0x20,0x72,0x65,0x74,0x75,0x72,0x6e,
    0x20,0x6d,0x69,0x78,0x28,0x63,0x20,0x2a,0x20,0x31,0x32,0x2e,0x39,0x32,0x30,0x30,
    0x30,0x30,0x30,0x37,0x36,0x32,0x39,0x33,0x39,0x34,0x35,0x33,0x31,0x32,0x35,0x2c,
    0x20,0x28,0x70,0x6f,0x77,0x28,0x6d,0x61,0x78,0x28,0x63,0x2c,0x20,0x76,0x65,0x63,
    0x33,0x28,0x30,0x2e,0x30,0x30,0x33,0x31,0x33,0x30,0x38,0x30,0x30,0x30,0x39,0x30,
    0x37,0x33,0x30,0x31,0x39,0x30,0x32,0x37,0x37,0x30,0x39,0x39,0x36,0x30,0x39,0x33,
    0x37,0x35,0x29,0x29,0x2c,0x20,0x76,0x65,0x63,0x33,0x28,0x30,0x2e,0x34,0x31,0x36,
    0x36,0x36,0x36,0x36,0x35,0x36,0x37,0x33,0x32,0x35,0x35,0x39,0x32,0x30,0x34,0x31,
    0x30,0x31,0x35,0x36,0x32,0x35,0x29,0x29,0x20,0x2a,0x20,0x31,0x2e,0x30,0x35,0x34,
    0x39,0x39,0x39,0x39,0x34,0x37,0x35,0x34,0x37,0x39,0x31,0x32,0x35,0x39,0x37,0x36,
    0x35,0x36,0x32,0x35,0x29,0x20,0x2d,0x20,0x76,0x65,0x63,0x33,0x28,0x30,0x2e,0x30,
    0x35,0x34,0x39,0x39,0x39,0x39,0x39,0x39,0x37,0x30,0x31,0x39,0x37,0x36,0x37,0x37,
    0x36,0x31,0x32,0x33,0x30,0x34,0x36,0x38,0x37,0x35,0x29,0x2c,0x20,0x73,0x74,0x65,
    0x70,0x28,0x76,0x65,0x63,0x33,0x28,0x30,0x2e,0x30,0x30,0x33,0x31,0x33,0x30,0x38,
    0x30,0x30,0x30,0x39,0x30,0x37,0x33,0x30,0x31,0x39,0x30,0x32,0x37,0x37,0x30,0x39,
    0x39,0x36,0x30,0x39,0x33,0x37,0x35,0x29,0x2c,0x20,0x63,0x29,0x29,0x3b,0x0a,0x7d,
    0x0a,0x0a,0x76,0x65,0x63,0x33,0x20,0x74,0x6f,0x5f,0x64,0x69,0x73,0x70,0x6c,0x61,
    0x79,0x28,0x69,0x6e,0x6f,0x75,0x74,0x20,0x76,0x65,0x63,0x33,0x20,0x63,0x6f,0x6c,
    0x6f,0x72,0x2c,0x20,0x76,0x65,0x63,0x34,0x20,0x74,0x6f,0x6e,0x65,0x6d,0x61,0x70,
    0x29,0x0a,0x7b,0x0a,0x20,0x20,0x20,0x20,0x63,0x6f,0x6c,0x6f,0x72,0x20,0x2a,0x3d,
    0x20,0x74,0x6f,0x6e,0x65,0x6d,0x61,0x70,0x2e,0x79,0x3b,0x0a,0x20,0x20,0x20,0x20,
    0x69,0x6e,0x74,0x20,0x5f,0x32,0x32,0x36,0x20,0x3d,0x20,0x69,0x6e,0x74,0x28,0x74,
    0x6f,0x6e,0x65,0x6d,0x61,0x70,0x2e,0x78,0x20,0x2b,0x20,0x30,0x2e,0x35,0x29,0x3b,
    0x0a,0x20,0x20,0x20,0x20,0x69,0x66,0x20,0x28,0x5f,0x32,0x32,0x36,0x20,0x3d,0x3d,
    0x20,0x31,0x29,0x0a,0x20,0x20,0x20,0x20,0x7b,0x0a,0x20,0x20,0x20,0x20,0x20,0x20,
    0x20,0x20,0x76,0x65,0x63,0x33,0x20,0x70,0x61,0x72,0x61,0x6d,0x20,0x3d,0x20,0x63,
    0x6f,0x6c,0x6f,0x72,0x3b,0x0a,0x20,0x20,0x20,0x20,0x20,0x20,0x20,0x20,0x76,0x65,
    0x63,0x33,0x20,0x5f,0x32,0x33,0x34,0x20,0x3d,0x20,0x74,0x6f,0x6e,0x65,0x6d,0x61,
    0x70,0x5f,0x6e,0x65,0x75,0x74,0x72,0x61,0x6c,0x28,0x70,0x61,0x72,0x61,0x6d,0x29,
    0x3b,0x0a,0x20,0x20,0x20,0x20,0x20,0x20,0x20,0x20,0x63,0x6f,0x6c,0x6f,0x72,0x20,
    0x3d,0x20,0x5f,0x32,0x33,0x34,0x3b,0x0a,0x20,0x20,0x20,0x20,0x7d,0x0a,0x20,0x20,
    0x20,0x20,0x65,0x6c,0x73,0x65,0x0a,0x20,0x20,0x20,0x20,0x7b,0x0a,0x20,0x20,0x20,
    0x20,0x20,0x20,0x20,0x20,0x69,0x66,0x20,0x28,0x5f,0x32,0x32,0x36,0x20,0x3d,0x3d,
    0x20,0x32,0x29,0x0a,0x20,0x20,0x20,0x20,0x20,0x20,0x20,0x20,0x7b,0x0a,0x20,0x20,
    0x20,0x20,0x20,0x20,0x20,0x20,0x20,0x20,0x20,0x20,0x76,0x65,0x63,0x33,0x20,0x70,
    0x61,0x72,0x61,0x6d,0x5f,0x31,0x20,0x3d,0x20,0x63,0x6f,0x6c,0x6f,0x72,0x3b,0x0a,
    0x20,0x20,0x20,0x20,0x20,0x20,0x20,0x20,0x20,0x20,0x20,0x20,0x76,0x65,0x63,0x33,
    0x20,0x5f,0x32,0x34,0x33,0x20,0x3d,0x20,0x74,0x6f,0x6e,0x65,0x6d,0x61,0x70,0x5f,
    0x61,0x63,0x65,0x73,0x28,0x70,0x61,0x72,0x61,0x6d,0x5f,0x31,0x29,0x3b,0x0a,0x20,
    0x20,0x20,0x20,0x20,0x20,0x20,0x20,0x20,0x20,0x20,0x20,0x63,0x6f,0x6c,0x6f,0x72,
    0x20,0x3d,0x20,0x5f,0x32,0x34,0x33,0x3b,0x0a,0x20,0x20,0x20,0x20,0x20,0x20,0x20,
    0x20,0x7d,0x0a,0x20,0x20,0x20,0x20,0x7d,0x0a,0x20,0x20,0x20,0x20,0x76,0x65,0x63,
    0x33,0x20,0x70,0x61,0x72,0x61,0x6d,0x5f,0x32,0x20,0x3d,0x20,0x63,0x6f,0x6c,0x6f,
    0x72,0x3b,0x0a,0x20,0x20,0x20,0x20,0x76,0x65,0x63,0x33,0x20,0x5f,0x32,0x34,0x36,
    0x20,0x3d,0x20,0x6c,0x69,0x6e,0x65,0x61,0x72,0x5f,0x74,0x6f,0x5f,0x73,0x72,0x67,
    0x62,0x28,0x70,0x61,0x72,0x61,0x6d,0x5f,0x32,0x29,0x3b,0x0a,0x20,0x20,0x20,0x20,
    0x72,0x65,0x74,0x75,0x72,0x6e,0x20,0x5f,0x32,0x34,0x36,0x3b,0x0a,0x7d,0x0a,0x0a,
    0x66,0x6c,0x6f,0x61,0x74,0x20,0x61,0x74,0x74,0x65,0x6e,0x75,0x61,0x74,0x69,0x6f,
    0x6e,0x28,0x66,0x6c,0x6f,0x61,0x74,0x20,0x64,0x2c,0x20,0x66,0x6c,0x6f,0x61,0x74,
    0x20,0x72,0x61,0x6e,0x67,0x65,0x29,0x0a,0x7b,0x0a,0x20,0x20,0x20,0x20,0x66,0x6c,
    0x6f,0x61,0x74,0x20,0x5f,0x34,0x33,0x33,0x20,0x3d,0x20,0x31,0x2e,0x30,0x20,0x2f,
    0x20,0x6d,0x61,0x78,0x28,0x64,0x20,0x2a,0x20,0x64,0x2c,0x20,0x30,0x2e,0x30,0x30,
    0x39,0x39,0x39,0x39,0x39,0x39,0x39,0x37,0x37,0x36,0x34,0x38,0x32,0x35,0x38,0x32,
    0x30,0x39,0x32,0x32,0x38,0x35,0x31,0x35,0x36,0x32,0x35,0x29,0x3b,0x0a,0x20,0x20,
    0x20,0x20,0x69,0x66,0x20,0x28,0x72,0x61,0x6e,0x67,0x65,0x20,0x3c,0x3d,0x20,0x30,
    0x2e,0x30,0x29,0x0a,0x20,0x20,0x20,0x20,0x7b,0x0a,0x20,0x20,0x20,0x20,0x20,0x20,
    0x20,0x20,0x72,0x65,0x74,0x75,0x72,0x6e,0x20,0x5f,0x34,0x33,0x33,0x3b,0x0a,0x20,
    0x20,0x20,0x20,0x7d,0x0a,0x20,0x20,0x20,0x20,0x66,0x6c,0x6f,0x61,0x74,0x20,0x5f,
    0x34,0x34,0x33,0x20,0x3d,0x20,0x64,0x20,0x2f,0x20,0x72,0x61,0x6e,0x67,0x65,0x3b,
    0x0a,0x20,0x20,0x20,0x20,0x66,0x6c,0x6f,0x61,0x74,0x20,0x5f,0x34,0x35,0x33,0x20,
    0x3d,0x20,0x63,0x6c,0x61,0x6d,0x70,0x28,0x31,0x2e,0x30,0x20,0x2d,0x20,0x28,0x28,
    0x28,0x5f,0x34,0x34,0x33,0x20,0x2a,0x20,0x5f,0x34,0x34,0x33,0x29,0x20,0x2a,0x20,
    0x5f,0x34,0x34,0x33,0x29,0x20,0x2a,0x20,0x5f,0x34,0x34,0x33,0x29,0x2c,0x20,0x30,
    0x2e,0x30,0x2c,0x20,0x31,0x2e,0x30,0x29,0x3b,0x0a,0x20,0x20,0x20,0x20,0x72,0x65,
    0x74,0x75,0x72,0x6e,0x20,0x28,0x5f,0x34,0x35,0x33,0x20,0x2a,0x20,0x5f,0x34,0x35,
    0x33,0x29,0x20,0x2a,0x20,0x5f,0x34,0x33,0x33,0x3b,0x0a,0x7d,0x0a,0x0a,0x66,0x6c,
    0x6f,0x61,0x74,0x20,0x73,0x70,0x6f,0x74,0x5f,0x66,0x61,0x63,0x74,0x6f,0x72,0x28,
    0x66,0x6c,0x6f,0x61,0x74,0x20,0x63,0x6f,0x73,0x5f,0x61,0x6e,0x67,0x6c,0x65,0x2c,
    0x20,0x66,0x6c,0x6f,0x61,0x74,0x20,0x63,0x6f,0x73,0x5f,0x69,0x6e,0x6e,0x65,0x72,
    0x2c,0x20,0x66,0x6c,0x6f,0x61,0x74,0x20,0x63,0x6f,0x73,0x5f,0x6f,0x75,0x74,0x65,
    0x72,0x29,0x0a,0x7b,0x0a,0x20,0x20,0x20,0x20,0x69,0x66,0x20,0x28,0x28,0x63,0x6f,
    0x73,0x5f,0x69,0x6e,0x6e,0x65,0x72,0x20,0x2d,0x20,0x63,0x6f,0x73,0x5f,0x6f,0x75,
    0x74,0x65,0x72,0x29,0x20,0x3c,0x3d,0x20,0x39,0x2e,0x39,0x39,0x39,0x39,0x39,0x39,
    0x39,0x37,0x34,0x37,0x35,0x32,0x34,0x32,0x37,0x30,0x37,0x38,0x37,0x38,0x33,0x35,
    0x31,0x32,0x31,0x31,0x35,0x34,0x37,0x38,0x35,0x65,0x2d,0x30,0x37,0x29,0x0a,0x20,
    0x20,0x20,0x20,0x7b,0x0a,0x20,0x20,0x20,0x20,0x20,0x20,0x20,0x20,0x72,0x65,0x74,
    0x75,0x72,0x6e,0x20,0x66,0x6c,0x6f,0x61,0x74,0x28,0x63,0x6f,0x73,0x5f,0x61,0x6e,
    0x67,0x6c,0x65,0x20,0x3e,0x3d,0x20,0x63,0x6f,0x73,0x5f,0x6f,0x75,0x74,0x65,0x72,
    0x29,0x3b,0x0a,0x20,0x20,0x20,0x20,0x7d,0x0a,0x20,0x20,0x20,0x20,0x72,0x65,0x74,
    0x75,0x72,0x6e,0x20,0x73,0x6d,0x6f,0x6f,0x74,0x68,0x73,0x74,0x65,0x70,0x28,0x63,
    0x6f,0x73,0x5f,0x6f,0x75,0x74,0x65,0x72,0x2c,0x20,0x63,0x6f,0x73,0x5f,0x69,0x6e,
    0x6e,0x65,0x72,0x2c,0x20,0x63,0x6f,0x73,0x5f,0x61,0x6e,0x67,0x6c,0x65,0x29,0x3b,
    0x0a,0x7d,0x0a,0x0a,0x76,0x65,0x63,0x33,0x20,0x65,0x6e,0x76,0x5f,0x64,0x69,0x72,
    0x28,0x76,0x65,0x63,0x33,0x20,0x64,0x69,0x72,0x2c,0x20,0x76,0x65,0x63,0x34,0x20,
    0x65,0x6e,0x76,0x29,0x0a,0x7b,0x0a,0x20,0x20,0x20,0x20,0x72,0x65,0x74,0x75,0x72,
    0x6e,0x20,0x76,0x65,0x63,0x33,0x28,0x28,0x65,0x6e,0x76,0x2e,0x7a,0x20,0x2a,0x20,
    0x64,0x69,0x72,0x2e,0x78,0x29,0x20,0x2d,0x20,0x28,0x65,0x6e,0x76,0x2e,0x77,0x20,
    0x2a,0x20,0x64,0x69,0x72,0x2e,0x7a,0x29,0x2c,0x20,0x64,0x69,0x72,0x2e,0x79,0x2c,
    0x20,0x28,0x65,0x6e,0x76,0x2e,0x77,0x20,0x2a,0x20,0x64,0x69,0x72,0x2e,0x78,0x29,
    0x20,0x2b,0x20,0x28,0x65,0x6e,0x76,0x2e,0x7a,0x20,0x2a,0x20,0x64,0x69,0x72,0x2e,
    0x7a,0x29,0x29,0x3b,0x0a,0x7d,0x0a,0x0a,0x76,0x65,0x63,0x33,0x20,0x65,0x76,0x61,
    0x6c,0x5f,0x73,0x68,0x28,0x76,0x65,0x63,0x33,0x20,0x6e,0x29,0x0a,0x7b,0x0a,0x20,
    0x20,0x20,0x20,0x76,0x65,0x63,0x33,0x20,0x5f,0x33,0x38,0x36,0x20,0x3d,0x20,0x28,
    0x28,0x28,0x28,0x28,0x28,0x28,0x28,0x66,0x73,0x5f,0x73,0x63,0x65,0x6e,0x65,0x5b,
    0x33,0x5d,0x2e,0x78,0x79,0x7a,0x20,0x2a,0x20,0x30,0x2e,0x32,0x38,0x32,0x30,0x39,
    0x34,0x39,0x38,0x35,0x32,0x34,0x36,0x36,0x35,0x38,0x33,0x32,0x35,0x31,0x39,0x35,
    0x33,0x31,0x32,0x35,0x29,0x20,0x2b,0x20,0x28,0x66,0x73,0x5f,0x73,0x63,0x65,0x6e,
    0x65,0x5b,0x34,0x5d,0x2e,0x78,0x79,0x7a,0x20,0x2a,0x20,0x28,0x30,0x2e,0x34,0x38,
    0x38,0x36,0x30,0x32,0x39,0x39,0x35,0x38,0x37,0x32,0x34,0x39,0x37,0x35,0x35,0x38,
    0x35,0x39,0x33,0x37,0x35,0x20,0x2a,0x20,0x6e,0x2e,0x79,0x29,0x29,0x29,0x20,0x2b,
    0x20,0x28,0x66,0x73,0x5f,0x73,0x63,0x65,0x6e,0x65,0x5b,0x35,0x5d,0x2e,0x78,0x79,
    0x7a,0x20,0x2a,0x20,0x28,0x30,0x2e,0x34,0x38,0x38,0x36,0x30,0x32,0x39,0x39,0x35,
    0x38,0x37,0x32,0x34,0x39,0x37,0x35,0x35,0x38,0x35,0x39,0x33,0x37,0x35,0x20,0x2a,
    0x20,0x6e,0x2e,0x7a,0x29,0x29,0x29,0x20,0x2b,0x20,0x28,0x66,0x73,0x5f,0x73,0x63,
    0x65,0x6e,0x65,0x5b,0x36,0x5d,0x2e,0x78,0x79,0x7a,0x20,0x2a,0x20,0x28,0x30,0x2e,
    0x34,0x38,0x38,0x36,0x30,0x32,0x39,0x39,0x35,0x38,0x37,0x32,0x34,0x39,0x37,0x35,
    0x35,0x38,0x35,0x39,0x33,0x37,0x35,0x20,0x2a,0x20,0x6e,0x2e,0x78,0x29,0x29,0x29,
    0x20,0x2b,0x20,0x28,0x66,0x73,0x5f,0x73,0x63,0x65,0x6e,0x65,0x5b,0x37,0x5d,0x2e,
    0x78,0x79,0x7a,0x20,0x2a,0x20,0x28,0x28,0x31,0x2e,0x30,0x39,0x32,0x35,0x34,0x38,
    0x30,0x31,0x32,0x37,0x33,0x33,0x34,0x35,0x39,0x34,0x37,0x32,0x36,0x35,0x36,0x32,
    0x35,0x20,0x2a,0x20,0x6e,0x2e,0x78,0x29,0x20,0x2a,0x20,0x6e,0x2e,0x79,0x29,0x29,
    0x29,0x20,0x2b,0x20,0x28,0x66,0x73,0x5f,0x73,0x63,0x65,0x6e,0x65,0x5b,0x38,0x5d,
    0x2e,0x78,0x79,0x7a,0x20,0x2a,0x20,0x28,0x28,0x31,0x2e,0x30,0x39,0x32,0x35,0x34,
    0x38,0x30,0x31,0x32,0x37,0x33,0x33,0x34,0x35,0x39,0x34,0x37,0x32,0x36,0x35,0x36,
    0x32,0x35,0x20,0x2a,0x20,0x6e,0x2e,0x79,0x29,0x20,0x2a,0x20,0x6e,0x2e,0x7a,0x29,
    0x29,0x29,0x20,0x2b,0x20,0x28,0x66,0x73,0x5f,0x73,0x63,0x65,0x6e,0x65,0x5b,0x39,
    0x5d,0x2e,0x78,0x79,0x7a,0x20,0x2a,0x20,0x28,0x30,0x2e,0x33,0x31,0x35,0x33,0x39,
    0x31,0x39,0x38,0x37,0x35,0x36,0x32,0x31,0x37,0x39,0x35,0x36,0x35,0x34,0x32,0x39,
    0x36,0x38,0x37,0x35,0x20,0x2a,0x20,0x28,0x28,0x28,0x33,0x2e,0x30,0x20,0x2a,0x20,
    0x6e,0x2e,0x7a,0x29,0x20,0x2a,0x20,0x6e,0x2e,0x7a,0x29,0x20,0x2d,0x20,0x31,0x2e,
    0x30,0x29,0x29,0x29,0x29,0x20,0x2b,0x20,0x28,0x66,0x73,0x5f,0x73,0x63,0x65,0x6e,
    0x65,0x5b,0x31,0x30,0x5d,0x2e,0x78,0x79,0x7a,0x20,0x2a,0x20,0x28,0x28,0x31,0x2e,
    0x30,0x39,0x32,0x35,0x34,0x38,0x30,0x31,0x32,0x37,0x33,0x33,0x34,0x35,0x39,0x34,
    0x37,0x32,0x36,0x35,0x36,0x32,0x35,0x20,0x2a,0x20,0x6e,0x2e,0x78,0x29,0x20,0x2a,
    0x20,0x6e,0x2e,0x7a,0x29,0x29,0x29,0x20,0x2b,0x20,0x28,0x66,0x73,0x5f,0x73,0x63,
    0x65,0x6e,0x65,0x5b,0x31,0x31,0x5d,0x2e,0x78,0x79,0x7a,0x20,0x2a,0x20,0x28,0x30,
    0x2e,0x35,0x34,0x36,0x32,0x37,0x34,0x30,0x30,0x36,0x33,0x36,0x36,0x37,0x32,0x39,
    0x37,0x33,0x36,0x33,0x32,0x38,0x31,0x32,0x35,0x20,0x2a,0x20,0x28,0x28,0x6e,0x2e,
    0x78,0x20,0x2a,0x20,0x6e,0x2e,0x78,0x29,0x20,0x2d,0x20,0x28,0x6e,0x2e,0x79,0x20,
    0x2a,0x20,0x6e,0x2e,0x79,0x29,0x29,0x29,0x29,0x3b,0x0a,0x20,0x20,0x20,0x20,0x72,
    0x65,0x74,0x75,0x72,0x6e,0x20,0x5f,0x33,0x38,0x36,0x3b,0x0a,0x7d,0x0a,0x0a,0x76,
    0x6f,0x69,0x64,0x20,0x6d,0x61,0x69,0x6e,0x28,0x29,0x0a,0x7b,0x0a,0x20,0x20,0x20,
    0x20,0x69,0x6e,0x74,0x20,0x70,0x61,0x72,0x61,0x6d,0x20,0x3d,0x20,0x30,0x3b,0x0a,
    0x20,0x20,0x20,0x20,0x76,0x65,0x63,0x34,0x20,0x5f,0x34,0x39,0x32,0x20,0x3d,0x20,
    0x74,0x65,0x78,0x74,0x75,0x72,0x65,0x28,0x62,0x61,0x73,0x65,0x5f,0x63,0x6f,0x6c,
    0x6f,0x72,0x5f,0x74,0x65,0x78,0x5f,0x62,0x61,0x73,0x65,0x5f,0x63,0x6f,0x6c,0x6f,
    0x72,0x5f,0x73,0x6d,0x70,0x2c,0x20,0x74,0x65,0x78,0x5f,0x75,0x76,0x28,0x70,0x61,
    0x72,0x61,0x6d,0x29,0x29,0x3b,0x0a,0x20,0x20,0x20,0x20,0x76,0x65,0x63,0x33,0x20,
    0x70,0x61,0x72,0x61,0x6d,0x5f,0x31,0x20,0x3d,0x20,0x5f,0x34,0x39,0x32,0x2e,0x78,
    0x79,0x7a,0x3b,0x0a,0x20,0x20,0x20,0x20,0x76,0x65,0x63,0x34,0x20,0x5f,0x35,0x31,
    0x30,0x20,0x3d,0x20,0x28,0x76,0x65,0x63,0x34,0x28,0x73,0x72,0x67,0x62,0x5f,0x74,
    0x6f,0x5f,0x6c,0x69,0x6e,0x65,0x61,0x72,0x28,0x70,0x61,0x72,0x61,0x6d,0x5f,0x31,
    0x29,0x2c,0x20,0x5f,0x34,0x39,0x32,0x2e,0x77,0x29,0x20,0x2a,0x20,0x66,0x73,0x5f,
    0x70,0x61,0x72,0x61,0x6d,0x73,0x5b,0x30,0x5d,0x29,0x20,0x2a,0x20,0x76,0x5f,0x63,
    0x6f,0x6c,0x6f,0x72,0x3b,0x0a,0x20,0x20,0x20,0x20,0x66,0x6c,0x6f,0x61,0x74,0x20,
    0x5f,0x35,0x31,0x32,0x20,0x3d,0x20,0x5f,0x35,0x31,0x30,0x2e,0x77,0x3b,0x0a,0x20,
    0x20,0x20,0x20,0x69,0x66,0x20,0x28,0x5f,0x35,0x31,0x32,0x20,0x3c,0x20,0x66,0x73,
    0x5f,0x70,0x61,0x72,0x61,0x6d,0x73,0x5b,0x33,0x5d,0x2e,0x78,0x29,0x0a,0x20,0x20,
    0x20,0x20,0x7b,0x0a,0x20,0x20,0x20,0x20,0x20,0x20,0x20,0x20,0x64,0x69,0x73,0x63,
    0x61,0x72,0x64,0x3b,0x0a,0x20,0x20,0x20,0x20,0x7d,0x0a,0x20,0x20,0x20,0x20,0x69,
    0x66,0x20,0x28,0x66,0x73,0x5f,0x70,0x61,0x72,0x61,0x6d,0x73,0x5b,0x32,0x5d,0x2e,
    0x77,0x20,0x3c,0x20,0x30,0x2e,0x35,0x29,0x0a,0x20,0x20,0x20,0x20,0x7b,0x0a,0x20,
    0x20,0x20,0x20,0x20,0x20,0x20,0x20,0x76,0x65,0x63,0x33,0x20,0x70,0x61,0x72,0x61,
    0x6d,0x5f,0x32,0x20,0x3d,0x20,0x5f,0x35,0x31,0x30,0x2e,0x78,0x79,0x7a,0x3b,0x0a,
    0x20,0x20,0x20,0x20,0x20,0x20,0x20,0x20,0x76,0x65,0x63,0x34,0x20,0x70,0x61,0x72,
    0x61,0x6d,0x5f,0x33,0x20,0x3d,0x20,0x66,0x73,0x5f,0x73,0x63,0x65,0x6e,0x65,0x5b,
    0x31,0x32,0x5d,0x3b,0x0a,0x20,0x20,0x20,0x20,0x20,0x20,0x20,0x20,0x76,0x65,0x63,
    0x33,0x20,0x5f,0x35,0x33,0x32,0x20,0x3d,0x20,0x74,0x6f,0x5f,0x64,0x69,0x73,0x70,
    0x6c,0x61,0x79,0x28,0x70,0x61,0x72,0x61,0x6d,0x5f,0x32,0x2c,0x20,0x70,0x61,0x72,
    0x61,0x6d,0x5f,0x33,0x29,0x3b,0x0a,0x20,0x20,0x20,0x20,0x20,0x20,0x20,0x20,0x66,
    0x72,0x61,0x67,0x5f,0x63,0x6f,0x6c,0x6f,0x72,0x20,0x3d,0x20,0x76,0x65,0x63,0x34,
    0x28,0x5f,0x35,0x33,0x32,0x2c,0x20,0x5f,0x35,0x31,0x32,0x29,0x3b,0x0a,0x20,0x20,
    0x20,0x20,0x20,0x20,0x20,0x20,0x72,0x65,0x74,0x75,0x72,0x6e,0x3b,0x0a,0x20,0x20,
    0x20,0x20,0x7d,0x0a,0x20,0x20,0x20,0x20,0x76,0x65,0x63,0x33,0x20,0x5f,0x35,0x34,
    0x34,0x20,0x3d,0x20,0x6e,0x6f,0x72,0x6d,0x61,0x6c,0x69,0x7a,0x65,0x28,0x76,0x5f,
    0x6e,0x6f,0x72,0x6d,0x61,0x6c,0x29,0x3b,0x0a,0x20,0x20,0x20,0x20,0x76,0x65,0x63,
    0x33,0x20,0x6e,0x20,0x3d,0x20,0x5f,0x35,0x34,0x34,0x3b,0x0a,0x20,0x20,0x20,0x20,
    0x76,0x65,0x63,0x33,0x20,0x5f,0x35,0x35,0x35,0x20,0x3d,0x20,0x76,0x5f,0x74,0x61,
    0x6e,0x67,0x65,0x6e,0x74,0x2e,0x78,0x79,0x7a,0x20,0x2d,0x20,0x28,0x5f,0x35,0x34,
    0x34,0x20,0x2a,0x20,0x64,0x6f,0x74,0x28,0x5f,0x35,0x34,0x34,0x2c,0x20,0x76,0x5f,
    0x74,0x61,0x6e,0x67,0x65,0x6e,0x74,0x2e,0x78,0x79,0x7a,0x29,0x29,0x3b,0x0a,0x20,
    0x20,0x20,0x20,0x76,0x65,0x63,0x33,0x20,0x74,0x20,0x3d,0x20,0x5f,0x35,0x35,0x35,
    0x3b,0x0a,0x20,0x20,0x20,0x20,0x69,0x66,0x20,0x28,0x64,0x6f,0x74,0x28,0x5f,0x35,
    0x35,0x35,0x2c,0x20,0x5f,0x35,0x35,0x35,0x29,0x20,0x3e,0x20,0x39,0x2e,0x39,0x39,
    0x39,0x39,0x39,0x39,0x39,0x33,0x39,0x32,0x32,0x35,0x32,0x39,0x30,0x32,0x39,0x30,
    0x37,0x37,0x38,0x35,0x30,0x32,0x38,0x32,0x31,0x39,0x32,0x32,0x33,0x65,0x2d,0x30,
    0x39,0x29,0x0a,0x20,0x20,0x20,0x20,0x7b,0x0a,0x20,0x20,0x20,0x20,0x20,0x20,0x20,
    0x20,0x76,0x65,0x63,0x33,0x20,0x5f,0x35,0x36,0x39,0x20,0x3d,0x20,0x74,0x3b,0x0a,
    0x20,0x20,0x20,0x20,0x20,0x20,0x20,0x20,0x76,0x65,0x63,0x33,0x20,0x5f,0x35,0x37,
    0x30,0x20,0x3d,0x20,0x6e,0x6f,0x72,0x6d,0x61,0x6c,0x69,0x7a,0x65,0x28,0x5f,0x35,
    0x36,0x39,0x29,0x3b,0x0a,0x20,0x20,0x20,0x20,0x20,0x20,0x20,0x20,0x74,0x20,0x3d,
    0x20,0x5f,0x35,0x37,0x30,0x3b,0x0a,0x20,0x20,0x20,0x20,0x20,0x20,0x20,0x20,0x69,
    0x6e,0x74,0x20,0x70,0x61,0x72,0x61,0x6d,0x5f,0x34,0x20,0x3d,0x20,0x32,0x3b,0x0a,
    0x20,0x20,0x20,0x20,0x20,0x20,0x20,0x20,0x76,0x65,0x63,0x33,0x20,0x5f,0x35,0x39,
    0x32,0x20,0x3d,0x20,0x28,0x74,0x65,0x78,0x74,0x75,0x72,0x65,0x28,0x6e,0x6f,0x72,
    0x6d,0x61,0x6c,0x5f,0x74,0x65,0x78,0x5f,0x6e,0x6f,0x72,0x6d,0x61,0x6c,0x5f,0x73,
    0x6d,0x70,0x2c,0x20,0x74,0x65,0x78,0x5f,0x75,0x76,0x28,0x70,0x61,0x72,0x61,0x6d,
    0x5f,0x34,0x29,0x29,0x2e,0x78,0x79,0x7a,0x20,0x2a,0x20,0x32,0x2e,0x30,0x29,0x20,
    0x2d,0x20,0x76,0x65,0x63,0x33,0x28,0x31,0x2e,0x30,0x29,0x3b,0x0a,0x20,0x20,0x20,
    0x20,0x20,0x20,0x20,0x20,0x76,0x65,0x63,0x32,0x20,0x5f,0x35,0x39,0x37,0x20,0x3d,
    0x20,0x5f,0x35,0x39,0x32,0x2e,0x78,0x79,0x20,0x2a,0x20,0x66,0x73,0x5f,0x70,0x61,
    0x72,0x61,0x6d,0x73,0x5b,0x31,0x5d,0x2e,0x77,0x3b,0x0a,0x20,0x20,0x20,0x20,0x20,
    0x20,0x20,0x20,0x76,0x65,0x63,0x33,0x20,0x5f,0x31,0x30,0x33,0x34,0x20,0x3d,0x20,
    0x5f,0x35,0x39,0x32,0x3b,0x0a,0x20,0x20,0x20,0x20,0x20,0x20,0x20,0x20,0x5f,0x31,
    0x30,0x33,0x34,0x2e,0x78,0x20,0x3d,0x20,0x5f,0x35,0x39,0x37,0x2e,0x78,0x3b,0x0a,
    0x20,0x20,0x20,0x20,0x20,0x20,0x20,0x20,0x5f,0x31,0x30,0x33,0x34,0x2e,0x79,0x20,
    0x3d,0x20,0x5f,0x35,0x39,0x37,0x2e,0x79,0x3b,0x0a,0x20,0x20,0x20,0x20,0x20,0x20,
    0x20,0x20,0x6e,0x20,0x3d,0x20,0x6e,0x6f,0x72,0x6d,0x61,0x6c,0x69,0x7a,0x65,0x28,
    0x6d,0x61,0x74,0x33,0x28,0x74,0x2c,0x20,0x63,0x72,0x6f,0x73,0x73,0x28,0x6e,0x2c,
    0x20,0x5f,0x35,0x37,0x30,0x29,0x20,0x2a,0x20,0x76,0x5f,0x74,0x61,0x6e,0x67,0x65,
    0x6e,0x74,0x2e,0x77,0x2c,0x20,0x6e,0x29,0x20,0x2a,0x20,0x5f,0x31,0x30,0x33,0x34,
    0x29,0x3b,0x0a,0x20,0x20,0x20,0x20,0x7d,0x0a,0x20,0x20,0x20,0x20,0x6e,0x20,0x2a,
    0x3d,0x20,0x28,0x67,0x6c,0x5f,0x46,0x72,0x6f,0x6e,0x74,0x46,0x61,0x63,0x69,0x6e,
    0x67,0x20,0x3f,0x20,0x31,0x2e,0x30,0x20,0x3a,0x20,0x28,0x2d,0x31,0x2e,0x30,0x29,
    0x29,0x3b,0x0a,0x20,0x20,0x20,0x20,0x69,0x6e,0x74,0x20,0x70,0x61,0x72,0x61,0x6d,
    0x5f,0x35,0x20,0x3d,0x20,0x31,0x3b,0x0a,0x20,0x20,0x20,0x20,0x76,0x65,0x63,0x34,
    0x20,0x5f,0x36,0x33,0x33,0x20,0x3d,0x20,0x74,0x65,0x78,0x74,0x75,0x72,0x65,0x28,
    0x6d,0x65,0x74,0x61,0x6c,0x6c,0x69,0x63,0x5f,0x72,0x6f,0x75,0x67,0x68,0x6e,0x65,
    0x73,0x73,0x5f,0x74,0x65,0x78,0x5f,0x6d,0x65,0x74,0x61,0x6c,0x6c,0x69,0x63,0x5f,
    0x72,0x6f,0x75,0x67,0x68,0x6e,0x65,0x73,0x73,0x5f,0x73,0x6d,0x70,0x2c,0x20,0x74,
    0x65,0x78,0x5f,0x75,0x76,0x28,0x70,0x61,0x72,0x61,0x6d,0x5f,0x35,0x29,0x29,0x3b,
    0x0a,0x20,0x20,0x20,0x20,0x66,0x6c,0x6f,0x61,0x74,0x20,0x5f,0x36,0x34,0x31,0x20,
    0x3d,0x20,0x63,0x6c,0x61,0x6d,0x70,0x28,0x66,0x73,0x5f,0x70,0x61,0x72,0x61,0x6d,
    0x73,0x5b,0x32,0x5d,0x2e,0x78,0x20,0x2a,0x20,0x5f,0x36,0x33,0x33,0x2e,0x7a,0x2c,
    0x20,0x30,0x2e,0x30,0x2c,0x20,0x31,0x2e,0x30,0x29,0x3b,0x0a,0x20,0x20,0x20,0x20,
    0x66,0x6c,0x6f,0x61,0x74,0x20,0x5f,0x36,0x34,0x38,0x20,0x3d,0x20,0x63,0x6c,0x61,
    0x6d,0x70,0x28,0x66,0x73,0x5f,0x70,0x61,0x72,0x61,0x6d,0x73,0x5b,0x32,0x5d,0x2e,
    0x79,0x20,0x2a,0x20,0x5f,0x36,0x33,0x33,0x2e,0x79,0x2c,0x20,0x30,0x2e,0x30,0x32,
    0x39,0x39,0x39,0x39,0x39,0x39,0x39,0x33,0x32,0x39,0x34,0x34,0x37,0x37,0x34,0x36,
    0x32,0x37,0x36,0x38,0x35,0x35,0x34,0x36,0x38,0x37,0x35,0x2c,0x20,0x31,0x2e,0x30,
    0x29,0x3b,0x0a,0x20,0x20,0x20,0x20,0x66,0x6c,0x6f,0x61,0x74,0x20,0x5f,0x36,0x35,
    0x32,0x20,0x3d,0x20,0x5f,0x36,0x34,0x38,0x20,0x2a,0x20,0x5f,0x36,0x34,0x38,0x3b,
    0x0a,0x20,0x20,0x20,0x20,0x66,0x6c,0x6f,0x61,0x74,0x20,0x5f,0x36,0x35,0x36,0x20,
    0x3d,0x20,0x5f,0x36,0x35,0x32,0x20,0x2a,0x20,0x5f,0x36,0x35,0x32,0x3b,0x0a,0x20,
    0x20,0x20,0x20,0x76,0x65,0x63,0x33,0x20,0x5f,0x36,0x36,0x30,0x20,0x3d,0x20,0x5f,
    0x35,0x31,0x30,0x2e,0x78,0x79,0x7a,0x3b,0x0a,0x20,0x20,0x20,0x20,0x76,0x65,0x63,
    0x33,0x20,0x5f,0x36,0x36,0x33,0x20,0x3d,0x20,0x6d,0x69,0x78,0x28,0x76,0x65,0x63,
    0x33,0x28,0x30,0x2e,0x30,0x33,0x39,0x39,0x39,0x39,0x39,0x39,0x39,0x31,0x30,0x35,
    0x39,0x33,0x30,0x33,0x32,0x38,0x33,0x36,0x39,0x31,0x34,0x30,0x36,0x32,0x35,0x29,
    0x2c,0x20,0x5f,0x36,0x36,0x30,0x2c,0x20,0x76,0x65,0x63,0x33,0x28,0x5f,0x36,0x34,
    0x31,0x29,0x29,0x3b,0x0a,0x20,0x20,0x20,0x20,0x76,0x65,0x63,0x33,0x20,0x5f,0x36,
    0x36,0x39,0x20,0x3d,0x20,0x5f,0x36,0x36,0x30,0x20,0x2a,0x20,0x28,0x31,0x2e,0x30,
    0x20,0x2d,0x20,0x5f,0x36,0x34,0x31,0x29,0x3b,0x0a,0x20,0x20,0x20,0x20,0x76,0x65,
    0x63,0x33,0x20,0x5f,0x36,0x37,0x37,0x20,0x3d,0x20,0x6e,0x6f,0x72,0x6d,0x61,0x6c,
    0x69,0x7a,0x65,0x28,0x66,0x73,0x5f,0x73,0x63,0x65,0x6e,0x65,0x5b,0x30,0x5d,0x2e,
    0x78,0x79,0x7a,0x20,0x2d,0x20,0x76,0x5f,0x77,0x6f,0x72,0x6c,0x64,0x5f,0x70,0x6f,
    0x73,0x29,0x3b,0x0a,0x20,0x20,0x20,0x20,0x66,0x6c,0x6f,0x61,0x74,0x20,0x5f,0x36,
    0x38,0x34,0x20,0x3d,0x20,0x63,0x6c,0x61,0x6d,0x70,0x28,0x61,0x62,0x73,0x28,0x64,
    0x6f,0x74,0x28,0x6e,0x2c,0x20,0x5f,0x36,0x37,0x37,0x29,0x29,0x2c,0x20,0x39,0x2e,
    0x39,0x39,0x39,0x39,0x39,0x39,0x37,0x34,0x37,0x33,0x37,0x38,0x37,0x35,0x31,0x36,
    0x33,0x35,0x35,0x35,0x31,0x34,0x35,0x32,0x36,0x33,0x36,0x37,0x31,0x38,0x38,0x65,
    0x2d,0x30,0x35,0x2c,0x20,0x31,0x2e,0x30,0x29,0x3b,0x0a,0x20,0x20,0x20,0x20,0x69,
    0x6e,0x74,0x20,0x70,0x61,0x72,0x61,0x6d,0x5f,0x36,0x20,0x3d,0x20,0x33,0x3b,0x0a,
    0x20,0x20,0x20,0x20,0x66,0x6c,0x6f,0x61,0x74,0x20,0x5f,0x36,0x39,0x39,0x20,0x3d,
    0x20,0x31,0x2e,0x30,0x20,0x2b,0x20,0x28,0x66,0x73,0x5f,0x70,0x61,0x72,0x61,0x6d,
    0x73,0x5b,0x32,0x5d,0x2e,0x7a,0x20,0x2a,0x20,0x28,0x74,0x65,0x78,0x74,0x75,0x72,
    0x65,0x28,0x6f,0x63,0x63,0x6c,0x75,0x73,0x69,0x6f,0x6e,0x5f,0x74,0x65,0x78,0x5f,
    0x6f,0x63,0x63,0x6c,0x75,0x73,0x69,0x6f,0x6e,0x5f,0x73,0x6d,0x70,0x2c,0x20,0x74,
    0x65,0x78,0x5f,0x75,0x76,0x28,0x70,0x61,0x72,0x61,0x6d,0x5f,0x36,0x29,0x29,0x2e,
    0x78,0x20,0x2d,0x20,0x31,0x2e,0x30,0x29,0x29,0x3b,0x0a,0x20,0x20,0x20,0x20,0x76,
    0x65,0x63,0x33,0x20,0x63,0x6f,0x6c,0x6f,0x72,0x20,0x3d,0x20,0x28,0x66,0x73,0x5f,
    0x73,0x63,0x65,0x6e,0x65,0x5b,0x31,0x5d,0x2e,0x78,0x79,0x7a,0x20,0x2a,0x20,0x28,
    0x5f,0x36,0x36,0x39,0x20,0x2b,0x20,0x5f,0x36,0x36,0x33,0x29,0x29,0x20,0x2a,0x20,
    0x5f,0x36,0x39,0x39,0x3b,0x0a,0x20,0x20,0x20,0x20,0x69,0x6e,0x74,0x20,0x5f,0x37,
    0x31,0x33,0x20,0x3d,0x20,0x69,0x6e,0x74,0x28,0x66,0x73,0x5f,0x70,0x61,0x72,0x61,
    0x6d,0x73,0x5b,0x33,0x5d,0x2e,0x79,0x29,0x3b,0x0a,0x20,0x20,0x20,0x20,0x76,0x65,
    0x63,0x33,0x20,0x6c,0x69,0x67,0x68,0x74,0x5f,0x64,0x69,0x72,0x3b,0x0a,0x20,0x20,
    0x20,0x20,0x76,0x65,0x63,0x33,0x20,0x5f,0x37,0x36,0x36,0x3b,0x0a,0x20,0x20,0x20,
    0x20,0x66,0x6f,0x72,0x20,0x28,0x69,0x6e,0x74,0x20,0x69,0x20,0x3d,0x20,0x30,0x3b,
    0x20,0x69,0x20,0x3c,0x20,0x38,0x3b,0x20,0x69,0x2b,0x2b,0x29,0x0a,0x20,0x20,0x20,
    0x20,0x7b,0x0a,0x20,0x20,0x20,0x20,0x20,0x20,0x20,0x20,0x69,0x66,0x20,0x28,0x69,
    0x20,0x3e,0x3d,0x20,0x5f,0x37,0x31,0x33,0x29,0x0a,0x20,0x20,0x20,0x20,0x20,0x20,
    0x20,0x20,0x7b,0x0a,0x20,0x20,0x20,0x20,0x20,0x20,0x20,0x20,0x20,0x20,0x20,0x20,
    0x62,0x72,0x65,0x61,0x6b,0x3b,0x0a,0x20,0x20,0x20,0x20,0x20,0x20,0x20,0x20,0x7d,
    0x0a,0x20,0x20,0x20,0x20,0x20,0x20,0x20,0x20,0x66,0x6c,0x6f,0x61,0x74,0x20,0x66,
    0x61,0x6c,0x6c,0x6f,0x66,0x66,0x20,0x3d,0x20,0x31,0x2e,0x30,0x3b,0x0a,0x20,0x20,
    0x20,0x20,0x20,0x20,0x20,0x20,0x69,0x6e,0x74,0x20,0x5f,0x37,0x34,0x32,0x20,0x3d,
    0x20,0x69,0x6e,0x74,0x28,0x66,0x73,0x5f,0x6c,0x69,0x67,0x68,0x74,0x73,0x5b,0x69,
    0x20,0x2a,0x20,0x31,0x20,0x2b,0x20,0x38,0x5d,0x2e,0x77,0x20,0x2b,0x20,0x30,0x2e,
    0x35,0x29,0x3b,0x0a,0x20,0x20,0x20,0x20,0x20,0x20,0x20,0x20,0x69,0x66,0x20,0x28,
    0x5f,0x37,0x34,0x32,0x20,0x3d,0x3d,0x20,0x30,0x29,0x0a,0x20,0x20,0x20,0x20,0x20,
    0x20,0x20,0x20,0x7b,0x0a,0x20,0x20,0x20,0x20,0x20,0x20,0x20,0x20,0x20,0x20,0x20,
    0x20,0x6c,0x69,0x67,0x68,0x74,0x5f,0x64,0x69,0x72,0x20,0x3d,0x20,0x6e,0x6f,0x72,
    0x6d,0x61,0x6c,0x69,0x7a,0x65,0x28,0x66,0x73,0x5f,0x6c,0x69,0x67,0x68,0x74,0x73,
    0x5b,0x69,0x20,0x2a,0x20,0x31,0x20,0x2b,0x20,0x38,0x5d,0x2e,0x78,0x79,0x7a,0x29,
    0x3b,0x0a,0x20,0x20,0x20,0x20,0x20,0x20,0x20,0x20,0x7d,0x0a,0x20,0x20,0x20,0x20,
    0x20,0x20,0x20,0x20,0x65,0x6c,0x73,0x65,0x0a,0x20,0x20,0x20,0x20,0x20,0x20,0x20,
    0x20,0x7b,0x0a,0x20,0x20,0x20,0x20,0x20,0x20,0x20,0x20,0x20,0x20,0x20,0x20,0x76,
    0x65,0x63,0x33,0x20,0x5f,0x37,0x36,0x30,0x20,0x3d,0x20,0x76,0x5f,0x77,0x6f,0x72,
    0x6c,0x64,0x5f,0x70,0x6f,0x73,0x20,0x2d,0x20,0x66,0x73,0x5f,0x6c,0x69,0x67,0x68,
    0x74,0x73,0x5b,0x69,0x20,0x2a,0x20,0x31,0x20,0x2b,0x20,0x30,0x5d,0x2e,0x78,0x79,
    0x7a,0x3b,0x0a,0x20,0x20,0x20,0x20,0x20,0x20,0x20,0x20,0x20,0x20,0x20,0x20,0x66,
    0x6c,0x6f,0x61,0x74,0x20,0x5f,0x37,0x36,0x33,0x20,0x3d,0x20,0x6c,0x65,0x6e,0x67,
    0x74,0x68,0x28,0x5f,0x37,0x36,0x30,0x29,0x3b,0x0a,0x20,0x20,0x20,0x20,0x20,0x20,
    0x20,0x20,0x20,0x20,0x20,0x20,0x69,0x66,0x20,0x28,0x5f,0x37,0x36,0x33,0x20,0x3e,
    0x20,0x39,0x2e,0x39,0x39,0x39,0x39,0x39,0x39,0x39,0x37,0x34,0x37,0x35,0x32,0x34,
    0x32,0x37,0x30,0x37,0x38,0x37,0x38,0x33,0x35,0x31,0x32,0x31,0x31,0x35,0x34,0x37,
    0x38,0x35,0x65,0x2d,0x30,0x37,0x29,0x0a,0x20,0x20,0x20,0x20,0x20,0x20,0x20,0x20,
    0x20,0x20,0x20,0x20,0x7b,0x0a,0x20,0x20,0x20,0x20,0x20,0x20,0x20,0x20,0x20,0x20,
    0x20,0x20,0x20,0x20,0x20,0x20,0x5f,0x37,0x36,0x36,0x20,0x3d,0x20,0x5f,0x37,0x36,
    0x30,0x20,0x2f,0x20,0x76,0x65,0x63,0x33,0x28,0x5f,0x37,0x36,0x33,0x29,0x3b,0x0a,
    0x20,0x20,0x20,0x20,0x20,0x20,0x20,0x20,0x20,0x20,0x20,0x20,0x7d,0x0a,0x20,0x20,
    0x20,0x20,0x20,0x20,0x20,0x20,0x20,0x20,0x20,0x20,0x65,0x6c,0x73,0x65,0x0a,0x20,
    0x20,0x20,0x20,0x20,0x20,0x20,0x20,0x20,0x20,0x20,0x20,0x7b,0x0a,0x20,0x20,0x20,
    0x20,0x20,0x20,0x20,0x20,0x20,0x20,0x20,0x20,0x20,0x20,0x20,0x20,0x5f,0x37,0x36,
    0x36,0x20,0x3d,0x20,0x76,0x65,0x63,0x33,0x28,0x30,0x2e,0x30,0x2c,0x20,0x2d,0x31,
    0x2e,0x30,0x2c,0x20,0x30,0x2e,0x30,0x29,0x3b,0x0a,0x20,0x20,0x20,0x20,0x20,0x20,
    0x20,0x20,0x20,0x20,0x20,0x20,0x7d,0x0a,0x20,0x20,0x20,0x20,0x20,0x20,0x20,0x20,
    0x20,0x20,0x20,0x20,0x6c,0x69,0x67,0x68,0x74,0x5f,0x64,0x69,0x72,0x20,0x3d,0x20,
    0x5f,0x37,0x36,0x36,0x3b,0x0a,0x20,0x20,0x20,0x20,0x20,0x20,0x20,0x20,0x20,0x20,
    0x20,0x20,0x66,0x6c,0x6f,0x61,0x74,0x20,0x70,0x61,0x72,0x61,0x6d,0x5f,0x37,0x20,
    0x3d,0x20,0x5f,0x37,0x36,0x33,0x3b,0x0a,0x20,0x20,0x20,0x20,0x20,0x20,0x20,0x20,
    0x20,0x20,0x20,0x20,0x66,0x6c,0x6f,0x61,0x74,0x20,0x70,0x61,0x72,0x61,0x6d,0x5f,
    0x38,0x20,0x3d,0x20,0x66,0x73,0x5f,0x6c,0x69,0x67,0x68,0x74,0x73,0x5b,0x69,0x20,
    0x2a,0x20,0x31,0x20,0x2b,0x20,0x30,0x5d,0x2e,0x77,0x3b,0x0a,0x20,0x20,0x20,0x20,
    0x20,0x20,0x20,0x20,0x20,0x20,0x20,0x20,0x66,0x61,0x6c,0x6c,0x6f,0x66,0x66,0x20,
    0x3d,0x20,0x61,0x74,0x74,0x65,0x6e,0x75,0x61,0x74,0x69,0x6f,0x6e,0x28,0x70,0x61,
    0x72,0x61,0x6d,0x5f,0x37,0x2c,0x20,0x70,0x61,0x72,0x61,0x6d,0x5f,0x38,0x29,0x3b,
    0x0a,0x20,0x20,0x20,0x20,0x20,0x20,0x20,0x20,0x20,0x20,0x20,0x20,0x69,0x66,0x20,
    0x28,0x5f,0x37,0x34,0x32,0x20,0x3d,0x3d,0x20,0x32,0x29,0x0a,0x20,0x20,0x20,0x20,
    0x20,0x20,0x20,0x20,0x20,0x20,0x20,0x20,0x7b,0x0a,0x20,0x20,0x20,0x20,0x20,0x20,
    0x20,0x20,0x20,0x20,0x20,0x20,0x20,0x20,0x20,0x20,0x66,0x6c,0x6f,0x61,0x74,0x20,
    0x70,0x61,0x72,0x61,0x6d,0x5f,0x39,0x20,0x3d,0x20,0x64,0x6f,0x74,0x28,0x6c,0x69,
    0x67,0x68,0x74,0x5f,0x64,0x69,0x72,0x2c,0x20,0x6e,0x6f,0x72,0x6d,0x61,0x6c,0x69,
    0x7a,0x65,0x28,0x66,0x73,0x5f,0x6c,0x69,0x67,0x68,0x74,0x73,0x5b,0x69,0x20,0x2a,
    0x20,0x31,0x20,0x2b,0x20,0x38,0x5d,0x2e,0x78,0x79,0x7a,0x29,0x29,0x3b,0x0a,0x20,
    0x20,0x20,0x20,0x20,0x20,0x20,0x20,0x20,0x20,0x20,0x20,0x20,0x20,0x20,0x20,0x66,
    0x6c,0x6f,0x61,0x74,0x20,0x70,0x61,0x72,0x61,0x6d,0x5f,0x31,0x30,0x20,0x3d,0x20,
    0x66,0x73,0x5f,0x6c,0x69,0x67,0x68,0x74,0x73,0x5b,0x69,0x20,0x2a,0x20,0x31,0x20,
    0x2b,0x20,0x32,0x34,0x5d,0x2e,0x78,0x3b,0x0a,0x20,0x20,0x20,0x20,0x20,0x20,0x20,
    0x20,0x20,0x20,0x20,0x20,0x20,0x20,0x20,0x20,0x66,0x6c,0x6f,0x61,0x74,0x20,0x70,
    0x61,0x72,0x61,0x6d,0x5f,0x31,0x31,0x20,0x3d,0x20,0x66,0x73,0x5f,0x6c,0x69,0x67,
    0x68,0x74,0x73,0x5b,0x69,0x20,0x2a,0x20,0x31,0x20,0x2b,0x20,0x32,0x34,0x5d,0x2e,
    0x79,0x3b,0x0a,0x20,0x20,0x20,0x20,0x20,0x20,0x20,0x20,0x20,0x20,0x20,0x20,0x20,
    0x20,0x20,0x20,0x66,0x61,0x6c,0x6c,0x6f,0x66,0x66,0x20,0x2a,0x3d,0x20,0x73,0x70,
    0x6f,0x74,0x5f,0x66,0x61,0x63,0x74,0x6f,0x72,0x28,0x70,0x61,0x72,0x61,0x6d,0x5f,
    0x39,0x2c,0x20,0x70,0x61,0x72,0x61,0x6d,0x5f,0x31,0x30,0x2c,0x20,0x70,0x61,0x72,
    0x61,0x6d,0x5f,0x31,0x31,0x29,0x3b,0x0a,0x20,0x20,0x20,0x20,0x20,0x20,0x20,0x20,
    0x20,0x20,0x20,0x20,0x7d,0x0a,0x20,0x20,0x20,0x20,0x20,0x20,0x20,0x20,0x7d,0x0a,
    0x20,0x20,0x20,0x20,0x20,0x20,0x20,0x20,0x76,0x65,0x63,0x33,0x20,0x5f,0x38,0x30,
    0x38,0x20,0x3d,0x20,0x2d,0x6c,0x69,0x67,0x68,0x74,0x5f,0x64,0x69,0x72,0x3b,0x0a,
    0x20,0x20,0x20,0x20,0x20,0x20,0x20,0x20,0x66,0x6c,0x6f,0x61,0x74,0x20,0x5f,0x38,
    0x31,0x32,0x20,0x3d,0x20,0x64,0x6f,0x74,0x28,0x6e,0x2c,0x20,0x5f,0x38,0x30,0x38,
    0x29,0x3b,0x0a,0x20,0x20,0x20,0x20,0x20,0x20,0x20,0x20,0x69,0x66,0x20,0x28,0x28,
    0x5f,0x38,0x31,0x32,0x20,0x3c,0x3d,0x20,0x30,0x2e,0x30,0x29,0x20,0x7c,0x7c,0x20,
    0x28,0x66,0x61,0x6c,0x6c,0x6f,0x66,0x66,0x20,0x3c,0x3d,0x20,0x30,0x2e,0x30,0x29,
    0x29,0x0a,0x20,0x20,0x20,0x20,0x20,0x20,0x20,0x20,0x7b,0x0a,0x20,0x20,0x20,0x20,
    0x20,0x20,0x20,0x20,0x20,0x20,0x20,0x20,0x63,0x6f,0x6e,0x74,0x69,0x6e,0x75,0x65,
    0x3b,0x0a,0x20,0x20,0x20,0x20,0x20,0x20,0x20,0x20,0x7d,0x0a,0x20,0x20,0x20,0x20,
    0x20,0x20,0x20,0x20,0x76,0x65,0x63,0x33,0x20,0x5f,0x38,0x32,0x35,0x20,0x3d,0x20,
    0x6e,0x6f,0x72,0x6d,0x61,0x6c,0x69,0x7a,0x65,0x28,0x5f,0x38,0x30,0x38,0x20,0x2b,
    0x20,0x5f,0x36,0x37,0x37,0x29,0x3b,0x0a,0x20,0x20,0x20,0x20,0x20,0x20,0x20,0x20,
    0x66,0x6c,0x6f,0x61,0x74,0x20,0x5f,0x38,0x33,0x30,0x20,0x3d,0x20,0x63,0x6c,0x61,
    0x6d,0x70,0x28,0x64,0x6f,0x74,0x28,0x6e,0x2c,0x20,0x5f,0x38,0x32,0x35,0x29,0x2c,
    0x20,0x30,0x2e,0x30,0x2c,0x20,0x31,0x2e,0x30,0x29,0x3b,0x0a,0x20,0x20,0x20,0x20,
    0x20,0x20,0x20,0x20,0x76,0x65,0x63,0x33,0x20,0x5f,0x38,0x34,0x36,0x20,0x3d,0x20,
    0x5f,0x36,0x36,0x33,0x20,0x2b,0x20,0x28,0x28,0x76,0x65,0x63,0x33,0x28,0x31,0x2e,
    0x30,0x29,0x20,0x2d,0x20,0x5f,0x36,0x36,0x33,0x29,0x20,0x2a,0x20,0x70,0x6f,0x77,
    0x28,0x31,0x2e,0x30,0x20,0x2d,0x20,0x63,0x6c,0x61,0x6d,0x70,0x28,0x64,0x6f,0x74,
    0x28,0x5f,0x36,0x37,0x37,0x2c,0x20,0x5f,0x38,0x32,0x35,0x29,0x2c,0x20,0x30,0x2e,
    0x30,0x2c,0x20,0x31,0x2e,0x30,0x29,0x2c,0x20,0x35,0x2e,0x30,0x29,0x29,0x3b,0x0a,
    0x20,0x20,0x20,0x20,0x20,0x20,0x20,0x20,0x66,0x6c,0x6f,0x61,0x74,0x20,0x5f,0x38,
    0x35,0x34,0x20,0x3d,0x20,0x28,0x28,0x5f,0x38,0x33,0x30,0x20,0x2a,0x20,0x5f,0x38,
    0x33,0x30,0x29,0x20,0x2a,0x20,0x28,0x5f,0x36,0x35,0x36,0x20,0x2d,0x20,0x31,0x2e,
    0x30,0x29,0x29,0x20,0x2b,0x20,0x31,0x2e,0x30,0x3b,0x0a,0x20,0x20,0x20,0x20,0x20,
    0x20,0x20,0x20,0x66,0x6c,0x6f,0x61,0x74,0x20,0x5f,0x38,0x36,0x39,0x20,0x3d,0x20,
    0x31,0x2e,0x30,0x20,0x2d,0x20,0x5f,0x36,0x35,0x36,0x3b,0x0a,0x20,0x20,0x20,0x20,
    0x20,0x20,0x20,0x20,0x63,0x6f,0x6c,0x6f,0x72,0x20,0x2b,0x3d,0x20,0x28,0x28,0x28,
    0x66,0x73,0x5f,0x6c,0x69,0x67,0x68,0x74,0x73,0x5b,0x69,0x20,0x2a,0x20,0x31,0x20,
    0x2b,0x20,0x31,0x36,0x5d,0x2e,0x78,0x79,0x7a,0x20,0x2a,0x20,0x66,0x61,0x6c,0x6c,
    0x6f,0x66,0x66,0x29,0x20,0x2a,0x20,0x5f,0x38,0x31,0x32,0x29,0x20,0x2a,0x20,0x28,
    0x28,0x28,0x28,0x76,0x65,0x63,0x33,0x28,0x31,0x2e,0x30,0x29,0x20,0x2d,0x20,0x5f,
    0x38,0x34,0x36,0x29,0x20,0x2a,0x20,0x5f,0x36,0x36,0x39,0x29,0x20,0x2a,0x20,0x76,
    0x65,0x63,0x33,0x28,0x30,0x2e,0x33,0x31,0x38,0x33,0x30,0x39,0x38,0x37,0x33,0x33,
    0x34,0x32,0x35,0x31,0x34,0x30,0x33,0x38,0x30,0x38,0x35,0x39,0x33,0x37,0x35,0x29,
    0x29,0x20,0x2b,0x20,0x28,0x28,0x5f,0x38,0x34,0x36,0x20,0x2a,0x20,0x28,0x5f,0x36,
    0x35,0x36,0x20,0x2f,0x20,0x28,0x28,0x33,0x2e,0x31,0x34,0x31,0x35,0x39,0x32,0x37,
    0x34,0x31,0x30,0x31,0x32,0x35,0x37,0x33,0x32,0x34,0x32,0x31,0x38,0x37,0x35,0x20,
    0x2a,0x20,0x5f,0x38,0x35,0x34,0x29,0x20,0x2a,0x20,0x5f,0x38,0x35,0x34,0x29,0x29,
    0x29,0x20,0x2a,0x20,0x28,0x30,0x2e,0x35,0x20,0x2f,0x20,0x6d,0x61,0x78,0x28,0x28,
    0x5f,0x38,0x31,0x32,0x20,0x2a,0x20,0x73,0x71,0x72,0x74,0x28,0x28,0x28,0x5f,0x36,
    0x38,0x34,0x20,0x2a,0x20,0x5f,0x36,0x38,0x34,0x29,0x20,0x2a,0x20,0x5f,0x38,0x36,
    0x39,0x29,0x20,0x2b,0x20,0x5f,0x36,0x35,0x36,0x29,0x29,0x20,0x2b,0x20,0x28,0x5f,
    0x36,0x38,0x34,0x20,0x2a,0x20,0x73,0x71,0x72,0x74,0x28,0x28,0x28,0x5f,0x38,0x31,
    0x32,0x20,0x2a,0x20,0x5f,0x38,0x31,0x32,0x29,0x20,0x2a,0x20,0x5f,0x38,0x36,0x39,
    0x29,0x20,0x2b,0x20,0x5f,0x36,0x35,0x36,0x29,0x29,0x2c,0x20,0x39,0x2e,0x39,0x39,
    0x39,0x39,0x39,0x39,0x39,0x37,0x34,0x37,0x35,0x32,0x34,0x32,0x37,0x30,0x37,0x38,
    0x37,0x38,0x33,0x35,0x31,0x32,0x31,0x31,0x35,0x34,0x37,0x38,0x35,0x65,0x2d,0x30,
    0x37,0x29,0x29,0x29,0x29,0x29,0x3b,0x0a,0x20,0x20,0x20,0x20,0x7d,0x0a,0x20,0x20,
    0x20,0x20,0x69,0x66,0x20,0x28,0x66,0x73,0x5f,0x73,0x63,0x65,0x6e,0x65,0x5b,0x32,
    0x5d,0x2e,0x78,0x20,0x3e,0x20,0x30,0x2e,0x30,0x29,0x0a,0x20,0x20,0x20,0x20,0x7b,
    0x0a,0x20,0x20,0x20,0x20,0x20,0x20,0x20,0x20,0x66,0x6c,0x6f,0x61,0x74,0x20,0x5f,
    0x39,0x33,0x31,0x20,0x3d,0x20,0x73,0x71,0x72,0x74,0x28,0x63,0x6c,0x61,0x6d,0x70,
    0x28,0x5f,0x36,0x35,0x32,0x2c,0x20,0x30,0x2e,0x30,0x2c,0x20,0x31,0x2e,0x30,0x29,
    0x29,0x3b,0x0a,0x20,0x20,0x20,0x20,0x20,0x20,0x20,0x20,0x76,0x65,0x63,0x33,0x20,
    0x70,0x61,0x72,0x61,0x6d,0x5f,0x31,0x32,0x20,0x3d,0x20,0x6e,0x3b,0x0a,0x20,0x20,
    0x20,0x20,0x20,0x20,0x20,0x20,0x76,0x65,0x63,0x34,0x20,0x70,0x61,0x72,0x61,0x6d,
    0x5f,0x31,0x33,0x20,0x3d,0x20,0x66,0x73,0x5f,0x73,0x63,0x65,0x6e,0x65,0x5b,0x32,
    0x5d,0x3b,0x0a,0x20,0x20,0x20,0x20,0x20,0x20,0x20,0x20,0x76,0x65,0x63,0x33,0x20,
    0x70,0x61,0x72,0x61,0x6d,0x5f,0x31,0x34,0x20,0x3d,0x20,0x65,0x6e,0x76,0x5f,0x64,
    0x69,0x72,0x28,0x70,0x61,0x72,0x61,0x6d,0x5f,0x31,0x32,0x2c,0x20,0x70,0x61,0x72,
    0x61,0x6d,0x5f,0x31,0x33,0x29,0x3b,0x0a,0x20,0x20,0x20,0x20,0x20,0x20,0x20,0x20,
    0x76,0x65,0x63,0x33,0x20,0x70,0x61,0x72,0x61,0x6d,0x5f,0x31,0x35,0x20,0x3d,0x20,
    0x72,0x65,0x66,0x6c,0x65,0x63,0x74,0x28,0x2d,0x5f,0x36,0x37,0x37,0x2c,0x20,0x6e,
    0x29,0x3b,0x0a,0x20,0x20,0x20,0x20,0x20,0x20,0x20,0x20,0x76,0x65,0x63,0x34,0x20,
    0x70,0x61,0x72,0x61,0x6d,0x5f,0x31,0x36,0x20,0x3d,0x20,0x66,0x73,0x5f,0x73,0x63,
    0x65,0x6e,0x65,0x5b,0x32,0x5d,0x3b,0x0a,0x20,0x20,0x20,0x20,0x20,0x20,0x20,0x20,
    0x76,0x65,0x63,0x34,0x20,0x5f,0x39,0x37,0x38,0x20,0x3d,0x20,0x74,0x65,0x78,0x74,
    0x75,0x72,0x65,0x28,0x62,0x72,0x64,0x66,0x5f,0x74,0x65,0x78,0x5f,0x62,0x72,0x64,
    0x66,0x5f,0x73,0x6d,0x70,0x2c,0x20,0x76,0x65,0x63,0x32,0x28,0x5f,0x36,0x38,0x34,
    0x2c,0x20,0x5f,0x39,0x33,0x31,0x29,0x29,0x3b,0x0a,0x20,0x20,0x20,0x20,0x20,0x20,
    0x20,0x20,0x63,0x6f,0x6c,0x6f,0x72,0x20,0x2b,0x3d,0x20,0x28,0x28,0x28,0x28,0x6d,
    0x61,0x78,0x28,0x65,0x76,0x61,0x6c,0x5f,0x73,0x68,0x28,0x70,0x61,0x72,0x61,0x6d,
    0x5f,0x31,0x34,0x29,0x2c,0x20,0x76,0x65,0x63,0x33,0x28,0x30,0x2e,0x30,0x29,0x29,
    0x20,0x2a,0x20,0x5f,0x36,0x36,0x39,0x29,0x20,0x2b,0x20,0x28,0x74,0x65,0x78,0x74,
    0x75,0x72,0x65,0x4c,0x6f,0x64,0x28,0x65,0x6e,0x76,0x5f,0x74,0x65,0x78,0x5f,0x65,
    0x6e,0x76,0x5f,0x73,0x6d,0x70,0x2c,0x20,0x65,0x6e,0x76,0x5f,0x64,0x69,0x72,0x28,
    0x70,0x61,0x72,0x61,0x6d,0x5f,0x31,0x35,0x2c,0x20,0x70,0x61,0x72,0x61,0x6d,0x5f,
    0x31,0x36,0x29,0x2c,0x20,0x5f,0x39,0x33,0x31,0x20,0x2a,0x20,0x66,0x73,0x5f,0x73,
    0x63,0x65,0x6e,0x65,0x5b,0x32,0x5d,0x2e,0x79,0x29,0x2e,0x78,0x79,0x7a,0x20,0x2a,
    0x20,0x28,0x28,0x5f,0x36,0x36,0x33,0x20,0x2a,0x20,0x5f,0x39,0x37,0x38,0x2e,0x78,
    0x29,0x20,0x2b,0x20,0x76,0x65,0x63,0x33,0x28,0x5f,0x39,0x37,0x38,0x2e,0x79,0x29,
    0x29,0x29,0x29,0x20,0x2a,0x20,0x5f,0x36,0x39,0x39,0x29,0x20,0x2a,0x20,0x66,0x73,
    0x5f,0x73,0x63,0x65,0x6e,0x65,0x5b,0x32,0x5d,0x2e,0x78,0x29,0x3b,0x0a,0x20,0x20,
    0x20,0x20,0x7d,0x0a,0x20,0x20,0x20,0x20,0x69,0x6e,0x74,0x20,0x70,0x61,0x72,0x61,
    0x6d,0x5f,0x31,0x37,0x20,0x3d,0x20,0x34,0x3b,0x0a,0x20,0x20,0x20,0x20,0x76,0x65,
    0x63,0x33,0x20,0x70,0x61,0x72,0x61,0x6d,0x5f,0x31,0x38,0x20,0x3d,0x20,0x74,0x65,
    0x78,0x74,0x75,0x72,0x65,0x28,0x65,0x6d,0x69,0x73,0x73,0x69,0x76,0x65,0x5f,0x74,
    0x65,0x78,0x5f,0x65,0x6d,0x69,0x73,0x73,0x69,0x76,0x65,0x5f,0x73,0x6d,0x70,0x2c,
    0x20,0x74,0x65,0x78,0x5f,0x75,0x76,0x28,0x70,0x61,0x72,0x61,0x6d,0x5f,0x31,0x37,
    0x29,0x29,0x2e,0x78,0x79,0x7a,0x3b,0x0a,0x20,0x20,0x20,0x20,0x76,0x65,0x63,0x33,
    0x20,0x5f,0x31,0x30,0x31,0x36,0x20,0x3d,0x20,0x63,0x6f,0x6c,0x6f,0x72,0x3b,0x0a,
    0x20,0x20,0x20,0x20,0x76,0x65,0x63,0x33,0x20,0x5f,0x31,0x30,0x31,0x37,0x20,0x3d,
    0x20,0x5f,0x31,0x30,0x31,0x36,0x20,0x2b,0x20,0x28,0x66,0x73,0x5f,0x70,0x61,0x72,
    0x61,0x6d,0x73,0x5b,0x31,0x5d,0x2e,0x78,0x79,0x7a,0x20,0x2a,0x20,0x73,0x72,0x67,
    0x62,0x5f,0x74,0x6f,0x5f,0x6c,0x69,0x6e,0x65,0x61,0x72,0x28,0x70,0x61,0x72,0x61,
    0x6d,0x5f,0x31,0x38,0x29,0x29,0x3b,0x0a,0x20,0x20,0x20,0x20,0x63,0x6f,0x6c,0x6f,
    0x72,0x20,0x3d,0x20,0x5f,0x31,0x30,0x31,0x37,0x3b,0x0a,0x20,0x20,0x20,0x20,0x76,
    0x65,0x63,0x33,0x20,0x70,0x61,0x72,0x61,0x6d,0x5f,0x31,0x39,0x20,0x3d,0x20,0x5f,
    0x31,0x30,0x31,0x37,0x3b,0x0a,0x20,0x20,0x20,0x20,0x76,0x65,0x63,0x34,0x20,0x70,
    0x61,0x72,0x61,0x6d,0x5f,0x32,0x30,0x20,0x3d,0x20,0x66,0x73,0x5f,0x73,0x63,0x65,
    0x6e,0x65,0x5b,0x31,0x32,0x5d,0x3b,0x0a,0x20,0x20,0x20,0x20,0x76,0x65,0x63,0x33,
    0x20,0x5f,0x31,0x30,0x32,0x33,0x20,0x3d,0x20,0x74,0x6f,0x5f,0x64,0x69,0x73,0x70,
    0x6c,0x61,0x79,0x28,0x70,0x61,0x72,0x61,0x6d,0x5f,0x31,0x39,0x2c,0x20,0x70,0x61,
    0x72,0x61,0x6d,0x5f,0x32,0x30,0x29,0x3b,0x0a,0x20,0x20,0x20,0x20,0x66,0x72,0x61,
    0x67,0x5f,0x63,0x6f,0x6c,0x6f,0x72,0x20,0x3d,0x20,0x76,0x65,0x63,0x34,0x28,0x5f,
    0x31,0x30,0x32,0x33,0x2c,0x20,0x5f,0x35,0x31,0x32,0x29,0x3b,0x0a,0x7d,0x0a,0x0a,
    0x00,
};
#endif
/*
    #version 410

    layout(location = 0) in vec2 bg_position;
    layout(location = 0) out vec2 v_ndc;

    void main()
    {
        gl_Position = vec4(bg_position, 1.0, 1.0);
        v_ndc = bg_position;
    }

*/
#if defined(SOKOL_GLCORE)
static const uint8_t vs_background_source_glsl410[184] = {
    0x23,0x76,0x65,0x72,0x73,0x69,0x6f,0x6e,0x20,0x34,0x31,0x30,0x0a,0x0a,0x6c,0x61,
    0x79,0x6f,0x75,0x74,0x28,0x6c,0x6f,0x63,0x61,0x74,0x69,0x6f,0x6e,0x20,0x3d,0x20,
    0x30,0x29,0x20,0x69,0x6e,0x20,0x76,0x65,0x63,0x32,0x20,0x62,0x67,0x5f,0x70,0x6f,
    0x73,0x69,0x74,0x69,0x6f,0x6e,0x3b,0x0a,0x6c,0x61,0x79,0x6f,0x75,0x74,0x28,0x6c,
    0x6f,0x63,0x61,0x74,0x69,0x6f,0x6e,0x20,0x3d,0x20,0x30,0x29,0x20,0x6f,0x75,0x74,
    0x20,0x76,0x65,0x63,0x32,0x20,0x76,0x5f,0x6e,0x64,0x63,0x3b,0x0a,0x0a,0x76,0x6f,
    0x69,0x64,0x20,0x6d,0x61,0x69,0x6e,0x28,0x29,0x0a,0x7b,0x0a,0x20,0x20,0x20,0x20,
    0x67,0x6c,0x5f,0x50,0x6f,0x73,0x69,0x74,0x69,0x6f,0x6e,0x20,0x3d,0x20,0x76,0x65,
    0x63,0x34,0x28,0x62,0x67,0x5f,0x70,0x6f,0x73,0x69,0x74,0x69,0x6f,0x6e,0x2c,0x20,
    0x31,0x2e,0x30,0x2c,0x20,0x31,0x2e,0x30,0x29,0x3b,0x0a,0x20,0x20,0x20,0x20,0x76,
    0x5f,0x6e,0x64,0x63,0x20,0x3d,0x20,0x62,0x67,0x5f,0x70,0x6f,0x73,0x69,0x74,0x69,
    0x6f,0x6e,0x3b,0x0a,0x7d,0x0a,0x0a,0x00,
};
#endif
/*
    #version 410

    uniform vec4 bg_params[6];
    uniform samplerCube bg_tex_bg_smp;

    layout(location = 0) in vec2 v_ndc;
    layout(location = 0) out vec4 frag_color;

    vec3 env_dir(vec3 dir, vec4 env)
    {
        return vec3((env.z * dir.x) - (env.w * dir.z), dir.y, (env.w * dir.x) + (env.z * dir.z));
    }

    vec3 tonemap_neutral(inout vec3 color)
    {
        float _73 = min(color.x, min(color.y, color.z));
        float _79;
        if (_73 < 0.07999999821186065673828125)
        {
            _79 = _73 - ((6.25 * _73) * _73);
        }
        else
        {
            _79 = 0.039999999105930328369140625;
        }
        color -= vec3(_79);
        float _98 = color.x;
        float _100 = color.y;
        float _102 = color.z;
        float _104 = max(_98, max(_100, _102));
        if (_104 < 0.7599999904632568359375)
        {
            return color;
        }
        float _119 = 1.0 - (0.057599999010562896728515625 / (_104 + (-0.519999980926513671875)));
        color *= (_119 / _104);
        return mix(color, vec3(_119), vec3(1.0 - (1.0 / ((0.1500000059604644775390625 * (_104 - _119)) + 1.0))));
    }

    vec3 tonemap_aces(inout vec3 color)
    {
        color *= 0.60000002384185791015625;
        return clamp((color * ((color * 2.5099999904632568359375) + vec3(0.02999999932944774627685546875))) / ((color * ((color * 2.4300000667572021484375) + vec3(0.589999973773956298828125))) + vec3(0.14000000059604644775390625)), vec3(0.0), vec3(1.0));
    }

    vec3 linear_to_srgb(inout vec3 c)
    {
        c = clamp(c, vec3(0.0), vec3(1.0));
        return mix(c * 12.9200000762939453125, (pow(max(c, vec3(0.003130800090730190277099609375)), vec3(0.4166666567325592041015625)) * 1.05499994754791259765625) - vec3(0.054999999701976776123046875), step(vec3(0.003130800090730190277099609375), c));
    }

    vec3 to_display(inout vec3 color, vec4 tonemap)
    {
        color *= tonemap.y;
        int _181 = int(tonemap.x + 0.5);
        if (_181 == 1)
        {
            vec3 param = color;
            vec3 _189 = tonemap_neutral(param);
            color = _189;
        }
        else
        {
            if (_181 == 2)
            {
                vec3 param_1 = color;
                vec3 _198 = tonemap_aces(param_1);
                color = _198;
            }
        }
        vec3 param_2 = color;
        vec3 _201 = linear_to_srgb(param_2);
        return _201;
    }

    void main()
    {
        mat4 _240 = mat4(bg_params[0], bg_params[1], bg_params[2], bg_params[3]);
        vec4 _249 = _240 * vec4(v_ndc, -1.0, 1.0);
        vec4 _257 = _240 * vec4(v_ndc, 1.0, 1.0);
        vec3 param = normalize((_257.xyz / vec3(_257.w)) - (_249.xyz / vec3(_249.w)));
        vec4 param_1 = bg_params[4];
        vec3 param_2 = textureLod(bg_tex_bg_smp, env_dir(param, param_1), bg_params[4].y).xyz * bg_params[4].x;
        vec4 param_3 = bg_params[5];
        vec3 _306 = to_display(param_2, param_3);
        frag_color = vec4(_306, 1.0);
    }

*/
#if defined(SOKOL_GLCORE)
static const uint8_t fs_background_source_glsl410[2696] = {
    0x23,0x76,0x65,0x72,0x73,0x69,0x6f,0x6e,0x20,0x34,0x31,0x30,0x0a,0x0a,0x75,0x6e,
    0x69,0x66,0x6f,0x72,0x6d,0x20,0x76,0x65,0x63,0x34,0x20,0x62,0x67,0x5f,0x70,0x61,
    0x72,0x61,0x6d,0x73,0x5b,0x36,0x5d,0x3b,0x0a,0x75,0x6e,0x69,0x66,0x6f,0x72,0x6d,
    0x20,0x73,0x61,0x6d,0x70,0x6c,0x65,0x72,0x43,0x75,0x62,0x65,0x20,0x62,0x67,0x5f,
    0x74,0x65,0x78,0x5f,0x62,0x67,0x5f,0x73,0x6d,0x70,0x3b,0x0a,0x0a,0x6c,0x61,0x79,
    0x6f,0x75,0x74,0x28,0x6c,0x6f,0x63,0x61,0x74,0x69,0x6f,0x6e,0x20,0x3d,0x20,0x30,
    0x29,0x20,0x69,0x6e,0x20,0x76,0x65,0x63,0x32,0x20,0x76,0x5f,0x6e,0x64,0x63,0x3b,
    0x0a,0x6c,0x61,0x79,0x6f,0x75,0x74,0x28,0x6c,0x6f,0x63,0x61,0x74,0x69,0x6f,0x6e,
    0x20,0x3d,0x20,0x30,0x29,0x20,0x6f,0x75,0x74,0x20,0x76,0x65,0x63,0x34,0x20,0x66,
    0x72,0x61,0x67,0x5f,0x63,0x6f,0x6c,0x6f,0x72,0x3b,0x0a,0x0a,0x76,0x65,0x63,0x33,
    0x20,0x65,0x6e,0x76,0x5f,0x64,0x69,0x72,0x28,0x76,0x65,0x63,0x33,0x20,0x64,0x69,
    0x72,0x2c,0x20,0x76,0x65,0x63,0x34,0x20,0x65,0x6e,0x76,0x29,0x0a,0x7b,0x0a,0x20,
    0x20,0x20,0x20,0x72,0x65,0x74,0x75,0x72,0x6e,0x20,0x76,0x65,0x63,0x33,0x28,0x28,
    0x65,0x6e,0x76,0x2e,0x7a,0x20,0x2a,0x20,0x64,0x69,0x72,0x2e,0x78,0x29,0x20,0x2d,
    0x20,0x28,0x65,0x6e,0x76,0x2e,0x77,0x20,0x2a,0x20,0x64,0x69,0x72,0x2e,0x7a,0x29,
    0x2c,0x20,0x64,0x69,0x72,0x2e,0x79,0x2c,0x20,0x28,0x65,0x6e,0x76,0x2e,0x77,0x20,
    0x2a,0x20,0x64,0x69,0x72,0x2e,0x78,0x29,0x20,0x2b,0x20,0x28,0x65,0x6e,0x76,0x2e,
    0x7a,0x20,0x2a,0x20,0x64,0x69,0x72,0x2e,0x7a,0x29,0x29,0x3b,0x0a,0x7d,0x0a,0x0a,
    0x76,0x65,0x63,0x33,0x20,0x74,0x6f,0x6e,0x65,0x6d,0x61,0x70,0x5f,0x6e,0x65,0x75,
    0x74,0x72,0x61,0x6c,0x28,0x69,0x6e,0x6f,0x75,0x74,0x20,0x76,0x65,0x63,0x33,0x20,
    0x63,0x6f,0x6c,0x6f,0x72,0x29,0x0a,0x7b,0x0a,0x20,0x20,0x20,0x20,0x66,0x6c,0x6f,
    0x61,0x74,0x20,0x5f,0x37,0x33,0x20,0x3d,0x20,0x6d,0x69,0x6e,0x28,0x63,0x6f,0x6c,
    0x6f,0x72,0x2e,0x78,0x2c,0x20,0x6d,0x69,0x6e,0x28,0x63,0x6f,0x6c,0x6f,0x72,0x2e,
    0x79,0x2c,0x20,0x63,0x6f,0x6c,0x6f,0x72,0x2e,0x7a,0x29,0x29,0x3b,0x0a,0x20,0x20,
    0x20,0x20,0x66,0x6c,0x6f,0x61,0x74,0x20,0x5f,0x37,0x39,0x3b,0x0a,0x20,0x20,0x20,
    0x20,0x69,0x66,0x20,0x28,0x5f,0x37,0x33,0x20,0x3c,0x20,0x30,0x2e,0x30,0x37,0x39,
    0x39,0x39,0x39,0x39,0x39,0x38,0x32,0x31,0x31,0x38,0x36,0x30,0x36,0x35,0x36,0x37,
    0x33,0x38,0x32,0x38,0x31,0x32,0x35,0x29,0x0a,0x20,0x20,0x20,0x20,0x7b,0x0a,0x20,
    0x20,0x20,0x20,0x20,0x20,0x20,0x20,0x5f,0x37,0x39,0x20,0x3d,0x20,0x5f,0x37,0x33,
    0x20,0x2d,0x20,0x28,0x28,0x36,0x2e,0x32,0x35,0x20,0x2a,0x20,0x5f,0x37,0x33,0x29,
    0x20,0x2a,0x20,0x5f,0x37,0x33,0x29,0x3b,0x0a,0x20,0x20,0x20,0x20,0x7d,0x0a,0x20,
    0x20,0x20,0x20,0x65,0x6c,0x73,0x65,0x0a,0x20,0x20,0x20,0x20,0x7b,0x0a,0x20,0x20,
    0x20,0x20,0x20,0x20,0x20,0x20,0x5f,0x37,0x39,0x20,0x3d,0x20,0x30,0x2e,0x30,0x33,
    0x39,0x39,0x39,0x39,0x39,0x39,0x39,0x31,0x30,0x35,0x39,0x33,0x30,0x33,0x32,0x38,
    0x33,0x36,0x39,0x31,0x34,0x30,0x36,0x32,0x35,0x3b,0x0a,0x20,0x20,0x20,0x20,0x7d,
    0x0a,0x20,0x20,0x20,0x20,0x63,0x6f,0x6c,0x6f,0x72,0x20,0x2d,0x3d,0x20,0x76,0x65,
    0x63,0x33,0x28,0x5f,0x37,0x39,0x29,0x3b,0x0a,0x20,0x20,0x20,0x20,0x66,0x6c,0x6f,
    0x61,0x74,0x20,0x5f,0x39,0x38,0x20,0x3d,0x20,0x63,0x6f,0x6c,0x6f,0x72,0x2e,0x78,
    0x3b,0x0a,0x20,0x20,0x20,0x20,0x66,0x6c,0x6f,0x61,0x74,0x20,0x5f,0x31,0x30,0x30,
    0x20,0x3d,0x20,0x63,0x6f,0x6c,0x6f,0x72,0x2e,0x79,0x3b,0x0a,0x20,0x20,0x20,0x20,
    0x66,0x6c,0x6f,0x61,0x74,0x20,0x5f,0x31,0x30,0x32,0x20,0x3d,0x20,0x63,0x6f,0x6c,
    0x6f,0x72,0x2e,0x7a,0x3b,0x0a,0x20,0x20,0x20,0x20,0x66,0x6c,0x6f,0x61,0x74,0x20,
    0x5f,0x31,0x30,0x34,0x20,0x3d,0x20,0x6d,0x61,0x78,0x28,0x5f,0x39,0x38,0x2c,0x20,
    0x6d,0x61,0x78,0x28,0x5f,0x31,0x30,0x30,0x2c,0x20,0x5f,0x31,0x30,0x32,0x29,0x29,
    0x3b,0x0a,0x20,0x20,0x20,0x20,0x69,0x66,0x20,0x28,0x5f,0x31,0x30,0x34,0x20,0x3c,
    0x20,0x30,0x2e,0x37,0x35,0x39,0x39,0x39,0x39,0x39,0x39,0x30,0x34,0x36,0x33,0x32,
    0x35,0x36,0x38,0x33,0x35,0x39,0x33,0x37,0x35,0x29,0x0a,0x20,0x20,0x20,0x20,0x7b,
    0x0a,0x20,0x20,0x20,0x20,0x20,0x20,0x20,0x20,0x72,0x65,0x74,0x75,0x72,0x6e,0x20,
    0x63,0x6f,0x6c,0x6f,0x72,0x3b,0x0a,0x20,0x20,0x20,0x20,0x7d,0x0a,0x20,0x20,0x20,
    0x20,0x66,0x6c,0x6f,0x61,0x74,0x20,0x5f,0x31,0x31,0x39,0x20,0x3d,0x20,0x31,0x2e,
    0x30,0x20,0x2d,0x20,0x28,0x30,0x2e,0x30,0x35,0x37,0x35,0x39,0x39,0x39,0x39,0x39,
    0x30,0x31,0x30,0x35,0x36,0x32,0x38,0x39,0x36,0x37,0x32,0x38,0x35,0x31,0x35,0x36,
    0x32,0x35,0x20,0x2f,0x20,0x28,0x5f,0x31,0x30,0x34,0x20,0x2b,0x20,0x28,0x2d,0x30,
    0x2e,0x35,0x31,0x39,0x39,0x39,0x39,0x39,0x38,0x30,0x39,0x32,0x36,0x35,0x31,0x33,
    0x36,0x37,0x31,0x38,0x37,0x35,0x29,0x29,0x29,0x3b,0x0a,0x20,0x20,0x20,0x20,0x63,
    0x6f,0x6c,0x6f,0x72,0x20,0x2a,0x3d,0x20,0x28,0x5f,0x31,0x31,0x39,0x20,0x2f,0x20,
    0x5f,0x31,0x30,0x34,0x29,0x3b,0x0a,0x20,0x20,0x20,0x20,0x72,0x65,0x74,0x75,0x72,
    0x6e,0x20,0x6d,0x69,0x78,0x28,0x63,0x6f,0x6c,0x6f,0x72,0x2c,0x20,0x76,0x65,0x63,
    0x33,0x28,0x5f,0x31,0x31,0x39,0x29,0x2c,0x20,0x76,0x65,0x63,0x33,0x28,0x31,0x2e,
    0x30,0x20,0x2d,0x20,0x28,0x31,0x2e,0x30,0x20,0x2f,0x20,0x28,0x28,0x30,0x2e,0x31,
    0x35,0x30,0x30,0x30,0x30,0x30,0x30,0x35,0x39,0x36,0x30,0x34,0x36,0x34,0x34,0x37,
    0x37,0x35,0x33,0x39,0x30,0x36,0x32,0x35,0x20,0x2a,0x20,0x28,0x5f,0x31,0x30,0x34,
    0x20,0x2d,0x20,0x5f,0x31,0x31,0x39,0x29,0x29,0x20,0x2b,0x20,0x31,0x2e,0x30,0x29,
    0x29,0x29,0x29,0x3b,0x0a,0x7d,0x0a,0x0a,0x76,0x65,0x63,0x33,0x20,0x74,0x6f,0x6e,
    0x65,0x6d,0x61,0x70,0x5f,0x61,0x63,0x65,0x73,0x28,0x69,0x6e,0x6f,0x75,0x74,0x20,
    0x76,0x65,0x63,0x33,0x20,0x63,0x6f,0x6c,0x6f,0x72,0x29,0x0a,0x7b,0x0a,0x20,0x20,
    0x20,0x20,0x63,0x6f,0x6c,0x6f,0x72,0x20,0x2a,0x3d,0x20,0x30,0x2e,0x36,0x30,0x30,
    0x30,0x30,0x30,0x30,0x32,0x33,0x38,0x34,0x31,0x38,0x35,0x37,0x39,0x31,0x30,0x31,
    0x35,0x36,0x32,0x35,0x3b,0x0a,0x20,0x20,0x20,0x20,0x72,0x65,0x74,0x75,0x72,0x6e,
    0x20,0x63,0x6c,0x61,0x6d,0x70,0x28,0x28,0x63,0x6f,0x6c,0x6f,0x72,0x20,0x2a,0x20,
    0x28,0x28,0x63,0x6f,0x6c,0x6f,0x72,0x20,0x2a,0x20,0x32,0x2e,0x35,0x30,0x39,0x39,
    0x39,0x39,0x39,0x39,0x30,0x34,0x36,0x33,0x32,0x35,0x36,0x38,0x33,0x35,0x39,0x33,
    0x37,0x35,0x29,0x20,0x2b,0x20,0x76,0x65,0x63,0x33,0x28,0x30,0x2e,0x30,0x32,0x39,
    0x39,0x39,0x39,0x39,0x39,0x39,0x33,0x32,0x39,0x34,0x34,0x37,0x37,0x34,0x36,0x32,
    0x37,0x36,0x38,0x35,0x35,0x34,0x36,0x38,0x37,0x35,0x29,0x29,0x29,0x20,0x2f,0x20,
    0x28,0x28,0x63,0x6f,0x6c,0x6f,0x72,0x20,0x2a,0x20,0x28,0x28,0x63,0x6f,0x6c,0x6f,
    0x72,0x20,0x2a,0x20,0x32,0x2e,0x34,0x33,0x30,0x30,0x30,0x30,0x30,0x36,0x36,0x37,
    0x35,0x37,0x32,0x30,0x32,0x31,0x34,0x38,0x34,0x33,0x37,0x35,0x29,0x20,0x2b,0x20,
    0x76,0x65,0x63,0x33,0x28,0x30,0x2e,0x35,0x38,0x39,0x39,0x39,0x39,0x39,0x37,0x33,
    0x37,0x37,0x33,0x39,0x35,0x36,0x32,0x39,0x38,0x38,0x32,0x38,0x31,0x32,0x35,0x29,
    0x29,0x29,0x20,0x2b,0x20,0x76,0x65,0x63,0x33,0x28,0x30,0x2e,0x31,0x34,0x30,0x30,
    0x30,0x30,0x30,0x30,0x30,0x35,0x39,0x36,0x30,0x34,0x36,0x34,0x34,0x37,0x37,0x35,
    0x33,0x39,0x30,0x36,0x32,0x35,0x29,0x29,0x2c,0x20,0x76,0x65,0x63,0x33,0x28,0x30,
    0x2e,0x30,0x29,0x2c,0x20,0x76,0x65,0x63,0x33,0x28,0x31,0x2e,0x30,0x29,0x29,0x3b,
    0x0a,0x7d,0x0a,0x0a,0x76,0x65,0x63,0x33,0x20,0x6c,0x69,0x6e,0x65,0x61,0x72,0x5f,
    0x74,0x6f,0x5f,0x73,0x72,0x67,0x62,0x28,0x69,0x6e,0x6f,0x75,0x74,0x20,0x76,0x65,
    0x63,0x33,0x20,0x63,0x29,0x0a,0x7b,0x0a,0x20,0x20,0x20,0x20,0x63,0x20,0x3d,0x20,
    0x63,0x6c,0x61,0x6d,0x70,0x28,0x63,0x2c,0x20,0x76,0x65,0x63,0x33,0x28,0x30,0x2e,
    0x30,0x29,0x2c,0x20,0x76,0x65,0x63,0x33,0x28,0x31,0x2e,0x30,0x29,0x29,0x3b,0x0a,
    0x20,0x20,0x20,0x20,0x72,0x65,0x74,0x75,0x72,0x6e,0x20,0x6d,0x69,0x78,0x28,0x63,
    0x20,0x2a,0x20,0x31,0x32,0x2e,0x39,0x32,0x30,0x30,0x30,0x30,0x30,0x37,0x36,0x32,
    0x39,0x33,0x39,0x34,0x35,0x33,0x31,0x32,0x35,0x2c,0x20,0x28,0x70,0x6f,0x77,0x28,
    0x6d,0x61,0x78,0x28,0x63,0x2c,0x20,0x76,0x65,0x63,0x33,0x28,0x30,0x2e,0x30,0x30,
    0x33,0x31,0x33,0x30,0x38,0x30,0x30,0x30,0x39,0x30,0x37,0x33,0x30,0x31,0x39,0x30,
    0x32,0x37,0x37,0x30,0x39,0x39,0x36,0x30,0x39,0x33,0x37,0x35,0x29,0x29,0x2c,0x20,
    0x76,0x65,0x63,0x33,0x28,0x30,0x2e,0x34,0x31,0x36,0x36,0x36,0x36,0x36,0x35,0x36,
    0x37,0x33,0x32,0x35,0x35,0x39,0x32,0x30,0x34,0x31,0x30,0x31,0x35,0x36,0x32,0x35,
    0x29,0x29,0x20,0x2a,0x20,0x31,0x2e,0x30,0x35,0x34,0x39,0x39,0x39,0x39,0x34,0x37,
    0x35,0x34,0x37,0x39,0x31,0x32,0x35,0x39,0x37,0x36,0x35,0x36,0x32,0x35,0x29,0x20,
    0x2d,0x20,0x76,0x65,0x63,0x33,0x28,0x30,0x2e,0x30,0x35,0x34,0x39,0x39,0x39,0x39,
    0x39,0x39,0x37,0x30,0x31,0x39,0x37,0x36,0x37,0x37,0x36,0x31,0x32,0x33,0x30,0x34,
    0x36,0x38,0x37,0x35,0x29,0x2c,0x20,0x73,0x74,0x65,0x70,0x28,0x76,0x65,0x63,0x33,
    0x28,0x30,0x2e,0x30,0x30,0x33,0x31,0x33,0x30,0x38,0x30,0x30,0x30,0x39,0x30,0x37,
    0x33,0x30,0x31,0x39,0x30,0x32,0x37,0x37,0x30,0x39,0x39,0x36,0x30,0x39,0x33,0x37,
    0x35,0x29,0x2c,0x20,0x63,0x29,0x29,0x3b,0x0a,0x7d,0x0a,0x0a,0x76,0x65,0x63,0x33,
    0x20,0x74,0x6f,0x5f,0x64,0x69,0x73,0x70,0x6c,0x61,0x79,0x28,0x69,0x6e,0x6f,0x75,
    0x74,0x20,0x76,0x65,0x63,0x33,0x20,0x63,0x6f,0x6c,0x6f,0x72,0x2c,0x20,0x76,0x65,
    0x63,0x34,0x20,0x74,0x6f,0x6e,0x65,0x6d,0x61,0x70,0x29,0x0a,0x7b,0x0a,0x20,0x20,
    0x20,0x20,0x63,0x6f,0x6c,0x6f,0x72,0x20,0x2a,0x3d,0x20,0x74,0x6f,0x6e,0x65,0x6d,
    0x61,0x70,0x2e,0x79,0x3b,0x0a,0x20,0x20,0x20,0x20,0x69,0x6e,0x74,0x20,0x5f,0x31,
    0x38,0x31,0x20,0x3d,0x20,0x69,0x6e,0x74,0x28,0x74,0x6f,0x6e,0x65,0x6d,0x61,0x70,
    0x2e,0x78,0x20,0x2b,0x20,0x30,0x2e,0x35,0x29,0x3b,0x0a,0x20,0x20,0x20,0x20,0x69,
    0x66,0x20,0x28,0x5f,0x31,0x38,0x31,0x20,0x3d,0x3d,0x20,0x31,0x29,0x0a,0x20,0x20,
    0x20,0x20,0x7b,0x0a,0x20,0x20,0x20,0x20,0x20,0x20,0x20,0x20,0x76,0x65,0x63,0x33,
    0x20,0x70,0x61,0x72,0x61,0x6d,0x20,0x3d,0x20,0x63,0x6f,0x6c,0x6f,0x72,0x3b,0x0a,
    0x20,0x20,0x20,0x20,0x20,0x20,0x20,0x20,0x76,0x65,0x63,0x33,0x20,0x5f,0x31,0x38,
    0x39,0x20,0x3d,0x20,0x74,0x6f,0x6e,0x65,0x6d,0x61,0x70,0x5f,0x6e,0x65,0x75,0x74,
    0x72,0x61,0x6c,0x28,0x70,0x61,0x72,0x61,0x6d,0x29,0x3b,0x0a,0x20,0x20,0x20,0x20,
    0x20,0x20,0x20,0x20,0x63,0x6f,0x6c,0x6f,0x72,0x20,0x3d,0x20,0x5f,0x31,0x38,0x39,
    0x3b,0x0a,0x20,0x20,0x20,0x20,0x7d,0x0a,0x20,0x20,0x20,0x20,0x65,0x6c,0x73,0x65,
    0x0a,0x20,0x20,0x20,0x20,0x7b,0x0a,0x20,0x20,0x20,0x20,0x20,0x20,0x20,0x20,0x69,
    0x66,0x20,0x28,0x5f,0x31,0x38,0x31,0x20,0x3d,0x3d,0x20,0x32,0x29,0x0a,0x20,0x20,
    0x20,0x20,0x20,0x20,0x20,0x20,0x7b,0x0a,0x20,0x20,0x20,0x20,0x20,0x20,0x20,0x20,
    0x20,0x20,0x20,0x20,0x76,0x65,0x63,0x33,0x20,0x70,0x61,0x72,0x61,0x6d,0x5f,0x31,
    0x20,0x3d,0x20,0x63,0x6f,0x6c,0x6f,0x72,0x3b,0x0a,0x20,0x20,0x20,0x20,0x20,0x20,
    0x20,0x20,0x20,0x20,0x20,0x20,0x76,0x65,0x63,0x33,0x20,0x5f,0x31,0x39,0x38,0x20,
    0x3d,0x20,0x74,0x6f,0x6e,0x65,0x6d,0x61,0x70,0x5f,0x61,0x63,0x65,0x73,0x28,0x70,
    0x61,0x72,0x61,0x6d,0x5f,0x31,0x29,0x3b,0x0a,0x20,0x20,0x20,0x20,0x20,0x20,0x20,
    0x20,0x20,0x20,0x20,0x20,0x63,0x6f,0x6c,0x6f,0x72,0x20,0x3d,0x20,0x5f,0x31,0x39,
    0x38,0x3b,0x0a,0x20,0x20,0x20,0x20,0x20,0x20,0x20,0x20,0x7d,0x0a,0x20,0x20,0x20,
    0x20,0x7d,0x0a,0x20,0x20,0x20,0x20,0x76,0x65,0x63,0x33,0x20,0x70,0x61,0x72,0x61,
    0x6d,0x5f,0x32,0x20,0x3d,0x20,0x63,0x6f,0x6c,0x6f,0x72,0x3b,0x0a,0x20,0x20,0x20,
    0x20,0x76,0x65,0x63,0x33,0x20,0x5f,0x32,0x30,0x31,0x20,0x3d,0x20,0x6c,0x69,0x6e,
    0x65,0x61,0x72,0x5f,0x74,0x6f,0x5f,0x73,0x72,0x67,0x62,0x28,0x70,0x61,0x72,0x61,
    0x6d,0x5f,0x32,0x29,0x3b,0x0a,0x20,0x20,0x20,0x20,0x72,0x65,0x74,0x75,0x72,0x6e,
    0x20,0x5f,0x32,0x30,0x31,0x3b,0x0a,0x7d,0x0a,0x0a,0x76,0x6f,0x69,0x64,0x20,0x6d,
    0x61,0x69,0x6e,0x28,0x29,0x0a,0x7b,0x0a,0x20,0x20,0x20,0x20,0x6d,0x61,0x74,0x34,
    0x20,0x5f,0x32,0x34,0x30,0x20,0x3d,0x20,0x6d,0x61,0x74,0x34,0x28,0x62,0x67,0x5f,
    0x70,0x61,0x72,0x61,0x6d,0x73,0x5b,0x30,0x5d,0x2c,0x20,0x62,0x67,0x5f,0x70,0x61,
    0x72,0x61,0x6d,0x73,0x5b,0x31,0x5d,0x2c,0x20,0x62,0x67,0x5f,0x70,0x61,0x72,0x61,
    0x6d,0x73,0x5b,0x32,0x5d,0x2c,0x20,0x62,0x67,0x5f,0x70,0x61,0x72,0x61,0x6d,0x73,
    0x5b,0x33,0x5d,0x29,0x3b,0x0a,0x20,0x20,0x20,0x20,0x76,0x65,0x63,0x34,0x20,0x5f,
    0x32,0x34,0x39,0x20,0x3d,0x20,0x5f,0x32,0x34,0x30,0x20,0x2a,0x20,0x76,0x65,0x63,
    0x34,0x28,0x76,0x5f,0x6e,0x64,0x63,0x2c,0x20,0x2d,0x31,0x2e,0x30,0x2c,0x20,0x31,
    0x2e,0x30,0x29,0x3b,0x0a,0x20,0x20,0x20,0x20,0x76,0x65,0x63,0x34,0x20,0x5f,0x32,
    0x35,0x37,0x20,0x3d,0x20,0x5f,0x32,0x34,0x30,0x20,0x2a,0x20,0x76,0x65,0x63,0x34,
    0x28,0x76,0x5f,0x6e,0x64,0x63,0x2c,0x20,0x31,0x2e,0x30,0x2c,0x20,0x31,0x2e,0x30,
    0x29,0x3b,0x0a,0x20,0x20,0x20,0x20,0x76,0x65,0x63,0x33,0x20,0x70,0x61,0x72,0x61,
    0x6d,0x20,0x3d,0x20,0x6e,0x6f,0x72,0x6d,0x61,0x6c,0x69,0x7a,0x65,0x28,0x28,0x5f,
    0x32,0x35,0x37,0x2e,0x78,0x79,0x7a,0x20,0x2f,0x20,0x76,0x65,0x63,0x33,0x28,0x5f,
    0x32,0x35,0x37,0x2e,0x77,0x29,0x29,0x20,0x2d,0x20,0x28,0x5f,0x32,0x34,0x39,0x2e,
    0x78,0x79,0x7a,0x20,0x2f,0x20,0x76,0x65,0x63,0x33,0x28,0x5f,0x32,0x34,0x39,0x2e,
    0x77,0x29,0x29,0x29,0x3b,0x0a,0x20,0x20,0x20,0x20,0x76,0x65,0x63,0x34,0x20,0x70,
    0x61,0x72,0x61,0x6d,0x5f,0x31,0x20,0x3d,0x20,0x62,0x67,0x5f,0x70,0x61,0x72,0x61,
    0x6d,0x73,0x5b,0x34,0x5d,0x3b,0x0a,0x20,0x20,0x20,0x20,0x76,0x65,0x63,0x33,0x20,
    0x70,0x61,0x72,0x61,0x6d,0x5f,0x32,0x20,0x3d,0x20,0x74,0x65,0x78,0x74,0x75,0x72,
    0x65,0x4c,0x6f,0x64,0x28,0x62,0x67,0x5f,0x74,0x65,0x78,0x5f,0x62,0x67,0x5f,0x73,
    0x6d,0x70,0x2c,0x20,0x65,0x6e,0x76,0x5f,0x64,0x69,0x72,0x28,0x70,0x61,0x72,0x61,
    0x6d,0x2c,0x20,0x70,0x61,0x72,0x61,0x6d,0x5f,0x31,0x29,0x2c,0x20,0x62,0x67,0x5f,
    0x70,0x61,0x72,0x61,0x6d,0x73,0x5b,0x34,0x5d,0x2e,0x79,0x29,0x2e,0x78,0x79,0x7a,
    0x20,0x2a,0x20,0x62,0x67,0x5f,0x70,0x61,0x72,0x61,0x6d,0x73,0x5b,0x34,0x5d,0x2e,
    0x78,0x3b,0x0a,0x20,0x20,0x20,0x20,0x76,0x65,0x63,0x34,0x20,0x70,0x61,0x72,0x61,
    0x6d,0x5f,0x33,0x20,0x3d,0x20,0x62,0x67,0x5f,0x70,0x61,0x72,0x61,0x6d,0x73,0x5b,
    0x35,0x5d,0x3b,0x0a,0x20,0x20,0x20,0x20,0x76,0x65,0x63,0x33,0x20,0x5f,0x33,0x30,
    0x36,0x20,0x3d,0x20,0x74,0x6f,0x5f,0x64,0x69,0x73,0x70,0x6c,0x61,0x79,0x28,0x70,
    0x61,0x72,0x61,0x6d,0x5f,0x32,0x2c,0x20,0x70,0x61,0x72,0x61,0x6d,0x5f,0x33,0x29,
    0x3b,0x0a,0x20,0x20,0x20,0x20,0x66,0x72,0x61,0x67,0x5f,0x63,0x6f,0x6c,0x6f,0x72,
    0x20,0x3d,0x20,0x76,0x65,0x63,0x34,0x28,0x5f,0x33,0x30,0x36,0x2c,0x20,0x31,0x2e,
    0x30,0x29,0x3b,0x0a,0x7d,0x0a,0x0a,0x00,
};
#endif
/*
    #version 300 es

    uniform vec4 vs_params[12];
    layout(location = 0) in vec3 position;
    out vec3 v_normal;
    layout(location = 1) in vec3 normal;
    out vec4 v_tangent;
    layout(location = 4) in vec4 tangent;
    out vec2 v_uv0;
    layout(location = 2) in vec2 texcoord0;
    out vec2 v_uv1;
    layout(location = 3) in vec2 texcoord1;
    out vec4 v_color;
    layout(location = 5) in vec4 color0;
    out vec3 v_world_pos;

    void main()
    {
        vec4 _31 = vec4(position, 1.0);
        gl_Position = mat4(vs_params[0], vs_params[1], vs_params[2], vs_params[3]) * _31;
        mat4 _39 = mat4(vs_params[8], vs_params[9], vs_params[10], vs_params[11]);
        v_normal = mat3(_39[0].xyz, _39[1].xyz, _39[2].xyz) * normal;
        mat4 _54 = mat4(vs_params[4], vs_params[5], vs_params[6], vs_params[7]);
        v_tangent = vec4(mat3(_54[0].xyz, _54[1].xyz, _54[2].xyz) * tangent.xyz, tangent.w);
        v_uv0 = texcoord0;
        v_uv1 = texcoord1;
        v_color = color0;
        v_world_pos = (_54 * _31).xyz;
    }

*/
#if defined(SOKOL_GLES3)
static const uint8_t vs_static_source_glsl300es[942] = {
    0x23,0x76,0x65,0x72,0x73,0x69,0x6f,0x6e,0x20,0x33,0x30,0x30,0x20,0x65,0x73,0x0a,
    0x0a,0x75,0x6e,0x69,0x66,0x6f,0x72,0x6d,0x20,0x76,0x65,0x63,0x34,0x20,0x76,0x73,
    0x5f,0x70,0x61,0x72,0x61,0x6d,0x73,0x5b,0x31,0x32,0x5d,0x3b,0x0a,0x6c,0x61,0x79,
    0x6f,0x75,0x74,0x28,0x6c,0x6f,0x63,0x61,0x74,0x69,0x6f,0x6e,0x20,0x3d,0x20,0x30,
    0x29,0x20,0x69,0x6e,0x20,0x76,0x65,0x63,0x33,0x20,0x70,0x6f,0x73,0x69,0x74,0x69,
    0x6f,0x6e,0x3b,0x0a,0x6f,0x75,0x74,0x20,0x76,0x65,0x63,0x33,0x20,0x76,0x5f,0x6e,
    0x6f,0x72,0x6d,0x61,0x6c,0x3b,0x0a,0x6c,0x61,0x79,0x6f,0x75,0x74,0x28,0x6c,0x6f,
    0x63,0x61,0x74,0x69,0x6f,0x6e,0x20,0x3d,0x20,0x31,0x29,0x20,0x69,0x6e,0x20,0x76,
    0x65,0x63,0x33,0x20,0x6e,0x6f,0x72,0x6d,0x61,0x6c,0x3b,0x0a,0x6f,0x75,0x74,0x20,
    0x76,0x65,0x63,0x34,0x20,0x76,0x5f,0x74,0x61,0x6e,0x67,0x65,0x6e,0x74,0x3b,0x0a,
    0x6c,0x61,0x79,0x6f,0x75,0x74,0x28,0x6c,0x6f,0x63,0x61,0x74,0x69,0x6f,0x6e,0x20,
    0x3d,0x20,0x34,0x29,0x20,0x69,0x6e,0x20,0x76,0x65,0x63,0x34,0x20,0x74,0x61,0x6e,
    0x67,0x65,0x6e,0x74,0x3b,0x0a,0x6f,0x75,0x74,0x20,0x76,0x65,0x63,0x32,0x20,0x76,
    0x5f,0x75,0x76,0x30,0x3b,0x0a,0x6c,0x61,0x79,0x6f,0x75,0x74,0x28,0x6c,0x6f,0x63,
    0x61,0x74,0x69,0x6f,0x6e,0x20,0x3d,0x20,0x32,0x29,0x20,0x69,0x6e,0x20,0x76,0x65,
    0x63,0x32,0x20,0x74,0x65,0x78,0x63,0x6f,0x6f,0x72,0x64,0x30,0x3b,0x0a,0x6f,0x75,
    0x74,0x20,0x76,0x65,0x63,0x32,0x20,0x76,0x5f,0x75,0x76,0x31,0x3b,0x0a,0x6c,0x61,
    0x79,0x6f,0x75,0x74,0x28,0x6c,0x6f,0x63,0x61,0x74,0x69,0x6f,0x6e,0x20,0x3d,0x20,
    0x33,0x29,0x20,0x69,0x6e,0x20,0x76,0x65,0x63,0x32,0x20,0x74,0x65,0x78,0x63,0x6f,
    0x6f,0x72,0x64,0x31,0x3b,0x0a,0x6f,0x75,0x74,0x20,0x76,0x65,0x63,0x34,0x20,0x76,
    0x5f,0x63,0x6f,0x6c,0x6f,0x72,0x3b,0x0a,0x6c,0x61,0x79,0x6f,0x75,0x74,0x28,0x6c,
    0x6f,0x63,0x61,0x74,0x69,0x6f,0x6e,0x20,0x3d,0x20,0x35,0x29,0x20,0x69,0x6e,0x20,
    0x76,0x65,0x63,0x34,0x20,0x63,0x6f,0x6c,0x6f,0x72,0x30,0x3b,0x0a,0x6f,0x75,0x74,
    0x20,0x76,0x65,0x63,0x33,0x20,0x76,0x5f,0x77,0x6f,0x72,0x6c,0x64,0x5f,0x70,0x6f,
    0x73,0x3b,0x0a,0x0a,0x76,0x6f,0x69,0x64,0x20,0x6d,0x61,0x69,0x6e,0x28,0x29,0x0a,
    0x7b,0x0a,0x20,0x20,0x20,0x20,0x76,0x65,0x63,0x34,0x20,0x5f,0x33,0x31,0x20,0x3d,
    0x20,0x76,0x65,0x63,0x34,0x28,0x70,0x6f,0x73,0x69,0x74,0x69,0x6f,0x6e,0x2c,0x20,
    0x31,0x2e,0x30,0x29,0x3b,0x0a,0x20,0x20,0x20,0x20,0x67,0x6c,0x5f,0x50,0x6f,0x73,
    0x69,0x74,0x69,0x6f,0x6e,0x20,0x3d,0x20,0x6d,0x61,0x74,0x34,0x28,0x76,0x73,0x5f,
    0x70,0x61,0x72,0x61,0x6d,0x73,0x5b,0x30,0x5d,0x2c,0x20,0x76,0x73,0x5f,0x70,0x61,
    0x72,0x61,0x6d,0x73,0x5b,0x31,0x5d,0x2c,0x20,0x76,0x73,0x5f,0x70,0x61,0x72,0x61,
    0x6d,0x73,0x5b,0x32,0x5d,0x2c,0x20,0x76,0x73,0x5f,0x70,0x61,0x72,0x61,0x6d,0x73,
    0x5b,0x33,0x5d,0x29,0x20,0x2a,0x20,0x5f,0x33,0x31,0x3b,0x0a,0x20,0x20,0x20,0x20,
    0x6d,0x61,0x74,0x34,0x20,0x5f,0x33,0x39,0x20,0x3d,0x20,0x6d,0x61,0x74,0x34,0x28,
    0x76,0x73,0x5f,0x70,0x61,0x72,0x61,0x6d,0x73,0x5b,0x38,0x5d,0x2c,0x20,0x76,0x73,
    0x5f,0x70,0x61,0x72,0x61,0x6d,0x73,0x5b,0x39,0x5d,0x2c,0x20,0x76,0x73,0x5f,0x70,
    0x61,0x72,0x61,0x6d,0x73,0x5b,0x31,0x30,0x5d,0x2c,0x20,0x76,0x73,0x5f,0x70,0x61,
    0x72,0x61,0x6d,0x73,0x5b,0x31,0x31,0x5d,0x29,0x3b,0x0a,0x20,0x20,0x20,0x20,0x76,
    0x5f,0x6e,0x6f,0x72,0x6d,0x61,0x6c,0x20,0x3d,0x20,0x6d,0x61,0x74,0x33,0x28,0x5f,
    0x33,0x39,0x5b,0x30,0x5d,0x2e,0x78,0x79,0x7a,0x2c,0x20,0x5f,0x33,0x39,0x5b,0x31,
    0x5d,0x2e,0x78,0x79,0x7a,0x2c,0x20,0x5f,0x33,0x39,0x5b,0x32,0x5d,0x2e,0x78,0x79,
    0x7a,0x29,0x20,0x2a,0x20,0x6e,0x6f,0x72,0x6d,0x61,0x6c,0x3b,0x0a,0x20,0x20,0x20,
    0x20,0x6d,0x61,0x74,0x34,0x20,0x5f,0x35,0x34,0x20,0x3d,0x20,0x6d,0x61,0x74,0x34,
    0x28,0x76,0x73,0x5f,0x70,0x61,0x72,0x61,0x6d,0x73,0x5b,0x34,0x5d,0x2c,0x20,0x76,
    0x73,0x5f,0x70,0x61,0x72,0x61,0x6d,0x73,0x5b,0x35,0x5d,0x2c,0x20,0x76,0x73,0x5f,
    0x70,0x61,0x72,0x61,0x6d,0x73,0x5b,0x36,0x5d,0x2c,0x20,0x76,0x73,0x5f,0x70,0x61,
    0x72,0x61,0x6d,0x73,0x5b,0x37,0x5d,0x29,0x3b,0x0a,0x20,0x20,0x20,0x20,0x76,0x5f,
    0x74,0x61,0x6e,0x67,0x65,0x6e,0x74,0x20,0x3d,0x20,0x76,0x65,0x63,0x34,0x28,0x6d,
    0x61,0x74,0x33,0x28,0x5f,0x35,0x34,0x5b,0x30,0x5d,0x2e,0x78,0x79,0x7a,0x2c,0x20,
    0x5f,0x35,0x34,0x5b,0x31,0x5d,0x2e,0x78,0x79,0x7a,0x2c,0x20,0x5f,0x35,0x34,0x5b,
    0x32,0x5d,0x2e,0x78,0x79,0x7a,0x29,0x20,0x2a,0x20,0x74,0x61,0x6e,0x67,0x65,0x6e,
    0x74,0x2e,0x78,0x79,0x7a,0x2c,0x20,0x74,0x61,0x6e,0x67,0x65,0x6e,0x74,0x2e,0x77,
    0x29,0x3b,0x0a,0x20,0x20,0x20,0x20,0x76,0x5f,0x75,0x76,0x30,0x20,0x3d,0x20,0x74,
    0x65,0x78,0x63,0x6f,0x6f,0x72,0x64,0x30,0x3b,0x0a,0x20,0x20,0x20,0x20,0x76,0x5f,
    0x75,0x76,0x31,0x20,0x3d,0x20,0x74,0x65,0x78,0x63,0x6f,0x6f,0x72,0x64,0x31,0x3b,
    0x0a,0x20,0x20,0x20,0x20,0x76,0x5f,0x63,0x6f,0x6c,0x6f,0x72,0x20,0x3d,0x20,0x63,
    0x6f,0x6c,0x6f,0x72,0x30,0x3b,0x0a,0x20,0x20,0x20,0x20,0x76,0x5f,0x77,0x6f,0x72,
    0x6c,0x64,0x5f,0x70,0x6f,0x73,0x20,0x3d,0x20,0x28,0x5f,0x35,0x34,0x20,0x2a,0x20,
    0x5f,0x33,0x31,0x29,0x2e,0x78,0x79,0x7a,0x3b,0x0a,0x7d,0x0a,0x0a,0x00,
};
#endif
/*
    #version 300 es

    uniform vec4 vs_skin_params[13];
    uniform highp sampler2D joint_tex_joint_smp;

    layout(location = 7) in vec4 weights;
    layout(location = 6) in vec4 joints;
    layout(location = 0) in vec3 position;
    out vec3 v_normal;
    layout(location = 1) in vec3 normal;
    out vec4 v_tangent;
    layout(location = 4) in vec4 tangent;
    out vec2 v_uv0;
    layout(location = 2) in vec2 texcoord0;
    out vec2 v_uv1;
    layout(location = 3) in vec2 texcoord1;
    out vec4 v_color;
    layout(location = 5) in vec4 color0;
    out vec3 v_world_pos;

    mat4 joint_at(int index)
    {
        int _27 = int(vs_skin_params[12].x) + index;
        ivec2 _38 = ivec2((_27 % 256) * 4, _27 / 256);
        return mat4(texelFetch(joint_tex_joint_smp, _38, 0), texelFetch(joint_tex_joint_smp, _38 + ivec2(1, 0), 0), texelFetch(joint_tex_joint_smp, _38 + ivec2(2, 0), 0), texelFetch(joint_tex_joint_smp, _38 + ivec2(3, 0), 0));
    }

    void main()
    {
        int param = int(joints.x);
        mat4 _117 = joint_at(param) * weights.x;
        int param_1 = int(joints.y);
        mat4 _126 = joint_at(param_1) * weights.y;
        int param_2 = int(joints.z);
        mat4 _148 = joint_at(param_2) * weights.z;
        int param_3 = int(joints.w);
        mat4 _170 = joint_at(param_3) * weights.w;
        vec4 _173 = ((_117[0] + _126[0]) + _148[0]) + _170[0];
        vec4 _176 = ((_117[1] + _126[1]) + _148[1]) + _170[1];
        vec4 _179 = ((_117[2] + _126[2]) + _148[2]) + _170[2];
        vec4 _195 = mat4(_173, _176, _179, ((_117[3] + _126[3]) + _148[3]) + _170[3]) * vec4(position, 1.0);
        gl_Position = mat4(vs_skin_params[0], vs_skin_params[1], vs_skin_params[2], vs_skin_params[3]) * _195;
        mat4 _210 = mat4(vs_skin_params[8], vs_skin_params[9], vs_skin_params[10], vs_skin_params[11]);
        mat3 _226 = mat3(_173.xyz, _176.xyz, _179.xyz);
        v_normal = mat3(_210[0].xyz, _210[1].xyz, _210[2].xyz) * (_226 * normal);
        mat4 _233 = mat4(vs_skin_params[4], vs_skin_params[5], vs_skin_params[6], vs_skin_params[7]);
        v_tangent = vec4(mat3(_233[0].xyz, _233[1].xyz, _233[2].xyz) * (_226 * tangent.xyz), tangent.w);
        v_uv0 = texcoord0;
        v_uv1 = texcoord1;
        v_color = color0;
        v_world_pos = (_233 * _195).xyz;
    }

*/
#if defined(SOKOL_GLES3)
static const uint8_t vs_skinned_source_glsl300es[2124] = {
    0x23,0x76,0x65,0x72,0x73,0x69,0x6f,0x6e,0x20,0x33,0x30,0x30,0x20,0x65,0x73,0x0a,
    0x0a,0x75,0x6e,0x69,0x66,0x6f,0x72,0x6d,0x20,0x76,0x65,0x63,0x34,0x20,0x76,0x73,
    0x5f,0x73,0x6b,0x69,0x6e,0x5f,0x70,0x61,0x72,0x61,0x6d,0x73,0x5b,0x31,0x33,0x5d,
    0x3b,0x0a,0x75,0x6e,0x69,0x66,0x6f,0x72,0x6d,0x20,0x68,0x69,0x67,0x68,0x70,0x20,
    0x73,0x61,0x6d,0x70,0x6c,0x65,0x72,0x32,0x44,0x20,0x6a,0x6f,0x69,0x6e,0x74,0x5f,
    0x74,0x65,0x78,0x5f,0x6a,0x6f,0x69,0x6e,0x74,0x5f,0x73,0x6d,0x70,0x3b,0x0a,0x0a,
    0x6c,0x61,0x79,0x6f,0x75,0x74,0x28,0x6c,0x6f,0x63,0x61,0x74,0x69,0x6f,0x6e,0x20,
    0x3d,0x20,0x37,0x29,0x20,0x69,0x6e,0x20,0x76,0x65,0x63,0x34,0x20,0x77,0x65,0x69,
    0x67,0x68,0x74,0x73,0x3b,0x0a,0x6c,0x61,0x79,0x6f,0x75,0x74,0x28,0x6c,0x6f,0x63,
    0x61,0x74,0x69,0x6f,0x6e,0x20,0x3d,0x20,0x36,0x29,0x20,0x69,0x6e,0x20,0x76,0x65,
    0x63,0x34,0x20,0x6a,0x6f,0x69,0x6e,0x74,0x73,0x3b,0x0a,0x6c,0x61,0x79,0x6f,0x75,
    0x74,0x28,0x6c,0x6f,0x63,0x61,0x74,0x69,0x6f,0x6e,0x20,0x3d,0x20,0x30,0x29,0x20,
    0x69,0x6e,0x20,0x76,0x65,0x63,0x33,0x20,0x70,0x6f,0x73,0x69,0x74,0x69,0x6f,0x6e,
    0x3b,0x0a,0x6f,0x75,0x74,0x20,0x76,0x65,0x63,0x33,0x20,0x76,0x5f,0x6e,0x6f,0x72,
    0x6d,0x61,0x6c,0x3b,0x0a,0x6c,0x61,0x79,0x6f,0x75,0x74,0x28,0x6c,0x6f,0x63,0x61,
    0x74,0x69,0x6f,0x6e,0x20,0x3d,0x20,0x31,0x29,0x20,0x69,0x6e,0x20,0x76,0x65,0x63,
    0x33,0x20,0x6e,0x6f,0x72,0x6d,0x61,0x6c,0x3b,0x0a,0x6f,0x75,0x74,0x20,0x76,0x65,
    0x63,0x34,0x20,0x76,0x5f,0x74,0x61,0x6e,0x67,0x65,0x6e,0x74,0x3b,0x0a,0x6c,0x61,
    0x79,0x6f,0x75,0x74,0x28,0x6c,0x6f,0x63,0x61,0x74,0x69,0x6f,0x6e,0x20,0x3d,0x20,
    0x34,0x29,0x20,0x69,0x6e,0x20,0x76,0x65,0x63,0x34,0x20,0x74,0x61,0x6e,0x67,0x65,
    0x6e,0x74,0x3b,0x0a,0x6f,0x75,0x74,0x20,0x76,0x65,0x63,0x32,0x20,0x76,0x5f,0x75,
    0x76,0x30,0x3b,0x0a,0x6c,0x61,0x79,0x6f,0x75,0x74,0x28,0x6c,0x6f,0x63,0x61,0x74,
    0x69,0x6f,0x6e,0x20,0x3d,0x20,0x32,0x29,0x20,0x69,0x6e,0x20,0x76,0x65,0x63,0x32,
    0x20,0x74,0x65,0x78,0x63,0x6f,0x6f,0x72,0x64,0x30,0x3b,0x0a,0x6f,0x75,0x74,0x20,
    0x76,0x65,0x63,0x32,0x20,0x76,0x5f,0x75,0x76,0x31,0x3b,0x0a,0x6c,0x61,0x79,0x6f,
    0x75,0x74,0x28,0x6c,0x6f,0x63,0x61,0x74,0x69,0x6f,0x6e,0x20,0x3d,0x20,0x33,0x29,
    0x20,0x69,0x6e,0x20,0x76,0x65,0x63,0x32,0x20,0x74,0x65,0x78,0x63,0x6f,0x6f,0x72,
    0x64,0x31,0x3b,0x0a,0x6f,0x75,0x74,0x20,0x76,0x65,0x63,0x34,0x20,0x76,0x5f,0x63,
    0x6f,0x6c,0x6f,0x72,0x3b,0x0a,0x6c,0x61,0x79,0x6f,0x75,0x74,0x28,0x6c,0x6f,0x63,
    0x61,0x74,0x69,0x6f,0x6e,0x20,0x3d,0x20,0x35,0x29,0x20,0x69,0x6e,0x20,0x76,0x65,
    0x63,0x34,0x20,0x63,0x6f,0x6c,0x6f,0x72,0x30,0x3b,0x0a,0x6f,0x75,0x74,0x20,0x76,
    0x65,0x63,0x33,0x20,0x76,0x5f,0x77,0x6f,0x72,0x6c,0x64,0x5f,0x70,0x6f,0x73,0x3b,
    0x0a,0x0a,0x6d,0x61,0x74,0x34,0x20,0x6a,0x6f,0x69,0x6e,0x74,0x5f,0x61,0x74,0x28,
    0x69,0x6e,0x74,0x20,0x69,0x6e,0x64,0x65,0x78,0x29,0x0a,0x7b,0x0a,0x20,0x20,0x20,
    0x20,0x69,0x6e,0x74,0x20,0x5f,0x32,0x37,0x20,0x3d,0x20,0x69,0x6e,0x74,0x28,0x76,
    0x73,0x5f,0x73,0x6b,0x69,0x6e,0x5f,0x70,0x61,0x72,0x61,0x6d,0x73,0x5b,0x31,0x32,
    0x5d,0x2e,0x78,0x29,0x20,0x2b,0x20,0x69,0x6e,0x64,0x65,0x78,0x3b,0x0a,0x20,0x20,
    0x20,0x20,0x69,0x76,0x65,0x63,0x32,0x20,0x5f,0x33,0x38,0x20,0x3d,0x20,0x69,0x76,
    0x65,0x63,0x32,0x28,0x28,0x5f,0x32,0x37,0x20,0x25,0x20,0x32,0x35,0x36,0x29,0x20,
    0x2a,0x20,0x34,0x2c,0x20,0x5f,0x32,0x37,0x20,0x2f,0x20,0x32,0x35,0x36,0x29,0x3b,
    0x0a,0x20,0x20,0x20,0x20,0x72,0x65,0x74,0x75,0x72,0x6e,0x20,0x6d,0x61,0x74,0x34,
    0x28,0x74,0x65,0x78,0x65,0x6c,0x46,0x65,0x74,0x63,0x68,0x28,0x6a,0x6f,0x69,0x6e,
    0x74,0x5f,0x74,0x65,0x78,0x5f,0x6a,0x6f,0x69,0x6e,0x74,0x5f,0x73,0x6d,0x70,0x2c,
    0x20,0x5f,0x33,0x38,0x2c,0x20,0x30,0x29,0x2c,0x20,0x74,0x65,0x78,0x65,0x6c,0x46,
    0x65,0x74,0x63,0x68,0x28,0x6a,0x6f,0x69,0x6e,0x74,0x5f,0x74,0x65,0x78,0x5f,0x6a,
    0x6f,0x69,0x6e,0x74,0x5f,0x73,0x6d,0x70,0x2c,0x20,0x5f,0x33,0x38,0x20,0x2b,0x20,
    0x69,0x76,0x65,0x63,0x32,0x28,0x31,0x2c,0x20,0x30,0x29,0x2c,0x20,0x30,0x29,0x2c,
    0x20,0x74,0x65,0x78,0x65,0x6c,0x46,0x65,0x74,0x63,0x68,0x28,0x6a,0x6f,0x69,0x6e,
    0x74,0x5f,0x74,0x65,0x78,0x5f,0x6a,0x6f,0x69,0x6e,0x74,0x5f,0x73,0x6d,0x70,0x2c,
    0x20,0x5f,0x33,0x38,0x20,0x2b,0x20,0x69,0x76,0x65,0x63,0x32,0x28,0x32,0x2c,0x20,
    0x30,0x29,0x2c,0x20,0x30,0x29,0x2c,0x20,0x74,0x65,0x78,0x65,0x6c,0x46,0x65,0x74,
    0x63,0x68,0x28,0x6a,0x6f,0x69,0x6e,0x74,0x5f,0x74,0x65,0x78,0x5f,0x6a,0x6f,0x69,
    0x6e,0x74,0x5f,0x73,0x6d,0x70,0x2c,0x20,0x5f,0x33,0x38,0x20,0x2b,0x20,0x69,0x76,
    0x65,0x63,0x32,0x28,0x33,0x2c,0x20,0x30,0x29,0x2c,0x20,0x30,0x29,0x29,0x3b,0x0a,
    0x7d,0x0a,0x0a,0x76,0x6f,0x69,0x64,0x20,0x6d,0x61,0x69,0x6e,0x28,0x29,0x0a,0x7b,
    0x0a,0x20,0x20,0x20,0x20,0x69,0x6e,0x74,0x20,0x70,0x61,0x72,0x61,0x6d,0x20,0x3d,
    0x20,0x69,0x6e,0x74,0x28,0x6a,0x6f,0x69,0x6e,0x74,0x73,0x2e,0x78,0x29,0x3b,0x0a,
    0x20,0x20,0x20,0x20,0x6d,0x61,0x74,0x34,0x20,0x5f,0x31,0x31,0x37,0x20,0x3d,0x20,
    0x6a,0x6f,0x69,0x6e,0x74,0x5f,0x61,0x74,0x28,0x70,0x61,0x72,0x61,0x6d,0x29,0x20,
    0x2a,0x20,0x77,0x65,0x69,0x67,0x68,0x74,0x73,0x2e,0x78,0x3b,0x0a,0x20,0x20,0x20,
    0x20,0x69,0x6e,0x74,0x20,0x70,0x61,0x72,0x61,0x6d,0x5f,0x31,0x20,0x3d,0x20,0x69,
    0x6e,0x74,0x28,0x6a,0x6f,0x69,0x6e,0x74,0x73,0x2e,0x79,0x29,0x3b,0x0a,0x20,0x20,
    0x20,0x20,0x6d,0x61,0x74,0x34,0x20,0x5f,0x31,0x32,0x36,0x20,0x3d,0x20,0x6a,0x6f,
    0x69,0x6e,0x74,0x5f,0x61,0x74,0x28,0x70,0x61,0x72,0x61,0x6d,0x5f,0x31,0x29,0x20,
    0x2a,0x20,0x77,0x65,0x69,0x67,0x68,0x74,0x73,0x2e,0x79,0x3b,0x0a,0x20,0x20,0x20,
    0x20,0x69,0x6e,0x74,0x20,0x70,0x61,0x72,0x61,0x6d,0x5f,0x32,0x20,0x3d,0x20,0x69,
    0x6e,0x74,0x28,0x6a,0x6f,0x69,0x6e,0x74,0x73,0x2e,0x7a,0x29,0x3b,0x0a,0x20,0x20,
    0x20,0x20,0x6d,0x61,0x74,0x34,0x20,0x5f,0x31,0x34,0x38,0x20,0x3d,0x20,0x6a,0x6f,
    0x69,0x6e,0x74,0x5f,0x61,0x74,0x28,0x70,0x61,0x72,0x61,0x6d,0x5f,0x32,0x29,0x20,
    0x2a,0x20,0x77,0x65,0x69,0x67,0x68,0x74,0x73,0x2e,0x7a,0x3b,0x0a,0x20,0x20,0x20,
    0x20,0x69,0x6e,0x74,0x20,0x70,0x61,0x72,0x61,0x6d,0x5f,0x33,0x20,0x3d,0x20,0x69,
    0x6e,0x74,0x28,0x6a,0x6f,0x69,0x6e,0x74,0x73,0x2e,0x77,0x29,0x3b,0x0a,0x20,0x20,
    0x20,0x20,0x6d,0x61,0x74,0x34,0x20,0x5f,0x31,0x37,0x30,0x20,0x3d,0x20,0x6a,0x6f,
    0x69,0x6e,0x74,0x5f,0x61,0x74,0x28,0x70,0x61,0x72,0x61,0x6d,0x5f,0x33,0x29,0x20,
    0x2a,0x20,0x77,0x65,0x69,0x67,0x68,0x74,0x73,0x2e,0x77,0x3b,0x0a,0x20,0x20,0x20,
    0x20,0x76,0x65,0x63,0x34,0x20,0x5f,0x31,0x37,0x33,0x20,0x3d,0x20,0x28,0x28,0x5f,
    0x31,0x31,0x37,0x5b,0x30,0x5d,0x20,0x2b,0x20,0x5f,0x31,0x32,0x36,0x5b,0x30,0x5d,
    0x29,0x20,0x2b,0x20,0x5f,0x31,0x34,0x38,0x5b,0x30,0x5d,0x29,0x20,0x2b,0x20,0x5f,
    0x31,0x37,0x30,0x5b,0x30,0x5d,0x3b,0x0a,0x20,0x20,0x20,0x20,0x76,0x65,0x63,0x34,
    0x20,0x5f,0x31,0x37,0x36,0x20,0x3d,0x20,0x28,0x28,0x5f,0x31,0x31,0x37,0x5b,0x31,
    0x5d,0x20,0x2b,0x20,0x5f,0x31,0x32,0x36,0x5b,0x31,0x5d,0x29,0x20,0x2b,0x20,0x5f,
    0x31,0x34,0x38,0x5b,0x31,0x5d,0x29,0x20,0x2b,0x20,0x5f,0x31,0x37,0x30,0x5b,0x31,
    0x5d,0x3b,0x0a,0x20,0x20,0x20,0x20,0x76,0x65,0x63,0x34,0x20,0x5f,0x31,0x37,0x39,
    0x20,0x3d,0x20,0x28,0x28,0x5f,0x31,0x31,0x37,0x5b,0x32,0x5d,0x20,0x2b,0x20,0x5f,
    0x31,0x32,0x36,0x5b,0x32,0x5d,0x29,0x20,0x2b,0x20,0x5f,0x31,0x34,0x38,0x5b,0x32,
    0x5d,0x29,0x20,0x2b,0x20,0x5f,0x31,0x37,0x30,0x5b,0x32,0x5d,0x3b,0x0a,0x20,0x20,
    0x20,0x20,0x76,0x65,0x63,0x34,0x20,0x5f,0x31,0x39,0x35,0x20,0x3d,0x20,0x6d,0x61,
    0x74,0x34,0x28,0x5f,0x31,0x37,0x33,0x2c,0x20,0x5f,0x31,0x37,0x36,0x2c,0x20,0x5f,
    0x31,0x37,0x39,0x2c,0x20,0x28,0x28,0x5f,0x31,0x31,0x37,0x5b,0x33,0x5d,0x20,0x2b,
    0x20,0x5f,0x31,0x32,0x36,0x5b,0x33,0x5d,0x29,0x20,0x2b,0x20,0x5f,0x31,0x34,0x38,
    0x5b,0x33,0x5d,0x29,0x20,0x2b,0x20,0x5f,0x31,0x37,0x30,0x5b,0x33,0x5d,0x29,0x20,
    0x2a,0x20,0x76,0x65,0x63,0x34,0x28,0x70,0x6f,0x73,0x69,0x74,0x69,0x6f,0x6e,0x2c,
    0x20,0x31,0x2e,0x30,0x29,0x3b,0x0a,0x20,0x20,0x20,0x20,0x67,0x6c,0x5f,0x50,0x6f,
    0x73,0x69,0x74,0x69,0x6f,0x6e,0x20,0x3d,0x20,0x6d,0x61,0x74,0x34,0x28,0x76,0x73,
    0x5f,0x73,0x6b,0x69,0x6e,0x5f,0x70,0x61,0x72,0x61,0x6d,0x73,0x5b,0x30,0x5d,0x2c,
    0x20,0x76,0x73,0x5f,0x73,0x6b,0x69,0x6e,0x5f,0x70,0x61,0x72,0x61,0x6d,0x73,0x5b,
    0x31,0x5d,0x2c,0x20,0x76,0x73,0x5f,0x73,0x6b,0x69,0x6e,0x5f,0x70,0x61,0x72,0x61,
    0x6d,0x73,0x5b,0x32,0x5d,0x2c,0x20,0x76,0x73,0x5f,0x73,0x6b,0x69,0x6e,0x5f,0x70,
    0x61,0x72,0x61,0x6d,0x73,0x5b,0x33,0x5d,0x29,0x20,0x2a,0x20,0x5f,0x31,0x39,0x35,
    0x3b,0x0a,0x20,0x20,0x20,0x20,0x6d,0x61,0x74,0x34,0x20,0x5f,0x32,0x31,0x30,0x20,
    0x3d,0x20,0x6d,0x61,0x74,0x34,0x28,0x76,0x73,0x5f,0x73,0x6b,0x69,0x6e,0x5f,0x70,
    0x61,0x72,0x61,0x6d,0x73,0x5b,0x38,0x5d,0x2c,0x20,0x76,0x73,0x5f,0x73,0x6b,0x69,
    0x6e,0x5f,0x70,0x61,0x72,0x61,0x6d,0x73,0x5b,0x39,0x5d,0x2c,0x20,0x76,0x73,0x5f,
    0x73,0x6b,0x69,0x6e,0x5f,0x70,0x61,0x72,0x61,0x6d,0x73,0x5b,0x31,0x30,0x5d,0x2c,
    0x20,0x76,0x73,0x5f,0x73,0x6b,0x69,0x6e,0x5f,0x70,0x61,0x72,0x61,0x6d,0x73,0x5b,
    0x31,0x31,0x5d,0x29,0x3b,0x0a,0x20,0x20,0x20,0x20,0x6d,0x61,0x74,0x33,0x20,0x5f,
    0x32,0x32,0x36,0x20,0x3d,0x20,0x6d,0x61,0x74,0x33,0x28,0x5f,0x31,0x37,0x33,0x2e,
    0x78,0x79,0x7a,0x2c,0x20,0x5f,0x31,0x37,0x36,0x2e,0x78,0x79,0x7a,0x2c,0x20,0x5f,
    0x31,0x37,0x39,0x2e,0x78,0x79,0x7a,0x29,0x3b,0x0a,0x20,0x20,0x20,0x20,0x76,0x5f,
    0x6e,0x6f,0x72,0x6d,0x61,0x6c,0x20,0x3d,0x20,0x6d,0x61,0x74,0x33,0x28,0x5f,0x32,
    0x31,0x30,0x5b,0x30,0x5d,0x2e,0x78,0x79,0x7a,0x2c,0x20,0x5f,0x32,0x31,0x30,0x5b,
    0x31,0x5d,0x2e,0x78,0x79,0x7a,0x2c,0x20,0x5f,0x32,0x31,0x30,0x5b,0x32,0x5d,0x2e,
    0x78,0x79,0x7a,0x29,0x20,0x2a,0x20,0x28,0x5f,0x32,0x32,0x36,0x20,0x2a,0x20,0x6e,
    0x6f,0x72,0x6d,0x61,0x6c,0x29,0x3b,0x0a,0x20,0x20,0x20,0x20,0x6d,0x61,0x74,0x34,
    0x20,0x5f,0x32,0x33,0x33,0x20,0x3d,0x20,0x6d,0x61,0x74,0x34,0x28,0x76,0x73,0x5f,
    0x73,0x6b,0x69,0x6e,0x5f,0x70,0x61,0x72,0x61,0x6d,0x73,0x5b,0x34,0x5d,0x2c,0x20,
    0x76,0x73,0x5f,0x73,0x6b,0x69,0x6e,0x5f,0x70,0x61,0x72,0x61,0x6d,0x73,0x5b,0x35,
    0x5d,0x2c,0x20,0x76,0x73,0x5f,0x73,0x6b,0x69,0x6e,0x5f,0x70,0x61,0x72,0x61,0x6d,
    0x73,0x5b,0x36,0x5d,0x2c,0x20,0x76,0x73,0x5f,0x73,0x6b,0x69,0x6e,0x5f,0x70,0x61,
    0x72,0x61,0x6d,0x73,0x5b,0x37,0x5d,0x29,0x3b,0x0a,0x20,0x20,0x20,0x20,0x76,0x5f,
    0x74,0x61,0x6e,0x67,0x65,0x6e,0x74,0x20,0x3d,0x20,0x76,0x65,0x63,0x34,0x28,0x6d,
    0x61,0x74,0x33,0x28,0x5f,0x32,0x33,0x33,0x5b,0x30,0x5d,0x2e,0x78,0x79,0x7a,0x2c,
    0x20,0x5f,0x32,0x33,0x33,0x5b,0x31,0x5d,0x2e,0x78,0x79,0x7a,0x2c,0x20,0x5f,0x32,
    0x33,0x33,0x5b,0x32,0x5d,0x2e,0x78,0x79,0x7a,0x29,0x20,0x2a,0x20,0x28,0x5f,0x32,
    0x32,0x36,0x20,0x2a,0x20,0x74,0x61,0x6e,0x67,0x65,0x6e,0x74,0x2e,0x78,0x79,0x7a,
    0x29,0x2c,0x20,0x74,0x61,0x6e,0x67,0x65,0x6e,0x74,0x2e,0x77,0x29,0x3b,0x0a,0x20,
    0x20,0x20,0x20,0x76,0x5f,0x75,0x76,0x30,0x20,0x3d,0x20,0x74,0x65,0x78,0x63,0x6f,
    0x6f,0x72,0x64,0x30,0x3b,0x0a,0x20,0x20,0x20,0x20,0x76,0x5f,0x75,0x76,0x31,0x20,
    0x3d,0x20,0x74,0x65,0x78,0x63,0x6f,0x6f,0x72,0x64,0x31,0x3b,0x0a,0x20,0x20,0x20,
    0x20,0x76,0x5f,0x63,0x6f,0x6c,0x6f,0x72,0x20,0x3d,0x20,0x63,0x6f,0x6c,0x6f,0x72,
    0x30,0x3b,0x0a,0x20,0x20,0x20,0x20,0x76,0x5f,0x77,0x6f,0x72,0x6c,0x64,0x5f,0x70,
    0x6f,0x73,0x20,0x3d,0x20,0x28,0x5f,0x32,0x33,0x33,0x20,0x2a,0x20,0x5f,0x31,0x39,
    0x35,0x29,0x2e,0x78,0x79,0x7a,0x3b,0x0a,0x7d,0x0a,0x0a,0x00,
};
#endif
/*
    #version 300 es
    precision mediump float;
    precision highp int;

    uniform highp vec4 fs_scene[13];
    uniform highp vec4 fs_params[14];
    uniform highp vec4 fs_lights[32];
    uniform highp sampler2D base_color_tex_base_color_smp;
    uniform highp sampler2D normal_tex_normal_smp;
    uniform highp sampler2D metallic_roughness_tex_metallic_roughness_smp;
    uniform highp sampler2D occlusion_tex_occlusion_smp;
    uniform highp samplerCube env_tex_env_smp;
    uniform highp sampler2D brdf_tex_brdf_smp;
    uniform highp sampler2D emissive_tex_emissive_smp;

    in highp vec2 v_uv0;
    in highp vec2 v_uv1;
    in highp vec4 v_color;
    layout(location = 0) out highp vec4 frag_color;
    in highp vec3 v_normal;
    in highp vec4 v_tangent;
    in highp vec3 v_world_pos;

    highp vec2 tex_uv(int i)
    {
        bvec2 _407 = bvec2(fs_params[i * 1 + 4].w < 0.5);
        highp vec3 _411 = vec3(vec2(_407.x ? v_uv0.x : v_uv1.x, _407.y ? v_uv0.y : v_uv1.y), 1.0);
        return vec2(dot(fs_params[i * 1 + 4].xyz, _411), dot(fs_params[i * 1 + 9].xyz, _411));
    }

    highp vec3 srgb_to_linear(highp vec3 c)
    {
        return mix(c * vec3(0.077399380505084991455078125), pow((max(c, vec3(0.040449999272823333740234375)) + vec3(0.054999999701976776123046875)) * vec3(0.947867333889007568359375), vec3(2.400000095367431640625)), step(vec3(0.040449999272823333740234375), c));
    }

    highp vec3 tonemap_neutral(inout highp vec3 color)
    {
        highp float _120 = min(color.x, min(color.y, color.z));
        highp float _126;
        if (_120 < 0.07999999821186065673828125)
        {
            _126 = _120 - ((6.25 * _120) * _120);
        }
        else
        {
            _126 = 0.039999999105930328369140625;
        }
        color -= vec3(_126);
        highp float _145 = color.x;
        highp float _147 = color.y;
        highp float _149 = color.z;
        highp float _151 = max(_145, max(_147, _149));
        if (_151 < 0.7599999904632568359375)
        {
            return color;
        }
        highp float _166 = 1.0 - (0.057599999010562896728515625 / (_151 + (-0.519999980926513671875)));
        color *= (_166 / _151);
        return mix(color, vec3(_166), vec3(1.0 - (1.0 / ((0.1500000059604644775390625 * (_151 - _166)) + 1.0))));
    }

    highp vec3 tonemap_aces(inout highp vec3 color)
    {
        color *= 0.60000002384185791015625;
        return clamp((color * ((color * 2.5099999904632568359375) + vec3(0.02999999932944774627685546875))) / ((color * ((color * 2.4300000667572021484375) + vec3(0.589999973773956298828125))) + vec3(0.14000000059604644775390625)), vec3(0.0), vec3(1.0));
    }

    highp vec3 linear_to_srgb(inout highp vec3 c)
    {
        c = clamp(c, vec3(0.0), vec3(1.0));
        return mix(c * 12.9200000762939453125, (pow(max(c, vec3(0.003130800090730190277099609375)), vec3(0.4166666567325592041015625)) * 1.05499994754791259765625) - vec3(0.054999999701976776123046875), step(vec3(0.003130800090730190277099609375), c));
    }

    highp vec3 to_display(inout highp vec3 color, highp vec4 tonemap)
    {
        color *= tonemap.y;
        int _226 = int(tonemap.x + 0.5);
        if (_226 == 1)
        {
            highp vec3 param = color;
            highp vec3 _234 = tonemap_neutral(param);
            color = _234;
        }
        else
        {
            if (_226 == 2)
            {
                highp vec3 param_1 = color;
                highp vec3 _243 = tonemap_aces(param_1);
                color = _243;
            }
        }
        highp vec3 param_2 = color;
        highp vec3 _246 = linear_to_srgb(param_2);
        return _246;
    }

    highp float attenuation(highp float d, highp float range)
    {
        highp float _433 = 1.0 / max(d * d, 0.00999999977648258209228515625);
        if (range <= 0.0)
        {
            return _433;
        }
        highp float _443 = d / range;
        highp float _453 = clamp(1.0 - (((_443 * _443) * _443) * _443), 0.0, 1.0);
        return (_453 * _453) * _433;
    }

    highp float spot_factor(highp float cos_angle, highp float cos_inner, highp float cos_outer)
    {
        if ((cos_inner - cos_outer) <= 9.9999999747524270787835121154785e-07)
        {
            return float(cos_angle >= cos_outer);
        }
        return smoothstep(cos_outer, cos_inner, cos_angle);
    }

    highp vec3 env_dir(highp vec3 dir, highp vec4 env)
    {
        return vec3((env.z * dir.x) - (env.w * dir.z), dir.y, (env.w * dir.x) + (env.z * dir.z));
    }

    highp vec3 eval_sh(highp vec3 n)
    {
        highp vec3 _386 = ((((((((fs_scene[3].xyz * 0.2820949852466583251953125) + (fs_scene[4].xyz * (0.48860299587249755859375 * n.y))) + (fs_scene[5].xyz * (0.48860299587249755859375 * n.z))) + (fs_scene[6].xyz * (0.48860299587249755859375 * n.x))) + (fs_scene[7].xyz * ((1.09254801273345947265625 * n.x) * n.y))) + (fs_scene[8].xyz * ((1.09254801273345947265625 * n.y) * n.z))) + (fs_scene[9].xyz * (0.3153919875621795654296875 * (((3.0 * n.z) * n.z) - 1.0)))) + (fs_scene[10].xyz * ((1.09254801273345947265625 * n.x) * n.z))) + (fs_scene[11].xyz * (0.546274006366729736328125 * ((n.x * n.x) - (n.y * n.y))));
        return _386;
    }

    void main()
    {
        int param = 0;
        highp vec4 _492 = texture(base_color_tex_base_color_smp, tex_uv(param));
        highp vec3 param_1 = _492.xyz;
        highp vec4 _510 = (vec4(srgb_to_linear(param_1), _492.w) * fs_params[0]) * v_color;
        highp float _512 = _510.w;
        if (_512 < fs_params[3].x)
        {
            discard;
        }
        if (fs_params[2].w < 0.5)
        {
            highp vec3 param_2 = _510.xyz;
            highp vec4 param_3 = fs_scene[12];
            highp vec3 _532 = to_display(param_2, param_3);
            frag_color = vec4(_532, _512);
            return;
        }
        highp vec3 _544 = normalize(v_normal);
        highp vec3 n = _544;
        highp vec3 _555 = v_tangent.xyz - (_544 * dot(_544, v_tangent.xyz));
        highp vec3 t = _555;
        if (dot(_555, _555) > 9.9999999392252902907785028219223e-09)
        {
            highp vec3 _569 = t;
            highp vec3 _570 = normalize(_569);
            t = _570;
            int param_4 = 2;
            highp vec3 _592 = (texture(normal_tex_normal_smp, tex_uv(param_4)).xyz * 2.0) - vec3(1.0);
            highp vec2 _597 = _592.xy * fs_params[1].w;
            highp vec3 _1034 = _592;
            _1034.x = _597.x;
            _1034.y = _597.y;
            n = normalize(mat3(t, cross(n, _570) * v_tangent.w, n) * _1034);
        }
        n *= (gl_FrontFacing ? 1.0 : (-1.0));
        int param_5 = 1;
        highp vec4 _633 = texture(metallic_roughness_tex_metallic_roughness_smp, tex_uv(param_5));
        highp float _641 = clamp(fs_params[2].x * _633.z, 0.0, 1.0);
        highp float _648 = clamp(fs_params[2].y * _633.y, 0.02999999932944774627685546875, 1.0);
        highp float _652 = _648 * _648;
        highp float _656 = _652 * _652;
        highp vec3 _660 = _510.xyz;
        highp vec3 _663 = mix(vec3(0.039999999105930328369140625), _660, vec3(_641));
        highp vec3 _669 = _660 * (1.0 - _641);
        highp vec3 _677 = normalize(fs_scene[0].xyz - v_world_pos);
        highp float _684 = clamp(abs(dot(n, _677)), 9.9999997473787516355514526367188e-05, 1.0);
        int param_6 = 3;
        highp float _699 = 1.0 + (fs_params[2].z * (texture(occlusion_tex_occlusion_smp, tex_uv(param_6)).x - 1.0));
        highp vec3 color = (fs_scene[1].xyz * (_669 + _663)) * _699;
        int _713 = int(fs_params[3].y);
        highp vec3 light_dir;
        highp vec3 _766;
        for (int i = 0; i < 8; i++)
        {
            if (i >= _713)
            {
                break;
            }
            highp float falloff = 1.0;
            int _742 = int(fs_lights[i * 1 + 8].w + 0.5);
            if (_742 == 0)
            {
                light_dir = normalize(fs_lights[i * 1 + 8].xyz);
            }
            else
            {
                highp vec3 _760 = v_world_pos - fs_lights[i * 1 + 0].xyz;
                highp float _763 = length(_760);
                if (_763 > 9.9999999747524270787835121154785e-07)
                {
                    _766 = _760 / vec3(_763);
                }
                else
                {
                    _766 = vec3(0.0, -1.0, 0.0);
                }
                light_dir = _766;
                highp float param_7 = _763;
                highp float param_8 = fs_lights[i * 1 + 0].w;
                falloff = attenuation(param_7, param_8);
                if (_742 == 2)
                {
                    highp float param_9 = dot(light_dir, normalize(fs_lights[i * 1 + 8].xyz));
                    highp float param_10 = fs_lights[i * 1 + 24].x;
                    highp float param_11 = fs_lights[i * 1 + 24].y;
                    falloff *= spot_factor(param_9, param_10, param_11);
                }
            }
            highp vec3 _808 = -light_dir;
            highp float _812 = dot(n, _808);
            if ((_812 <= 0.0) || (falloff <= 0.0))
            {
                continue;
            }
            highp vec3 _825 = normalize(_808 + _677);
            highp float _830 = clamp(dot(n, _825), 0.0, 1.0);
            highp vec3 _846 = _663 + ((vec3(1.0) - _663) * pow(1.0 - clamp(dot(_677, _825), 0.0, 1.0), 5.0));
            highp float _854 = ((_830 * _830) * (_656 - 1.0)) + 1.0;
            highp float _869 = 1.0 - _656;
            color += (((fs_lights[i * 1 + 16].xyz * falloff) * _812) * ((((vec3(1.0) - _846) * _669) * vec3(0.3183098733425140380859375)) + ((_846 * (_656 / ((3.1415927410125732421875 * _854) * _854))) * (0.5 / max((_812 * sqrt(((_684 * _684) * _869) + _656)) + (_684 * sqrt(((_812 * _812) * _869) + _656)), 9.9999999747524270787835121154785e-07)))));
        }
        if (fs_scene[2].x > 0.0)
        {
            highp float _931 = sqrt(clamp(_652, 0.0, 1.0));
            highp vec3 param_12 = n;
            highp vec4 param_13 = fs_scene[2];
            highp vec3 param_14 = env_dir(param_12, param_13);
            highp vec3 param_15 = reflect(-_677, n);
            highp vec4 param_16 = fs_scene[2];
            highp vec4 _978 = texture(brdf_tex_brdf_smp, vec2(_684, _931));
            color += ((((max(eval_sh(param_14), vec3(0.0)) * _669) + (textureLod(env_tex_env_smp, env_dir(param_15, param_16), _931 * fs_scene[2].y).xyz * ((_663 * _978.x) + vec3(_978.y)))) * _699) * fs_scene[2].x);
        }
        int param_17 = 4;
        highp vec3 param_18 = texture(emissive_tex_emissive_smp, tex_uv(param_17)).xyz;
        highp vec3 _1016 = color;
        highp vec3 _1017 = _1016 + (fs_params[1].xyz * srgb_to_linear(param_18));
        color = _1017;
        highp vec3 param_19 = _1017;
        highp vec4 param_20 = fs_scene[12];
        highp vec3 _1023 = to_display(param_19, param_20);
        frag_color = vec4(_1023, _512);
    }

*/
#if defined(SOKOL_GLES3)
static const uint8_t fs_source_glsl300es[10002] = {
    0x23,0x76,0x65,0x72,0x73,0x69,0x6f,0x6e,0x20,0x33,0x30,0x30,0x20,0x65,0x73,0x0a,
    0x70,0x72,0x65,0x63,0x69,0x73,0x69,0x6f,0x6e,0x20,0x6d,0x65,0x64,0x69,0x75,0x6d,
    0x70,0x20,0x66,0x6c,0x6f,0x61,0x74,0x3b,0x0a,0x70,0x72,0x65,0x63,0x69,0x73,0x69,
    0x6f,0x6e,0x20,0x68,0x69,0x67,0x68,0x70,0x20,0x69,0x6e,0x74,0x3b,0x0a,0x0a,0x75,
    0x6e,0x69,0x66,0x6f,0x72,0x6d,0x20,0x68,0x69,0x67,0x68,0x70,0x20,0x76,0x65,0x63,
    0x34,0x20,0x66,0x73,0x5f,0x73,0x63,0x65,0x6e,0x65,0x5b,0x31,0x33,0x5d,0x3b,0x0a,
    0x75,0x6e,0x69,0x66,0x6f,0x72,0x6d,0x20,0x68,0x69,0x67,0x68,0x70,0x20,0x76,0x65,
    0x63,0x34,0x20,0x66,0x73,0x5f,0x70,0x61,0x72,0x61,0x6d,0x73,0x5b,0x31,0x34,0x5d,
    0x3b,0x0a,0x75,0x6e,0x69,0x66,0x6f,0x72,0x6d,0x20,0x68,0x69,0x67,0x68,0x70,0x20,
    0x76,0x65,0x63,0x34,0x20,0x66,0x73,0x5f,0x6c,0x69,0x67,0x68,0x74,0x73,0x5b,0x33,
    0x32,0x5d,0x3b,0x0a,0x75,0x6e,0x69,0x66,0x6f,0x72,0x6d,0x20,0x68,0x69,0x67,0x68,
    0x70,0x20,0x73,0x61,0x6d,0x70,0x6c,0x65,0x72,0x32,0x44,0x20,0x62,0x61,0x73,0x65,
    0x5f,0x63,0x6f,0x6c,0x6f,0x72,0x5f,0x74,0x65,0x78,0x5f,0x62,0x61,0x73,0x65,0x5f,
    0x63,0x6f,0x6c,0x6f,0x72,0x5f,0x73,0x6d,0x70,0x3b,0x0a,0x75,0x6e,0x69,0x66,0x6f,
    0x72,0x6d,0x20,0x68,0x69,0x67,0x68,0x70,0x20,0x73,0x61,0x6d,0x70,0x6c,0x65,0x72,
    0x32,0x44,0x20,0x6e,0x6f,0x72,0x6d,0x61,0x6c,0x5f,0x74,0x65,0x78,0x5f,0x6e,0x6f,
    0x72,0x6d,0x61,0x6c,0x5f,0x73,0x6d,0x70,0x3b,0x0a,0x75,0x6e,0x69,0x66,0x6f,0x72,
    0x6d,0x20,0x68,0x69,0x67,0x68,0x70,0x20,0x73,0x61,0x6d,0x70,0x6c,0x65,0x72,0x32,
    0x44,0x20,0x6d,0x65,0x74,0x61,0x6c,0x6c,0x69,0x63,0x5f,0x72,0x6f,0x75,0x67,0x68,
    0x6e,0x65,0x73,0x73,0x5f,0x74,0x65,0x78,0x5f,0x6d,0x65,0x74,0x61,0x6c,0x6c,0x69,
    0x63,0x5f,0x72,0x6f,0x75,0x67,0x68,0x6e,0x65,0x73,0x73,0x5f,0x73,0x6d,0x70,0x3b,
    0x0a,0x75,0x6e,0x69,0x66,0x6f,0x72,0x6d,0x20,0x68,0x69,0x67,0x68,0x70,0x20,0x73,
    0x61,0x6d,0x70,0x6c,0x65,0x72,0x32,0x44,0x20,0x6f,0x63,0x63,0x6c,0x75,0x73,0x69,
    0x6f,0x6e,0x5f,0x74,0x65,0x78,0x5f,0x6f,0x63,0x63,0x6c,0x75,0x73,0x69,0x6f,0x6e,
    0x5f,0x73,0x6d,0x70,0x3b,0x0a,0x75,0x6e,0x69,0x66,0x6f,0x72,0x6d,0x20,0x68,0x69,
    0x67,0x68,0x70,0x20,0x73,0x61,0x6d,0x70,0x6c,0x65,0x72,0x43,0x75,0x62,0x65,0x20,
    0x65,0x6e,0x76,0x5f,0x74,0x65,0x78,0x5f,0x65,0x6e,0x76,0x5f,0x73,0x6d,0x70,0x3b,
    0x0a,0x75,0x6e,0x69,0x66,0x6f,0x72,0x6d,0x20,0x68,0x69,0x67,0x68,0x70,0x20,0x73,
    0x61,0x6d,0x70,0x6c,0x65,0x72,0x32,0x44,0x20,0x62,0x72,0x64,0x66,0x5f,0x74,0x65,
    0x78,0x5f,0x62,0x72,0x64,0x66,0x5f,0x73,0x6d,0x70,0x3b,0x0a,0x75,0x6e,0x69,0x66,
    0x6f,0x72,0x6d,0x20,0x68,0x69,0x67,0x68,0x70,0x20,0x73,0x61,0x6d,0x70,0x6c,0x65,
    0x72,0x32,0x44,0x20,0x65,0x6d,0x69,0x73,0x73,0x69,0x76,0x65,0x5f,0x74,0x65,0x78,
    0x5f,0x65,0x6d,0x69,0x73,0x73,0x69,0x76,0x65,0x5f,0x73,0x6d,0x70,0x3b,0x0a,0x0a,
    0x69,0x6e,0x20,0x68,0x69,0x67,0x68,0x70,0x20,0x76,0x65,0x63,0x32,0x20,0x76,0x5f,
    0x75,0x76,0x30,0x3b,0x0a,0x69,0x6e,0x20,0x68,0x69,0x67,0x68,0x70,0x20,0x76,0x65,
    0x63,0x32,0x20,0x76,0x5f,0x75,0x76,0x31,0x3b,0x0a,0x69,0x6e,0x20,0x68,0x69,0x67,
    0x68,0x70,0x20,0x76,0x65,0x63,0x34,0x20,0x76,0x5f,0x63,0x6f,0x6c,0x6f,0x72,0x3b,
    0x0a,0x6c,0x61,0x79,0x6f,0x75,0x74,0x28,0x6c,0x6f,0x63,0x61,0x74,0x69,0x6f,0x6e,
    0x20,0x3d,0x20,0x30,0x29,0x20,0x6f,0x75,0x74,0x20,0x68,0x69,0x67,0x68,0x70,0x20,
    0x76,0x65,0x63,0x34,0x20,0x66,0x72,0x61,0x67,0x5f,0x63,0x6f,0x6c,0x6f,0x72,0x3b,
    0x0a,0x69,0x6e,0x20,0x68,0x69,0x67,0x68,0x70,0x20,0x76,0x65,0x63,0x33,0x20,0x76,
    0x5f,0x6e,0x6f,0x72,0x6d,0x61,0x6c,0x3b,0x0a,0x69,0x6e,0x20,0x68,0x69,0x67,0x68,
    0x70,0x20,0x76,0x65,0x63,0x34,0x20,0x76,0x5f,0x74,0x61,0x6e,0x67,0x65,0x6e,0x74,
    0x3b,0x0a,0x69,0x6e,0x20,0x68,0x69,0x67,0x68,0x70,0x20,0x76,0x65,0x63,0x33,0x20,
    0x76,0x5f,0x77,0x6f,0x72,0x6c,0x64,0x5f,0x70,0x6f,0x73,0x3b,0x0a,0x0a,0x68,0x69,
    0x67,0x68,0x70,0x20,0x76,0x65,0x63,0x32,0x20,0x74,0x65,0x78,0x5f,0x75,0x76,0x28,
    0x69,0x6e,0x74,0x20,0x69,0x29,0x0a,0x7b,0x0a,0x20,0x20,0x20,0x20,0x62,0x76,0x65,
    0x63,0x32,0x20,0x5f,0x34,0x30,0x37,0x20,0x3d,0x20,0x62,0x76,0x65,0x63,0x32,0x28,
    0x66,0x73,0x5f,0x70,0x61,0x72,0x61,0x6d,0x73,0x5b,0x69,0x20,0x2a,0x20,0x31,0x20,
    0x2b,0x20,0x34,0x5d,0x2e,0x77,0x20,0x3c,0x20,0x30,0x2e,0x35,0x29,0x3b,0x0a,0x20,
    0x20,0x20,0x20,0x68,0x69,0x67,0x68,0x70,0x20,0x76,0x65,0x63,0x33,0x20,0x5f,0x34,
    0x31,0x31,0x20,0x3d,0x20,0x76,0x65,0x63,0x33,0x28,0x76,0x65,0x63,0x32,0x28,0x5f,
    0x34,0x30,0x37,0x2e,0x78,0x20,0x3f,0x20,0x76,0x5f,0x75,0x76,0x30,0x2e,0x78,0x20,
    0x3a,0x20,0x76,0x5f,0x75,0x76,0x31,0x2e,0x78,0x2c,0x20,0x5f,0x34,0x30,0x37,0x2e,
    0x79,0x20,0x3f,0x20,0x76,0x5f,0x75,0x76,0x30,0x2e,0x79,0x20,0x3a,0x20,0x76,0x5f,
    0x75,0x76,0x31,0x2e,0x79,0x29,0x2c,0x20,0x31,0x2e,0x30,0x29,0x3b,0x0a,0x20,0x20,
    0x20,0x20,0x72,0x65,0x74,0x75,0x72,0x6e,0x20,0x76,0x65,0x63,0x32,0x28,0x64,0x6f,
    0x74,0x28,0x66,0x73,0x5f,0x70,0x61,0x72,0x61,0x6d,0x73,0x5b,0x69,0x20,0x2a,0x20,
    0x31,0x20,0x2b,0x20,0x34,0x5d,0x2e,0x78,0x79,0x7a,0x2c,0x20,0x5f,0x34,0x31,0x31,
    0x29,0x2c,0x20,0x64,0x6f,0x74,0x28,0x66,0x73,0x5f,0x70,0x61,0x72,0x61,0x6d,0x73,
    0x5b,0x69,0x20,0x2a,0x20,0x31,0x20,0x2b,0x20,0x39,0x5d,0x2e,0x78,0x79,0x7a,0x2c,
    0x20,0x5f,0x34,0x31,0x31,0x29,0x29,0x3b,0x0a,0x7d,0x0a,0x0a,0x68,0x69,0x67,0x68,
    0x70,0x20,0x76,0x65,0x63,0x33,0x20,0x73,0x72,0x67,0x62,0x5f,0x74,0x6f,0x5f,0x6c,
    0x69,0x6e,0x65,0x61,0x72,0x28,0x68,0x69,0x67,0x68,0x70,0x20,0x76,0x65,0x63,0x33,
    0x20,0x63,0x29,0x0a,0x7b,0x0a,0x20,0x20,0x20,0x20,0x72,0x65,0x74,0x75,0x72,0x6e,
    0x20,0x6d,0x69,0x78,0x28,0x63,0x20,0x2a,0x20,0x76,0x65,0x63,0x33,0x28,0x30,0x2e,
    0x30,0x37,0x37,0x33,0x39,0x39,0x33,0x38,0x30,0x35,0x30,0x35,0x30,0x38,0x34,0x39,
    0x39,0x31,0x34,0x35,0x35,0x30,0x37,0x38,0x31,0x32,0x35,0x29,0x2c,0x20,0x70,0x6f,
    0x77,0x28,0x28,0x6d,0x61,0x78,0x28,0x63,0x2c,0x20,0x76,0x65,0x63,0x33,0x28,0x30,
    0x2e,0x30,0x34,0x30,0x34,0x34,0x39,0x39,0x39,0x39,0x32,0x37,0x32,0x38,0x32,0x33,
    0x33,0x33,0x33,0x37,0x34,0x30,0x32,0x33,0x34,0x33,0x37,0x35,0x29,0x29,0x20,0x2b,
    0x20,0x76,0x65,0x63,0x33,0x28,0x30,0x2e,0x30,0x35,0x34,0x39,0x39,0x39,0x39,0x39,
    0x39,0x37,0x30,0x31,0x39,0x37,0x36,0x37,0x37,0x36,0x31,0x32,0x33,0x30,0x34,0x36,
    0x38,0x37,0x35,0x29,0x29,0x20,0x2a,0x20,0x76,0x65,0x63,0x33,0x28,0x30,0x2e,0x39,
    0x34,0x37,0x38,0x36,0x37,0x33,0x33,0x33,0x38,0x38,0x39,0x30,0x30,0x37,0x35,0x36,
    0x38,0x33,0x35,0x39,0x33,0x37,0x35,0x29,0x2c,0x20,0x76,0x65,0x63,0x33,0x28,0x32,
    0x2e,0x34,0x30,0x30,0x30,0x30,0x30,0x30,0x39,0x35,0x33,0x36,0x37,0x34,0x33,0x31,
    0x36,0x34,0x30,0x36,0x32,0x35,0x29,0x29,0x2c,0x20,0x73,0x74,0x65,0x70,0x28,0x76,
    0x65,0x63,0x33,0x28,0x30,0x2e,0x30,0x34,0x30,0x34,0x34,0x39,0x39,0x39,0x39,0x32,
    0x37,0x32,0x38,0x32,0x33,0x33,0x33,0x33,0x37,0x34,0x30,0x32,0x33,0x34,0x33,0x37,
    0x35,0x29,0x2c,0x20,0x63,0x29,0x29,0x3b,0x0a,0x7d,0x0a,0x0a,0x68,0x69,0x67,0x68,
    0x70,0x20,0x76,0x65,0x63,0x33,0x20,0x74,0x6f,0x6e,0x65,0x6d,0x61,0x70,0x5f,0x6e,
    0x65,0x75,0x74,0x72,0x61,0x6c,0x28,0x69,0x6e,0x6f,0x75,0x74,0x20,0x68,0x69,0x67,
    0x68,0x70,0x20,0x76,0x65,0x63,0x33,0x20,0x63,0x6f,0x6c,0x6f,0x72,0x29,0x0a,0x7b,
    0x0a,0x20,0x20,0x20,0x20,0x68,0x69,0x67,0x68,0x70,0x20,0x66,0x6c,0x6f,0x61,0x74,
    0x20,0x5f,0x31,0x32,0x30,0x20,0x3d,0x20,0x6d,0x69,0x6e,0x28,0x63,0x6f,0x6c,0x6f,
    0x72,0x2e,0x78,0x2c,0x20,0x6d,0x69,0x6e,0x28,0x63,0x6f,0x6c,0x6f,0x72,0x2e,0x79,
    0x2c,0x20,0x63,0x6f,0x6c,0x6f,0x72,0x2e,0x7a,0x29,0x29,0x3b,0x0a,0x20,0x20,0x20,
    0x20,0x68,0x69,0x67,0x68,0x70,0x20,0x66,0x6c,0x6f,0x61,0x74,0x20,0x5f,0x31,0x32,
    0x36,0x3b,0x0a,0x20,0x20,0x20,0x20,0x69,0x66,0x20,0x28,0x5f,0x31,0x32,0x30,0x20,
    0x3c,0x20,0x30,0x2e,0x30,0x37,0x39,0x39,0x39,0x39,0x39,0x39,0x38,0x32,0x31,0x31,
    0x38,0x36,0x30,0x36,0x35,0x36,0x37,0x33,0x38,0x32,0x38,0x31,0x32,0x35,0x29,0x0a,
    0x20,0x20,0x20,0x20,0x7b,0x0a,0x20,0x20,0x20,0x20,0x20,0x20,0x20,0x20,0x5f,0x31,
    0x32,0x36,0x20,0x3d,0x20,0x5f,0x31,0x32,0x30,0x20,0x2d,0x20,0x28,0x28,0x36,0x2e,
    0x32,0x35,0x20,0x2a,0x20,0x5f,0x31,0x32,0x30,0x29,0x20,0x2a,0x20,0x5f,0x31,0x32,
    0x30,0x29,0x3b,0x0a,0x20,0x20,0x20,0x20,0x7d,0x0a,0x20,0x20,0x20,0x20,0x65,0x6c,
    0x73,0x65,0x0a,0x20,0x20,0x20,0x20,0x7b,0x0a,0x20,0x20,0x20,0x20,0x20,0x20,0x20,
    0x20,0x5f,0x31,0x32,0x36,0x20,0x3d,0x20,0x30,0x2e,0x30,0x33,0x39,0x39,0x39,0x39,
    0x39,0x39,0x39,0x31,0x30,0x35,0x39,0x33,0x30,0x33,0x32,0x38,0x33,0x36,0x39,0x31,
    0x34,0x30,0x36,0x32,0x35,0x3b,0x0a,0x20,0x20,0x20,0x20,0x7d,0x0a,0x20,0x20,0x20,
    0x20,0x63,0x6f,0x6c,0x6f,0x72,0x20,0x2d,0x3d,0x20,0x76,0x65,0x63,0x33,0x28,0x5f,
    0x31,0x32,0x36,0x29,0x3b,0x0a,0x20,0x20,0x20,0x20,0x68,0x69,0x67,0x68,0x70,0x20,
    0x66,0x6c,0x6f,0x61,0x74,0x20,0x5f,0x31,0x34,0x35,0x20,0x3d,0x20,0x63,0x6f,0x6c,
    0x6f,0x72,0x2e,0x78,0x3b,0x0a,0x20,0x20,0x20,0x20,0x68,0x69,0x67,0x68,0x70,0x20,
    0x66,0x6c,0x6f,0x61,0x74,0x20,0x5f,0x31,0x34,0x37,0x20,0x3d,0x20,0x63,0x6f,0x6c,
    0x6f,0x72,0x2e,0x79,0x3b,0x0a,0x20,0x20,0x20,0x20,0x68,0x69,0x67,0x68,0x70,0x20,
    0x66,0x6c,0x6f,0x61,0x74,0x20,0x5f,0x31,0x34,0x39,0x20,0x3d,0x20,0x63,0x6f,0x6c,
    0x6f,0x72,0x2e,0x7a,0x3b,0x0a,0x20,0x20,0x20,0x20,0x68,0x69,0x67,0x68,0x70,0x20,
    0x66,0x6c,0x6f,0x61,0x74,0x20,0x5f,0x31,0x35,0x31,0x20,0x3d,0x20,0x6d,0x61,0x78,
    0x28,0x5f,0x31,0x34,0x35,0x2c,0x20,0x6d,0x61,0x78,0x28,0x5f,0x31,0x34,0x37,0x2c,
    0x20,0x5f,0x31,0x34,0x39,0x29,0x29,0x3b,0x0a,0x20,0x20,0x20,0x20,0x69,0x66,0x20,
    0x28,0x5f,0x31,0x35,0x31,0x20,0x3c,0x20,0x30,0x2e,0x37,0x35,0x39,0x39,0x39,0x39,
    0x39,0x39,0x30,0x34,0x36,0x33,0x32,0x35,0x36,0x38,0x33,0x35,0x39,0x33,0x37,0x35,
    0x29,0x0a,0x20,0x20,0x20,0x20,0x7b,0x0a,0x20,0x20,0x20,0x20,0x20,0x20,0x20,0x20,
    0x72,0x65,0x74,0x75,0x72,0x6e,0x20,0x63,0x6f,0x6c,0x6f,0x72,0x3b,0x0a,0x20,0x20,
    0x20,0x20,0x7d,0x0a,0x20,0x20,0x20,0x20,0x68,0x69,0x67,0x68,0x70,0x20,0x66,0x6c,
    0x6f,0x61,0x74,0x20,0x5f,0x31,0x36,0x36,0x20,0x3d,0x20,0x31,0x2e,0x30,0x20,0x2d,
    0x20,0x28,0x30,0x2e,0x30,0x35,0x37,0x35,0x39,0x39,0x39,0x39,0x39,0x30,0x31,0x30,
    0x35,0x36,0x32,0x38,0x39,0x36,0x37,0x32,0x38,0x35,0x31,0x35,0x36,0x32,0x35,0x20,
    0x2f,0x20,0x28,0x5f,0x31,0x35,0x31,0x20,0x2b,0x20,0x28,0x2d,0x30,0x2e,0x35,0x31,
    0x39,0x39,0x39,0x39,0x39,0x38,0x30,0x39,0x32,0x36,0x35,0x31,0x33,0x36,0x37,0x31,
    0x38,0x37,0x35,0x29,0x29,0x29,0x3b,0x0a,0x20,0x20,0x20,0x20,0x63,0x6f,0x6c,0x6f,
    0x72,0x20,0x2a,0x3d,0x20,0x28,0x5f,0x31,0x36,0x36,0x20,0x2f,0x20,0x5f,0x31,0x35,
    0x31,0x29,0x3b,0x0a,0x20,0x20,0x20,0x20,0x72,0x65,0x74,0x75,0x72,0x6e,0x20,0x6d,
    0x69,0x78,0x28,0x63,0x6f,0x6c,0x6f,0x72,0x2c,0x20,0x76,0x65,0x63,0x33,0x28,0x5f,
    0x31,0x36,0x36,0x29,0x2c,0x20,0x76,0x65,0x63,0x33,0x28,0x31,0x2e,0x30,0x20,0x2d,
    0x20,0x28,0x31,0x2e,0x30,0x20,0x2f,0x20,0x28,0x28,0x30,0x2e,0x31,0x35,0x30,0x30,
    0x30,0x30,0x30,0x30,0x35,0x39,0x36,0x30,0x34,0x36,0x34,0x34,0x37,0x37,0x35,0x33,
    0x39,0x30,0x36,0x32,0x35,0x20,0x2a,0x20,0x28,0x5f,0x31,0x35,0x31,0x20,0x2d,0x20,
    0x5f,0x31,0x36,0x36,0x29,0x29,0x20,0x2b,0x20,0x31,0x2e,0x30,0x29,0x29,0x29,0x29,
    0x3b,0x0a,0x7d,0x0a,0x0a,0x68,0x69,0x67,0x68,0x70,0x20,0x76,0x65,0x63,0x33,0x20,
    0x74,0x6f,0x6e,0x65,0x6d,0x61,0x70,0x5f,0x61,0x63,0x65,0x73,0x28,0x69,0x6e,0x6f,
    0x75,0x74,0x20,0x68,0x69,0x67,0x68,0x70,0x20,0x76,0x65,0x63,0x33,0x20,0x63,0x6f,
    0x6c,0x6f,0x72,0x29,0x0a,0x7b,0x0a,0x20,0x20,0x20,0x20,0x63,0x6f,0x6c,0x6f,0x72,
    0x20,0x2a,0x3d,0x20,0x30,0x2e,0x36,0x30,0x30,0x30,0x30,0x30,0x30,0x32,0x33,0x38,
    0x34,0x31,0x38,0x35,0x37,0x39,0x31,0x30,0x31,0x35,0x36,0x32,0x35,0x3b,0x0a,0x20,
    0x20,0x20,0x20,0x72,0x65,0x74,0x75,0x72,0x6e,0x20,0x63,0x6c,0x61,0x6d,0x70,0x28,
    0x28,0x63,0x6f,0x6c,0x6f,0x72,0x20,0x2a,0x20,0x28,0x28,0x63,0x6f,0x6c,0x6f,0x72,
    0x20,0x2a,0x20,0x32,0x2e,0x35,0x30,0x39,0x39,0x39,0x39,0x39,0x39,0x30,0x34,0x36,
    0x33,0x32,0x35,0x36,0x38,0x33,0x35,0x39,0x33,0x37,0x35,0x29,0x20,0x2b,0x20,0x76,
    0x65,0x63,0x33,0x28,0x30,0x2e,0x30,0x32,0x39,0x39,0x39,0x39,0x39,0x39,0x39,0x33,
    0x32,0x39,0x34,0x34,0x37,0x37,0x34,0x36,0x32,0x37,0x36,0x38,0x35,0x35,0x34,0x36,
    0x38,0x37,0x35,0x29,0x29,0x29,0x20,0x2f,0x20,0x28,0x28,0x63,0x6f,0x6c,0x6f,0x72,
    0x20,0x2a,0x20,0x28,0x28,0x63,0x6f,0x6c,0x6f,0x72,0x20,0x2a,0x20,0x32,0x2e,0x34,
    0x33,0x30,0x30,0x30,0x30,0x30,0x36,0x36,0x37,0x35,0x37,0x32,0x30,0x32,0x31,0x34,
    0x38,0x34,0x33,0x37,0x35,0x29,0x20,0x2b,0x20,0x76,0x65,0x63,0x33,0x28,0x30,0x2e,
    0x35,0x38,0x39,0x39,0x39,0x39,0x39,0x37,0x33,0x37,0x37,0x33,0x39,0x35,0x36,0x32,
    0x39,0x38,0x38,0x32,0x38,0x31,0x32,0x35,0x29,0x29,0x29,0x20,0x2b,0x20,0x76,0x65,
    0x63,0x33,0x28,0x30,0x2e,0x31,0x34,0x30,0x30,0x30,0x30,0x30,0x30,0x30,0x35,0x39,
    0x36,0x30,0x34,0x36,0x34,0x34,0x37,0x37,0x35,0x33,0x39,0x30,0x36,0x32,0x35,0x29,
    0x29,0x2c,0x20,0x76,0x65,0x63,0x33,0x28,0x30,0x2e,0x30,0x29,0x2c,0x20,0x76,0x65,
    0x63,0x33,0x28,0x31,0x2e,0x30,0x29,0x29,0x3b,0x0a,0x7d,0x0a,0x0a,0x68,0x69,0x67,
    0x68,0x70,0x20,0x76,0x65,0x63,0x33,0x20,0x6c,0x69,0x6e,0x65,0x61,0x72,0x5f,0x74,
    0x6f,0x5f,0x73,0x72,0x67,0x62,0x28,0x69,0x6e,0x6f,0x75,0x74,0x20,0x68,0x69,0x67,
    0x68,0x70,0x20,0x76,0x65,0x63,0x33,0x20,0x63,0x29,0x0a,0x7b,0x0a,0x20,0x20,0x20,
    0x20,0x63,0x20,0x3d,0x20,0x63,0x6c,0x61,0x6d,0x70,0x28,0x63,0x2c,0x20,0x76,0x65,
    0x63,0x33,0x28,0x30,0x2e,0x30,0x29,0x2c,0x20,0x76,0x65,0x63,0x33,0x28,0x31,0x2e,
    0x30,0x29,0x29,0x3b,0x0a,0x20,0x20,0x20,0x20,0x72,0x65,0x74,0x75,0x72,0x6e,0x20,
    0x6d,0x69,0x78,0x28,0x63,0x20,0x2a,0x20,0x31,0x32,0x2e,0x39,0x32,0x30,0x30,0x30,
    0x30,0x30,0x37,0x36,0x32,0x39,0x33,0x39,0x34,0x35,0x33,0x31,0x32,0x35,0x2c,0x20,
    0x28,0x70,0x6f,0x77,0x28,0x6d,0x61,0x78,0x28,0x63,0x2c,0x20,0x76,0x65,0x63,0x33,
    0x28,0x30,0x2e,0x30,0x30,0x33,0x31,0x33,0x30,0x38,0x30,0x30,0x30,0x39,0x30,0x37,
    0x33,0x30,0x31,0x39,0x30,0x32,0x37,0x37,0x30,0x39,0x39,0x36,0x30,0x39,0x33,0x37,
    0x35,0x29,0x29,0x2c,0x20,0x76,0x65,0x63,0x33,0x28,0x30,0x2e,0x34,0x31,0x36,0x36,
    0x36,0x36,0x36,0x35,0x36,0x37,0x33,0x32,0x35,0x35,0x39,0x32,0x30,0x34,0x31,0x30,
    0x31,0x35,0x36,0x32,0x35,0x29,0x29,0x20,0x2a,0x20,0x31,0x2e,0x30,0x35,0x34,0x39,
    0x39,0x39,0x39,0x34,0x37,0x35,0x34,0x37,0x39,0x31,0x32,0x35,0x39,0x37,0x36,0x35,
    0x36,0x32,0x35,0x29,0x20,0x2d,0x20,0x76,0x65,0x63,0x33,0x28,0x30,0x2e,0x30,0x35,
    0x34,0x39,0x39,0x39,0x39,0x39,0x39,0x37,0x30,0x31,0x39,0x37,0x36,0x37,0x37,0x36,
    0x31,0x32,0x33,0x30,0x34,0x36,0x38,0x37,0x35,0x29,0x2c,0x20,0x73,0x74,0x65,0x70,
    0x28,0x76,0x65,0x63,0x33,0x28,0x30,0x2e,0x30,0x30,0x33,0x31,0x33,0x30,0x38,0x30,
    0x30,0x30,0x39,0x30,0x37,0x33,0x30,0x31,0x39,0x30,0x32,0x37,0x37,0x30,0x39,0x39,
    0x36,0x30,0x39,0x33,0x37,0x35,0x29,0x2c,0x20,0x63,0x29,0x29,0x3b,0x0a,0x7d,0x0a,
    0x0a,0x68,0x69,0x67,0x68,0x70,0x20,0x76,0x65,0x63,0x33,0x20,0x74,0x6f,0x5f,0x64,
    0x69,0x73,0x70,0x6c,0x61,0x79,0x28,0x69,0x6e,0x6f,0x75,0x74,0x20,0x68,0x69,0x67,
    0x68,0x70,0x20,0x76,0x65,0x63,0x33,0x20,0x63,0x6f,0x6c,0x6f,0x72,0x2c,0x20,0x68,
    0x69,0x67,0x68,0x70,0x20,0x76,0x65,0x63,0x34,0x20,0x74,0x6f,0x6e,0x65,0x6d,0x61,
    0x70,0x29,0x0a,0x7b,0x0a,0x20,0x20,0x20,0x20,0x63,0x6f,0x6c,0x6f,0x72,0x20,0x2a,
    0x3d,0x20,0x74,0x6f,0x6e,0x65,0x6d,0x61,0x70,0x2e,0x79,0x3b,0x0a,0x20,0x20,0x20,
    0x20,0x69,0x6e,0x74,0x20,0x5f,0x32,0x32,0x36,0x20,0x3d,0x20,0x69,0x6e,0x74,0x28,
    0x74,0x6f,0x6e,0x65,0x6d,0x61,0x70,0x2e,0x78,0x20,0x2b,0x20,0x30,0x2e,0x35,0x29,
    0x3b,0x0a,0x20,0x20,0x20,0x20,0x69,0x66,0x20,0x28,0x5f,0x32,0x32,0x36,0x20,0x3d,
    0x3d,0x20,0x31,0x29,0x0a,0x20,0x20,0x20,0x20,0x7b,0x0a,0x20,0x20,0x20,0x20,0x20,
    0x20,0x20,0x20,0x68,0x69,0x67,0x68,0x70,0x20,0x76,0x65,0x63,0x33,0x20,0x70,0x61,
    0x72,0x61,0x6d,0x20,0x3d,0x20,0x63,0x6f,0x6c,0x6f,0x72,0x3b,0x0a,0x20,0x20,0x20,
    0x20,0x20,0x20,0x20,0x20,0x68,0x69,0x67,0x68,0x70,0x20,0x76,0x65,0x63,0x33,0x20,
    0x5f,0x32,0x33,0x34,0x20,0x3d,0x20,0x74,0x6f,0x6e,0x65,0x6d,0x61,0x70,0x5f,0x6e,
    0x65,0x75,0x74,0x72,0x61,0x6c,0x28,0x70,0x61,0x72,0x61,0x6d,0x29,0x3b,0x0a,0x20,
    0x20,0x20,0x20,0x20,0x20,0x20,0x20,0x63,0x6f,0x6c,0x6f,0x72,0x20,0x3d,0x20,0x5f,
    0x32,0x33,0x34,0x3b,0x0a,0x20,0x20,0x20,0x20,0x7d,0x0a,0x20,0x20,0x20,0x20,0x65,
    0x6c,0x73,0x65,0x0a,0x20,0x20,0x20,0x20,0x7b,0x0a,0x20,0x20,0x20,0x20,0x20,0x20,
    0x20,0x20,0x69,0x66,0x20,0x28,0x5f,0x32,0x32,0x36,0x20,0x3d,0x3d,0x20,0x32,0x29,
    0x0a,0x20,0x20,0x20,0x20,0x20,0x20,0x20,0x20,0x7b,0x0a,0x20,0x20,0x20,0x20,0x20,
    0x20,0x20,0x20,0x20,0x20,0x20,0x20,0x68,0x69,0x67,0x68,0x70,0x20,0x76,0x65,0x63,
    0x33,0x20,0x70,0x61,0x72,0x61,0x6d,0x5f,0x31,0x20,0x3d,0x20,0x63,0x6f,0x6c,0x6f,
    0x72,0x3b,0x0a,0x20,0x20,0x20,0x20,0x20,0x20,0x20,0x20,0x20,0x20,0x20,0x20,0x68,
    0x69,0x67,0x68,0x70,0x20,0x76,0x65,0x63,0x33,0x20,0x5f,0x32,0x34,0x33,0x20,0x3d,
    0x20,0x74,0x6f,0x6e,0x65,0x6d,0x61,0x70,0x5f,0x61,0x63,0x65,0x73,0x28,0x70,0x61,
    0x72,0x61,0x6d,0x5f,0x31,0x29,0x3b,0x0a,0x20,0x20,0x20,0x20,0x20,0x20,0x20,0x20,
    0x20,0x20,0x20,0x20,0x63,0x6f,0x6c,0x6f,0x72,0x20,0x3d,0x20,0x5f,0x32,0x34,0x33,
    0x3b,0x0a,0x20,0x20,0x20,0x20,0x20,0x20,0x20,0x20,0x7d,0x0a,0x20,0x20,0x20,0x20,
    0x7d,0x0a,0x20,0x20,0x20,0x20,0x68,0x69,0x67,0x68,0x70,0x20,0x76,0x65,0x63,0x33,
    0x20,0x70,0x61,0x72,0x61,0x6d,0x5f,0x32,0x20,0x3d,0x20,0x63,0x6f,0x6c,0x6f,0x72,
    0x3b,0x0a,0x20,0x20,0x20,0x20,0x68,0x69,0x67,0x68,0x70,0x20,0x76,0x65,0x63,0x33,
    0x20,0x5f,0x32,0x34,0x36,0x20,0x3d,0x20,0x6c,0x69,0x6e,0x65,0x61,0x72,0x5f,0x74,
    0x6f,0x5f,0x73,0x72,0x67,0x62,0x28,0x70,0x61,0x72,0x61,0x6d,0x5f,0x32,0x29,0x3b,
    0x0a,0x20,0x20,0x20,0x20,0x72,0x65,0x74,0x75,0x72,0x6e,0x20,0x5f,0x32,0x34,0x36,
    0x3b,0x0a,0x7d,0x0a,0x0a,0x68,0x69,0x67,0x68,0x70,0x20,0x66,0x6c,0x6f,0x61,0x74,
    0x20,0x61,0x74,0x74,0x65,0x6e,0x75,0x61,0x74,0x69,0x6f,0x6e,0x28,0x68,0x69,0x67,
    0x68,0x70,0x20,0x66,0x6c,0x6f,0x61,0x74,0x20,0x64,0x2c,0x20,0x68,0x69,0x67,0x68,
    0x70,0x20,0x66,0x6c,0x6f,0x61,0x74,0x20,0x72,0x61,0x6e,0x67,0x65,0x29,0x0a,0x7b,
    0x0a,0x20,0x20,0x20,0x20,0x68,0x69,0x67,0x68,0x70,0x20,0x66,0x6c,0x6f,0x61,0x74,
    0x20,0x5f,0x34,0x33,0x33,0x20,0x3d,0x20,0x31,0x2e,0x30,0x20,0x2f,0x20,0x6d,0x61,
    0x78,0x28,0x64,0x20,0x2a,0x20,0x64,0x2c,0x20,0x30,0x2e,0x30,0x30,0x39,0x39,0x39,
    0x39,0x39,0x39,0x39,0x37,0x37,0x36,0x34,0x38,0x32,0x35,0x38,0x32,0x30,0x39,0x32,
    0x32,0x38,0x35,0x31,0x35,0x36,0x32,0x35,0x29,0x3b,0x0a,0x20,0x20,0x20,0x20,0x69,
    0x66,0x20,0x28,0x72,0x61,0x6e,0x67,0x65,0x20,0x3c,0x3d,0x20,0x30,0x2e,0x30,0x29,
    0x0a,0x20,0x20,0x20,0x20,0x7b,0x0a,0x20,0x20,0x20,0x20,0x20,0x20,0x20,0x20,0x72,
    0x65,0x74,0x75,0x72,0x6e,0x20,0x5f,0x34,0x33,0x33,0x3b,0x0a,0x20,0x20,0x20,0x20,
    0x7d,0x0a,0x20,0x20,0x20,0x20,0x68,0x69,0x67,0x68,0x70,0x20,0x66,0x6c,0x6f,0x61,
    0x74,0x20,0x5f,0x34,0x34,0x33,0x20,0x3d,0x20,0x64,0x20,0x2f,0x20,0x72,0x61,0x6e,
    0x67,0x65,0x3b,0x0a,0x20,0x20,0x20,0x20,0x68,0x69,0x67,0x68,0x70,0x20,0x66,0x6c,
    0x6f,0x61,0x74,0x20,0x5f,0x34,0x35,0x33,0x20,0x3d,0x20,0x63,0x6c,0x61,0x6d,0x70,
    0x28,0x31,0x2e,0x30,0x20,0x2d,0x20,0x28,0x28,0x28,0x5f,0x34,0x34,0x33,0x20,0x2a,
    0x20,0x5f,0x34,0x34,0x33,0x29,0x20,0x2a,0x20,0x5f,0x34,0x34,0x33,0x29,0x20,0x2a,
    0x20,0x5f,0x34,0x34,0x33,0x29,0x2c,0x20,0x30,0x2e,0x30,0x2c,0x20,0x31,0x2e,0x30,
    0x29,0x3b,0x0a,0x20,0x20,0x20,0x20,0x72,0x65,0x74,0x75,0x72,0x6e,0x20,0x28,0x5f,
    0x34,0x35,0x33,0x20,0x2a,0x20,0x5f,0x34,0x35,0x33,0x29,0x20,0x2a,0x20,0x5f,0x34,
    0x33,0x33,0x3b,0x0a,0x7d,0x0a,0x0a,0x68,0x69,0x67,0x68,0x70,0x20,0x66,0x6c,0x6f,
    0x61,0x74,0x20,0x73,0x70,0x6f,0x74,0x5f,0x66,0x61,0x63,0x74,0x6f,0x72,0x28,0x68,
    0x69,0x67,0x68,0x70,0x20,0x66,0x6c,0x6f,0x61,0x74,0x20,0x63,0x6f,0x73,0x5f,0x61,
    0x6e,0x67,0x6c,0x65,0x2c,0x20,0x68,0x69,0x67,0x68,0x70,0x20,0x66,0x6c,0x6f,0x61,
    0x74,0x20,0x63,0x6f,0x73,0x5f,0x69,0x6e,0x6e,0x65,0x72,0x2c,0x20,0x68,0x69,0x67,
    0x68,0x70,0x20,0x66,0x6c,0x6f,0x61,0x74,0x20,0x63,0x6f,0x73,0x5f,0x6f,0x75,0x74,
    0x65,0x72,0x29,0x0a,0x7b,0x0a,0x20,0x20,0x20,0x20,0x69,0x66,0x20,0x28,0x28,0x63,
    0x6f,0x73,0x5f,0x69,0x6e,0x6e,0x65,0x72,0x20,0x2d,0x20,0x63,0x6f,0x73,0x5f,0x6f,
    0x75,0x74,0x65,0x72,0x29,0x20,0x3c,0x3d,0x20,0x39,0x2e,0x39,0x39,0x39,0x39,0x39,
    0x39,0x39,0x37,0x34,0x37,0x35,0x32,0x34,0x32,0x37,0x30,0x37,0x38,0x37,0x38,0x33,
    0x35,0x31,0x32,0x31,0x31,0x35,0x34,0x37,0x38,0x35,0x65,0x2d,0x30,0x37,0x29,0x0a,
    0x20,0x20,0x20,0x20,0x7b,0x0a,0x20,0x20,0x20,0x20,0x20,0x20,0x20,0x20,0x72,0x65,
    0x74,0x75,0x72,0x6e,0x20,0x66,0x6c,0x6f,0x61,0x74,0x28,0x63,0x6f,0x73,0x5f,0x61,
    0x6e,0x67,0x6c,0x65,0x20,0x3e,0x3d,0x20,0x63,0x6f,0x73,0x5f,0x6f,0x75,0x74,0x65,
    0x72,0x29,0x3b,0x0a,0x20,0x20,0x20,0x20,0x7d,0x0a,0x20,0x20,0x20,0x20,0x72,0x65,
    0x74,0x75,0x72,0x6e,0x20,0x73,0x6d,0x6f,0x6f,0x74,0x68,0x73,0x74,0x65,0x70,0x28,
    0x63,0x6f,0x73,0x5f,0x6f,0x75,0x74,0x65,0x72,0x2c,0x20,0x63,0x6f,0x73,0x5f,0x69,
    0x6e,0x6e,0x65,0x72,0x2c,0x20,0x63,0x6f,0x73,0x5f,0x61,0x6e,0x67,0x6c,0x65,0x29,
    0x3b,0x0a,0x7d,0x0a,0x0a,0x68,0x69,0x67,0x68,0x70,0x20,0x76,0x65,0x63,0x33,0x20,
    0x65,0x6e,0x76,0x5f,0x64,0x69,0x72,0x28,0x68,0x69,0x67,0x68,0x70,0x20,0x76,0x65,
    0x63,0x33,0x20,0x64,0x69,0x72,0x2c,0x20,0x68,0x69,0x67,0x68,0x70,0x20,0x76,0x65,
    0x63,0x34,0x20,0x65,0x6e,0x76,0x29,0x0a,0x7b,0x0a,0x20,0x20,0x20,0x20,0x72,0x65,
    0x74,0x75,0x72,0x6e,0x20,0x76,0x65,0x63,0x33,0x28,0x28,0x65,0x6e,0x76,0x2e,0x7a,
    0x20,0x2a,0x20,0x64,0x69,0x72,0x2e,0x78,0x29,0x20,0x2d,0x20,0x28,0x65,0x6e,0x76,
    0x2e,0x77,0x20,0x2a,0x20,0x64,0x69,0x72,0x2e,0x7a,0x29,0x2c,0x20,0x64,0x69,0x72,
    0x2e,0x79,0x2c,0x20,0x28,0x65,0x6e,0x76,0x2e,0x77,0x20,0x2a,0x20,0x64,0x69,0x72,
    0x2e,0x78,0x29,0x20,0x2b,0x20,0x28,0x65,0x6e,0x76,0x2e,0x7a,0x20,0x2a,0x20,0x64,
    0x69,0x72,0x2e,0x7a,0x29,0x29,0x3b,0x0a,0x7d,0x0a,0x0a,0x68,0x69,0x67,0x68,0x70,
    0x20,0x76,0x65,0x63,0x33,0x20,0x65,0x76,0x61,0x6c,0x5f,0x73,0x68,0x28,0x68,0x69,
    0x67,0x68,0x70,0x20,0x76,0x65,0x63,0x33,0x20,0x6e,0x29,0x0a,0x7b,0x0a,0x20,0x20,
    0x20,0x20,0x68,0x69,0x67,0x68,0x70,0x20,0x76,0x65,0x63,0x33,0x20,0x5f,0x33,0x38,
    0x36,0x20,0x3d,0x20,0x28,0x28,0x28,0x28,0x28,0x28,0x28,0x28,0x66,0x73,0x5f,0x73,
    0x63,0x65,0x6e,0x65,0x5b,0x33,0x5d,0x2e,0x78,0x79,0x7a,0x20,0x2a,0x20,0x30,0x2e,
    0x32,0x38,0x32,0x30,0x39,0x34,0x39,0x38,0x35,0x32,0x34,0x36,0x36,0x35,0x38,0x33,
    0x32,0x35,0x31,0x39,0x35,0x33,0x31,0x32,0x35,0x29,0x20,0x2b,0x20,0x28,0x66,0x73,
    0x5f,0x73,0x63,0x65,0x6e,0x65,0x5b,0x34,0x5d,0x2e,0x78,0x79,0x7a,0x20,0x2a,0x20,
    0x28,0x30,0x2e,0x34,0x38,0x38,0x36,0x30,0x32,0x39,0x39,0x35,0x38,0x37,0x32,0x34,
    0x39,0x37,0x35,0x35,0x38,0x35,0x39,0x33,0x37,0x35,0x20,0x2a,0x20,0x6e,0x2e,0x79,
    0x29,0x29,0x29,0x20,0x2b,0x20,0x28,0x66,0x73,0x5f,0x73,0x63,0x65,0x6e,0x65,0x5b,
    0x35,0x5d,0x2e,0x78,0x79,0x7a,0x20,0x2a,0x20,0x28,0x30,0x2e,0x34,0x38,0x38,0x36,
    0x30,0x32,0x39,0x39,0x35,0x38,0x37,0x32,0x34,0x39,0x37,0x35,0x35,0x38,0x35,0x39,
    0x33,0x37,0x35,0x20,0x2a,0x20,0x6e,0x2e,0x7a,0x29,0x29,0x29,0x20,0x2b,0x20,0x28,
    0x66,0x73,0x5f,0x73,0x63,0x65,0x6e,0x65,0x5b,0x36,0x5d,0x2e,0x78,0x79,0x7a,0x20,
    0x2a,0x20,0x28,0x30,0x2e,0x34,0x38,0x38,0x36,0x30,0x32,0x39,0x39,0x35,0x38,0x37,
    0x32,0x34,0x39,0x37,0x35,0x35,0x38,0x35,0x39,0x33,0x37,0x35,0x20,0x2a,0x20,0x6e,
    0x2e,0x78,0x29,0x29,0x29,0x20,0x2b,0x20,0x28,0x66,0x73,0x5f,0x73,0x63,0x65,0x6e,
    0x65,0x5b,0x37,0x5d,0x2e,0x78,0x79,0x7a,0x20,0x2a,0x20,0x28,0x28,0x31,0x2e,0x30,
    0x39,0x32,0x35,0x34,0x38,0x30,0x31,0x32,0x37,0x33,0x33,0x34,0x35,0x39,0x34,0x37,
    0x32,0x36,0x35,0x36,0x32,0x35,0x20,0x2a,0x20,0x6e,0x2e,0x78,0x29,0x20,0x2a,0x20,
    0x6e,0x2e,0x79,0x29,0x29,0x29,0x20,0x2b,0x20,0x28,0x66,0x73,0x5f,0x73,0x63,0x65,
    0x6e,0x65,0x5b,0x38,0x5d,0x2e,0x78,0x79,0x7a,0x20,0x2a,0x20,0x28,0x28,0x31,0x2e,
    0x30,0x39,0x32,0x35,0x34,0x38,0x30,0x31,0x32,0x37,0x33,0x33,0x34,0x35,0x39,0x34,
    0x37,0x32,0x36,0x35,0x36,0x32,0x35,0x20,0x2a,0x20,0x6e,0x2e,0x79,0x29,0x20,0x2a,
    0x20,0x6e,0x2e,0x7a,0x29,0x29,0x29,0x20,0x2b,0x20,0x28,0x66,0x73,0x5f,0x73,0x63,
    0x65,0x6e,0x65,0x5b,0x39,0x5d,0x2e,0x78,0x79,0x7a,0x20,0x2a,0x20,0x28,0x30,0x2e,
    0x33,0x31,0x35,0x33,0x39,0x31,0x39,0x38,0x37,0x35,0x36,0x32,0x31,0x37,0x39,0x35,
    0x36,0x35,0x34,0x32,0x39,0x36,0x38,0x37,0x35,0x20,0x2a,0x20,0x28,0x28,0x28,0x33,
    0x2e,0x30,0x20,0x2a,0x20,0x6e,0x2e,0x7a,0x29,0x20,0x2a,0x20,0x6e,0x2e,0x7a,0x29,
    0x20,0x2d,0x20,0x31,0x2e,0x30,0x29,0x29,0x29,0x29,0x20,0x2b,0x20,0x28,0x66,0x73,
    0x5f,0x73,0x63,0x65,0x6e,0x65,0x5b,0x31,0x30,0x5d,0x2e,0x78,0x79,0x7a,0x20,0x2a,
    0x20,0x28,0x28,0x31,0x2e,0x30,0x39,0x32,0x35,0x34,0x38,0x30,0x31,0x32,0x37,0x33,
    0x33,0x34,0x35,0x39,0x34,0x37,0x32,0x36,0x35,0x36,0x32,0x35,0x20,0x2a,0x20,0x6e,
    0x2e,0x78,0x29,0x20,0x2a,0x20,0x6e,0x2e,0x7a,0x29,0x29,0x29,0x20,0x2b,0x20,0x28,
    0x66,0x73,0x5f,0x73,0x63,0x65,0x6e,0x65,0x5b,0x31,0x31,0x5d,0x2e,0x78,0x79,0x7a,
    0x20,0x2a,0x20,0x28,0x30,0x2e,0x35,0x34,0x36,0x32,0x37,0x34,0x30,0x30,0x36,0x33,
    0x36,0x36,0x37,0x32,0x39,0x37,0x33,0x36,0x33,0x32,0x38,0x31,0x32,0x35,0x20,0x2a,
    0x20,0x28,0x28,0x6e,0x2e,0x78,0x20,0x2a,0x20,0x6e,0x2e,0x78,0x29,0x20,0x2d,0x20,
    0x28,0x6e,0x2e,0x79,0x20,0x2a,0x20,0x6e,0x2e,0x79,0x29,0x29,0x29,0x29,0x3b,0x0a,
    0x20,0x20,0x20,0x20,0x72,0x65,0x74,0x75,0x72,0x6e,0x20,0x5f,0x33,0x38,0x36,0x3b,
    0x0a,0x7d,0x0a,0x0a,0x76,0x6f,0x69,0x64,0x20,0x6d,0x61,0x69,0x6e,0x28,0x29,0x0a,
    0x7b,0x0a,0x20,0x20,0x20,0x20,0x69,0x6e,0x74,0x20,0x70,0x61,0x72,0x61,0x6d,0x20,
    0x3d,0x20,0x30,0x3b,0x0a,0x20,0x20,0x20,0x20,0x68,0x69,0x67,0x68,0x70,0x20,0x76,
    0x65,0x63,0x34,0x20,0x5f,0x34,0x39,0x32,0x20,0x3d,0x20,0x74,0x65,0x78,0x74,0x75,
    0x72,0x65,0x28,0x62,0x61,0x73,0x65,0x5f,0x63,0x6f,0x6c,0x6f,0x72,0x5f,0x74,0x65,
    0x78,0x5f,0x62,0x61,0x73,0x65,0x5f,0x63,0x6f,0x6c,0x6f,0x72,0x5f,0x73,0x6d,0x70,
    0x2c,0x20,0x74,0x65,0x78,0x5f,0x75,0x76,0x28,0x70,0x61,0x72,0x61,0x6d,0x29,0x29,
    0x3b,0x0a,0x20,0x20,0x20,0x20,0x68,0x69,0x67,0x68,0x70,0x20,0x76,0x65,0x63,0x33,
    0x20,0x70,0x61,0x72,0x61,0x6d,0x5f,0x31,0x20,0x3d,0x20,0x5f,0x34,0x39,0x32,0x2e,
    0x78,0x79,0x7a,0x3b,0x0a,0x20,0x20,0x20,0x20,0x68,0x69,0x67,0x68,0x70,0x20,0x76,
    0x65,0x63,0x34,0x20,0x5f,0x35,0x31,0x30,0x20,0x3d,0x20,0x28,0x76,0x65,0x63,0x34,
    0x28,0x73,0x72,0x67,0x62,0x5f,0x74,0x6f,0x5f,0x6c,0x69,0x6e,0x65,0x61,0x72,0x28,
    0x70,0x61,0x72,0x61,0x6d,0x5f,0x31,0x29,0x2c,0x20,0x5f,0x34,0x39,0x32,0x2e,0x77,
    0x29,0x20,0x2a,0x20,0x66,0x73,0x5f,0x70,0x61,0x72,0x61,0x6d,0x73,0x5b,0x30,0x5d,
    0x29,0x20,0x2a,0x20,0x76,0x5f,0x63,0x6f,0x6c,0x6f,0x72,0x3b,0x0a,0x20,0x20,0x20,
    0x20,0x68,0x69,0x67,0x68,0x70,0x20,0x66,0x6c,0x6f,0x61,0x74,0x20,0x5f,0x35,0x31,
    0x32,0x20,0x3d,0x20,0x5f,0x35,0x31,0x30,0x2e,0x77,0x3b,0x0a,0x20,0x20,0x20,0x20,
    0x69,0x66,0x20,0x28,0x5f,0x35,0x31,0x32,0x20,0x3c,0x20,0x66,0x73,0x5f,0x70,0x61,
    0x72,0x61,0x6d,0x73,0x5b,0x33,0x5d,0x2e,0x78,0x29,0x0a,0x20,0x20,0x20,0x20,0x7b,
    0x0a,0x20,0x20,0x20,0x20,0x20,0x20,0x20,0x20,0x64,0x69,0x73,0x63,0x61,0x72,0x64,
    0x3b,0x0a,0x20,0x20,0x20,0x20,0x7d,0x0a,0x20,0x20,0x20,0x20,0x69,0x66,0x20,0x28,
    0x66,0x73,0x5f,0x70,0x61,0x72,0x61,0x6d,0x73,0x5b,0x32,0x5d,0x2e,0x77,0x20,0x3c,
    0x20,0x30,0x2e,0x35,0x29,0x0a,0x20,0x20,0x20,0x20,0x7b,0x0a,0x20,0x20,0x20,0x20,
    0x20,0x20,0x20,0x20,0x68,0x69,0x67,0x68,0x70,0x20,0x76,0x65,0x63,0x33,0x20,0x70,
    0x61,0x72,0x61,0x6d,0x5f,0x32,0x20,0x3d,0x20,0x5f,0x35,0x31,0x30,0x2e,0x78,0x79,
    0x7a,0x3b,0x0a,0x20,0x20,0x20,0x20,0x20,0x20,0x20,0x20,0x68,0x69,0x67,0x68,0x70,
    0x20,0x76,0x65,0x63,0x34,0x20,0x70,0x61,0x72,0x61,0x6d,0x5f,0x33,0x20,0x3d,0x20,
    0x66,0x73,0x5f,0x73,0x63,0x65,0x6e,0x65,0x5b,0x31,0x32,0x5d,0x3b,0x0a,0x20,0x20,
    0x20,0x20,0x20,0x20,0x20,0x20,0x68,0x69,0x67,0x68,0x70,0x20,0x76,0x65,0x63,0x33,
    0x20,0x5f,0x35,0x33,0x32,0x20,0x3d,0x20,0x74,0x6f,0x5f,0x64,0x69,0x73,0x70,0x6c,
    0x61,0x79,0x28,0x70,0x61,0x72,0x61,0x6d,0x5f,0x32,0x2c,0x20,0x70,0x61,0x72,0x61,
    0x6d,0x5f,0x33,0x29,0x3b,0x0a,0x20,0x20,0x20,0x20,0x20,0x20,0x20,0x20,0x66,0x72,
    0x61,0x67,0x5f,0x63,0x6f,0x6c,0x6f,0x72,0x20,0x3d,0x20,0x76,0x65,0x63,0x34,0x28,
    0x5f,0x35,0x33,0x32,0x2c,0x20,0x5f,0x35,0x31,0x32,0x29,0x3b,0x0a,0x20,0x20,0x20,
    0x20,0x20,0x20,0x20,0x20,0x72,0x65,0x74,0x75,0x72,0x6e,0x3b,0x0a,0x20,0x20,0x20,
    0x20,0x7d,0x0a,0x20,0x20,0x20,0x20,0x68,0x69,0x67,0x68,0x70,0x20,0x76,0x65,0x63,
    0x33,0x20,0x5f,0x35,0x34,0x34,0x20,0x3d,0x20,0x6e,0x6f,0x72,0x6d,0x61,0x6c,0x69,
    0x7a,0x65,0x28,0x76,0x5f,0x6e,0x6f,0x72,0x6d,0x61,0x6c,0x29,0x3b,0x0a,0x20,0x20,
    0x20,0x20,0x68,0x69,0x67,0x68,0x70,0x20,0x76,0x65,0x63,0x33,0x20,0x6e,0x20,0x3d,
    0x20,0x5f,0x35,0x34,0x34,0x3b,0x0a,0x20,0x20,0x20,0x20,0x68,0x69,0x67,0x68,0x70,
    0x20,0x76,0x65,0x63,0x33,0x20,0x5f,0x35,0x35,0x35,0x20,0x3d,0x20,0x76,0x5f,0x74,
    0x61,0x6e,0x67,0x65,0x6e,0x74,0x2e,0x78,0x79,0x7a,0x20,0x2d,0x20,0x28,0x5f,0x35,
    0x34,0x34,0x20,0x2a,0x20,0x64,0x6f,0x74,0x28,0x5f,0x35,0x34,0x34,0x2c,0x20,0x76,
    0x5f,0x74,0x61,0x6e,0x67,0x65,0x6e,0x74,0x2e,0x78,0x79,0x7a,0x29,0x29,0x3b,0x0a,
    0x20,0x20,0x20,0x20,0x68,0x69,0x67,0x68,0x70,0x20,0x76,0x65,0x63,0x33,0x20,0x74,
    0x20,0x3d,0x20,0x5f,0x35,0x35,0x35,0x3b,0x0a,0x20,0x20,0x20,0x20,0x69,0x66,0x20,
    0x28,0x64,0x6f,0x74,0x28,0x5f,0x35,0x35,0x35,0x2c,0x20,0x5f,0x35,0x35,0x35,0x29,
    0x20,0x3e,0x20,0x39,0x2e,0x39,0x39,0x39,0x39,0x39,0x39,0x39,0x33,0x39,0x32,0x32,
    0x35,0x32,0x39,0x30,0x32,0x39,0x30,0x37,0x37,0x38,0x35,0x30,0x32,0x38,0x32,0x31,
    0x39,0x32,0x32,0x33,0x65,0x2d,0x30,0x39,0x29,0x0a,0x20,0x20,0x20,0x20,0x7b,0x0a,
    0x20,0x20,0x20,0x20,0x20,0x20,0x20,0x20,0x68,0x69,0x67,0x68,0x70,0x20,0x76,0x65,
    0x63,0x33,0x20,0x5f,0x35,0x36,0x39,0x20,0x3d,0x20,0x74,0x3b,0x0a,0x20,0x20,0x20,
    0x20,0x20,0x20,0x20,0x20,0x68,0x69,0x67,0x68,0x70,0x20,0x76,0x65,0x63,0x33,0x20,
    0x5f,0x35,0x37,0x30,0x20,0x3d,0x20,0x6e,0x6f,0x72,0x6d,0x61,0x6c,0x69,0x7a,0x65,
    0x28,0x5f,0x35,0x36,0x39,0x29,0x3b,0x0a,0x20,0x20,0x20,0x20,0x20,0x20,0x20,0x20,
    0x74,0x20,0x3d,0x20,0x5f,0x35,0x37,0x30,0x3b,0x0a,0x20,0x20,0x20,0x20,0x20,0x20,
    0x20,0x20,0x69,0x6e,0x74,0x20,0x70,0x61,0x72,0x61,0x6d,0x5f,0x34,0x20,0x3d,0x20,
    0x32,0x3b,0x0a,0x20,0x20,0x20,0x20,0x20,0x20,0x20,0x20,0x68,0x69,0x67,0x68,0x70,
    0x20,0x76,0x65,0x63,0x33,0x20,0x5f,0x35,0x39,0x32,0x20,0x3d,0x20,0x28,0x74,0x65,
    0x78,0x74,0x75,0x72,0x65,0x28,0x6e,0x6f,0x72,0x6d,0x61,0x6c,0x5f,0x74,0x65,0x78,
    0x5f,0x6e,0x6f,0x72,0x6d,0x61,0x6c,0x5f,0x73,0x6d,0x70,0x2c,0x20,0x74,0x65,0x78,
    0x5f,0x75,0x76,0x28,0x70,0x61,0x72,0x61,0x6d,0x5f,0x34,0x29,0x29,0x2e,0x78,0x79,
    0x7a,0x20,0x2a,0x20,0x32,0x2e,0x30,0x29,0x20,0x2d,0x20,0x76,0x65,0x63,0x33,0x28,
    0x31,0x2e,0x30,0x29,0x3b,0x0a,0x20,0x20,0x20,0x20,0x20,0x20,0x20,0x20,0x68,0x69,
    0x67,0x68,0x70,0x20,0x76,0x65,0x63,0x32,0x20,0x5f,0x35,0x39,0x37,0x20,0x3d,0x20,
    0x5f,0x35,0x39,0x32,0x2e,0x78,0x79,0x20,0x2a,0x20,0x66,0x73,0x5f,0x70,0x61,0x72,
    0x61,0x6d,0x73,0x5b,0x31,0x5d,0x2e,0x77,0x3b,0x0a,0x20,0x20,0x20,0x20,0x20,0x20,
    0x20,0x20,0x68,0x69,0x67,0x68,0x70,0x20,0x76,0x65,0x63,0x33,0x20,0x5f,0x31,0x30,
    0x33,0x34,0x20,0x3d,0x20,0x5f,0x35,0x39,0x32,0x3b,0x0a,0x20,0x20,0x20,0x20,0x20,
    0x20,0x20,0x20,0x5f,0x31,0x30,0x33,0x34,0x2e,0x78,0x20,0x3d,0x20,0x5f,0x35,0x39,
    0x37,0x2e,0x78,0x3b,0x0a,0x20,0x20,0x20,0x20,0x20,0x20,0x20,0x20,0x5f,0x31,0x30,
    0x33,0x34,0x2e,0x79,0x20,0x3d,0x20,0x5f,0x35,0x39,0x37,0x2e,0x79,0x3b,0x0a,0x20,
    0x20,0x20,0x20,0x20,0x20,0x20,0x20,0x6e,0x20,0x3d,0x20,0x6e,0x6f,0x72,0x6d,0x61,
    0x6c,0x69,0x7a,0x65,0x28,0x6d,0x61,0x74,0x33,0x28,0x74,0x2c,0x20,0x63,0x72,0x6f,
    0x73,0x73,0x28,0x6e,0x2c,0x20,0x5f,0x35,0x37,0x30,0x29,0x20,0x2a,0x20,0x76,0x5f,
    0x74,0x61,0x6e,0x67,0x65,0x6e,0x74,0x2e,0x77,0x2c,0x20,0x6e,0x29,0x20,0x2a,0x20,
    0x5f,0x31,0x30,0x33,0x34,0x29,0x3b,0x0a,0x20,0x20,0x20,0x20,0x7d,0x0a,0x20,0x20,
    0x20,0x20,0x6e,0x20,0x2a,0x3d,0x20,0x28,0x67,0x6c,0x5f,0x46,0x72,0x6f,0x6e,0x74,
    0x46,0x61,0x63,0x69,0x6e,0x67,0x20,0x3f,0x20,0x31,0x2e,0x30,0x20,0x3a,0x20,0x28,
    0x2d,0x31,0x2e,0x30,0x29,0x29,0x3b,0x0a,0x20,0x20,0x20,0x20,0x69,0x6e,0x74,0x20,
    0x70,0x61,0x72,0x61,0x6d,0x5f,0x35,0x20,0x3d,0x20,0x31,0x3b,0x0a,0x20,0x20,0x20,
    0x20,0x68,0x69,0x67,0x68,0x70,0x20,0x76,0x65,0x63,0x34,0x20,0x5f,0x36,0x33,0x33,
    0x20,0x3d,0x20,0x74,0x65,0x78,0x74,0x75,0x72,0x65,0x28,0x6d,0x65,0x74,0x61,0x6c,
    0x6c,0x69,0x63,0x5f,0x72,0x6f,0x75,0x67,0x68,0x6e,0x65,0x73,0x73,0x5f,0x74,0x65,
    0x78,0x5f,0x6d,0x65,0x74,0x61,0x6c,0x6c,0x69,0x63,0x5f,0x72,0x6f,0x75,0x67,0x68,
    0x6e,0x65,0x73,0x73,0x5f,0x73,0x6d,0x70,0x2c,0x20,0x74,0x65,0x78,0x5f,0x75,0x76,
    0x28,0x70,0x61,0x72,0x61,0x6d,0x5f,0x35,0x29,0x29,0x3b,0x0a,0x20,0x20,0x20,0x20,
    0x68,0x69,0x67,0x68,0x70,0x20,0x66,0x6c,0x6f,0x61,0x74,0x20,0x5f,0x36,0x34,0x31,
    0x20,0x3d,0x20,0x63,0x6c,0x61,0x6d,0x70,0x28,0x66,0x73,0x5f,0x70,0x61,0x72,0x61,
    0x6d,0x73,0x5b,0x32,0x5d,0x2e,0x78,0x20,0x2a,0x20,0x5f,0x36,0x33,0x33,0x2e,0x7a,
    0x2c,0x20,0x30,0x2e,0x30,0x2c,0x20,0x31,0x2e,0x30,0x29,0x3b,0x0a,0x20,0x20,0x20,
    0x20,0x68,0x69,0x67,0x68,0x70,0x20,0x66,0x6c,0x6f,0x61,0x74,0x20,0x5f,0x36,0x34,
    0x38,0x20,0x3d,0x20,0x63,0x6c,0x61,0x6d,0x70,0x28,0x66,0x73,0x5f,0x70,0x61,0x72,
    0x61,0x6d,0x73,0x5b,0x32,0x5d,0x2e,0x79,0x20,0x2a,0x20,0x5f,0x36,0x33,0x33,0x2e,
    0x79,0x2c,0x20,0x30,0x2e,0x30,0x32,0x39,0x39,0x39,0x39,0x39,0x39,0x39,0x33,0x32,
    0x39,0x34,0x34,0x37,0x37,0x34,0x36,0x32,0x37,0x36,0x38,0x35,0x35,0x34,0x36,0x38,
    0x37,0x35,0x2c,0x20,0x31,0x2e,0x30,0x29,0x3b,0x0a,0x20,0x20,0x20,0x20,0x68,0x69,
    0x67,0x68,0x70,0x20,0x66,0x6c,0x6f,0x61,0x74,0x20,0x5f,0x36,0x35,0x32,0x20,0x3d,
    0x20,0x5f,0x36,0x34,0x38,0x20,0x2a,0x20,0x5f,0x36,0x34,0x38,0x3b,0x0a,0x20,0x20,
    0x20,0x20,0x68,0x69,0x67,0x68,0x70,0x20,0x66,0x6c,0x6f,0x61,0x74,0x20,0x5f,0x36,
    0x35,0x36,0x20,0x3d,0x20,0x5f,0x36,0x35,0x32,0x20,0x2a,0x20,0x5f,0x36,0x35,0x32,
    0x3b,0x0a,0x20,0x20,0x20,0x20,0x68,0x69,0x67,0x68,0x70,0x20,0x76,0x65,0x63,0x33,
    0x20,0x5f,0x36,0x36,0x30,0x20,0x3d,0x20,0x5f,0x35,0x31,0x30,0x2e,0x78,0x79,0x7a,
    0x3b,0x0a,0x20,0x20,0x20,0x20,0x68,0x69,0x67,0x68,0x70,0x20,0x76,0x65,0x63,0x33,
    0x20,0x5f,0x36,0x36,0x33,0x20,0x3d,0x20,0x6d,0x69,0x78,0x28,0x76,0x65,0x63,0x33,
    0x28,0x30,0x2e,0x30,0x33,0x39,0x39,0x39,0x39,0x39,0x39,0x39,0x31,0x30,0x35,0x39,
    0x33,0x30,0x33,0x32,0x38,0x33,0x36,0x39,0x31,0x34,0x30,0x36,0x32,0x35,0x29,0x2c,
    0x20,0x5f,0x36,0x36,0x30,0x2c,0x20,0x76,0x65,0x63,0x33,0x28,0x5f,0x36,0x34,0x31,
    0x29,0x29,0x3b,0x0a,0x20,0x20,0x20,0x20,0x68,0x69,0x67,0x68,0x70,0x20,0x76,0x65,
    0x63,0x33,0x20,0x5f,0x36,0x36,0x39,0x20,0x3d,0x20,0x5f,0x36,0x36,0x30,0x20,0x2a,
    0x20,0x28,0x31,0x2e,0x30,0x20,0x2d,0x20,0x5f,0x36,0x34,0x31,0x29,0x3b,0x0a,0x20,
    0x20,0x20,0x20,0x68,0x69,0x67,0x68,0x70,0x20,0x76,0x65,0x63,0x33,0x20,0x5f,0x36,
    0x37,0x37,0x20,0x3d,0x20,0x6e,0x6f,0x72,0x6d,0x61,0x6c,0x69,0x7a,0x65,0x28,0x66,
    0x73,0x5f,0x73,0x63,0x65,0x6e,0x65,0x5b,0x30,0x5d,0x2e,0x78,0x79,0x7a,0x20,0x2d,
    0x20,0x76,0x5f,0x77,0x6f,0x72,0x6c,0x64,0x5f,0x70,0x6f,0x73,0x29,0x3b,0x0a,0x20,
    0x20,0x20,0x20,0x68,0x69,0x67,0x68,0x70,0x20,0x66,0x6c,0x6f,0x61,0x74,0x20,0x5f,
    0x36,0x38,0x34,0x20,0x3d,0x20,0x63,0x6c,0x61,0x6d,0x70,0x28,0x61,0x62,0x73,0x28,
    0x64,0x6f,0x74,0x28,0x6e,0x2c,0x20,0x5f,0x36,0x37,0x37,0x29,0x29,0x2c,0x20,0x39,
    0x2e,0x39,0x39,0x39,0x39,0x39,0x39,0x37,0x34,0x37,0x33,0x37,0x38,0x37,0x35,0x31,
    0x36,0x33,0x35,0x35,0x35,0x31,0x34,0x35,0x32,0x36,0x33,0x36,0x37,0x31,0x38,0x38,
    0x65,0x2d,0x30,0x35,0x2c,0x20,0x31,0x2e,0x30,0x29,0x3b,0x0a,0x20,0x20,0x20,0x20,
    0x69,0x6e,0x74,0x20,0x70,0x61,0x72,0x61,0x6d,0x5f,0x36,0x20,0x3d,0x20,0x33,0x3b,
    0x0a,0x20,0x20,0x20,0x20,0x68,0x69,0x67,0x68,0x70,0x20,0x66,0x6c,0x6f,0x61,0x74,
    0x20,0x5f,0x36,0x39,0x39,0x20,0x3d,0x20,0x31,0x2e,0x30,0x20,0x2b,0x20,0x28,0x66,
    0x73,0x5f,0x70,0x61,0x72,0x61,0x6d,0x73,0x5b,0x32,0x5d,0x2e,0x7a,0x20,0x2a,0x20,
    0x28,0x74,0x65,0x78,0x74,0x75,0x72,0x65,0x28,0x6f,0x63,0x63,0x6c,0x75,0x73,0x69,
    0x6f,0x6e,0x5f,0x74,0x65,0x78,0x5f,0x6f,0x63,0x63,0x6c,0x75,0x73,0x69,0x6f,0x6e,
    0x5f,0x73,0x6d,0x70,0x2c,0x20,0x74,0x65,0x78,0x5f,0x75,0x76,0x28,0x70,0x61,0x72,
    0x61,0x6d,0x5f,0x36,0x29,0x29,0x2e,0x78,0x20,0x2d,0x20,0x31,0x2e,0x30,0x29,0x29,
    0x3b,0x0a,0x20,0x20,0x20,0x20,0x68,0x69,0x67,0x68,0x70,0x20,0x76,0x65,0x63,0x33,
    0x20,0x63,0x6f,0x6c,0x6f,0x72,0x20,0x3d,0x20,0x28,0x66,0x73,0x5f,0x73,0x63,0x65,
    0x6e,0x65,0x5b,0x31,0x5d,0x2e,0x78,0x79,0x7a,0x20,0x2a,0x20,0x28,0x5f,0x36,0x36,
    0x39,0x20,0x2b,0x20,0x5f,0x36,0x36,0x33,0x29,0x29,0x20,0x2a,0x20,0x5f,0x36,0x39,
    0x39,0x3b,0x0a,0x20,0x20,0x20,0x20,0x69,0x6e,0x74,0x20,0x5f,0x37,0x31,0x33,0x20,
    0x3d,0x20,0x69,0x6e,0x74,0x28,0x66,0x73,0x5f,0x70,0x61,0x72,0x61,0x6d,0x73,0x5b,
    0x33,0x5d,0x2e,0x79,0x29,0x3b,0x0a,0x20,0x20,0x20,0x20,0x68,0x69,0x67,0x68,0x70,
    0x20,0x76,0x65,0x63,0x33,0x20,0x6c,0x69,0x67,0x68,0x74,0x5f,0x64,0x69,0x72,0x3b,
    0x0a,0x20,0x20,0x20,0x20,0x68,0x69,0x67,0x68,0x70,0x20,0x76,0x65,0x63,0x33,0x20,
    0x5f,0x37,0x36,0x36,0x3b,0x0a,0x20,0x20,0x20,0x20,0x66,0x6f,0x72,0x20,0x28,0x69,
    0x6e,0x74,0x20,0x69,0x20,0x3d,0x20,0x30,0x3b,0x20,0x69,0x20,0x3c,0x20,0x38,0x3b,
    0x20,0x69,0x2b,0x2b,0x29,0x0a,0x20,0x20,0x20,0x20,0x7b,0x0a,0x20,0x20,0x20,0x20,
    0x20,0x20,0x20,0x20,0x69,0x66,0x20,0x28,0x69,0x20,0x3e,0x3d,0x20,0x5f,0x37,0x31,
    0x33,0x29,0x0a,0x20,0x20,0x20,0x20,0x20,0x20,0x20,0x20,0x7b,0x0a,0x20,0x20,0x20,
    0x20,0x20,0x20,0x20,0x20,0x20,0x20,0x20,0x20,0x62,0x72,0x65,0x61,0x6b,0x3b,0x0a,
    0x20,0x20,0x20,0x20,0x20,0x20,0x20,0x20,0x7d,0x0a,0x20,0x20,0x20,0x20,0x20,0x20,
    0x20,0x20,0x68,0x69,0x67,0x68,0x70,0x20,0x66,0x6c,0x6f,0x61,0x74,0x20,0x66,0x61,
    0x6c,0x6c,0x6f,0x66,0x66,0x20,0x3d,0x20,0x31,0x2e,0x30,0x3b,0x0a,0x20,0x20,0x20,
    0x20,0x20,0x20,0x20,0x20,0x69,0x6e,0x74,0x20,0x5f,0x37,0x34,0x32,0x20,0x3d,0x20,
    0x69,0x6e,0x74,0x28,0x66,0x73,0x5f,0x6c,0x69,0x67,0x68,0x74,0x73,0x5b,0x69,0x20,
    0x2a,0x20,0x31,0x20,0x2b,0x20,0x38,0x5d,0x2e,0x77,0x20,0x2b,0x20,0x30,0x2e,0x35,
    0x29,0x3b,0x0a,0x20,0x20,0x20,0x20,0x20,0x20,0x20,0x20,0x69,0x66,0x20,0x28,0x5f,
    0x37,0x34,0x32,0x20,0x3d,0x3d,0x20,0x30,0x29,0x0a,0x20,0x20,0x20,0x20,0x20,0x20,
    0x20,0x20,0x7b,0x0a,0x20,0x20,0x20,0x20,0x20,0x20,0x20,0x20,0x20,0x20,0x20,0x20,
    0x6c,0x69,0x67,0x68,0x74,0x5f,0x64,0x69,0x72,0x20,0x3d,0x20,0x6e,0x6f,0x72,0x6d,
    0x61,0x6c,0x69,0x7a,0x65,0x28,0x66,0x73,0x5f,0x6c,0x69,0x67,0x68,0x74,0x73,0x5b,
    0x69,0x20,0x2a,0x20,0x31,0x20,0x2b,0x20,0x38,0x5d,0x2e,0x78,0x79,0x7a,0x29,0x3b,
    0x0a,0x20,0x20,0x20,0x20,0x20,0x20,0x20,0x20,0x7d,0x0a,0x20,0x20,0x20,0x20,0x20,
    0x20,0x20,0x20,0x65,0x6c,0x73,0x65,0x0a,0x20,0x20,0x20,0x20,0x20,0x20,0x20,0x20,
    0x7b,0x0a,0x20,0x20,0x20,0x20,0x20,0x20,0x20,0x20,0x20,0x20,0x20,0x20,0x68,0x69,
    0x67,0x68,0x70,0x20,0x76,0x65,0x63,0x33,0x20,0x5f,0x37,0x36,0x30,0x20,0x3d,0x20,
    0x76,0x5f,0x77,0x6f,0x72,0x6c,0x64,0x5f,0x70,0x6f,0x73,0x20,0x2d,0x20,0x66,0x73,
    0x5f,0x6c,0x69,0x67,0x68,0x74,0x73,0x5b,0x69,0x20,0x2a,0x20,0x31,0x20,0x2b,0x20,
    0x30,0x5d,0x2e,0x78,0x79,0x7a,0x3b,0x0a,0x20,0x20,0x20,0x20,0x20,0x20,0x20,0x20,
    0x20,0x20,0x20,0x20,0x68,0x69,0x67,0x68,0x70,0x20,0x66,0x6c,0x6f,0x61,0x74,0x20,
    0x5f,0x37,0x36,0x33,0x20,0x3d,0x20,0x6c,0x65,0x6e,0x67,0x74,0x68,0x28,0x5f,0x37,
    0x36,0x30,0x29,0x3b,0x0a,0x20,0x20,0x20,0x20,0x20,0x20,0x20,0x20,0x20,0x20,0x20,
    0x20,0x69,0x66,0x20,0x28,0x5f,0x37,0x36,0x33,0x20,0x3e,0x20,0x39,0x2e,0x39,0x39,
    0x39,0x39,0x39,0x39,0x39,0x37,0x34,0x37,0x35,0x32,0x34,0x32,0x37,0x30,0x37,0x38,
    0x37,0x38,0x33,0x35,0x31,0x32,0x31,0x31,0x35,0x34,0x37,0x38,0x35,0x65,0x2d,0x30,
    0x37,0x29,0x0a,0x20,0x20,0x20,0x20,0x20,0x20,0x20,0x20,0x20,0x20,0x20,0x20,0x7b,
    0x0a,0x20,0x20,0x20,0x20,0x20,0x20,0x20,0x20,0x20,0x20,0x20,0x20,0x20,0x20,0x20,
    0x20,0x5f,0x37,0x36,0x36,0x20,0x3d,0x20,0x5f,0x37,0x36,0x30,0x20,0x2f,0x20,0x76,
    0x65,0x63,0x33,0x28,0x5f,0x37,0x36,0x33,0x29,0x3b,0x0a,0x20,0x20,0x20,0x20,0x20,
    0x20,0x20,0x20,0x20,0x20,0x20,0x20,0x7d,0x0a,0x20,0x20,0x20,0x20,0x20,0x20,0x20,
    0x20,0x20,0x20,0x20,0x20,0x65,0x6c,0x73,0x65,0x0a,0x20,0x20,0x20,0x20,0x20,0x20,
    0x20,0x20,0x20,0x20,0x20,0x20,0x7b,0x0a,0x20,0x20,0x20,0x20,0x20,0x20,0x20,0x20,
    0x20,0x20,0x20,0x20,0x20,0x20,0x20,0x20,0x5f,0x37,0x36,0x36,0x20,0x3d,0x20,0x76,
    0x65,0x63,0x33,0x28,0x30,0x2e,0x30,0x2c,0x20,0x2d,0x31,0x2e,0x30,0x2c,0x20,0x30,
    0x2e,0x30,0x29,0x3b,0x0a,0x20,0x20,0x20,0x20,0x20,0x20,0x20,0x20,0x20,0x20,0x20,
    0x20,0x7d,0x0a,0x20,0x20,0x20,0x20,0x20,0x20,0x20,0x20,0x20,0x20,0x20,0x20,0x6c,
    0x69,0x67,0x68,0x74,0x5f,0x64,0x69,0x72,0x20,0x3d,0x20,0x5f,0x37,0x36,0x36,0x3b,
    0x0a,0x20,0x20,0x20,0x20,0x20,0x20,0x20,0x20,0x20,0x20,0x20,0x20,0x68,0x69,0x67,
    0x68,0x70,0x20,0x66,0x6c,0x6f,0x61,0x74,0x20,0x70,0x61,0x72,0x61,0x6d,0x5f,0x37,
    0x20,0x3d,0x20,0x5f,0x37,0x36,0x33,0x3b,0x0a,0x20,0x20,0x20,0x20,0x20,0x20,0x20,
    0x20,0x20,0x20,0x20,0x20,0x68,0x69,0x67,0x68,0x70,0x20,0x66,0x6c,0x6f,0x61,0x74,
    0x20,0x70,0x61,0x72,0x61,0x6d,0x5f,0x38,0x20,0x3d,0x20,0x66,0x73,0x5f,0x6c,0x69,
    0x67,0x68,0x74,0x73,0x5b,0x69,0x20,0x2a,0x20,0x31,0x20,0x2b,0x20,0x30,0x5d,0x2e,
    0x77,0x3b,0x0a,0x20,0x20,0x20,0x20,0x20,0x20,0x20,0x20,0x20,0x20,0x20,0x20,0x66,
    0x61,0x6c,0x6c,0x6f,0x66,0x66,0x20,0x3d,0x20,0x61,0x74,0x74,0x65,0x6e,0x75,0x61,
    0x74,0x69,0x6f,0x6e,0x28,0x70,0x61,0x72,0x61,0x6d,0x5f,0x37,0x2c,0x20,0x70,0x61,
    0x72,0x61,0x6d,0x5f,0x38,0x29,0x3b,0x0a,0x20,0x20,0x20,0x20,0x20,0x20,0x20,0x20,
    0x20,0x20,0x20,0x20,0x69,0x66,0x20,0x28,0x5f,0x37,0x34,0x32,0x20,0x3d,0x3d,0x20,
    0x32,0x29,0x0a,0x20,0x20,0x20,0x20,0x20,0x20,0x20,0x20,0x20,0x20,0x20,0x20,0x7b,
    0x0a,0x20,0x20,0x20,0x20,0x20,0x20,0x20,0x20,0x20,0x20,0x20,0x20,0x20,0x20,0x20,
    0x20,0x68,0x69,0x67,0x68,0x70,0x20,0x66,0x6c,0x6f,0x61,0x74,0x20,0x70,0x61,0x72,
    0x61,0x6d,0x5f,0x39,0x20,0x3d,0x20,0x64,0x6f,0x74,0x28,0x6c,0x69,0x67,0x68,0x74,
    0x5f,0x64,0x69,0x72,0x2c,0x20,0x6e,0x6f,0x72,0x6d,0x61,0x6c,0x69,0x7a,0x65,0x28,
    0x66,0x73,0x5f,0x6c,0x69,0x67,0x68,0x74,0x73,0x5b,0x69,0x20,0x2a,0x20,0x31,0x20,
    0x2b,0x20,0x38,0x5d,0x2e,0x78,0x79,0x7a,0x29,0x29,0x3b,0x0a,0x20,0x20,0x20,0x20,
    0x20,0x20,0x20,0x20,0x20,0x20,0x20,0x20,0x20,0x20,0x20,0x20,0x68,0x69,0x67,0x68,
    0x70,0x20,0x66,0x6c,0x6f,0x61,0x74,0x20,0x70,0x61,0x72,0x61,0x6d,0x5f,0x31,0x30,
    0x20,0x3d,0x20,0x66,0x73,0x5f,0x6c,0x69,0x67,0x68,0x74,0x73,0x5b,0x69,0x20,0x2a,
    0x20,0x31,0x20,0x2b,0x20,0x32,0x34,0x5d,0x2e,0x78,0x3b,0x0a,0x20,0x20,0x20,0x20,
    0x20,0x20,0x20,0x20,0x20,0x20,0x20,0x20,0x20,0x20,0x20,0x20,0x68,0x69,0x67,0x68,
    0x70,0x20,0x66,0x6c,0x6f,0x61,0x74,0x20,0x70,0x61,0x72,0x61,0x6d,0x5f,0x31,0x31,
    0x20,0x3d,0x20,0x66,0x73,0x5f,0x6c,0x69,0x67,0x68,0x74,0x73,0x5b,0x69,0x20,0x2a,
    0x20,0x31,0x20,0x2b,0x20,0x32,0x34,0x5d,0x2e,0x79,0x3b,0x0a,0x20,0x20,0x20,0x20,
    0x20,0x20,0x20,0x20,0x20,0x20,0x20,0x20,0x20,0x20,0x20,0x20,0x66,0x61,0x6c,0x6c,
    0x6f,0x66,0x66,0x20,0x2a,0x3d,0x20,0x73,0x70,0x6f,0x74,0x5f,0x66,0x61,0x63,0x74,
    0x6f,0x72,0x28,0x70,0x61,0x72,0x61,0x6d,0x5f,0x39,0x2c,0x20,0x70,0x61,0x72,0x61,
    0x6d,0x5f,0x31,0x30,0x2c,0x20,0x70,0x61,0x72,0x61,0x6d,0x5f,0x31,0x31,0x29,0x3b,
    0x0a,0x20,0x20,0x20,0x20,0x20,0x20,0x20,0x20,0x20,0x20,0x20,0x20,0x7d,0x0a,0x20,
    0x20,0x20,0x20,0x20,0x20,0x20,0x20,0x7d,0x0a,0x20,0x20,0x20,0x20,0x20,0x20,0x20,
    0x20,0x68,0x69,0x67,0x68,0x70,0x20,0x76,0x65,0x63,0x33,0x20,0x5f,0x38,0x30,0x38,
    0x20,0x3d,0x20,0x2d,0x6c,0x69,0x67,0x68,0x74,0x5f,0x64,0x69,0x72,0x3b,0x0a,0x20,
    0x20,0x20,0x20,0x20,0x20,0x20,0x20,0x68,0x69,0x67,0x68,0x70,0x20,0x66,0x6c,0x6f,
    0x61,0x74,0x20,0x5f,0x38,0x31,0x32,0x20,0x3d,0x20,0x64,0x6f,0x74,0x28,0x6e,0x2c,
    0x20,0x5f,0x38,0x30,0x38,0x29,0x3b,0x0a,0x20,0x20,0x20,0x20,0x20,0x20,0x20,0x20,
    0x69,0x66,0x20,0x28,0x28,0x5f,0x38,0x31,0x32,0x20,0x3c,0x3d,0x20,0x30,0x2e,0x30,
    0x29,0x20,0x7c,0x7c,0x20,0x28,0x66,0x61,0x6c,0x6c,0x6f,0x66,0x66,0x20,0x3c,0x3d,
    0x20,0x30,0x2e,0x30,0x29,0x29,0x0a,0x20,0x20,0x20,0x20,0x20,0x20,0x20,0x20,0x7b,
    0x0a,0x20,0x20,0x20,0x20,0x20,0x20,0x20,0x20,0x20,0x20,0x20,0x20,0x63,0x6f,0x6e,
    0x74,0x69,0x6e,0x75,0x65,0x3b,0x0a,0x20,0x20,0x20,0x20,0x20,0x20,0x20,0x20,0x7d,
    0x0a,0x20,0x20,0x20,0x20,0x20,0x20,0x20,0x20,0x68,0x69,0x67,0x68,0x70,0x20,0x76,
    0x65,0x63,0x33,0x20,0x5f,0x38,0x32,0x35,0x20,0x3d,0x20,0x6e,0x6f,0x72,0x6d,0x61,
    0x6c,0x69,0x7a,0x65,0x28,0x5f,0x38,0x30,0x38,0x20,0x2b,0x20,0x5f,0x36,0x37,0x37,
    0x29,0x3b,0x0a,0x20,0x20,0x20,0x20,0x20,0x20,0x20,0x20,0x68,0x69,0x67,0x68,0x70,
    0x20,0x66,0x6c,0x6f,0x61,0x74,0x20,0x5f,0x38,0x33,0x30,0x20,0x3d,0x20,0x63,0x6c,
    0x61,0x6d,0x70,0x28,0x64,0x6f,0x74,0x28,0x6e,0x2c,0x20,0x5f,0x38,0x32,0x35,0x29,
    0x2c,0x20,0x30,0x2e,0x30,0x2c,0x20,0x31,0x2e,0x30,0x29,0x3b,0x0a,0x20,0x20,0x20,
    0x20,0x20,0x20,0x20,0x20,0x68,0x69,0x67,0x68,0x70,0x20,0x76,0x65,0x63,0x33,0x20,
    0x5f,0x38,0x34,0x36,0x20,0x3d,0x20,0x5f,0x36,0x36,0x33,0x20,0x2b,0x20,0x28,0x28,
    0x76,0x65,0x63,0x33,0x28,0x31,0x2e,0x30,0x29,0x20,0x2d,0x20,0x5f,0x36,0x36,0x33,
    0x29,0x20,0x2a,0x20,0x70,0x6f,0x77,0x28,0x31,0x2e,0x30,0x20,0x2d,0x20,0x63,0x6c,
    0x61,0x6d,0x70,0x28,0x64,0x6f,0x74,0x28,0x5f,0x36,0x37,0x37,0x2c,0x20,0x5f,0x38,
    0x32,0x35,0x29,0x2c,0x20,0x30,0x2e,0x30,0x2c,0x20,0x31,0x2e,0x30,0x29,0x2c,0x20,
    0x35,0x2e,0x30,0x29,0x29,0x3b,0x0a,0x20,0x20,0x20,0x20,0x20,0x20,0x20,0x20,0x68,
    0x69,0x67,0x68,0x70,0x20,0x66,0x6c,0x6f,0x61,0x74,0x20,0x5f,0x38,0x35,0x34,0x20,
    0x3d,0x20,0x28,0x28,0x5f,0x38,0x33,0x30,0x20,0x2a,0x20,0x5f,0x38,0x33,0x30,0x29,
    0x20,0x2a,0x20,0x28,0x5f,0x36,0x35,0x36,0x20,0x2d,0x20,0x31,0x2e,0x30,0x29,0x29,
    0x20,0x2b,0x20,0x31,0x2e,0x30,0x3b,0x0a,0x20,0x20,0x20,0x20,0x20,0x20,0x20,0x20,
    0x68,0x69,0x67,0x68,0x70,0x20,0x66,0x6c,0x6f,0x61,0x74,0x20,0x5f,0x38,0x36,0x39,
    0x20,0x3d,0x20,0x31,0x2e,0x30,0x20,0x2d,0x20,0x5f,0x36,0x35,0x36,0x3b,0x0a,0x20,
    0x20,0x20,0x20,0x20,0x20,0x20,0x20,0x63,0x6f,0x6c,0x6f,0x72,0x20,0x2b,0x3d,0x20,
    0x28,0x28,0x28,0x66,0x73,0x5f,0x6c,0x69,0x67,0x68,0x74,0x73,0x5b,0x69,0x20,0x2a,
    0x20,0x31,0x20,0x2b,0x20,0x31,0x36,0x5d,0x2e,0x78,0x79,0x7a,0x20,0x2a,0x20,0x66,
    0x61,0x6c,0x6c,0x6f,0x66,0x66,0x29,0x20,0x2a,0x20,0x5f,0x38,0x31,0x32,0x29,0x20,
    0x2a,0x20,0x28,0x28,0x28,0x28,0x76,0x65,0x63,0x33,0x28,0x31,0x2e,0x30,0x29,0x20,
    0x2d,0x20,0x5f,0x38,0x34,0x36,0x29,0x20,0x2a,0x20,0x5f,0x36,0x36,0x39,0x29,0x20,
    0x2a,0x20,0x76,0x65,0x63,0x33,0x28,0x30,0x2e,0x33,0x31,0x38,0x33,0x30,0x39,0x38,
    0x37,0x33,0x33,0x34,0x32,0x35,0x31,0x34,0x30,0x33,0x38,0x30,0x38,0x35,0x39,0x33,
    0x37,0x35,0x29,0x29,0x20,0x2b,0x20,0x28,0x28,0x5f,0x38,0x34,0x36,0x20,0x2a,0x20,
    0x28,0x5f,0x36,0x35,0x36,0x20,0x2f,0x20,0x28,0x28,0x33,0x2e,0x31,0x34,0x31,0x35,
    0x39,0x32,0x37,0x34,0x31,0x30,0x31,0x32,0x35,0x37,0x33,0x32,0x34,0x32,0x31,0x38,
    0x37,0x35,0x20,0x2a,0x20,0x5f,0x38,0x35,0x34,0x29,0x20,0x2a,0x20,0x5f,0x38,0x35,
    0x34,0x29,0x29,0x29,0x20,0x2a,0x20,0x28,0x30,0x2e,0x35,0x20,0x2f,0x20,0x6d,0x61,
    0x78,0x28,0x28,0x5f,0x38,0x31,0x32,0x20,0x2a,0x20,0x73,0x71,0x72,0x74,0x28,0x28,
    0x28,0x5f,0x36,0x38,0x34,0x20,0x2a,0x20,0x5f,0x36,0x38,0x34,0x29,0x20,0x2a,0x20,
    0x5f,0x38,0x36,0x39,0x29,0x20,0x2b,0x20,0x5f,0x36,0x35,0x36,0x29,0x29,0x20,0x2b,
    0x20,0x28,0x5f,0x36,0x38,0x34,0x20,0x2a,0x20,0x73,0x71,0x72,0x74,0x28,0x28,0x28,
    0x5f,0x38,0x31,0x32,0x20,0x2a,0x20,0x5f,0x38,0x31,0x32,0x29,0x20,0x2a,0x20,0x5f,
    0x38,0x36,0x39,0x29,0x20,0x2b,0x20,0x5f,0x36,0x35,0x36,0x29,0x29,0x2c,0x20,0x39,
    0x2e,0x39,0x39,0x39,0x39,0x39,0x39,0x39,0x37,0x34,0x37,0x35,0x32,0x34,0x32,0x37,
    0x30,0x37,0x38,0x37,0x38,0x33,0x35,0x31,0x32,0x31,0x31,0x35,0x34,0x37,0x38,0x35,
    0x65,0x2d,0x30,0x37,0x29,0x29,0x29,0x29,0x29,0x3b,0x0a,0x20,0x20,0x20,0x20,0x7d,
    0x0a,0x20,0x20,0x20,0x20,0x69,0x66,0x20,0x28,0x66,0x73,0x5f,0x73,0x63,0x65,0x6e,
    0x65,0x5b,0x32,0x5d,0x2e,0x78,0x20,0x3e,0x20,0x30,0x2e,0x30,0x29,0x0a,0x20,0x20,
    0x20,0x20,0x7b,0x0a,0x20,0x20,0x20,0x20,0x20,0x20,0x20,0x20,0x68,0x69,0x67,0x68,
    0x70,0x20,0x66,0x6c,0x6f,0x61,0x74,0x20,0x5f,0x39,0x33,0x31,0x20,0x3d,0x20,0x73,
    0x71,0x72,0x74,0x28,0x63,0x6c,0x61,0x6d,0x70,0x28,0x5f,0x36,0x35,0x32,0x2c,0x20,
    0x30,0x2e,0x30,0x2c,0x20,0x31,0x2e,0x30,0x29,0x29,0x3b,0x0a,0x20,0x20,0x20,0x20,
    0x20,0x20,0x20,0x20,0x68,0x69,0x67,0x68,0x70,0x20,0x76,0x65,0x63,0x33,0x20,0x70,
    0x61,0x72,0x61,0x6d,0x5f,0x31,0x32,0x20,0x3d,0x20,0x6e,0x3b,0x0a,0x20,0x20,0x20,
    0x20,0x20,0x20,0x20,0x20,0x68,0x69,0x67,0x68,0x70,0x20,0x76,0x65,0x63,0x34,0x20,
    0x70,0x61,0x72,0x61,0x6d,0x5f,0x31,0x33,0x20,0x3d,0x20,0x66,0x73,0x5f,0x73,0x63,
    0x65,0x6e,0x65,0x5b,0x32,0x5d,0x3b,0x0a,0x20,0x20,0x20,0x20,0x20,0x20,0x20,0x20,
    0x68,0x69,0x67,0x68,0x70,0x20,0x76,0x65,0x63,0x33,0x20,0x70,0x61,0x72,0x61,0x6d,
    0x5f,0x31,0x34,0x20,0x3d,0x20,0x65,0x6e,0x76,0x5f,0x64,0x69,0x72,0x28,0x70,0x61,
    0x72,0x61,0x6d,0x5f,0x31,0x32,0x2c,0x20,0x70,0x61,0x72,0x61,0x6d,0x5f,0x31,0x33,
    0x29,0x3b,0x0a,0x20,0x20,0x20,0x20,0x20,0x20,0x20,0x20,0x68,0x69,0x67,0x68,0x70,
    0x20,0x76,0x65,0x63,0x33,0x20,0x70,0x61,0x72,0x61,0x6d,0x5f,0x31,0x35,0x20,0x3d,
    0x20,0x72,0x65,0x66,0x6c,0x65,0x63,0x74,0x28,0x2d,0x5f,0x36,0x37,0x37,0x2c,0x20,
    0x6e,0x29,0x3b,0x0a,0x20,0x20,0x20,0x20,0x20,0x20,0x20,0x20,0x68,0x69,0x67,0x68,
    0x70,0x20,0x76,0x65,0x63,0x34,0x20,0x70,0x61,0x72,0x61,0x6d,0x5f,0x31,0x36,0x20,
    0x3d,0x20,0x66,0x73,0x5f,0x73,0x63,0x65,0x6e,0x65,0x5b,0x32,0x5d,0x3b,0x0a,0x20,
    0x20,0x20,0x20,0x20,0x20,0x20,0x20,0x68,0x69,0x67,0x68,0x70,0x20,0x76,0x65,0x63,
    0x34,0x20,0x5f,0x39,0x37,0x38,0x20,0x3d,0x20,0x74,0x65,0x78,0x74,0x75,0x72,0x65,
    0x28,0x62,0x72,0x64,0x66,0x5f,0x74,0x65,0x78,0x5f,0x62,0x72,0x64,0x66,0x5f,0x73,
    0x6d,0x70,0x2c,0x20,0x76,0x65,0x63,0x32,0x28,0x5f,0x36,0x38,0x34,0x2c,0x20,0x5f,
    0x39,0x33,0x31,0x29,0x29,0x3b,0x0a,0x20,0x20,0x20,0x20,0x20,0x20,0x20,0x20,0x63,
    0x6f,0x6c,0x6f,0x72,0x20,0x2b,0x3d,0x20,0x28,0x28,0x28,0x28,0x6d,0x61,0x78,0x28,
    0x65,0x76,0x61,0x6c,0x5f,0x73,0x68,0x28,0x70,0x61,0x72,0x61,0x6d,0x5f,0x31,0x34,
    0x29,0x2c,0x20,0x76,0x65,0x63,0x33,0x28,0x30,0x2e,0x30,0x29,0x29,0x20,0x2a,0x20,
    0x5f,0x36,0x36,0x39,0x29,0x20,0x2b,0x20,0x28,0x74,0x65,0x78,0x74,0x75,0x72,0x65,
    0x4c,0x6f,0x64,0x28,0x65,0x6e,0x76,0x5f,0x74,0x65,0x78,0x5f,0x65,0x6e,0x76,0x5f,
    0x73,0x6d,0x70,0x2c,0x20,0x65,0x6e,0x76,0x5f,0x64,0x69,0x72,0x28,0x70,0x61,0x72,
    0x61,0x6d,0x5f,0x31,0x35,0x2c,0x20,0x70,0x61,0x72,0x61,0x6d,0x5f,0x31,0x36,0x29,
    0x2c,0x20,0x5f,0x39,0x33,0x31,0x20,0x2a,0x20,0x66,0x73,0x5f,0x73,0x63,0x65,0x6e,
    0x65,0x5b,0x32,0x5d,0x2e,0x79,0x29,0x2e,0x78,0x79,0x7a,0x20,0x2a,0x20,0x28,0x28,
    0x5f,0x36,0x36,0x33,0x20,0x2a,0x20,0x5f,0x39,0x37,0x38,0x2e,0x78,0x29,0x20,0x2b,
    0x20,0x76,0x65,0x63,0x33,0x28,0x5f,0x39,0x37,0x38,0x2e,0x79,0x29,0x29,0x29,0x29,
    0x20,0x2a,0x20,0x5f,0x36,0x39,0x39,0x29,0x20,0x2a,0x20,0x66,0x73,0x5f,0x73,0x63,
    0x65,0x6e,0x65,0x5b,0x32,0x5d,0x2e,0x78,0x29,0x3b,0x0a,0x20,0x20,0x20,0x20,0x7d,
    0x0a,0x20,0x20,0x20,0x20,0x69,0x6e,0x74,0x20,0x70,0x61,0x72,0x61,0x6d,0x5f,0x31,
    0x37,0x20,0x3d,0x20,0x34,0x3b,0x0a,0x20,0x20,0x20,0x20,0x68,0x69,0x67,0x68,0x70,
    0x20,0x76,0x65,0x63,0x33,0x20,0x70,0x61,0x72,0x61,0x6d,0x5f,0x31,0x38,0x20,0x3d,
    0x20,0x74,0x65,0x78,0x74,0x75,0x72,0x65,0x28,0x65,0x6d,0x69,0x73,0x73,0x69,0x76,
    0x65,0x5f,0x74,0x65,0x78,0x5f,0x65,0x6d,0x69,0x73,0x73,0x69,0x76,0x65,0x5f,0x73,
    0x6d,0x70,0x2c,0x20,0x74,0x65,0x78,0x5f,0x75,0x76,0x28,0x70,0x61,0x72,0x61,0x6d,
    0x5f,0x31,0x37,0x29,0x29,0x2e,0x78,0x79,0x7a,0x3b,0x0a,0x20,0x20,0x20,0x20,0x68,
    0x69,0x67,0x68,0x70,0x20,0x76,0x65,0x63,0x33,0x20,0x5f,0x31,0x30,0x31,0x36,0x20,
    0x3d,0x20,0x63,0x6f,0x6c,0x6f,0x72,0x3b,0x0a,0x20,0x20,0x20,0x20,0x68,0x69,0x67,
    0x68,0x70,0x20,0x76,0x65,0x63,0x33,0x20,0x5f,0x31,0x30,0x31,0x37,0x20,0x3d,0x20,
    0x5f,0x31,0x30,0x31,0x36,0x20,0x2b,0x20,0x28,0x66,0x73,0x5f,0x70,0x61,0x72,0x61,
    0x6d,0x73,0x5b,0x31,0x5d,0x2e,0x78,0x79,0x7a,0x20,0x2a,0x20,0x73,0x72,0x67,0x62,
    0x5f,0x74,0x6f,0x5f,0x6c,0x69,0x6e,0x65,0x61,0x72,0x28,0x70,0x61,0x72,0x61,0x6d,
    0x5f,0x31,0x38,0x29,0x29,0x3b,0x0a,0x20,0x20,0x20,0x20,0x63,0x6f,0x6c,0x6f,0x72,
    0x20,0x3d,0x20,0x5f,0x31,0x30,0x31,0x37,0x3b,0x0a,0x20,0x20,0x20,0x20,0x68,0x69,
    0x67,0x68,0x70,0x20,0x76,0x65,0x63,0x33,0x20,0x70,0x61,0x72,0x61,0x6d,0x5f,0x31,
    0x39,0x20,0x3d,0x20,0x5f,0x31,0x30,0x31,0x37,0x3b,0x0a,0x20,0x20,0x20,0x20,0x68,
    0x69,0x67,0x68,0x70,0x20,0x76,0x65,0x63,0x34,0x20,0x70,0x61,0x72,0x61,0x6d,0x5f,
    0x32,0x30,0x20,0x3d,0x20,0x66,0x73,0x5f,0x73,0x63,0x65,0x6e,0x65,0x5b,0x31,0x32,
    0x5d,0x3b,0x0a,0x20,0x20,0x20,0x20,0x68,0x69,0x67,0x68,0x70,0x20,0x76,0x65,0x63,
    0x33,0x20,0x5f,0x31,0x30,0x32,0x33,0x20,0x3d,0x20,0x74,0x6f,0x5f,0x64,0x69,0x73,
    0x70,0x6c,0x61,0x79,0x28,0x70,0x61,0x72,0x61,0x6d,0x5f,0x31,0x39,0x2c,0x20,0x70,
    0x61,0x72,0x61,0x6d,0x5f,0x32,0x30,0x29,0x3b,0x0a,0x20,0x20,0x20,0x20,0x66,0x72,
    0x61,0x67,0x5f,0x63,0x6f,0x6c,0x6f,0x72,0x20,0x3d,0x20,0x76,0x65,0x63,0x34,0x28,
    0x5f,0x31,0x30,0x32,0x33,0x2c,0x20,0x5f,0x35,0x31,0x32,0x29,0x3b,0x0a,0x7d,0x0a,
    0x0a,0x00,
};
#endif
/*
    #version 300 es

    layout(location = 0) in vec2 bg_position;
    out vec2 v_ndc;

    void main()
    {
        gl_Position = vec4(bg_position, 1.0, 1.0);
        v_ndc = bg_position;
    }

*/
#if defined(SOKOL_GLES3)
static const uint8_t vs_background_source_glsl300es[166] = {
    0x23,0x76,0x65,0x72,0x73,0x69,0x6f,0x6e,0x20,0x33,0x30,0x30,0x20,0x65,0x73,0x0a,
    0x0a,0x6c,0x61,0x79,0x6f,0x75,0x74,0x28,0x6c,0x6f,0x63,0x61,0x74,0x69,0x6f,0x6e,
    0x20,0x3d,0x20,0x30,0x29,0x20,0x69,0x6e,0x20,0x76,0x65,0x63,0x32,0x20,0x62,0x67,
    0x5f,0x70,0x6f,0x73,0x69,0x74,0x69,0x6f,0x6e,0x3b,0x0a,0x6f,0x75,0x74,0x20,0x76,
    0x65,0x63,0x32,0x20,0x76,0x5f,0x6e,0x64,0x63,0x3b,0x0a,0x0a,0x76,0x6f,0x69,0x64,
    0x20,0x6d,0x61,0x69,0x6e,0x28,0x29,0x0a,0x7b,0x0a,0x20,0x20,0x20,0x20,0x67,0x6c,
    0x5f,0x50,0x6f,0x73,0x69,0x74,0x69,0x6f,0x6e,0x20,0x3d,0x20,0x76,0x65,0x63,0x34,
    0x28,0x62,0x67,0x5f,0x70,0x6f,0x73,0x69,0x74,0x69,0x6f,0x6e,0x2c,0x20,0x31,0x2e,
    0x30,0x2c,0x20,0x31,0x2e,0x30,0x29,0x3b,0x0a,0x20,0x20,0x20,0x20,0x76,0x5f,0x6e,
    0x64,0x63,0x20,0x3d,0x20,0x62,0x67,0x5f,0x70,0x6f,0x73,0x69,0x74,0x69,0x6f,0x6e,
    0x3b,0x0a,0x7d,0x0a,0x0a,0x00,
};
#endif
/*
    #version 300 es
    precision mediump float;
    precision highp int;

    uniform highp vec4 bg_params[6];
    uniform highp samplerCube bg_tex_bg_smp;

    in highp vec2 v_ndc;
    layout(location = 0) out highp vec4 frag_color;

    highp vec3 env_dir(highp vec3 dir, highp vec4 env)
    {
        return vec3((env.z * dir.x) - (env.w * dir.z), dir.y, (env.w * dir.x) + (env.z * dir.z));
    }

    highp vec3 tonemap_neutral(inout highp vec3 color)
    {
        highp float _73 = min(color.x, min(color.y, color.z));
        highp float _79;
        if (_73 < 0.07999999821186065673828125)
        {
            _79 = _73 - ((6.25 * _73) * _73);
        }
        else
        {
            _79 = 0.039999999105930328369140625;
        }
        color -= vec3(_79);
        highp float _98 = color.x;
        highp float _100 = color.y;
        highp float _102 = color.z;
        highp float _104 = max(_98, max(_100, _102));
        if (_104 < 0.7599999904632568359375)
        {
            return color;
        }
        highp float _119 = 1.0 - (0.057599999010562896728515625 / (_104 + (-0.519999980926513671875)));
        color *= (_119 / _104);
        return mix(color, vec3(_119), vec3(1.0 - (1.0 / ((0.1500000059604644775390625 * (_104 - _119)) + 1.0))));
    }

    highp vec3 tonemap_aces(inout highp vec3 color)
    {
        color *= 0.60000002384185791015625;
        return clamp((color * ((color * 2.5099999904632568359375) + vec3(0.02999999932944774627685546875))) / ((color * ((color * 2.4300000667572021484375) + vec3(0.589999973773956298828125))) + vec3(0.14000000059604644775390625)), vec3(0.0), vec3(1.0));
    }

    highp vec3 linear_to_srgb(inout highp vec3 c)
    {
        c = clamp(c, vec3(0.0), vec3(1.0));
        return mix(c * 12.9200000762939453125, (pow(max(c, vec3(0.003130800090730190277099609375)), vec3(0.4166666567325592041015625)) * 1.05499994754791259765625) - vec3(0.054999999701976776123046875), step(vec3(0.003130800090730190277099609375), c));
    }

    highp vec3 to_display(inout highp vec3 color, highp vec4 tonemap)
    {
        color *= tonemap.y;
        int _181 = int(tonemap.x + 0.5);
        if (_181 == 1)
        {
            highp vec3 param = color;
            highp vec3 _189 = tonemap_neutral(param);
            color = _189;
        }
        else
        {
            if (_181 == 2)
            {
                highp vec3 param_1 = color;
                highp vec3 _198 = tonemap_aces(param_1);
                color = _198;
            }
        }
        highp vec3 param_2 = color;
        highp vec3 _201 = linear_to_srgb(param_2);
        return _201;
    }

    void main()
    {
        highp mat4 _240 = mat4(bg_params[0], bg_params[1], bg_params[2], bg_params[3]);
        highp vec4 _249 = _240 * vec4(v_ndc, -1.0, 1.0);
        highp vec4 _257 = _240 * vec4(v_ndc, 1.0, 1.0);
        highp vec3 param = normalize((_257.xyz / vec3(_257.w)) - (_249.xyz / vec3(_249.w)));
        highp vec4 param_1 = bg_params[4];
        highp vec3 param_2 = textureLod(bg_tex_bg_smp, env_dir(param, param_1), bg_params[4].y).xyz * bg_params[4].x;
        highp vec4 param_3 = bg_params[5];
        highp vec3 _306 = to_display(param_2, param_3);
        frag_color = vec4(_306, 1.0);
    }

*/
#if defined(SOKOL_GLES3)
static const uint8_t fs_background_source_glsl300es[2946] = {
    0x23,0x76,0x65,0x72,0x73,0x69,0x6f,0x6e,0x20,0x33,0x30,0x30,0x20,0x65,0x73,0x0a,
    0x70,0x72,0x65,0x63,0x69,0x73,0x69,0x6f,0x6e,0x20,0x6d,0x65,0x64,0x69,0x75,0x6d,
    0x70,0x20,0x66,0x6c,0x6f,0x61,0x74,0x3b,0x0a,0x70,0x72,0x65,0x63,0x69,0x73,0x69,
    0x6f,0x6e,0x20,0x68,0x69,0x67,0x68,0x70,0x20,0x69,0x6e,0x74,0x3b,0x0a,0x0a,0x75,
    0x6e,0x69,0x66,0x6f,0x72,0x6d,0x20,0x68,0x69,0x67,0x68,0x70,0x20,0x76,0x65,0x63,
    0x34,0x20,0x62,0x67,0x5f,0x70,0x61,0x72,0x61,0x6d,0x73,0x5b,0x36,0x5d,0x3b,0x0a,
    0x75,0x6e,0x69,0x66,0x6f,0x72,0x6d,0x20,0x68,0x69,0x67,0x68,0x70,0x20,0x73,0x61,
    0x6d,0x70,0x6c,0x65,0x72,0x43,0x75,0x62,0x65,0x20,0x62,0x67,0x5f,0x74,0x65,0x78,
    0x5f,0x62,0x67,0x5f,0x73,0x6d,0x70,0x3b,0x0a,0x0a,0x69,0x6e,0x20,0x68,0x69,0x67,
    0x68,0x70,0x20,0x76,0x65,0x63,0x32,0x20,0x76,0x5f,0x6e,0x64,0x63,0x3b,0x0a,0x6c,
    0x61,0x79,0x6f,0x75,0x74,0x28,0x6c,0x6f,0x63,0x61,0x74,0x69,0x6f,0x6e,0x20,0x3d,
    0x20,0x30,0x29,0x20,0x6f,0x75,0x74,0x20,0x68,0x69,0x67,0x68,0x70,0x20,0x76,0x65,
    0x63,0x34,0x20,0x66,0x72,0x61,0x67,0x5f,0x63,0x6f,0x6c,0x6f,0x72,0x3b,0x0a,0x0a,
    0x68,0x69,0x67,0x68,0x70,0x20,0x76,0x65,0x63,0x33,0x20,0x65,0x6e,0x76,0x5f,0x64,
    0x69,0x72,0x28,0x68,0x69,0x67,0x68,0x70,0x20,0x76,0x65,0x63,0x33,0x20,0x64,0x69,
    0x72,0x2c,0x20,0x68,0x69,0x67,0x68,0x70,0x20,0x76,0x65,0x63,0x34,0x20,0x65,0x6e,
    0x76,0x29,0x0a,0x7b,0x0a,0x20,0x20,0x20,0x20,0x72,0x65,0x74,0x75,0x72,0x6e,0x20,
    0x76,0x65,0x63,0x33,0x28,0x28,0x65,0x6e,0x76,0x2e,0x7a,0x20,0x2a,0x20,0x64,0x69,
    0x72,0x2e,0x78,0x29,0x20,0x2d,0x20,0x28,0x65,0x6e,0x76,0x2e,0x77,0x20,0x2a,0x20,
    0x64,0x69,0x72,0x2e,0x7a,0x29,0x2c,0x20,0x64,0x69,0x72,0x2e,0x79,0x2c,0x20,0x28,
    0x65,0x6e,0x76,0x2e,0x77,0x20,0x2a,0x20,0x64,0x69,0x72,0x2e,0x78,0x29,0x20,0x2b,
    0x20,0x28,0x65,0x6e,0x76,0x2e,0x7a,0x20,0x2a,0x20,0x64,0x69,0x72,0x2e,0x7a,0x29,
    0x29,0x3b,0x0a,0x7d,0x0a,0x0a,0x68,0x69,0x67,0x68,0x70,0x20,0x76,0x65,0x63,0x33,
    0x20,0x74,0x6f,0x6e,0x65,0x6d,0x61,0x70,0x5f,0x6e,0x65,0x75,0x74,0x72,0x61,0x6c,
    0x28,0x69,0x6e,0x6f,0x75,0x74,0x20,0x68,0x69,0x67,0x68,0x70,0x20,0x76,0x65,0x63,
    0x33,0x20,0x63,0x6f,0x6c,0x6f,0x72,0x29,0x0a,0x7b,0x0a,0x20,0x20,0x20,0x20,0x68,
    0x69,0x67,0x68,0x70,0x20,0x66,0x6c,0x6f,0x61,0x74,0x20,0x5f,0x37,0x33,0x20,0x3d,
    0x20,0x6d,0x69,0x6e,0x28,0x63,0x6f,0x6c,0x6f,0x72,0x2e,0x78,0x2c,0x20,0x6d,0x69,
    0x6e,0x28,0x63,0x6f,0x6c,0x6f,0x72,0x2e,0x79,0x2c,0x20,0x63,0x6f,0x6c,0x6f,0x72,
    0x2e,0x7a,0x29,0x29,0x3b,0x0a,0x20,0x20,0x20,0x20,0x68,0x69,0x67,0x68,0x70,0x20,
    0x66,0x6c,0x6f,0x61,0x74,0x20,0x5f,0x37,0x39,0x3b,0x0a,0x20,0x20,0x20,0x20,0x69,
    0x66,0x20,0x28,0x5f,0x37,0x33,0x20,0x3c,0x20,0x30,0x2e,0x30,0x37,0x39,0x39,0x39,
    0x39,0x39,0x39,0x38,0x32,0x31,0x31,0x38,0x36,0x30,0x36,0x35,0x36,0x37,0x33,0x38,
    0x32,0x38,0x31,0x32,0x35,0x29,0x0a,0x20,0x20,0x20,0x20,0x7b,0x0a,0x20,0x20,0x20,
    0x20,0x20,0x20,0x20,0x20,0x5f,0x37,0x39,0x20,0x3d,0x20,0x5f,0x37,0x33,0x20,0x2d,
    0x20,0x28,0x28,0x36,0x2e,0x32,0x35,0x20,0x2a,0x20,0x5f,0x37,0x33,0x29,0x20,0x2a,
    0x20,0x5f,0x37,0x33,0x29,0x3b,0x0a,0x20,0x20,0x20,0x20,0x7d,0x0a,0x20,0x20,0x20,
    0x20,0x65,0x6c,0x73,0x65,0x0a,0x20,0x20,0x20,0x20,0x7b,0x0a,0x20,0x20,0x20,0x20,
    0x20,0x20,0x20,0x20,0x5f,0x37,0x39,0x20,0x3d,0x20,0x30,0x2e,0x30,0x33,0x39,0x39,
    0x39,0x39,0x39,0x39,0x39,0x31,0x30,0x35,0x39,0x33,0x30,0x33,0x32,0x38,0x33,0x36,
    0x39,0x31,0x34,0x30,0x36,0x32,0x35,0x3b,0x0a,0x20,0x20,0x20,0x20,0x7d,0x0a,0x20,
    0x20,0x20,0x20,0x63,0x6f,0x6c,0x6f,0x72,0x20,0x2d,0x3d,0x20,0x76,0x65,0x63,0x33,
    0x28,0x5f,0x37,0x39,0x29,0x3b,0x0a,0x20,0x20,0x20,0x20,0x68,0x69,0x67,0x68,0x70,
    0x20,0x66,0x6c,0x6f,0x61,0x74,0x20,0x5f,0x39,0x38,0x20,0x3d,0x20,0x63,0x6f,0x6c,
    0x6f,0x72,0x2e,0x78,0x3b,0x0a,0x20,0x20,0x20,0x20,0x68,0x69,0x67,0x68,0x70,0x20,
    0x66,0x6c,0x6f,0x61,0x74,0x20,0x5f,0x31,0x30,0x30,0x20,0x3d,0x20,0x63,0x6f,0x6c,
    0x6f,0x72,0x2e,0x79,0x3b,0x0a,0x20,0x20,0x20,0x20,0x68,0x69,0x67,0x68,0x70,0x20,
    0x66,0x6c,0x6f,0x61,0x74,0x20,0x5f,0x31,0x30,0x32,0x20,0x3d,0x20,0x63,0x6f,0x6c,
    0x6f,0x72,0x2e,0x7a,0x3b,0x0a,0x20,0x20,0x20,0x20,0x68,0x69,0x67,0x68,0x70,0x20,
    0x66,0x6c,0x6f,0x61,0x74,0x20,0x5f,0x31,0x30,0x34,0x20,0x3d,0x20,0x6d,0x61,0x78,
    0x28,0x5f,0x39,0x38,0x2c,0x20,0x6d,0x61,0x78,0x28,0x5f,0x31,0x30,0x30,0x2c,0x20,
    0x5f,0x31,0x30,0x32,0x29,0x29,0x3b,0x0a,0x20,0x20,0x20,0x20,0x69,0x66,0x20,0x28,
    0x5f,0x31,0x30,0x34,0x20,0x3c,0x20,0x30,0x2e,0x37,0x35,0x39,0x39,0x39,0x39,0x39,
    0x39,0x30,0x34,0x36,0x33,0x32,0x35,0x36,0x38,0x33,0x35,0x39,0x33,0x37,0x35,0x29,
    0x0a,0x20,0x20,0x20,0x20,0x7b,0x0a,0x20,0x20,0x20,0x20,0x20,0x20,0x20,0x20,0x72,
    0x65,0x74,0x75,0x72,0x6e,0x20,0x63,0x6f,0x6c,0x6f,0x72,0x3b,0x0a,0x20,0x20,0x20,
    0x20,0x7d,0x0a,0x20,0x20,0x20,0x20,0x68,0x69,0x67,0x68,0x70,0x20,0x66,0x6c,0x6f,
    0x61,0x74,0x20,0x5f,0x31,0x31,0x39,0x20,0x3d,0x20,0x31,0x2e,0x30,0x20,0x2d,0x20,
    0x28,0x30,0x2e,0x30,0x35,0x37,0x35,0x39,0x39,0x39,0x39,0x39,0x30,0x31,0x30,0x35,
    0x36,0x32,0x38,0x39,0x36,0x37,0x32,0x38,0x35,0x31,0x35,0x36,0x32,0x35,0x20,0x2f,
    0x20,0x28,0x5f,0x31,0x30,0x34,0x20,0x2b,0x20,0x28,0x2d,0x30,0x2e,0x35,0x31,0x39,
    0x39,0x39,0x39,0x39,0x38,0x30,0x39,0x32,0x36,0x35,0x31,0x33,0x36,0x37,0x31,0x38,
    0x37,0x35,0x29,0x29,0x29,0x3b,0x0a,0x20,0x20,0x20,0x20,0x63,0x6f,0x6c,0x6f,0x72,
    0x20,0x2a,0x3d,0x20,0x28,0x5f,0x31,0x31,0x39,0x20,0x2f,0x20,0x5f,0x31,0x30,0x34,
    0x29,0x3b,0x0a,0x20,0x20,0x20,0x20,0x72,0x65,0x74,0x75,0x72,0x6e,0x20,0x6d,0x69,
    0x78,0x28,0x63,0x6f,0x6c,0x6f,0x72,0x2c,0x20,0x76,0x65,0x63,0x33,0x28,0x5f,0x31,
    0x31,0x39,0x29,0x2c,0x20,0x76,0x65,0x63,0x33,0x28,0x31,0x2e,0x30,0x20,0x2d,0x20,
    0x28,0x31,0x2e,0x30,0x20,0x2f,0x20,0x28,0x28,0x30,0x2e,0x31,0x35,0x30,0x30,0x30,
    0x30,0x30,0x30,0x35,0x39,0x36,0x30,0x34,0x36,0x34,0x34,0x37,0x37,0x35,0x33,0x39,
    0x30,0x36,0x32,0x35,0x20,0x2a,0x20,0x28,0x5f,0x31,0x30,0x34,0x20,0x2d,0x20,0x5f,
    0x31,0x31,0x39,0x29,0x29,0x20,0x2b,0x20,0x31,0x2e,0x30,0x29,0x29,0x29,0x29,0x3b,
    0x0a,0x7d,0x0a,0x0a,0x68,0x69,0x67,0x68,0x70,0x20,0x76,0x65,0x63,0x33,0x20,0x74,
    0x6f,0x6e,0x65,0x6d,0x61,0x70,0x5f,0x61,0x63,0x65,0x73,0x28,0x69,0x6e,0x6f,0x75,
    0x74,0x20,0x68,0x69,0x67,0x68,0x70,0x20,0x76,0x65,0x63,0x33,0x20,0x63,0x6f,0x6c,
    0x6f,0x72,0x29,0x0a,0x7b,0x0a,0x20,0x20,0x20,0x20,0x63,0x6f,0x6c,0x6f,0x72,0x20,
    0x2a,0x3d,0x20,0x30,0x2e,0x36,0x30,0x30,0x30,0x30,0x30,0x30,0x32,0x33,0x38,0x34,
    0x31,0x38,0x35,0x37,0x39,0x31,0x30,0x31,0x35,0x36,0x32,0x35,0x3b,0x0a,0x20,0x20,
    0x20,0x20,0x72,0x65,0x74,0x75,0x72,0x6e,0x20,0x63,0x6c,0x61,0x6d,0x70,0x28,0x28,
    0x63,0x6f,0x6c,0x6f,0x72,0x20,0x2a,0x20,0x28,0x28,0x63,0x6f,0x6c,0x6f,0x72,0x20,
    0x2a,0x20,0x32,0x2e,0x35,0x30,0x39,0x39,0x39,0x39,0x39,0x39,0x30,0x34,0x36,0x33,
    0x32,0x35,0x36,0x38,0x33,0x35,0x39,0x33,0x37,0x35,0x29,0x20,0x2b,0x20,0x76,0x65,
    0x63,0x33,0x28,0x30,0x2e,0x30,0x32,0x39,0x39,0x39,0x39,0x39,0x39,0x39,0x33,0x32,
    0x39,0x34,0x34,0x37,0x37,0x34,0x36,0x32,0x37,0x36,0x38,0x35,0x35,0x34,0x36,0x38,
    0x37,0x35,0x29,0x29,0x29,0x20,0x2f,0x20,0x28,0x28,0x63,0x6f,0x6c,0x6f,0x72,0x20,
    0x2a,0x20,0x28,0x28,0x63,0x6f,0x6c,0x6f,0x72,0x20,0x2a,0x20,0x32,0x2e,0x34,0x33,
    0x30,0x30,0x30,0x30,0x30,0x36,0x36,0x37,0x35,0x37,0x32,0x30,0x32,0x31,0x34,0x38,
    0x34,0x33,0x37,0x35,0x29,0x20,0x2b,0x20,0x76,0x65,0x63,0x33,0x28,0x30,0x2e,0x35,
    0x38,0x39,0x39,0x39,0x39,0x39,0x37,0x33,0x37,0x37,0x33,0x39,0x35,0x36,0x32,0x39,
    0x38,0x38,0x32,0x38,0x31,0x32,0x35,0x29,0x29,0x29,0x20,0x2b,0x20,0x76,0x65,0x63,
    0x33,0x28,0x30,0x2e,0x31,0x34,0x30,0x30,0x30,0x30,0x30,0x30,0x30,0x35,0x39,0x36,
    0x30,0x34,0x36,0x34,0x34,0x37,0x37,0x35,0x33,0x39,0x30,0x36,0x32,0x35,0x29,0x29,
    0x2c,0x20,0x76,0x65,0x63,0x33,0x28,0x30,0x2e,0x30,0x29,0x2c,0x20,0x76,0x65,0x63,
    0x33,0x28,0x31,0x2e,0x30,0x29,0x29,0x3b,0x0a,0x7d,0x0a,0x0a,0x68,0x69,0x67,0x68,
    0x70,0x20,0x76,0x65,0x63,0x33,0x20,0x6c,0x69,0x6e,0x65,0x61,0x72,0x5f,0x74,0x6f,
    0x5f,0x73,0x72,0x67,0x62,0x28,0x69,0x6e,0x6f,0x75,0x74,0x20,0x68,0x69,0x67,0x68,
    0x70,0x20,0x76,0x65,0x63,0x33,0x20,0x63,0x29,0x0a,0x7b,0x0a,0x20,0x20,0x20,0x20,
    0x63,0x20,0x3d,0x20,0x63,0x6c,0x61,0x6d,0x70,0x28,0x63,0x2c,0x20,0x76,0x65,0x63,
    0x33,0x28,0x30,0x2e,0x30,0x29,0x2c,0x20,0x76,0x65,0x63,0x33,0x28,0x31,0x2e,0x30,
    0x29,0x29,0x3b,0x0a,0x20,0x20,0x20,0x20,0x72,0x65,0x74,0x75,0x72,0x6e,0x20,0x6d,
    0x69,0x78,0x28,0x63,0x20,0x2a,0x20,0x31,0x32,0x2e,0x39,0x32,0x30,0x30,0x30,0x30,
    0x30,0x37,0x36,0x32,0x39,0x33,0x39,0x34,0x35,0x33,0x31,0x32,0x35,0x2c,0x20,0x28,
    0x70,0x6f,0x77,0x28,0x6d,0x61,0x78,0x28,0x63,0x2c,0x20,0x76,0x65,0x63,0x33,0x28,
    0x30,0x2e,0x30,0x30,0x33,0x31,0x33,0x30,0x38,0x30,0x30,0x30,0x39,0x30,0x37,0x33,
    0x30,0x31,0x39,0x30,0x32,0x37,0x37,0x30,0x39,0x39,0x36,0x30,0x39,0x33,0x37,0x35,
    0x29,0x29,0x2c,0x20,0x76,0x65,0x63,0x33,0x28,0x30,0x2e,0x34,0x31,0x36,0x36,0x36,
    0x36,0x36,0x35,0x36,0x37,0x33,0x32,0x35,0x35,0x39,0x32,0x30,0x34,0x31,0x30,0x31,
    0x35,0x36,0x32,0x35,0x29,0x29,0x20,0x2a,0x20,0x31,0x2e,0x30,0x35,0x34,0x39,0x39,
    0x39,0x39,0x34,0x37,0x35,0x34,0x37,0x39,0x31,0x32,0x35,0x39,0x37,0x36,0x35,0x36,
    0x32,0x35,0x29,0x20,0x2d,0x20,0x76,0x65,0x63,0x33,0x28,0x30,0x2e,0x30,0x35,0x34,
    0x39,0x39,0x39,0x39,0x39,0x39,0x37,0x30,0x31,0x39,0x37,0x36,0x37,0x37,0x36,0x31,
    0x32,0x33,0x30,0x34,0x36,0x38,0x37,0x35,0x29,0x2c,0x20,0x73,0x74,0x65,0x70,0x28,
    0x76,0x65,0x63,0x33,0x28,0x30,0x2e,0x30,0x30,0x33,0x31,0x33,0x30,0x38,0x30,0x30,
    0x30,0x39,0x30,0x37,0x33,0x30,0x31,0x39,0x30,0x32,0x37,0x37,0x30,0x39,0x39,0x36,
    0x30,0x39,0x33,0x37,0x35,0x29,0x2c,0x20,0x63,0x29,0x29,0x3b,0x0a,0x7d,0x0a,0x0a,
    0x68,0x69,0x67,0x68,0x70,0x20,0x76,0x65,0x63,0x33,0x20,0x74,0x6f,0x5f,0x64,0x69,
    0x73,0x70,0x6c,0x61,0x79,0x28,0x69,0x6e,0x6f,0x75,0x74,0x20,0x68,0x69,0x67,0x68,
    0x70,0x20,0x76,0x65,0x63,0x33,0x20,0x63,0x6f,0x6c,0x6f,0x72,0x2c,0x20,0x68,0x69,
    0x67,0x68,0x70,0x20,0x76,0x65,0x63,0x34,0x20,0x74,0x6f,0x6e,0x65,0x6d,0x61,0x70,
    0x29,0x0a,0x7b,0x0a,0x20,0x20,0x20,0x20,0x63,0x6f,0x6c,0x6f,0x72,0x20,0x2a,0x3d,
    0x20,0x74,0x6f,0x6e,0x65,0x6d,0x61,0x70,0x2e,0x79,0x3b,0x0a,0x20,0x20,0x20,0x20,
    0x69,0x6e,0x74,0x20,0x5f,0x31,0x38,0x31,0x20,0x3d,0x20,0x69,0x6e,0x74,0x28,0x74,
    0x6f,0x6e,0x65,0x6d,0x61,0x70,0x2e,0x78,0x20,0x2b,0x20,0x30,0x2e,0x35,0x29,0x3b,
    0x0a,0x20,0x20,0x20,0x20,0x69,0x66,0x20,0x28,0x5f,0x31,0x38,0x31,0x20,0x3d,0x3d,
    0x20,0x31,0x29,0x0a,0x20,0x20,0x20,0x20,0x7b,0x0a,0x20,0x20,0x20,0x20,0x20,0x20,
    0x20,0x20,0x68,0x69,0x67,0x68,0x70,0x20,0x76,0x65,0x63,0x33,0x20,0x70,0x61,0x72,
    0x61,0x6d,0x20,0x3d,0x20,0x63,0x6f,0x6c,0x6f,0x72,0x3b,0x0a,0x20,0x20,0x20,0x20,
    0x20,0x20,0x20,0x20,0x68,0x69,0x67,0x68,0x70,0x20,0x76,0x65,0x63,0x33,0x20,0x5f,
    0x31,0x38,0x39,0x20,0x3d,0x20,0x74,0x6f,0x6e,0x65,0x6d,0x61,0x70,0x5f,0x6e,0x65,
    0x75,0x74,0x72,0x61,0x6c,0x28,0x70,0x61,0x72,0x61,0x6d,0x29,0x3b,0x0a,0x20,0x20,
    0x20,0x20,0x20,0x20,0x20,0x20,0x63,0x6f,0x6c,0x6f,0x72,0x20,0x3d,0x20,0x5f,0x31,
    0x38,0x39,0x3b,0x0a,0x20,0x20,0x20,0x20,0x7d,0x0a,0x20,0x20,0x20,0x20,0x65,0x6c,
    0x73,0x65,0x0a,0x20,0x20,0x20,0x20,0x7b,0x0a,0x20,0x20,0x20,0x20,0x20,0x20,0x20,
    0x20,0x69,0x66,0x20,0x28,0x5f,0x31,0x38,0x31,0x20,0x3d,0x3d,0x20,0x32,0x29,0x0a,
    0x20,0x20,0x20,0x20,0x20,0x20,0x20,0x20,0x7b,0x0a,0x20,0x20,0x20,0x20,0x20,0x20,
    0x20,0x20,0x20,0x20,0x20,0x20,0x68,0x69,0x67,0x68,0x70,0x20,0x76,0x65,0x63,0x33,
    0x20,0x70,0x61,0x72,0x61,0x6d,0x5f,0x31,0x20,0x3d,0x20,0x63,0x6f,0x6c,0x6f,0x72,
    0x3b,0x0a,0x20,0x20,0x20,0x20,0x20,0x20,0x20,0x20,0x20,0x20,0x20,0x20,0x68,0x69,
    0x67,0x68,0x70,0x20,0x76,0x65,0x63,0x33,0x20,0x5f,0x31,0x39,0x38,0x20,0x3d,0x20,
    0x74,0x6f,0x6e,0x65,0x6d,0x61,0x70,0x5f,0x61,0x63,0x65,0x73,0x28,0x70,0x61,0x72,
    0x61,0x6d,0x5f,0x31,0x29,0x3b,0x0a,0x20,0x20,0x20,0x20,0x20,0x20,0x20,0x20,0x20,
    0x20,0x20,0x20,0x63,0x6f,0x6c,0x6f,0x72,0x20,0x3d,0x20,0x5f,0x31,0x39,0x38,0x3b,
    0x0a,0x20,0x20,0x20,0x20,0x20,0x20,0x20,0x20,0x7d,0x0a,0x20,0x20,0x20,0x20,0x7d,
    0x0a,0x20,0x20,0x20,0x20,0x68,0x69,0x67,0x68,0x70,0x20,0x76,0x65,0x63,0x33,0x20,
    0x70,0x61,0x72,0x61,0x6d,0x5f,0x32,0x20,0x3d,0x20,0x63,0x6f,0x6c,0x6f,0x72,0x3b,
    0x0a,0x20,0x20,0x20,0x20,0x68,0x69,0x67,0x68,0x70,0x20,0x76,0x65,0x63,0x33,0x20,
    0x5f,0x32,0x30,0x31,0x20,0x3d,0x20,0x6c,0x69,0x6e,0x65,0x61,0x72,0x5f,0x74,0x6f,
    0x5f,0x73,0x72,0x67,0x62,0x28,0x70,0x61,0x72,0x61,0x6d,0x5f,0x32,0x29,0x3b,0x0a,
    0x20,0x20,0x20,0x20,0x72,0x65,0x74,0x75,0x72,0x6e,0x20,0x5f,0x32,0x30,0x31,0x3b,
    0x0a,0x7d,0x0a,0x0a,0x76,0x6f,0x69,0x64,0x20,0x6d,0x61,0x69,0x6e,0x28,0x29,0x0a,
    0x7b,0x0a,0x20,0x20,0x20,0x20,0x68,0x69,0x67,0x68,0x70,0x20,0x6d,0x61,0x74,0x34,
    0x20,0x5f,0x32,0x34,0x30,0x20,0x3d,0x20,0x6d,0x61,0x74,0x34,0x28,0x62,0x67,0x5f,
    0x70,0x61,0x72,0x61,0x6d,0x73,0x5b,0x30,0x5d,0x2c,0x20,0x62,0x67,0x5f,0x70,0x61,
    0x72,0x61,0x6d,0x73,0x5b,0x31,0x5d,0x2c,0x20,0x62,0x67,0x5f,0x70,0x61,0x72,0x61,
    0x6d,0x73,0x5b,0x32,0x5d,0x2c,0x20,0x62,0x67,0x5f,0x70,0x61,0x72,0x61,0x6d,0x73,
    0x5b,0x33,0x5d,0x29,0x3b,0x0a,0x20,0x20,0x20,0x20,0x68,0x69,0x67,0x68,0x70,0x20,
    0x76,0x65,0x63,0x34,0x20,0x5f,0x32,0x34,0x39,0x20,0x3d,0x20,0x5f,0x32,0x34,0x30,
    0x20,0x2a,0x20,0x76,0x65,0x63,0x34,0x28,0x76,0x5f,0x6e,0x64,0x63,0x2c,0x20,0x2d,
    0x31,0x2e,0x30,0x2c,0x20,0x31,0x2e,0x30,0x29,0x3b,0x0a,0x20,0x20,0x20,0x20,0x68,
    0x69,0x67,0x68,0x70,0x20,0x76,0x65,0x63,0x34,0x20,0x5f,0x32,0x35,0x37,0x20,0x3d,
    0x20,0x5f,0x32,0x34,0x30,0x20,0x2a,0x20,0x76,0x65,0x63,0x34,0x28,0x76,0x5f,0x6e,
    0x64,0x63,0x2c,0x20,0x31,0x2e,0x30,0x2c,0x20,0x31,0x2e,0x30,0x29,0x3b,0x0a,0x20,
    0x20,0x20,0x20,0x68,0x69,0x67,0x68,0x70,0x20,0x76,0x65,0x63,0x33,0x20,0x70,0x61,
    0x72,0x61,0x6d,0x20,0x3d,0x20,0x6e,0x6f,0x72,0x6d,0x61,0x6c,0x69,0x7a,0x65,0x28,
    0x28,0x5f,0x32,0x35,0x37,0x2e,0x78,0x79,0x7a,0x20,0x2f,0x20,0x76,0x65,0x63,0x33,
    0x28,0x5f,0x32,0x35,0x37,0x2e,0x77,0x29,0x29,0x20,0x2d,0x20,0x28,0x5f,0x32,0x34,
    0x39,0x2e,0x78,0x79,0x7a,0x20,0x2f,0x20,0x76,0x65,0x63,0x33,0x28,0x5f,0x32,0x34,
    0x39,0x2e,0x77,0x29,0x29,0x29,0x3b,0x0a,0x20,0x20,0x20,0x20,0x68,0x69,0x67,0x68,
    0x70,0x20,0x76,0x65,0x63,0x34,0x20,0x70,0x61,0x72,0x61,0x6d,0x5f,0x31,0x20,0x3d,
    0x20,0x62,0x67,0x5f,0x70,0x61,0x72,0x61,0x6d,0x73,0x5b,0x34,0x5d,0x3b,0x0a,0x20,
    0x20,0x20,0x20,0x68,0x69,0x67,0x68,0x70,0x20,0x76,0x65,0x63,0x33,0x20,0x70,0x61,
    0x72,0x61,0x6d,0x5f,0x32,0x20,0x3d,0x20,0x74,0x65,0x78,0x74,0x75,0x72,0x65,0x4c,
    0x6f,0x64,0x28,0x62,0x67,0x5f,0x74,0x65,0x78,0x5f,0x62,0x67,0x5f,0x73,0x6d,0x70,
    0x2c,0x20,0x65,0x6e,0x76,0x5f,0x64,0x69,0x72,0x28,0x70,0x61,0x72,0x61,0x6d,0x2c,
    0x20,0x70,0x61,0x72,0x61,0x6d,0x5f,0x31,0x29,0x2c,0x20,0x62,0x67,0x5f,0x70,0x61,
    0x72,0x61,0x6d,0x73,0x5b,0x34,0x5d,0x2e,0x79,0x29,0x2e,0x78,0x79,0x7a,0x20,0x2a,
    0x20,0x62,0x67,0x5f,0x70,0x61,0x72,0x61,0x6d,0x73,0x5b,0x34,0x5d,0x2e,0x78,0x3b,
    0x0a,0x20,0x20,0x20,0x20,0x68,0x69,0x67,0x68,0x70,0x20,0x76,0x65,0x63,0x34,0x20,
    0x70,0x61,0x72,0x61,0x6d,0x5f,0x33,0x20,0x3d,0x20,0x62,0x67,0x5f,0x70,0x61,0x72,
    0x61,0x6d,0x73,0x5b,0x35,0x5d,0x3b,0x0a,0x20,0x20,0x20,0x20,0x68,0x69,0x67,0x68,
    0x70,0x20,0x76,0x65,0x63,0x33,0x20,0x5f,0x33,0x30,0x36,0x20,0x3d,0x20,0x74,0x6f,
    0x5f,0x64,0x69,0x73,0x70,0x6c,0x61,0x79,0x28,0x70,0x61,0x72,0x61,0x6d,0x5f,0x32,
    0x2c,0x20,0x70,0x61,0x72,0x61,0x6d,0x5f,0x33,0x29,0x3b,0x0a,0x20,0x20,0x20,0x20,
    0x66,0x72,0x61,0x67,0x5f,0x63,0x6f,0x6c,0x6f,0x72,0x20,0x3d,0x20,0x76,0x65,0x63,
    0x34,0x28,0x5f,0x33,0x30,0x36,0x2c,0x20,0x31,0x2e,0x30,0x29,0x3b,0x0a,0x7d,0x0a,
    0x0a,0x00,
};
#endif
/*
    diagnostic(off, derivative_uniformity);

    struct vs_params {
      /_ @offset(0) _/
      mvp : mat4x4f,
      /_ @offset(64) _/
      model : mat4x4f,
      /_ @offset(128) _/
      normal_mat : mat4x4f,
    }

    @binding(0) @group(0) var<uniform> x_19 : vs_params;

    var<private> position_1 : vec3f;

    var<private> v_normal : vec3f;

    var<private> normal : vec3f;

    var<private> v_tangent : vec4f;

    var<private> tangent : vec4f;

    var<private> v_uv0 : vec2f;

    var<private> texcoord0 : vec2f;

    var<private> v_uv1 : vec2f;

    var<private> texcoord1 : vec2f;

    var<private> v_color : vec4f;

    var<private> color0 : vec4f;

    var<private> v_world_pos : vec3f;

    var<private> gl_Position : vec4f;

    fn main_1() {
      let x_31 = vec4f(position_1.x, position_1.y, position_1.z, 1.0f);
      gl_Position = (x_19.mvp * x_31);
      let x_39 = x_19.normal_mat;
      v_normal = (mat3x3f(x_39[0u].xyz, x_39[1u].xyz, x_39[2u].xyz) * normal);
      let x_54 = x_19.model;
      let x_66 = (mat3x3f(x_54[0u].xyz, x_54[1u].xyz, x_54[2u].xyz) * tangent.xyz);
      v_tangent = vec4f(x_66.x, x_66.y, x_66.z, tangent.w);
      v_uv0 = texcoord0;
      v_uv1 = texcoord1;
      v_color = color0;
      v_world_pos = ((x_54 * x_31)).xyz;
      return;
    }

    struct main_out {
      @builtin(position)
      gl_Position : vec4f,
      @location(0)
      v_normal_1 : vec3f,
      @location(1)
      v_tangent_1 : vec4f,
      @location(2)
      v_uv0_1 : vec2f,
      @location(3)
      v_uv1_1 : vec2f,
      @location(4)
      v_color_1 : vec4f,
      @location(5)
      v_world_pos_1 : vec3f,
    }

    @vertex
    fn main(@location(0) position_1_param : vec3f, @location(1) normal_param : vec3f, @location(4) tangent_param : vec4f, @location(2) texcoord0_param : vec2f, @location(3) texcoord1_param : vec2f, @location(5) color0_param : vec4f) -> main_out {
      position_1 = position_1_param;
      normal = normal_param;
      tangent = tangent_param;
      texcoord0 = texcoord0_param;
      texcoord1 = texcoord1_param;
      color0 = color0_param;
      main_1();
      return main_out(gl_Position, v_normal, v_tangent, v_uv0, v_uv1, v_color, v_world_pos);
    }
*/
#if defined(SOKOL_WGPU)
static const uint8_t vs_static_source_wgsl[1958] = {
    0x64,0x69,0x61,0x67,0x6e,0x6f,0x73,0x74,0x69,0x63,0x28,0x6f,0x66,0x66,0x2c,0x20,
    0x64,0x65,0x72,0x69,0x76,0x61,0x74,0x69,0x76,0x65,0x5f,0x75,0x6e,0x69,0x66,0x6f,
    0x72,0x6d,0x69,0x74,0x79,0x29,0x3b,0x0a,0x0a,0x73,0x74,0x72,0x75,0x63,0x74,0x20,
    0x76,0x73,0x5f,0x70,0x61,0x72,0x61,0x6d,0x73,0x20,0x7b,0x0a,0x20,0x20,0x2f,0x2a,
    0x20,0x40,0x6f,0x66,0x66,0x73,0x65,0x74,0x28,0x30,0x29,0x20,0x2a,0x2f,0x0a,0x20,
    0x20,0x6d,0x76,0x70,0x20,0x3a,0x20,0x6d,0x61,0x74,0x34,0x78,0x34,0x66,0x2c,0x0a,
    0x20,0x20,0x2f,0x2a,0x20,0x40,0x6f,0x66,0x66,0x73,0x65,0x74,0x28,0x36,0x34,0x29,
    0x20,0x2a,0x2f,0x0a,0x20,0x20,0x6d,0x6f,0x64,0x65,0x6c,0x20,0x3a,0x20,0x6d,0x61,
    0x74,0x34,0x78,0x34,0x66,0x2c,0x0a,0x20,0x20,0x2f,0x2a,0x20,0x40,0x6f,0x66,0x66,
    0x73,0x65,0x74,0x28,0x31,0x32,0x38,0x29,0x20,0x2a,0x2f,0x0a,0x20,0x20,0x6e,0x6f,
    0x72,0x6d,0x61,0x6c,0x5f,0x6d,0x61,0x74,0x20,0x3a,0x20,0x6d,0x61,0x74,0x34,0x78,
    0x34,0x66,0x2c,0x0a,0x7d,0x0a,0x0a,0x40,0x62,0x69,0x6e,0x64,0x69,0x6e,0x67,0x28,
    0x30,0x29,0x20,0x40,0x67,0x72,0x6f,0x75,0x70,0x28,0x30,0x29,0x20,0x76,0x61,0x72,
    0x3c,0x75,0x6e,0x69,0x66,0x6f,0x72,0x6d,0x3e,0x20,0x78,0x5f,0x31,0x39,0x20,0x3a,
    0x20,0x76,0x73,0x5f,0x70,0x61,0x72,0x61,0x6d,0x73,0x3b,0x0a,0x0a,0x76,0x61,0x72,
    0x3c,0x70,0x72,0x69,0x76,0x61,0x74,0x65,0x3e,0x20,0x70,0x6f,0x73,0x69,0x74,0x69,
    0x6f,0x6e,0x5f,0x31,0x20,0x3a,0x20,0x76,0x65,0x63,0x33,0x66,0x3b,0x0a,0x0a,0x76,
    0x61,0x72,0x3c,0x70,0x72,0x69,0x76,0x61,0x74,0x65,0x3e,0x20,0x76,0x5f,0x6e,0x6f,
    0x72,0x6d,0x61,0x6c,0x20,0x3a,0x20,0x76,0x65,0x63,0x33,0x66,0x3b,0x0a,0x0a,0x76,
    0x61,0x72,0x3c,0x70,0x72,0x69,0x76,0x61,0x74,0x65,0x3e,0x20,0x6e,0x6f,0x72,0x6d,
    0x61,0x6c,0x20,0x3a,0x20,0x76,0x65,0x63,0x33,0x66,0x3b,0x0a,0x0a,0x76,0x61,0x72,
    0x3c,0x70,0x72,0x69,0x76,0x61,0x74,0x65,0x3e,0x20,0x76,0x5f,0x74,0x61,0x6e,0x67,
    0x65,0x6e,0x74,0x20,0x3a,0x20,0x76,0x65,0x63,0x34,0x66,0x3b,0x0a,0x0a,0x76,0x61,
    0x72,0x3c,0x70,0x72,0x69,0x76,0x61,0x74,0x65,0x3e,0x20,0x74,0x61,0x6e,0x67,0x65,
    0x6e,0x74,0x20,0x3a,0x20,0x76,0x65,0x63,0x34,0x66,0x3b,0x0a,0x0a,0x76,0x61,0x72,
    0x3c,0x70,0x72,0x69,0x76,0x61,0x74,0x65,0x3e,0x20,0x76,0x5f,0x75,0x76,0x30,0x20,
    0x3a,0x20,0x76,0x65,0x63,0x32,0x66,0x3b,0x0a,0x0a,0x76,0x61,0x72,0x3c,0x70,0x72,
    0x69,0x76,0x61,0x74,0x65,0x3e,0x20,0x74,0x65,0x78,0x63,0x6f,0x6f,0x72,0x64,0x30,
    0x20,0x3a,0x20,0x76,0x65,0x63,0x32,0x66,0x3b,0x0a,0x0a,0x76,0x61,0x72,0x3c,0x70,
    0x72,0x69,0x76,0x61,0x74,0x65,0x3e,0x20,0x76,0x5f,0x75,0x76,0x31,0x20,0x3a,0x20,
    0x76,0x65,0x63,0x32,0x66,0x3b,0x0a,0x0a,0x76,0x61,0x72,0x3c,0x70,0x72,0x69,0x76,
    0x61,0x74,0x65,0x3e,0x20,0x74,0x65,0x78,0x63,0x6f,0x6f,0x72,0x64,0x31,0x20,0x3a,
    0x20,0x76,0x65,0x63,0x32,0x66,0x3b,0x0a,0x0a,0x76,0x61,0x72,0x3c,0x70,0x72,0x69,
    0x76,0x61,0x74,0x65,0x3e,0x20,0x76,0x5f,0x63,0x6f,0x6c,0x6f,0x72,0x20,0x3a,0x20,
    0x76,0x65,0x63,0x34,0x66,0x3b,0x0a,0x0a,0x76,0x61,0x72,0x3c,0x70,0x72,0x69,0x76,
    0x61,0x74,0x65,0x3e,0x20,0x63,0x6f,0x6c,0x6f,0x72,0x30,0x20,0x3a,0x20,0x76,0x65,
    0x63,0x34,0x66,0x3b,0x0a,0x0a,0x76,0x61,0x72,0x3c,0x70,0x72,0x69,0x76,0x61,0x74,
    0x65,0x3e,0x20,0x76,0x5f,0x77,0x6f,0x72,0x6c,0x64,0x5f,0x70,0x6f,0x73,0x20,0x3a,
    0x20,0x76,0x65,0x63,0x33,0x66,0x3b,0x0a,0x0a,0x76,0x61,0x72,0x3c,0x70,0x72,0x69,
    0x76,0x61,0x74,0x65,0x3e,0x20,0x67,0x6c,0x5f,0x50,0x6f,0x73,0x69,0x74,0x69,0x6f,
    0x6e,0x20,0x3a,0x20,0x76,0x65,0x63,0x34,0x66,0x3b,0x0a,0x0a,0x66,0x6e,0x20,0x6d,
    0x61,0x69,0x6e,0x5f,0x31,0x28,0x29,0x20,0x7b,0x0a,0x20,0x20,0x6c,0x65,0x74,0x20,
    0x78,0x5f,0x33,0x31,0x20,0x3d,0x20,0x76,0x65,0x63,0x34,0x66,0x28,0x70,0x6f,0x73,
    0x69,0x74,0x69,0x6f,0x6e,0x5f,0x31,0x2e,0x78,0x2c,0x20,0x70,0x6f,0x73,0x69,0x74,
    0x69,0x6f,0x6e,0x5f,0x31,0x2e,0x79,0x2c,0x20,0x70,0x6f,0x73,0x69,0x74,0x69,0x6f,
    0x6e,0x5f,0x31,0x2e,0x7a,0x2c,0x20,0x31,0x2e,0x30,0x66,0x29,0x3b,0x0a,0x20,0x20,
    0x67,0x6c,0x5f,0x50,0x6f,0x73,0x69,0x74,0x69,0x6f,0x6e,0x20,0x3d,0x20,0x28,0x78,
    0x5f,0x31,0x39,0x2e,0x6d,0x76,0x70,0x20,0x2a,0x20,0x78,0x5f,0x33,0x31,0x29,0x3b,
    0x0a,0x20,0x20,0x6c,0x65,0x74,0x20,0x78,0x5f,0x33,0x39,0x20,0x3d,0x20,0x78,0x5f,
    0x31,0x39,0x2e,0x6e,0x6f,0x72,0x6d,0x61,0x6c,0x5f,0x6d,0x61,0x74,0x3b,0x0a,0x20,
    0x20,0x76,0x5f,0x6e,0x6f,0x72,0x6d,0x61,0x6c,0x20,0x3d,0x20,0x28,0x6d,0x61,0x74,
    0x33,0x78,0x33,0x66,0x28,0x78,0x5f,0x33,0x39,0x5b,0x30,0x75,0x5d,0x2e,0x78,0x79,
    0x7a,0x2c,0x20,0x78,0x5f,0x33,0x39,0x5b,0x31,0x75,0x5d,0x2e,0x78,0x79,0x7a,0x2c,
    0x20,0x78,0x5f,0x33,0x39,0x5b,0x32,0x75,0x5d,0x2e,0x78,0x79,0x7a,0x29,0x20,0x2a,
    0x20,0x6e,0x6f,0x72,0x6d,0x61,0x6c,0x29,0x3b,0x0a,0x20,0x20,0x6c,0x65,0x74,0x20,
    0x78,0x5f,0x35,0x34,0x20,0x3d,0x20,0x78,0x5f,0x31,0x39,0x2e,0x6d,0x6f,0x64,0x65,
    0x6c,0x3b,0x0a,0x20,0x20,0x6c,0x65,0x74,0x20,0x78,0x5f,0x36,0x36,0x20,0x3d,0x20,
    0x28,0x6d,0x61,0x74,0x33,0x78,0x33,0x66,0x28,0x78,0x5f,0x35,0x34,0x5b,0x30,0x75,
    0x5d,0x2e,0x78,0x79,0x7a,0x2c,0x20,0x78,0x5f,0x35,0x34,0x5b,0x31,0x75,0x5d,0x2e,
    0x78,0x79,0x7a,0x2c,0x20,0x78,0x5f,0x35,0x34,0x5b,0x32,0x75,0x5d,0x2e,0x78,0x79,
    0x7a,0x29,0x20,0x2a,0x20,0x74,0x61,0x6e,0x67,0x65,0x6e,0x74,0x2e,0x78,0x79,0x7a,
    0x29,0x3b,0x0a,0x20,0x20,0x76,0x5f,0x74,0x61,0x6e,0x67,0x65,0x6e,0x74,0x20,0x3d,
    0x20,0x76,0x65,0x63,0x34,0x66,0x28,0x78,0x5f,0x36,0x36,0x2e,0x78,0x2c,0x20,0x78,
    0x5f,0x36,0x36,0x2e,0x79,0x2c,0x20,0x78,0x5f,0x36,0x36,0x2e,0x7a,0x2c,0x20,0x74,
    0x61,0x6e,0x67,0x65,0x6e,0x74,0x2e,0x77,0x29,0x3b,0x0a,0x20,0x20,0x76,0x5f,0x75,
    0x76,0x30,0x20,0x3d,0x20,0x74,0x65,0x78,0x63,0x6f,0x6f,0x72,0x64,0x30,0x3b,0x0a,
    0x20,0x20,0x76,0x5f,0x75,0x76,0x31,0x20,0x3d,0x20,0x74,0x65,0x78,0x63,0x6f,0x6f,
    0x72,0x64,0x31,0x3b,0x0a,0x20,0x20,0x76,0x5f,0x63,0x6f,0x6c,0x6f,0x72,0x20,0x3d,
    0x20,0x63,0x6f,0x6c,0x6f,0x72,0x30,0x3b,0x0a,0x20,0x20,0x76,0x5f,0x77,0x6f,0x72,
    0x6c,0x64,0x5f,0x70,0x6f,0x73,0x20,0x3d,0x20,0x28,0x28,0x78,0x5f,0x35,0x34,0x20,
    0x2a,0x20,0x78,0x5f,0x33,0x31,0x29,0x29,0x2e,0x78,0x79,0x7a,0x3b,0x0a,0x20,0x20,
    0x72,0x65,0x74,0x75,0x72,0x6e,0x3b,0x0a,0x7d,0x0a,0x0a,0x73,0x74,0x72,0x75,0x63,
    0x74,0x20,0x6d,0x61,0x69,0x6e,0x5f,0x6f,0x75,0x74,0x20,0x7b,0x0a,0x20,0x20,0x40,
    0x62,0x75,0x69,0x6c,0x74,0x69,0x6e,0x28,0x70,0x6f,0x73,0x69,0x74,0x69,0x6f,0x6e,
    0x29,0x0a,0x20,0x20,0x67,0x6c,0x5f,0x50,0x6f,0x73,0x69,0x74,0x69,0x6f,0x6e,0x20,
    0x3a,0x20,0x76,0x65,0x63,0x34,0x66,0x2c,0x0a,0x20,0x20,0x40,0x6c,0x6f,0x63,0x61,
    0x74,0x69,0x6f,0x6e,0x28,0x30,0x29,0x0a,0x20,0x20,0x76,0x5f,0x6e,0x6f,0x72,0x6d,
    0x61,0x6c,0x5f,0x31,0x20,0x3a,0x20,0x76,0x65,0x63,0x33,0x66,0x2c,0x0a,0x20,0x20,
    0x40,0x6c,0x6f,0x63,0x61,0x74,0x69,0x6f,0x6e,0x28,0x31,0x29,0x0a,0x20,0x20,0x76,
    0x5f,0x74,0x61,0x6e,0x67,0x65,0x6e,0x74,0x5f,0x31,0x20,0x3a,0x20,0x76,0x65,0x63,
    0x34,0x66,0x2c,0x0a,0x20,0x20,0x40,0x6c,0x6f,0x63,0x61,0x74,0x69,0x6f,0x6e,0x28,
    0x32,0x29,0x0a,0x20,0x20,0x76,0x5f,0x75,0x76,0x30,0x5f,0x31,0x20,0x3a,0x20,0x76,
    0x65,0x63,0x32,0x66,0x2c,0x0a,0x20,0x20,0x40,0x6c,0x6f,0x63,0x61,0x74,0x69,0x6f,
    0x6e,0x28,0x33,0x29,0x0a,0x20,0x20,0x76,0x5f,0x75,0x76,0x31,0x5f,0x31,0x20,0x3a,
    0x20,0x76,0x65,0x63,0x32,0x66,0x2c,0x0a,0x20,0x20,0x40,0x6c,0x6f,0x63,0x61,0x74,
    0x69,0x6f,0x6e,0x28,0x34,0x29,0x0a,0x20,0x20,0x76,0x5f,0x63,0x6f,0x6c,0x6f,0x72,
    0x5f,0x31,0x20,0x3a,0x20,0x76,0x65,0x63,0x34,0x66,0x2c,0x0a,0x20,0x20,0x40,0x6c,
    0x6f,0x63,0x61,0x74,0x69,0x6f,0x6e,0x28,0x35,0x29,0x0a,0x20,0x20,0x76,0x5f,0x77,
    0x6f,0x72,0x6c,0x64,0x5f,0x70,0x6f,0x73,0x5f,0x31,0x20,0x3a,0x20,0x76,0x65,0x63,
    0x33,0x66,0x2c,0x0a,0x7d,0x0a,0x0a,0x40,0x76,0x65,0x72,0x74,0x65,0x78,0x0a,0x66,
    0x6e,0x20,0x6d,0x61,0x69,0x6e,0x28,0x40,0x6c,0x6f,0x63,0x61,0x74,0x69,0x6f,0x6e,
    0x28,0x30,0x29,0x20,0x70,0x6f,0x73,0x69,0x74,0x69,0x6f,0x6e,0x5f,0x31,0x5f,0x70,
    0x61,0x72,0x61,0x6d,0x20,0x3a,0x20,0x76,0x65,0x63,0x33,0x66,0x2c,0x20,0x40,0x6c,
    0x6f,0x63,0x61,0x74,0x69,0x6f,0x6e,0x28,0x31,0x29,0x20,0x6e,0x6f,0x72,0x6d,0x61,
    0x6c,0x5f,0x70,0x61,0x72,0x61,0x6d,0x20,0x3a,0x20,0x76,0x65,0x63,0x33,0x66,0x2c,
    0x20,0x40,0x6c,0x6f,0x63,0x61,0x74,0x69,0x6f,0x6e,0x28,0x34,0x29,0x20,0x74,0x61,
    0x6e,0x67,0x65,0x6e,0x74,0x5f,0x70,0x61,0x72,0x61,0x6d,0x20,0x3a,0x20,0x76,0x65,
    0x63,0x34,0x66,0x2c,0x20,0x40,0x6c,0x6f,0x63,0x61,0x74,0x69,0x6f,0x6e,0x28,0x32,
    0x29,0x20,0x74,0x65,0x78,0x63,0x6f,0x6f,0x72,0x64,0x30,0x5f,0x70,0x61,0x72,0x61,
    0x6d,0x20,0x3a,0x20,0x76,0x65,0x63,0x32,0x66,0x2c,0x20,0x40,0x6c,0x6f,0x63,0x61,
    0x74,0x69,0x6f,0x6e,0x28,0x33,0x29,0x20,0x74,0x65,0x78,0x63,0x6f,0x6f,0x72,0x64,
    0x31,0x5f,0x70,0x61,0x72,0x61,0x6d,0x20,0x3a,0x20,0x76,0x65,0x63,0x32,0x66,0x2c,
    0x20,0x40,0x6c,0x6f,0x63,0x61,0x74,0x69,0x6f,0x6e,0x28,0x35,0x29,0x20,0x63,0x6f,
    0x6c,0x6f,0x72,0x30,0x5f,0x70,0x61,0x72,0x61,0x6d,0x20,0x3a,0x20,0x76,0x65,0x63,
    0x34,0x66,0x29,0x20,0x2d,0x3e,0x20,0x6d,0x61,0x69,0x6e,0x5f,0x6f,0x75,0x74,0x20,
    0x7b,0x0a,0x20,0x20,0x70,0x6f,0x73,0x69,0x74,0x69,0x6f,0x6e,0x5f,0x31,0x20,0x3d,
    0x20,0x70,0x6f,0x73,0x69,0x74,0x69,0x6f,0x6e,0x5f,0x31,0x5f,0x70,0x61,0x72,0x61,
    0x6d,0x3b,0x0a,0x20,0x20,0x6e,0x6f,0x72,0x6d,0x61,0x6c,0x20,0x3d,0x20,0x6e,0x6f,
    0x72,0x6d,0x61,0x6c,0x5f,0x70,0x61,0x72,0x61,0x6d,0x3b,0x0a,0x20,0x20,0x74,0x61,
    0x6e,0x67,0x65,0x6e,0x74,0x20,0x3d,0x20,0x74,0x61,0x6e,0x67,0x65,0x6e,0x74,0x5f,
    0x70,0x61,0x72,0x61,0x6d,0x3b,0x0a,0x20,0x20,0x74,0x65,0x78,0x63,0x6f,0x6f,0x72,
    0x64,0x30,0x20,0x3d,0x20,0x74,0x65,0x78,0x63,0x6f,0x6f,0x72,0x64,0x30,0x5f,0x70,
    0x61,0x72,0x61,0x6d,0x3b,0x0a,0x20,0x20,0x74,0x65,0x78,0x63,0x6f,0x6f,0x72,0x64,
    0x31,0x20,0x3d,0x20,0x74,0x65,0x78,0x63,0x6f,0x6f,0x72,0x64,0x31,0x5f,0x70,0x61,
    0x72,0x61,0x6d,0x3b,0x0a,0x20,0x20,0x63,0x6f,0x6c,0x6f,0x72,0x30,0x20,0x3d,0x20,
    0x63,0x6f,0x6c,0x6f,0x72,0x30,0x5f,0x70,0x61,0x72,0x61,0x6d,0x3b,0x0a,0x20,0x20,
    0x6d,0x61,0x69,0x6e,0x5f,0x31,0x28,0x29,0x3b,0x0a,0x20,0x20,0x72,0x65,0x74,0x75,
    0x72,0x6e,0x20,0x6d,0x61,0x69,0x6e,0x5f,0x6f,0x75,0x74,0x28,0x67,0x6c,0x5f,0x50,
    0x6f,0x73,0x69,0x74,0x69,0x6f,0x6e,0x2c,0x20,0x76,0x5f,0x6e,0x6f,0x72,0x6d,0x61,
    0x6c,0x2c,0x20,0x76,0x5f,0x74,0x61,0x6e,0x67,0x65,0x6e,0x74,0x2c,0x20,0x76,0x5f,
    0x75,0x76,0x30,0x2c,0x20,0x76,0x5f,0x75,0x76,0x31,0x2c,0x20,0x76,0x5f,0x63,0x6f,
    0x6c,0x6f,0x72,0x2c,0x20,0x76,0x5f,0x77,0x6f,0x72,0x6c,0x64,0x5f,0x70,0x6f,0x73,
    0x29,0x3b,0x0a,0x7d,0x0a,0x00,
};
#endif
/*
    diagnostic(off, derivative_uniformity);

    struct vs_skin_params {
      /_ @offset(0) _/
      mvp : mat4x4f,
      /_ @offset(64) _/
      model : mat4x4f,
      /_ @offset(128) _/
      normal_mat : mat4x4f,
      /_ @offset(192) _/
      skin_base : vec4f,
    }

    @binding(0) @group(0) var<uniform> x_18 : vs_skin_params;

    @binding(7) @group(1) var joint_tex : texture_2d<f32>;

    @binding(39) @group(1) var joint_smp : sampler;

    var<private> weights : vec4f;

    var<private> joints : vec4f;

    var<private> position_1 : vec3f;

    var<private> v_normal : vec3f;

    var<private> normal : vec3f;

    var<private> v_tangent : vec4f;

    var<private> tangent : vec4f;

    var<private> v_uv0 : vec2f;

    var<private> texcoord0 : vec2f;

    var<private> v_uv1 : vec2f;

    var<private> texcoord1 : vec2f;

    var<private> v_color : vec4f;

    var<private> color0 : vec4f;

    var<private> v_world_pos : vec3f;

    var<private> gl_Position : vec4f;

    fn joint_at_i1_(index : ptr<function, i32>) -> mat4x4f {
      let x_27 = (i32(x_18.skin_base.x) + *(index));
      let x_38 = vec2i(((x_27 % 256i) * 4i), (x_27 / 256i));
      let x_52 = textureLoad(joint_tex, x_38, 0i);
      let x_61 = textureLoad(joint_tex, (x_38 + vec2i(1i, 0i)), 0i);
      let x_70 = textureLoad(joint_tex, (x_38 + vec2i(2i, 0i)), 0i);
      let x_78 = textureLoad(joint_tex, (x_38 + vec2i(3i, 0i)), 0i);
      return mat4x4f(x_52, x_61, x_70, x_78);
    }

    fn main_1() {
      var param : i32;
      var param_1 : i32;
      var param_2 : i32;
      var param_3 : i32;
      let x_110 = weights.x;
      param = i32(joints.x);
      let x_116 = joint_at_i1_(&(param));
      let x_117 = (x_116 * x_110);
      let x_120 = weights.y;
      param_1 = i32(joints.y);
      let x_125 = joint_at_i1_(&(param_1));
      let x_126 = (x_125 * x_120);
      let x_142 = weights.z;
      param_2 = i32(joints.z);
      let x_147 = joint_at_i1_(&(param_2));
      let x_148 = (x_147 * x_142);
      let x_164 = weights.w;
      param_3 = i32(joints.w);
      let x_169 = joint_at_i1_(&(param_3));
      let x_170 = (x_169 * x_164);
      let x_173 = (((x_117[0u] + x_126[0u]) + x_148[0u]) + x_170[0u]);
      let x_176 = (((x_117[1u] + x_126[1u]) + x_148[1u]) + x_170[1u]);
      let x_179 = (((x_117[2u] + x_126[2u]) + x_148[2u]) + x_170[2u]);
      let x_195 = (mat4x4f(x_173, x_176, x_179, (((x_117[3u] + x_126[3u]) + x_148[3u]) + x_170[3u])) * vec4f(position_1.x, position_1.y, position_1.z, 1.0f));
      gl_Position = (x_18.mvp * x_195);
      let x_210 = x_18.normal_mat;
      let x_226 = mat3x3f(x_173.xyz, x_176.xyz, x_179.xyz);
      v_normal = (mat3x3f(x_210[0u].xyz, x_210[1u].xyz, x_210[2u].xyz) * (x_226 * normal));
      let x_233 = x_18.model;
      let x_253 = (mat3x3f(x_233[0u].xyz, x_233[1u].xyz, x_233[2u].xyz) * (x_226 * tangent.xyz));
      v_tangent = vec4f(x_253.x, x_253.y, x_253.z, tangent.w);
      v_uv0 = texcoord0;
      v_uv1 = texcoord1;
      v_color = color0;
      v_world_pos = ((x_233 * x_195)).xyz;
      return;
    }

    struct main_out {
      @builtin(position)
      gl_Position : vec4f,
      @location(0)
      v_normal_1 : vec3f,
      @location(1)
      v_tangent_1 : vec4f,
      @location(2)
      v_uv0_1 : vec2f,
      @location(3)
      v_uv1_1 : vec2f,
      @location(4)
      v_color_1 : vec4f,
      @location(5)
      v_world_pos_1 : vec3f,
    }

    @vertex
    fn main(@location(7) weights_param : vec4f, @location(6) joints_param : vec4f, @location(0) position_1_param : vec3f, @location(1) normal_param : vec3f, @location(4) tangent_param : vec4f, @location(2) texcoord0_param : vec2f, @location(3) texcoord1_param : vec2f, @location(5) color0_param : vec4f) -> main_out {
      weights = weights_param;
      joints = joints_param;
      position_1 = position_1_param;
      normal = normal_param;
      tangent = tangent_param;
      texcoord0 = texcoord0_param;
      texcoord1 = texcoord1_param;
      color0 = color0_param;
      main_1();
      return main_out(gl_Position, v_normal, v_tangent, v_uv0, v_uv1, v_color, v_world_pos);
    }
*/
#if defined(SOKOL_WGPU)
static const uint8_t vs_skinned_source_wgsl[3698] = {
    0x64,0x69,0x61,0x67,0x6e,0x6f,0x73,0x74,0x69,0x63,0x28,0x6f,0x66,0x66,0x2c,0x20,
    0x64,0x65,0x72,0x69,0x76,0x61,0x74,0x69,0x76,0x65,0x5f,0x75,0x6e,0x69,0x66,0x6f,
    0x72,0x6d,0x69,0x74,0x79,0x29,0x3b,0x0a,0x0a,0x73,0x74,0x72,0x75,0x63,0x74,0x20,
    0x76,0x73,0x5f,0x73,0x6b,0x69,0x6e,0x5f,0x70,0x61,0x72,0x61,0x6d,0x73,0x20,0x7b,
    0x0a,0x20,0x20,0x2f,0x2a,0x20,0x40,0x6f,0x66,0x66,0x73,0x65,0x74,0x28,0x30,0x29,
    0x20,0x2a,0x2f,0x0a,0x20,0x20,0x6d,0x76,0x70,0x20,0x3a,0x20,0x6d,0x61,0x74,0x34,
    0x78,0x34,0x66,0x2c,0x0a,0x20,0x20,0x2f,0x2a,0x20,0x40,0x6f,0x66,0x66,0x73,0x65,
    0x74,0x28,0x36,0x34,0x29,0x20,0x2a,0x2f,0x0a,0x20,0x20,0x6d,0x6f,0x64,0x65,0x6c,
    0x20,0x3a,0x20,0x6d,0x61,0x74,0x34,0x78,0x34,0x66,0x2c,0x0a,0x20,0x20,0x2f,0x2a,
    0x20,0x40,0x6f,0x66,0x66,0x73,0x65,0x74,0x28,0x31,0x32,0x38,0x29,0x20,0x2a,0x2f,
    0x0a,0x20,0x20,0x6e,0x6f,0x72,0x6d,0x61,0x6c,0x5f,0x6d,0x61,0x74,0x20,0x3a,0x20,
    0x6d,0x61,0x74,0x34,0x78,0x34,0x66,0x2c,0x0a,0x20,0x20,0x2f,0x2a,0x20,0x40,0x6f,
    0x66,0x66,0x73,0x65,0x74,0x28,0x31,0x39,0x32,0x29,0x20,0x2a,0x2f,0x0a,0x20,0x20,
    0x73,0x6b,0x69,0x6e,0x5f,0x62,0x61,0x73,0x65,0x20,0x3a,0x20,0x76,0x65,0x63,0x34,
    0x66,0x2c,0x0a,0x7d,0x0a,0x0a,0x40,0x62,0x69,0x6e,0x64,0x69,0x6e,0x67,0x28,0x30,
    0x29,0x20,0x40,0x67,0x72,0x6f,0x75,0x70,0x28,0x30,0x29,0x20,0x76,0x61,0x72,0x3c,
    0x75,0x6e,0x69,0x66,0x6f,0x72,0x6d,0x3e,0x20,0x78,0x5f,0x31,0x38,0x20,0x3a,0x20,
    0x76,0x73,0x5f,0x73,0x6b,0x69,0x6e,0x5f,0x70,0x61,0x72,0x61,0x6d,0x73,0x3b,0x0a,
    0x0a,0x40,0x62,0x69,0x6e,0x64,0x69,0x6e,0x67,0x28,0x37,0x29,0x20,0x40,0x67,0x72,
    0x6f,0x75,0x70,0x28,0x31,0x29,0x20,0x76,0x61,0x72,0x20,0x6a,0x6f,0x69,0x6e,0x74,
    0x5f,0x74,0x65,0x78,0x20,0x3a,0x20,0x74,0x65,0x78,0x74,0x75,0x72,0x65,0x5f,0x32,
    0x64,0x3c,0x66,0x33,0x32,0x3e,0x3b,0x0a,0x0a,0x40,0x62,0x69,0x6e,0x64,0x69,0x6e,
    0x67,0x28,0x33,0x39,0x29,0x20,0x40,0x67,0x72,0x6f,0x75,0x70,0x28,0x31,0x29,0x20,
    0x76,0x61,0x72,0x20,0x6a,0x6f,0x69,0x6e,0x74,0x5f,0x73,0x6d,0x70,0x20,0x3a,0x20,
    0x73,0x61,0x6d,0x70,0x6c,0x65,0x72,0x3b,0x0a,0x0a,0x76,0x61,0x72,0x3c,0x70,0x72,
    0x69,0x76,0x61,0x74,0x65,0x3e,0x20,0x77,0x65,0x69,0x67,0x68,0x74,0x73,0x20,0x3a,
    0x20,0x76,0x65,0x63,0x34,0x66,0x3b,0x0a,0x0a,0x76,0x61,0x72,0x3c,0x70,0x72,0x69,
    0x76,0x61,0x74,0x65,0x3e,0x20,0x6a,0x6f,0x69,0x6e,0x74,0x73,0x20,0x3a,0x20,0x76,
    0x65,0x63,0x34,0x66,0x3b,0x0a,0x0a,0x76,0x61,0x72,0x3c,0x70,0x72,0x69,0x76,0x61,
    0x74,0x65,0x3e,0x20,0x70,0x6f,0x73,0x69,0x74,0x69,0x6f,0x6e,0x5f,0x31,0x20,0x3a,
    0x20,0x76,0x65,0x63,0x33,0x66,0x3b,0x0a,0x0a,0x76,0x61,0x72,0x3c,0x70,0x72,0x69,
    0x76,0x61,0x74,0x65,0x3e,0x20,0x76,0x5f,0x6e,0x6f,0x72,0x6d,0x61,0x6c,0x20,0x3a,
    0x20,0x76,0x65,0x63,0x33,0x66,0x3b,0x0a,0x0a,0x76,0x61,0x72,0x3c,0x70,0x72,0x69,
    0x76,0x61,0x74,0x65,0x3e,0x20,0x6e,0x6f,0x72,0x6d,0x61,0x6c,0x20,0x3a,0x20,0x76,
    0x65,0x63,0x33,0x66,0x3b,0x0a,0x0a,0x76,0x61,0x72,0x3c,0x70,0x72,0x69,0x76,0x61,
    0x74,0x65,0x3e,0x20,0x76,0x5f,0x74,0x61,0x6e,0x67,0x65,0x6e,0x74,0x20,0x3a,0x20,
    0x76,0x65,0x63,0x34,0x66,0x3b,0x0a,0x0a,0x76,0x61,0x72,0x3c,0x70,0x72,0x69,0x76,
    0x61,0x74,0x65,0x3e,0x20,0x74,0x61,0x6e,0x67,0x65,0x6e,0x74,0x20,0x3a,0x20,0x76,
    0x65,0x63,0x34,0x66,0x3b,0x0a,0x0a,0x76,0x61,0x72,0x3c,0x70,0x72,0x69,0x76,0x61,
    0x74,0x65,0x3e,0x20,0x76,0x5f,0x75,0x76,0x30,0x20,0x3a,0x20,0x76,0x65,0x63,0x32,
    0x66,0x3b,0x0a,0x0a,0x76,0x61,0x72,0x3c,0x70,0x72,0x69,0x76,0x61,0x74,0x65,0x3e,
    0x20,0x74,0x65,0x78,0x63,0x6f,0x6f,0x72,0x64,0x30,0x20,0x3a,0x20,0x76,0x65,0x63,
    0x32,0x66,0x3b,0x0a,0x0a,0x76,0x61,0x72,0x3c,0x70,0x72,0x69,0x76,0x61,0x74,0x65,
    0x3e,0x20,0x76,0x5f,0x75,0x76,0x31,0x20,0x3a,0x20,0x76,0x65,0x63,0x32,0x66,0x3b,
    0x0a,0x0a,0x76,0x61,0x72,0x3c,0x70,0x72,0x69,0x76,0x61,0x74,0x65,0x3e,0x20,0x74,
    0x65,0x78,0x63,0x6f,0x6f,0x72,0x64,0x31,0x20,0x3a,0x20,0x76,0x65,0x63,0x32,0x66,
    0x3b,0x0a,0x0a,0x76,0x61,0x72,0x3c,0x70,0x72,0x69,0x76,0x61,0x74,0x65,0x3e,0x20,
    0x76,0x5f,0x63,0x6f,0x6c,0x6f,0x72,0x20,0x3a,0x20,0x76,0x65,0x63,0x34,0x66,0x3b,
    0x0a,0x0a,0x76,0x61,0x72,0x3c,0x70,0x72,0x69,0x76,0x61,0x74,0x65,0x3e,0x20,0x63,
    0x6f,0x6c,0x6f,0x72,0x30,0x20,0x3a,0x20,0x76,0x65,0x63,0x34,0x66,0x3b,0x0a,0x0a,
    0x76,0x61,0x72,0x3c,0x70,0x72,0x69,0x76,0x61,0x74,0x65,0x3e,0x20,0x76,0x5f,0x77,
    0x6f,0x72,0x6c,0x64,0x5f,0x70,0x6f,0x73,0x20,0x3a,0x20,0x76,0x65,0x63,0x33,0x66,
    0x3b,0x0a,0x0a,0x76,0x61,0x72,0x3c,0x70,0x72,0x69,0x76,0x61,0x74,0x65,0x3e,0x20,
    0x67,0x6c,0x5f,0x50,0x6f,0x73,0x69,0x74,0x69,0x6f,0x6e,0x20,0x3a,0x20,0x76,0x65,
    0x63,0x34,0x66,0x3b,0x0a,0x0a,0x66,0x6e,0x20,0x6a,0x6f,0x69,0x6e,0x74,0x5f,0x61,
    0x74,0x5f,0x69,0x31,0x5f,0x28,0x69,0x6e,0x64,0x65,0x78,0x20,0x3a,0x20,0x70,0x74,
    0x72,0x3c,0x66,0x75,0x6e,0x63,0x74,0x69,0x6f,0x6e,0x2c,0x20,0x69,0x33,0x32,0x3e,
    0x29,0x20,0x2d,0x3e,0x20,0x6d,0x61,0x74,0x34,0x78,0x34,0x66,0x20,0x7b,0x0a,0x20,
    0x20,0x6c,0x65,0x74,0x20,0x78,0x5f,0x32,0x37,0x20,0x3d,0x20,0x28,0x69,0x33,0x32,
    0x28,0x78,0x5f,0x31,0x38,0x2e,0x73,0x6b,0x69,0x6e,0x5f,0x62,0x61,0x73,0x65,0x2e,
    0x78,0x29,0x20,0x2b,0x20,0x2a,0x28,0x69,0x6e,0x64,0x65,0x78,0x29,0x29,0x3b,0x0a,
    0x20,0x20,0x6c,0x65,0x74,0x20,0x78,0x5f,0x33,0x38,0x20,0x3d,0x20,0x76,0x65,0x63,
    0x32,0x69,0x28,0x28,0x28,0x78,0x5f,0x32,0x37,0x20,0x25,0x20,0x32,0x35,0x36,0x69,
    0x29,0x20,0x2a,0x20,0x34,0x69,0x29,0x2c,0x20,0x28,0x78,0x5f,0x32,0x37,0x20,0x2f,
    0x20,0x32,0x35,0x36,0x69,0x29,0x29,0x3b,0x0a,0x20,0x20,0x6c,0x65,0x74,0x20,0x78,
    0x5f,0x35,0x32,0x20,0x3d,0x20,0x74,0x65,0x78,0x74,0x75,0x72,0x65,0x4c,0x6f,0x61,
    0x64,0x28,0x6a,0x6f,0x69,0x6e,0x74,0x5f,0x74,0x65,0x78,0x2c,0x20,0x78,0x5f,0x33,
    0x38,0x2c,0x20,0x30,0x69,0x29,0x3b,0x0a,0x20,0x20,0x6c,0x65,0x74,0x20,0x78,0x5f,
    0x36,0x31,0x20,0x3d,0x20,0x74,0x65,0x78,0x74,0x75,0x72,0x65,0x4c,0x6f,0x61,0x64,
    0x28,0x6a,0x6f,0x69,0x6e,0x74,0x5f,0x74,0x65,0x78,0x2c,0x20,0x28,0x78,0x5f,0x33,
    0x38,0x20,0x2b,0x20,0x76,0x65,0x63,0x32,0x69,0x28,0x31,0x69,0x2c,0x20,0x30,0x69,
    0x29,0x29,0x2c,0x20,0x30,0x69,0x29,0x3b,0x0a,0x20,0x20,0x6c,0x65,0x74,0x20,0x78,
    0x5f,0x37,0x30,0x20,0x3d,0x20,0x74,0x65,0x78,0x74,0x75,0x72,0x65,0x4c,0x6f,0x61,
    0x64,0x28,0x6a,0x6f,0x69,0x6e,0x74,0x5f,0x74,0x65,0x78,0x2c,0x20,0x28,0x78,0x5f,
    0x33,0x38,0x20,0x2b,0x20,0x76,0x65,0x63,0x32,0x69,0x28,0x32,0x69,0x2c,0x20,0x30,
    0x69,0x29,0x29,0x2c,0x20,0x30,0x69,0x29,0x3b,0x0a,0x20,0x20,0x6c,0x65,0x74,0x20,
    0x78,0x5f,0x37,0x38,0x20,0x3d,0x20,0x74,0x65,0x78,0x74,0x75,0x72,0x65,0x4c,0x6f,
    0x61,0x64,0x28,0x6a,0x6f,0x69,0x6e,0x74,0x5f,0x74,0x65,0x78,0x2c,0x20,0x28,0x78,
    0x5f,0x33,0x38,0x20,0x2b,0x20,0x76,0x65,0x63,0x32,0x69,0x28,0x33,0x69,0x2c,0x20,
    0x30,0x69,0x29,0x29,0x2c,0x20,0x30,0x69,0x29,0x3b,0x0a,0x20,0x20,0x72,0x65,0x74,
    0x75,0x72,0x6e,0x20,0x6d,0x61,0x74,0x34,0x78,0x34,0x66,0x28,0x78,0x5f,0x35,0x32,
    0x2c,0x20,0x78,0x5f,0x36,0x31,0x2c,0x20,0x78,0x5f,0x37,0x30,0x2c,0x20,0x78,0x5f,
    0x37,0x38,0x29,0x3b,0x0a,0x7d,0x0a,0x0a,0x66,0x6e,0x20,0x6d,0x61,0x69,0x6e,0x5f,
    0x31,0x28,0x29,0x20,0x7b,0x0a,0x20,0x20,0x76,0x61,0x72,0x20,0x70,0x61,0x72,0x61,
    0x6d,0x20,0x3a,0x20,0x69,0x33,0x32,0x3b,0x0a,0x20,0x20,0x76,0x61,0x72,0x20,0x70,
    0x61,0x72,0x61,0x6d,0x5f,0x31,0x20,0x3a,0x20,0x69,0x33,0x32,0x3b,0x0a,0x20,0x20,
    0x76,0x61,0x72,0x20,0x70,0x61,0x72,0x61,0x6d,0x5f,0x32,0x20,0x3a,0x20,0x69,0x33,
    0x32,0x3b,0x0a,0x20,0x20,0x76,0x61,0x72,0x20,0x70,0x61,0x72,0x61,0x6d,0x5f,0x33,
    0x20,0x3a,0x20,0x69,0x33,0x32,0x3b,0x0a,0x20,0x20,0x6c,0x65,0x74,0x20,0x78,0x5f,
    0x31,0x31,0x30,0x20,0x3d,0x20,0x77,0x65,0x69,0x67,0x68,0x74,0x73,0x2e,0x78,0x3b,
    0x0a,0x20,0x20,0x70,0x61,0x72,0x61,0x6d,0x20,0x3d,0x20,0x69,0x33,0x32,0x28,0x6a,
    0x6f,0x69,0x6e,0x74,0x73,0x2e,0x78,0x29,0x3b,0x0a,0x20,0x20,0x6c,0x65,0x74,0x20,
    0x78,0x5f,0x31,0x31,0x36,0x20,0x3d,0x20,0x6a,0x6f,0x69,0x6e,0x74,0x5f,0x61,0x74,
    0x5f,0x69,0x31,0x5f,0x28,0x26,0x28,0x70,0x61,0x72,0x61,0x6d,0x29,0x29,0x3b,0x0a,
    0x20,0x20,0x6c,0x65,0x74,0x20,0x78,0x5f,0x31,0x31,0x37,0x20,0x3d,0x20,0x28,0x78,
    0x5f,0x31,0x31,0x36,0x20,0x2a,0x20,0x78,0x5f,0x31,0x31,0x30,0x29,0x3b,0x0a,0x20,
    0x20,0x6c,0x65,0x74,0x20,0x78,0x5f,0x31,0x32,0x30,0x20,0x3d,0x20,0x77,0x65,0x69,
    0x67,0x68,0x74,0x73,0x2e,0x79,0x3b,0x0a,0x20,0x20,0x70,0x61,0x72,0x61,0x6d,0x5f,
    0x31,0x20,0x3d,0x20,0x69,0x33,0x32,0x28,0x6a,0x6f,0x69,0x6e,0x74,0x73,0x2e,0x79,
    0x29,0x3b,0x0a,0x20,0x20,0x6c,0x65,0x74,0x20,0x78,0x5f,0x31,0x32,0x35,0x20,0x3d,
    0x20,0x6a,0x6f,0x69,0x6e,0x74,0x5f,0x61,0x74,0x5f,0x69,0x31,0x5f,0x28,0x26,0x28,
    0x70,0x61,0x72,0x61,0x6d,0x5f,0x31,0x29,0x29,0x3b,0x0a,0x20,0x20,0x6c,0x65,0x74,
    0x20,0x78,0x5f,0x31,0x32,0x36,0x20,0x3d,0x20,0x28,0x78,0x5f,0x31,0x32,0x35,0x20,
    0x2a,0x20,0x78,0x5f,0x31,0x32,0x30,0x29,0x3b,0x0a,0x20,0x20,0x6c,0x65,0x74,0x20,
    0x78,0x5f,0x31,0x34,0x32,0x20,0x3d,0x20,0x77,0x65,0x69,0x67,0x68,0x74,0x73,0x2e,
    0x7a,0x3b,0x0a,0x20,0x20,0x70,0x61,0x72,0x61,0x6d,0x5f,0x32,0x20,0x3d,0x20,0x69,
    0x33,0x32,0x28,0x6a,0x6f,0x69,0x6e,0x74,0x73,0x2e,0x7a,0x29,0x3b,0x0a,0x20,0x20,
    0x6c,0x65,0x74,0x20,0x78,0x5f,0x31,0x34,0x37,0x20,0x3d,0x20,0x6a,0x6f,0x69,0x6e,
    0x74,0x5f,0x61,0x74,0x5f,0x69,0x31,0x5f,0x28,0x26,0x28,0x70,0x61,0x72,0x61,0x6d,
    0x5f,0x32,0x29,0x29,0x3b,0x0a,0x20,0x20,0x6c,0x65,0x74,0x20,0x78,0x5f,0x31,0x34,
    0x38,0x20,0x3d,0x20,0x28,0x78,0x5f,0x31,0x34,0x37,0x20,0x2a,0x20,0x78,0x5f,0x31,
    0x34,0x32,0x29,0x3b,0x0a,0x20,0x20,0x6c,0x65,0x74,0x20,0x78,0x5f,0x31,0x36,0x34,
    0x20,0x3d,0x20,0x77,0x65,0x69,0x67,0x68,0x74,0x73,0x2e,0x77,0x3b,0x0a,0x20,0x20,
    0x70,0x61,0x72,0x61,0x6d,0x5f,0x33,0x20,0x3d,0x20,0x69,0x33,0x32,0x28,0x6a,0x6f,
    0x69,0x6e,0x74,0x73,0x2e,0x77,0x29,0x3b,0x0a,0x20,0x20,0x6c,0x65,0x74,0x20,0x78,
    0x5f,0x31,0x36,0x39,0x20,0x3d,0x20,0x6a,0x6f,0x69,0x6e,0x74,0x5f,0x61,0x74,0x5f,
    0x69,0x31,0x5f,0x28,0x26,0x28,0x70,0x61,0x72,0x61,0x6d,0x5f,0x33,0x29,0x29,0x3b,
    0x0a,0x20,0x20,0x6c,0x65,0x74,0x20,0x78,0x5f,0x31,0x37,0x30,0x20,0x3d,0x20,0x28,
    0x78,0x5f,0x31,0x36,0x39,0x20,0x2a,0x20,0x78,0x5f,0x31,0x36,0x34,0x29,0x3b,0x0a,
    0x20,0x20,0x6c,0x65,0x74,0x20,0x78,0x5f,0x31,0x37,0x33,0x20,0x3d,0x20,0x28,0x28,
    0x28,0x78,0x5f,0x31,0x31,0x37,0x5b,0x30,0x75,0x5d,0x20,0x2b,0x20,0x78,0x5f,0x31,
    0x32,0x36,0x5b,0x30,0x75,0x5d,0x29,0x20,0x2b,0x20,0x78,0x5f,0x31,0x34,0x38,0x5b,
    0x30,0x75,0x5d,0x29,0x20,0x2b,0x20,0x78,0x5f,0x31,0x37,0x30,0x5b,0x30,0x75,0x5d,
    0x29,0x3b,0x0a,0x20,0x20,0x6c,0x65,0x74,0x20,0x78,0x5f,0x31,0x37,0x36,0x20,0x3d,
    0x20,0x28,0x28,0x28,0x78,0x5f,0x31,0x31,0x37,0x5b,0x31,0x75,0x5d,0x20,0x2b,0x20,
    0x78,0x5f,0x31,0x32,0x36,0x5b,0x31,0x75,0x5d,0x29,0x20,0x2b,0x20,0x78,0x5f,0x31,
    0x34,0x38,0x5b,0x31,0x75,0x5d,0x29,0x20,0x2b,0x20,0x78,0x5f,0x31,0x37,0x30,0x5b,
    0x31,0x75,0x5d,0x29,0x3b,0x0a,0x20,0x20,0x6c,0x65,0x74,0x20,0x78,0x5f,0x31,0x37,
    0x39,0x20,0x3d,0x20,0x28,0x28,0x28,0x78,0x5f,0x31,0x31,0x37,0x5b,0x32,0x75,0x5d,
    0x20,0x2b,0x20,0x78,0x5f,0x31,0x32,0x36,0x5b,0x32,0x75,0x5d,0x29,0x20,0x2b,0x20,
    0x78,0x5f,0x31,0x34,0x38,0x5b,0x32,0x75,0x5d,0x29,0x20,0x2b,0x20,0x78,0x5f,0x31,
    0x37,0x30,0x5b,0x32,0x75,0x5d,0x29,0x3b,0x0a,0x20,0x20,0x6c,0x65,0x74,0x20,0x78,
    0x5f,0x31,0x39,0x35,0x20,0x3d,0x20,0x28,0x6d,0x61,0x74,0x34,0x78,0x34,0x66,0x28,
    0x78,0x5f,0x31,0x37,0x33,0x2c,0x20,0x78,0x5f,0x31,0x37,0x36,0x2c,0x20,0x78,0x5f,
    0x31,0x37,0x39,0x2c,0x20,0x28,0x28,0x28,0x78,0x5f,0x31,0x31,0x37,0x5b,0x33,0x75,
    0x5d,0x20,0x2b,0x20,0x78,0x5f,0x31,0x32,0x36,0x5b,0x33,0x75,0x5d,0x29,0x20,0x2b,
    0x20,0x78,0x5f,0x31,0x34,0x38,0x5b,0x33,0x75,0x5d,0x29,0x20,0x2b,0x20,0x78,0x5f,
    0x31,0x37,0x30,0x5b,0x33,0x75,0x5d,0x29,0x29,0x20,0x2a,0x20,0x76,0x65,0x63,0x34,
    0x66,0x28,0x70,0x6f,0x73,0x69,0x74,0x69,0x6f,0x6e,0x5f,0x31,0x2e,0x78,0x2c,0x20,
    0x70,0x6f,0x73,0x69,0x74,0x69,0x6f,0x6e,0x5f,0x31,0x2e,0x79,0x2c,0x20,0x70,0x6f,
    0x73,0x69,0x74,0x69,0x6f,0x6e,0x5f,0x31,0x2e,0x7a,0x2c,0x20,0x31,0x2e,0x30,0x66,
    0x29,0x29,0x3b,0x0a,0x20,0x20,0x67,0x6c,0x5f,0x50,0x6f,0x73,0x69,0x74,0x69,0x6f,
    0x6e,0x20,0x3d,0x20,0x28,0x78,0x5f,0x31,0x38,0x2e,0x6d,0x76,0x70,0x20,0x2a,0x20,
    0x78,0x5f,0x31,0x39,0x35,0x29,0x3b,0x0a,0x20,0x20,0x6c,0x65,0x74,0x20,0x78,0x5f,
    0x32,0x31,0x30,0x20,0x3d,0x20,0x78,0x5f,0x31,0x38,0x2e,0x6e,0x6f,0x72,0x6d,0x61,
    0x6c,0x5f,0x6d,0x61,0x74,0x3b,0x0a,0x20,0x20,0x6c,0x65,0x74,0x20,0x78,0x5f,0x32,
    0x32,0x36,0x20,0x3d,0x20,0x6d,0x61,0x74,0x33,0x78,0x33,0x66,0x28,0x78,0x5f,0x31,
    0x37,0x33,0x2e,0x78,0x79,0x7a,0x2c,0x20,0x78,0x5f,0x31,0x37,0x36,0x2e,0x78,0x79,
    0x7a,0x2c,0x20,0x78,0x5f,0x31,0x37,0x39,0x2e,0x78,0x79,0x7a,0x29,0x3b,0x0a,0x20,
    0x20,0x76,0x5f,0x6e,0x6f,0x72,0x6d,0x61,0x6c,0x20,0x3d,0x20,0x28,0x6d,0x61,0x74,
    0x33,0x78,0x33,0x66,0x28,0x78,0x5f,0x32,0x31,0x30,0x5b,0x30,0x75,0x5d,0x2e,0x78,
    0x79,0x7a,0x2c,0x20,0x78,0x5f,0x32,0x31,0x30,0x5b,0x31,0x75,0x5d,0x2e,0x78,0x79,
    0x7a,0x2c,0x20,0x78,0x5f,0x32,0x31,0x30,0x5b,0x32,0x75,0x5d,0x2e,0x78,0x79,0x7a,
    0x29,0x20,0x2a,0x20,0x28,0x78,0x5f,0x32,0x32,0x36,0x20,0x2a,0x20,0x6e,0x6f,0x72,
    0x6d,0x61,0x6c,0x29,0x29,0x3b,0x0a,0x20,0x20,0x6c,0x65,0x74,0x20,0x78,0x5f,0x32,
    0x33,0x33,0x20,0x3d,0x20,0x78,0x5f,0x31,0x38,0x2e,0x6d,0x6f,0x64,0x65,0x6c,0x3b,
    0x0a,0x20,0x20,0x6c,0x65,0x74,0x20,0x78,0x5f,0x32,0x35,0x33,0x20,0x3d,0x20,0x28,
    0x6d,0x61,0x74,0x33,0x78,0x33,0x66,0x28,0x78,0x5f,0x32,0x33,0x33,0x5b,0x30,0x75,
    0x5d,0x2e,0x78,0x79,0x7a,0x2c,0x20,0x78,0x5f,0x32,0x33,0x33,0x5b,0x31,0x75,0x5d,
    0x2e,0x78,0x79,0x7a,0x2c,0x20,0x78,0x5f,0x32,0x33,0x33,0x5b,0x32,0x75,0x5d,0x2e,
    0x78,0x79,0x7a,0x29,0x20,0x2a,0x20,0x28,0x78,0x5f,0x32,0x32,0x36,0x20,0x2a,0x20,
    0x74,0x61,0x6e,0x67,0x65,0x6e,0x74,0x2e,0x78,0x79,0x7a,0x29,0x29,0x3b,0x0a,0x20,
    0x20,0x76,0x5f,0x74,0x61,0x6e,0x67,0x65,0x6e,0x74,0x20,0x3d,0x20,0x76,0x65,0x63,
    0x34,0x66,0x28,0x78,0x5f,0x32,0x35,0x33,0x2e,0x78,0x2c,0x20,0x78,0x5f,0x32,0x35,
    0x33,0x2e,0x79,0x2c,0x20,0x78,0x5f,0x32,0x35,0x33,0x2e,0x7a,0x2c,0x20,0x74,0x61,
    0x6e,0x67,0x65,0x6e,0x74,0x2e,0x77,0x29,0x3b,0x0a,0x20,0x20,0x76,0x5f,0x75,0x76,
    0x30,0x20,0x3d,0x20,0x74,0x65,0x78,0x63,0x6f,0x6f,0x72,0x64,0x30,0x3b,0x0a,0x20,
    0x20,0x76,0x5f,0x75,0x76,0x31,0x20,0x3d,0x20,0x74,0x65,0x78,0x63,0x6f,0x6f,0x72,
    0x64,0x31,0x3b,0x0a,0x20,0x20,0x76,0x5f,0x63,0x6f,0x6c,0x6f,0x72,0x20,0x3d,0x20,
    0x63,0x6f,0x6c,0x6f,0x72,0x30,0x3b,0x0a,0x20,0x20,0x76,0x5f,0x77,0x6f,0x72,0x6c,
    0x64,0x5f,0x70,0x6f,0x73,0x20,0x3d,0x20,0x28,0x28,0x78,0x5f,0x32,0x33,0x33,0x20,
    0x2a,0x20,0x78,0x5f,0x31,0x39,0x35,0x29,0x29,0x2e,0x78,0x79,0x7a,0x3b,0x0a,0x20,
    0x20,0x72,0x65,0x74,0x75,0x72,0x6e,0x3b,0x0a,0x7d,0x0a,0x0a,0x73,0x74,0x72,0x75,
    0x63,0x74,0x20,0x6d,0x61,0x69,0x6e,0x5f,0x6f,0x75,0x74,0x20,0x7b,0x0a,0x20,0x20,
    0x40,0x62,0x75,0x69,0x6c,0x74,0x69,0x6e,0x28,0x70,0x6f,0x73,0x69,0x74,0x69,0x6f,
    0x6e,0x29,0x0a,0x20,0x20,0x67,0x6c,0x5f,0x50,0x6f,0x73,0x69,0x74,0x69,0x6f,0x6e,
    0x20,0x3a,0x20,0x76,0x65,0x63,0x34,0x66,0x2c,0x0a,0x20,0x20,0x40,0x6c,0x6f,0x63,
    0x61,0x74,0x69,0x6f,0x6e,0x28,0x30,0x29,0x0a,0x20,0x20,0x76,0x5f,0x6e,0x6f,0x72,
    0x6d,0x61,0x6c,0x5f,0x31,0x20,0x3a,0x20,0x76,0x65,0x63,0x33,0x66,0x2c,0x0a,0x20,
    0x20,0x40,0x6c,0x6f,0x63,0x61,0x74,0x69,0x6f,0x6e,0x28,0x31,0x29,0x0a,0x20,0x20,
    0x76,0x5f,0x74,0x61,0x6e,0x67,0x65,0x6e,0x74,0x5f,0x31,0x20,0x3a,0x20,0x76,0x65,
    0x63,0x34,0x66,0x2c,0x0a,0x20,0x20,0x40,0x6c,0x6f,0x63,0x61,0x74,0x69,0x6f,0x6e,
    0x28,0x32,0x29,0x0a,0x20,0x20,0x76,0x5f,0x75,0x76,0x30,0x5f,0x31,0x20,0x3a,0x20,
    0x76,0x65,0x63,0x32,0x66,0x2c,0x0a,0x20,0x20,0x40,0x6c,0x6f,0x63,0x61,0x74,0x69,
    0x6f,0x6e,0x28,0x33,0x29,0x0a,0x20,0x20,0x76,0x5f,0x75,0x76,0x31,0x5f,0x31,0x20,
    0x3a,0x20,0x76,0x65,0x63,0x32,0x66,0x2c,0x0a,0x20,0x20,0x40,0x6c,0x6f,0x63,0x61,
    0x74,0x69,0x6f,0x6e,0x28,0x34,0x29,0x0a,0x20,0x20,0x76,0x5f,0x63,0x6f,0x6c,0x6f,
    0x72,0x5f,0x31,0x20,0x3a,0x20,0x76,0x65,0x63,0x34,0x66,0x2c,0x0a,0x20,0x20,0x40,
    0x6c,0x6f,0x63,0x61,0x74,0x69,0x6f,0x6e,0x28,0x35,0x29,0x0a,0x20,0x20,0x76,0x5f,
    0x77,0x6f,0x72,0x6c,0x64,0x5f,0x70,0x6f,0x73,0x5f,0x31,0x20,0x3a,0x20,0x76,0x65,
    0x63,0x33,0x66,0x2c,0x0a,0x7d,0x0a,0x0a,0x40,0x76,0x65,0x72,0x74,0x65,0x78,0x0a,
    0x66,0x6e,0x20,0x6d,0x61,0x69,0x6e,0x28,0x40,0x6c,0x6f,0x63,0x61,0x74,0x69,0x6f,
    0x6e,0x28,0x37,0x29,0x20,0x77,0x65,0x69,0x67,0x68,0x74,0x73,0x5f,0x70,0x61,0x72,
    0x61,0x6d,0x20,0x3a,0x20,0x76,0x65,0x63,0x34,0x66,0x2c,0x20,0x40,0x6c,0x6f,0x63,
    0x61,0x74,0x69,0x6f,0x6e,0x28,0x36,0x29,0x20,0x6a,0x6f,0x69,0x6e,0x74,0x73,0x5f,
    0x70,0x61,0x72,0x61,0x6d,0x20,0x3a,0x20,0x76,0x65,0x63,0x34,0x66,0x2c,0x20,0x40,
    0x6c,0x6f,0x63,0x61,0x74,0x69,0x6f,0x6e,0x28,0x30,0x29,0x20,0x70,0x6f,0x73,0x69,
    0x74,0x69,0x6f,0x6e,0x5f,0x31,0x5f,0x70,0x61,0x72,0x61,0x6d,0x20,0x3a,0x20,0x76,
    0x65,0x63,0x33,0x66,0x2c,0x20,0x40,0x6c,0x6f,0x63,0x61,0x74,0x69,0x6f,0x6e,0x28,
    0x31,0x29,0x20,0x6e,0x6f,0x72,0x6d,0x61,0x6c,0x5f,0x70,0x61,0x72,0x61,0x6d,0x20,
    0x3a,0x20,0x76,0x65,0x63,0x33,0x66,0x2c,0x20,0x40,0x6c,0x6f,0x63,0x61,0x74,0x69,
    0x6f,0x6e,0x28,0x34,0x29,0x20,0x74,0x61,0x6e,0x67,0x65,0x6e,0x74,0x5f,0x70,0x61,
    0x72,0x61,0x6d,0x20,0x3a,0x20,0x76,0x65,0x63,0x34,0x66,0x2c,0x20,0x40,0x6c,0x6f,
    0x63,0x61,0x74,0x69,0x6f,0x6e,0x28,0x32,0x29,0x20,0x74,0x65,0x78,0x63,0x6f,0x6f,
    0x72,0x64,0x30,0x5f,0x70,0x61,0x72,0x61,0x6d,0x20,0x3a,0x20,0x76,0x65,0x63,0x32,
    0x66,0x2c,0x20,0x40,0x6c,0x6f,0x63,0x61,0x74,0x69,0x6f,0x6e,0x28,0x33,0x29,0x20,
    0x74,0x65,0x78,0x63,0x6f,0x6f,0x72,0x64,0x31,0x5f,0x70,0x61,0x72,0x61,0x6d,0x20,
    0x3a,0x20,0x76,0x65,0x63,0x32,0x66,0x2c,0x20,0x40,0x6c,0x6f,0x63,0x61,0x74,0x69,
    0x6f,0x6e,0x28,0x35,0x29,0x20,0x63,0x6f,0x6c,0x6f,0x72,0x30,0x5f,0x70,0x61,0x72,
    0x61,0x6d,0x20,0x3a,0x20,0x76,0x65,0x63,0x34,0x66,0x29,0x20,0x2d,0x3e,0x20,0x6d,
    0x61,0x69,0x6e,0x5f,0x6f,0x75,0x74,0x20,0x7b,0x0a,0x20,0x20,0x77,0x65,0x69,0x67,
    0x68,0x74,0x73,0x20,0x3d,0x20,0x77,0x65,0x69,0x67,0x68,0x74,0x73,0x5f,0x70,0x61,
    0x72,0x61,0x6d,0x3b,0x0a,0x20,0x20,0x6a,0x6f,0x69,0x6e,0x74,0x73,0x20,0x3d,0x20,
    0x6a,0x6f,0x69,0x6e,0x74,0x73,0x5f,0x70,0x61,0x72,0x61,0x6d,0x3b,0x0a,0x20,0x20,
    0x70,0x6f,0x73,0x69,0x74,0x69,0x6f,0x6e,0x5f,0x31,0x20,0x3d,0x20,0x70,0x6f,0x73,
    0x69,0x74,0x69,0x6f,0x6e,0x5f,0x31,0x5f,0x70,0x61,0x72,0x61,0x6d,0x3b,0x0a,0x20,
    0x20,0x6e,0x6f,0x72,0x6d,0x61,0x6c,0x20,0x3d,0x20,0x6e,0x6f,0x72,0x6d,0x61,0x6c,
    0x5f,0x70,0x61,0x72,0x61,0x6d,0x3b,0x0a,0x20,0x20,0x74,0x61,0x6e,0x67,0x65,0x6e,
    0x74,0x20,0x3d,0x20,0x74,0x61,0x6e,0x67,0x65,0x6e,0x74,0x5f,0x70,0x61,0x72,0x61,
    0x6d,0x3b,0x0a,0x20,0x20,0x74,0x65,0x78,0x63,0x6f,0x6f,0x72,0x64,0x30,0x20,0x3d,
    0x20,0x74,0x65,0x78,0x63,0x6f,0x6f,0x72,0x64,0x30,0x5f,0x70,0x61,0x72,0x61,0x6d,
    0x3b,0x0a,0x20,0x20,0x74,0x65,0x78,0x63,0x6f,0x6f,0x72,0x64,0x31,0x20,0x3d,0x20,
    0x74,0x65,0x78,0x63,0x6f,0x6f,0x72,0x64,0x31,0x5f,0x70,0x61,0x72,0x61,0x6d,0x3b,
    0x0a,0x20,0x20,0x63,0x6f,0x6c,0x6f,0x72,0x30,0x20,0x3d,0x20,0x63,0x6f,0x6c,0x6f,
    0x72,0x30,0x5f,0x70,0x61,0x72,0x61,0x6d,0x3b,0x0a,0x20,0x20,0x6d,0x61,0x69,0x6e,
    0x5f,0x31,0x28,0x29,0x3b,0x0a,0x20,0x20,0x72,0x65,0x74,0x75,0x72,0x6e,0x20,0x6d,
    0x61,0x69,0x6e,0x5f,0x6f,0x75,0x74,0x28,0x67,0x6c,0x5f,0x50,0x6f,0x73,0x69,0x74,
    0x69,0x6f,0x6e,0x2c,0x20,0x76,0x5f,0x6e,0x6f,0x72,0x6d,0x61,0x6c,0x2c,0x20,0x76,
    0x5f,0x74,0x61,0x6e,0x67,0x65,0x6e,0x74,0x2c,0x20,0x76,0x5f,0x75,0x76,0x30,0x2c,
    0x20,0x76,0x5f,0x75,0x76,0x31,0x2c,0x20,0x76,0x5f,0x63,0x6f,0x6c,0x6f,0x72,0x2c,
    0x20,0x76,0x5f,0x77,0x6f,0x72,0x6c,0x64,0x5f,0x70,0x6f,0x73,0x29,0x3b,0x0a,0x7d,
    0x0a,0x00,
};
#endif
/*
    diagnostic(off, derivative_uniformity);

    alias Arr = array<vec4f, 9u>;

    struct fs_scene {
      /_ @offset(0) _/
      u_camera_pos : vec4f,
      /_ @offset(16) _/
      u_ambient : vec4f,
      /_ @offset(32) _/
      u_env : vec4f,
      /_ @offset(48) _/
      u_sh : Arr,
      /_ @offset(192) _/
      u_tonemap : vec4f,
    }

    alias Arr_1 = array<vec4f, 5u>;

    alias Arr_2 = array<vec4f, 5u>;

    struct fs_params {
      /_ @offset(0) _/
      u_base_color : vec4f,
      /_ @offset(16) _/
      u_emissive : vec4f,
      /_ @offset(32) _/
      u_pbr : vec4f,
      /_ @offset(48) _/
      u_material : vec4f,
      /_ @offset(64) _/
      u_uv_row0 : Arr_1,
      /_ @offset(144) _/
      u_uv_row1 : Arr_2,
    }

    alias Arr_3 = array<vec4f, 8u>;

    alias Arr_4 = array<vec4f, 8u>;

    alias Arr_5 = array<vec4f, 8u>;

    alias Arr_6 = array<vec4f, 8u>;

    struct fs_lights {
      /_ @offset(0) _/
      u_light_pos_range : Arr_3,
      /_ @offset(128) _/
      u_light_dir_type : Arr_4,
      /_ @offset(256) _/
      u_light_radiance : Arr_5,
      /_ @offset(384) _/
      u_light_spot : Arr_6,
    }

    @binding(2) @group(0) var<uniform> x_281 : fs_scene;

    @binding(1) @group(0) var<uniform> x_395 : fs_params;

    var<private> v_uv0 : vec2f;

    var<private> v_uv1 : vec2f;

    @binding(0) @group(1) var base_color_tex : texture_2d<f32>;

    @binding(32) @group(1) var base_color_smp : sampler;

    var<private> v_color : vec4f;

    var<private> frag_color : vec4f;

    var<private> v_normal : vec3f;

    var<private> v_tangent : vec4f;

    var<private> gl_FrontFacing : bool;

    @binding(2) @group(1) var normal_tex : texture_2d<f32>;

    @binding(34) @group(1) var normal_smp : sampler;

    @binding(1) @group(1) var metallic_roughness_tex : texture_2d<f32>;

    @binding(33) @group(1) var metallic_roughness_smp : sampler;

    var<private> v_world_pos : vec3f;

    @binding(3) @group(1) var occlusion_tex : texture_2d<f32>;

    @binding(35) @group(1) var occlusion_smp : sampler;

    @binding(3) @group(0) var<uniform> x_737 : fs_lights;

    @binding(5) @group(1) var env_tex : texture_cube<f32>;

    @binding(37) @group(1) var env_smp : sampler;

    @binding(6) @group(1) var brdf_tex : texture_2d<f32>;

    @binding(38) @group(1) var brdf_smp : sampler;

    @binding(4) @group(1) var emissive_tex : texture_2d<f32>;

    @binding(36) @group(1) var emissive_smp : sampler;

    fn tex_uv_i1_(i : ptr<function, i32>) -> vec2f {
      let x_408 = select(v_uv1, v_uv0, vec2<bool>((x_395.u_uv_row0[*(i)].w < 0.5f)));
      let x_411 = vec3f(x_408.x, x_408.y, 1.0f);
      let x_414 = x_395.u_uv_row0[*(i)];
      let x_420 = x_395.u_uv_row1[*(i)];
      return vec2f(dot(x_414.xyz, x_411), dot(x_420.xyz, x_411));
    }

    const x_63 = vec3f(0.04044999927282333374f);

    const x_1048 = vec3f(0.05499999970197677612f);

    fn srgb_to_linear_vf3_(c : ptr<function, vec3f>) -> vec3f {
      let x_56 = *(c);
      let x_61 = *(c);
      let x_76 = *(c);
      return mix((x_56 * vec3f(0.07739938050508499146f)), pow(((max(x_61, x_63) + x_1048) * vec3f(0.94786733388900756836f)), vec3f(2.40000009536743164062f)), step(x_63, x_76));
    }

    fn tonemap_neutral_vf3_(color : ptr<function, vec3f>) -> vec3f {
      var x_126 : f32;
      let x_120 = min((*(color)).x, min((*(color)).y, (*(color)).z));
      if ((x_120 < 0.07999999821186065674f)) {
        x_126 = (x_120 - ((6.25f * x_120) * x_120));
      } else {
        x_126 = 0.03999999910593032837f;
      }
      *(color) = (*(color) - vec3f(x_126));
      let x_151 = max((*(color)).x, max((*(color)).y, (*(color)).z));
      if ((x_151 < 0.75999999046325683594f)) {
        let x_157 = *(color);
        return x_157;
      }
      let x_166 = (1.0f - (0.05759999901056289673f / (x_151 + -0.51999998092651367188f)));
      *(color) = (*(color) * (x_166 / x_151));
      let x_180 = (1.0f - (1.0f / ((0.15000000596046447754f * (x_151 - x_166)) + 1.0f)));
      let x_181 = *(color);
      return mix(x_181, vec3f(x_166), vec3f(x_180));
    }

    const x_85 = vec3f(1.0f);

    fn tonemap_aces_vf3_(color_1 : ptr<function, vec3f>) -> vec3f {
      *(color_1) = (*(color_1) * 0.60000002384185791016f);
      let x_192 = *(color_1);
      let x_194 = *(color_1);
      let x_200 = *(color_1);
      let x_202 = *(color_1);
      return clamp(((x_192 * ((x_194 * 2.50999999046325683594f) + vec3f(0.02999999932944774628f))) / ((x_200 * ((x_202 * 2.43000006675720214844f) + vec3f(0.58999997377395629883f))) + vec3f(0.14000000059604644775f))), vec3f(), x_85);
    }

    const x_93 = vec3f(0.00313080009073019028f);

    fn linear_to_srgb_vf3_(c_1 : ptr<function, vec3f>) -> vec3f {
      *(c_1) = clamp(*(c_1), vec3f(), x_85);
      let x_88 = *(c_1);
      let x_91 = *(c_1);
      let x_103 = *(c_1);
      return mix((x_88 * 12.9200000762939453125f), ((pow(max(x_91, x_93), vec3f(0.4166666567325592041f)) * 1.05499994754791259766f) - x_1048), step(x_93, x_103));
    }

    fn to_display_vf3_vf4_(color_2 : ptr<function, vec3f>, tonemap : ptr<function, vec4f>) -> vec3f {
      var param : vec3f;
      var param_1 : vec3f;
      var param_2 : vec3f;
      var x_226 : i32;
      *(color_2) = (*(color_2) * (*(tonemap)).y);
      x_226 = i32(((*(tonemap)).x + 0.5f));
      if ((x_226 == 1i)) {
        param = *(color_2);
        let x_234 = tonemap_neutral_vf3_(&(param));
        *(color_2) = x_234;
      } else {
        if ((x_226 == 2i)) {
          param_1 = *(color_2);
          let x_243 = tonemap_aces_vf3_(&(param_1));
          *(color_2) = x_243;
        }
      }
      param_2 = *(color_2);
      let x_246 = linear_to_srgb_vf3_(&(param_2));
      return x_246;
    }

    fn attenuation_f1_f1_(d : ptr<function, f32>, range : ptr<function, f32>) -> f32 {
      let x_433 = (1.0f / max((*(d) * *(d)), 0.00999999977648258209f));
      if ((*(range) <= 0.0f)) {
        return x_433;
      }
      let x_443 = (*(d) / *(range));
      let x_453 = clamp((1.0f - (((x_443 * x_443) * x_443) * x_443)), 0.0f, 1.0f);
      return ((x_453 * x_453) * x_433);
    }

    fn spot_factor_f1_f1_f1_(cos_angle : ptr<function, f32>, cos_inner : ptr<function, f32>, cos_outer : ptr<function, f32>) -> f32 {
      if (((*(cos_inner) - *(cos_outer)) <= 0.00000099999999747524f)) {
        let x_468 = *(cos_angle);
        let x_469 = *(cos_outer);
        return select(0.0f, 1.0f, (x_468 >= x_469));
      }
      let x_473 = *(cos_outer);
      let x_474 = *(cos_inner);
      let x_475 = *(cos_angle);
      return smoothstep(x_473, x_474, x_475);
    }

    fn env_dir_vf3_vf4_(dir : ptr<function, vec3f>, env : ptr<function, vec4f>) -> vec3f {
      let x_250 = (*(env)).z;
      let x_252 = (*(dir)).x;
      let x_256 = (*(env)).w;
      let x_258 = (*(dir)).z;
      let x_262 = (*(dir)).y;
      let x_264 = (*(env)).w;
      let x_266 = (*(dir)).x;
      let x_269 = (*(env)).z;
      let x_271 = (*(dir)).z;
      return vec3f(((x_250 * x_252) - (x_256 * x_258)), x_262, ((x_264 * x_266) + (x_269 * x_271)));
    }

    fn eval_sh_vf3_(n : ptr<function, vec3f>) -> vec3f {
      let x_286 = x_281.u_sh[0i];
      let x_291 = x_281.u_sh[1i];
      let x_295 = (*(n)).y;
      let x_300 = x_281.u_sh[2i];
      let x_303 = (*(n)).z;
      let x_308 = x_281.u_sh[3i];
      let x_311 = (*(n)).x;
      let x_317 = x_281.u_sh[4i];
      let x_321 = (*(n)).x;
      let x_324 = (*(n)).y;
      let x_330 = x_281.u_sh[5i];
      let x_333 = (*(n)).y;
      let x_336 = (*(n)).z;
      let x_342 = x_281.u_sh[6i];
      let x_347 = (*(n)).z;
      let x_350 = (*(n)).z;
      let x_358 = x_281.u_sh[7i];
      let x_361 = (*(n)).x;
      let x_364 = (*(n)).z;
      let x_370 = x_281.u_sh[8i];
      let x_374 = (*(n)).x;
      let x_376 = (*(n)).x;
      let x_379 = (*(n)).y;
      let x_381 = (*(n)).y;
      return (((((((((x_286.xyz * 0.2820949852466583252f) + (x_291.xyz * (0.48860299587249755859f * x_295))) + (x_300.xyz * (0.48860299587249755859f * x_303))) + (x_308.xyz * (0.48860299587249755859f * x_311))) + (x_317.xyz * ((1.09254801273345947266f * x_321) * x_324))) + (x_330.xyz * ((1.09254801273345947266f * x_333) * x_336))) + (x_342.xyz * (0.31539198756217956543f * (((3.0f * x_347) * x_350) - 1.0f)))) + (x_358.xyz * ((1.09254801273345947266f * x_361) * x_364))) + (x_370.xyz * (0.54627400636672973633f * ((x_374 * x_376) - (x_379 * x_381)))));
    }

    fn main_1() {
      var param_3 : i32;
      var param_4 : vec3f;
      var param_5 : vec3f;
      var param_6 : vec4f;
      var n_1 : vec3f;
      var t : vec3f;
      var param_7 : i32;
      var param_8 : i32;
      var param_9 : i32;
      var color_3 : vec3f;
      var i_1 : i32;
      var falloff : f32;
      var light_dir : vec3f;
      var x_766 : vec3f;
      var param_10 : f32;
      var param_11 : f32;
      var param_12 : f32;
      var param_13 : f32;
      var param_14 : f32;
      var param_15 : vec3f;
      var param_16 : vec4f;
      var param_17 : vec3f;
      var param_18 : vec3f;
      var param_19 : vec4f;
      var param_20 : i32;
      var param_21 : vec3f;
      var param_22 : vec3f;
      var param_23 : vec4f;
      param_3 = 0i;
      let x_491 = tex_uv_i1_(&(param_3));
      let x_492 = textureSample(base_color_tex, base_color_smp, x_491);
      param_4 = x_492.xyz;
      let x_497 = srgb_to_linear_vf3_(&(param_4));
      let x_510 = ((vec4f(x_497.x, x_497.y, x_497.z, x_492.w) * x_395.u_base_color) * v_color);
      let x_512 = x_510.w;
      if ((x_512 < x_395.u_material.x)) {
        discard;
      }
      if ((x_395.u_pbr.w < 0.5f)) {
        param_5 = x_510.xyz;
        param_6 = x_281.u_tonemap;
        let x_532 = to_display_vf3_vf4_(&(param_5), &(param_6));
        frag_color = vec4f(x_532.x, x_532.y, x_532.z, x_512);
        return;
      }
      let x_544 = normalize(v_normal);
      n_1 = x_544;
      let x_548 = v_tangent.xyz;
      let x_555 = (x_548 - (x_544 * dot(x_544, x_548)));
      t = x_555;
      let x_561 = select(-1.0f, 1.0f, gl_FrontFacing);
      if ((dot(x_555, x_555) > 0.00000000999999993923f)) {
        let x_570 = normalize(t);
        t = x_570;
        let x_572 = n_1;
        let x_577 = v_tangent.w;
        param_7 = 2i;
        let x_586 = tex_uv_i1_(&(param_7));
        let x_587 = textureSample(normal_tex, normal_smp, x_586);
        let x_592 = ((x_587.xyz * 2.0f) - x_85);
        let x_597 = (x_592.xy * x_395.u_emissive.w);
        var x_1034_1 = x_592;
        x_1034_1.x = x_597.x;
        let x_1034 = x_1034_1;
        var x_1036_1 = x_1034;
        x_1036_1.y = x_597.y;
        n_1 = normalize((mat3x3f(t, (cross(x_572, x_570) * x_577), n_1) * x_1036_1));
      }
      n_1 = (n_1 * x_561);
      param_8 = 1i;
      let x_632 = tex_uv_i1_(&(param_8));
      let x_633 = textureSample(metallic_roughness_tex, metallic_roughness_smp, x_632);
      let x_641 = clamp((x_395.u_pbr.x * x_633.z), 0.0f, 1.0f);
      let x_648 = clamp((x_395.u_pbr.y * x_633.y), 0.02999999932944774628f, 1.0f);
      let x_652 = (x_648 * x_648);
      let x_656 = (x_652 * x_652);
      let x_660 = x_510.xyz;
      let x_663 = mix(vec3f(0.03999999910593032837f), x_660, vec3f(x_641));
      let x_669 = (x_660 * (1.0f - x_641));
      let x_675 = v_world_pos;
      let x_677 = normalize((x_281.u_camera_pos.xyz - v_world_pos));
      let x_684 = clamp(abs(dot(n_1, x_677)), 0.00009999999747378752f, 1.0f);
      let x_687 = x_395.u_pbr.z;
      param_9 = 3i;
      let x_694 = tex_uv_i1_(&(param_9));
      let x_695 = textureSample(occlusion_tex, occlusion_smp, x_694);
      let x_699 = (1.0f + (x_687 * (x_695.x - 1.0f)));
      color_3 = ((x_281.u_ambient.xyz * (x_669 + x_663)) * x_699);
      let x_713 = i32(x_395.u_material.y);
      i_1 = 0i;
      loop {
        if ((i_1 < 8i)) {
        } else {
          break;
        }
        if ((i_1 >= x_713)) {
          break;
        }
        var x_742 : i32;
        falloff = 1.0f;
        x_742 = i32((x_737.u_light_dir_type[i_1].w + 0.5f));
        if ((x_742 == 0i)) {
          light_dir = normalize(x_737.u_light_dir_type[i_1].xyz);
        } else {
          let x_760 = (x_675 - x_737.u_light_pos_range[i_1].xyz);
          let x_763 = length(x_760);
          if ((x_763 > 0.00000099999999747524f)) {
            x_766 = (x_760 / vec3f(x_763));
          } else {
            x_766 = vec3f(0.0f, -1.0f, 0.0f);
          }
          light_dir = x_766;
          let x_776 = i_1;
          param_10 = x_763;
          param_11 = x_737.u_light_pos_range[x_776].w;
          let x_782 = attenuation_f1_f1_(&(param_10), &(param_11));
          falloff = x_782;
          if ((x_742 == 2i)) {
            let x_788 = i_1;
            param_12 = dot(light_dir, normalize(x_737.u_light_dir_type[i_1].xyz));
            param_13 = x_737.u_light_spot[x_788].x;
            param_14 = x_737.u_light_spot[x_788].y;
            let x_803 = spot_factor_f1_f1_f1_(&(param_12), &(param_13), &(param_14));
            falloff = (falloff * x_803);
          }
        }
        let x_808 = -(light_dir);
        let x_812 = dot(n_1, x_808);
        if (((x_812 <= 0.0f) | (falloff <= 0.0f))) {
          continue;
        }
        let x_825 = normalize((x_808 + x_677));
        let x_830 = clamp(dot(n_1, x_825), 0.0f, 1.0f);
        let x_846 = (x_663 + ((x_85 - x_663) * pow((1.0f - clamp(dot(x_677, x_825), 0.0f, 1.0f)), 5.0f)));
        let x_854 = (((x_830 * x_830) * (x_656 - 1.0f)) + 1.0f);
        let x_869 = (1.0f - x_656);
        color_3 = (color_3 + (((x_737.u_light_radiance[i_1].xyz * falloff) * x_812) * ((((x_85 - x_846) * x_669) * vec3f(0.31830987334251403809f)) + ((x_846 * (x_656 / ((3.14159274101257324219f * x_854) * x_854))) * (0.5f / max(((x_812 * sqrt((((x_684 * x_684) * x_869) + x_656))) + (x_684 * sqrt((((x_812 * x_812) * x_869) + x_656)))), 0.00000099999999747524f))))));

        continuing {
          i_1 = (i_1 + 1i);
        }
      }
      let x_924 = x_281.u_env.x;
      if ((x_924 > 0.0f)) {
        let x_931 = sqrt(clamp(x_652, 0.0f, 1.0f));
        param_15 = n_1;
        let x_937 = x_281.u_env;
        param_16 = x_937;
        let x_938 = env_dir_vf3_vf4_(&(param_15), &(param_16));
        param_17 = x_938;
        let x_940 = eval_sh_vf3_(&(param_17));
        param_18 = reflect(-(x_677), n_1);
        param_19 = x_937;
        let x_951 = env_dir_vf3_vf4_(&(param_18), &(param_19));
        let x_966 = textureSampleLevel(env_tex, env_smp, x_951, (x_931 * x_281.u_env.y));
        let x_978 = textureSample(brdf_tex, brdf_smp, vec2f(x_684, x_931));
        color_3 = (color_3 + ((((max(x_940, vec3f()) * x_669) + (x_966.xyz * ((x_663 * x_978.x) + vec3f(x_978.y)))) * x_699) * x_924));
      }
      let x_1002 = x_395.u_emissive;
      param_20 = 4i;
      let x_1010 = tex_uv_i1_(&(param_20));
      let x_1011 = textureSample(emissive_tex, emissive_smp, x_1010);
      param_21 = x_1011.xyz;
      let x_1014 = srgb_to_linear_vf3_(&(param_21));
      let x_1017 = (color_3 + (x_1002.xyz * x_1014));
      color_3 = x_1017;
      param_22 = x_1017;
      param_23 = x_281.u_tonemap;
      let x_1023 = to_display_vf3_vf4_(&(param_22), &(param_23));
      frag_color = vec4f(x_1023.x, x_1023.y, x_1023.z, x_512);
      return;
    }

    struct main_out {
      @location(0)
      frag_color_1 : vec4f,
    }

    @fragment
    fn main(@location(2) v_uv0_param : vec2f, @location(3) v_uv1_param : vec2f, @location(4) v_color_param : vec4f, @location(0) v_normal_param : vec3f, @location(1) v_tangent_param : vec4f, @builtin(front_facing) gl_FrontFacing_param : bool, @location(5) v_world_pos_param : vec3f) -> main_out {
      v_uv0 = v_uv0_param;
      v_uv1 = v_uv1_param;
      v_color = v_color_param;
      v_normal = v_normal_param;
      v_tangent = v_tangent_param;
      gl_FrontFacing = gl_FrontFacing_param;
      v_world_pos = v_world_pos_param;
      main_1();
      return main_out(frag_color);
    }
*/
#if defined(SOKOL_WGPU)
static const uint8_t fs_source_wgsl[14353] = {
    0x64,0x69,0x61,0x67,0x6e,0x6f,0x73,0x74,0x69,0x63,0x28,0x6f,0x66,0x66,0x2c,0x20,
    0x64,0x65,0x72,0x69,0x76,0x61,0x74,0x69,0x76,0x65,0x5f,0x75,0x6e,0x69,0x66,0x6f,
    0x72,0x6d,0x69,0x74,0x79,0x29,0x3b,0x0a,0x0a,0x61,0x6c,0x69,0x61,0x73,0x20,0x41,
    0x72,0x72,0x20,0x3d,0x20,0x61,0x72,0x72,0x61,0x79,0x3c,0x76,0x65,0x63,0x34,0x66,
    0x2c,0x20,0x39,0x75,0x3e,0x3b,0x0a,0x0a,0x73,0x74,0x72,0x75,0x63,0x74,0x20,0x66,
    0x73,0x5f,0x73,0x63,0x65,0x6e,0x65,0x20,0x7b,0x0a,0x20,0x20,0x2f,0x2a,0x20,0x40,
    0x6f,0x66,0x66,0x73,0x65,0x74,0x28,0x30,0x29,0x20,0x2a,0x2f,0x0a,0x20,0x20,0x75,
    0x5f,0x63,0x61,0x6d,0x65,0x72,0x61,0x5f,0x70,0x6f,0x73,0x20,0x3a,0x20,0x76,0x65,
    0x63,0x34,0x66,0x2c,0x0a,0x20,0x20,0x2f,0x2a,0x20,0x40,0x6f,0x66,0x66,0x73,0x65,
    0x74,0x28,0x31,0x36,0x29,0x20,0x2a,0x2f,0x0a,0x20,0x20,0x75,0x5f,0x61,0x6d,0x62,
    0x69,0x65,0x6e,0x74,0x20,0x3a,0x20,0x76,0x65,0x63,0x34,0x66,0x2c,0x0a,0x20,0x20,
    0x2f,0x2a,0x20,0x40,0x6f,0x66,0x66,0x73,0x65,0x74,0x28,0x33,0x32,0x29,0x20,0x2a,
    0x2f,0x0a,0x20,0x20,0x75,0x5f,0x65,0x6e,0x76,0x20,0x3a,0x20,0x76,0x65,0x63,0x34,
    0x66,0x2c,0x0a,0x20,0x20,0x2f,0x2a,0x20,0x40,0x6f,0x66,0x66,0x73,0x65,0x74,0x28,
    0x34,0x38,0x29,0x20,0x2a,0x2f,0x0a,0x20,0x20,0x75,0x5f,0x73,0x68,0x20,0x3a,0x20,
    0x41,0x72,0x72,0x2c,0x0a,0x20,0x20,0x2f,0x2a,0x20,0x40,0x6f,0x66,0x66,0x73,0x65,
    0x74,0x28,0x31,0x39,0x32,0x29,0x20,0x2a,0x2f,0x0a,0x20,0x20,0x75,0x5f,0x74,0x6f,
    0x6e,0x65,0x6d,0x61,0x70,0x20,0x3a,0x20,0x76,0x65,0x63,0x34,0x66,0x2c,0x0a,0x7d,
    0x0a,0x0a,0x61,0x6c,0x69,0x61,0x73,0x20,0x41,0x72,0x72,0x5f,0x31,0x20,0x3d,0x20,
    0x61,0x72,0x72,0x61,0x79,0x3c,0x76,0x65,0x63,0x34,0x66,0x2c,0x20,0x35,0x75,0x3e,
    0x3b,0x0a,0x0a,0x61,0x6c,0x69,0x61,0x73,0x20,0x41,0x72,0x72,0x5f,0x32,0x20,0x3d,
    0x20,0x61,0x72,0x72,0x61,0x79,0x3c,0x76,0x65,0x63,0x34,0x66,0x2c,0x20,0x35,0x75,
    0x3e,0x3b,0x0a,0x0a,0x73,0x74,0x72,0x75,0x63,0x74,0x20,0x66,0x73,0x5f,0x70,0x61,
    0x72,0x61,0x6d,0x73,0x20,0x7b,0x0a,0x20,0x20,0x2f,0x2a,0x20,0x40,0x6f,0x66,0x66,
    0x73,0x65,0x74,0x28,0x30,0x29,0x20,0x2a,0x2f,0x0a,0x20,0x20,0x75,0x5f,0x62,0x61,
    0x73,0x65,0x5f,0x63,0x6f,0x6c,0x6f,0x72,0x20,0x3a,0x20,0x76,0x65,0x63,0x34,0x66,
    0x2c,0x0a,0x20,0x20,0x2f,0x2a,0x20,0x40,0x6f,0x66,0x66,0x73,0x65,0x74,0x28,0x31,
    0x36,0x29,0x20,0x2a,0x2f,0x0a,0x20,0x20,0x75,0x5f,0x65,0x6d,0x69,0x73,0x73,0x69,
    0x76,0x65,0x20,0x3a,0x20,0x76,0x65,0x63,0x34,0x66,0x2c,0x0a,0x20,0x20,0x2f,0x2a,
    0x20,0x40,0x6f,0x66,0x66,0x73,0x65,0x74,0x28,0x33,0x32,0x29,0x20,0x2a,0x2f,0x0a,
    0x20,0x20,0x75,0x5f,0x70,0x62,0x72,0x20,0x3a,0x20,0x76,0x65,0x63,0x34,0x66,0x2c,
    0x0a,0x20,0x20,0x2f,0x2a,0x20,0x40,0x6f,0x66,0x66,0x73,0x65,0x74,0x28,0x34,0x38,
    0x29,0x20,0x2a,0x2f,0x0a,0x20,0x20,0x75,0x5f,0x6d,0x61,0x74,0x65,0x72,0x69,0x61,
    0x6c,0x20,0x3a,0x20,0x76,0x65,0x63,0x34,0x66,0x2c,0x0a,0x20,0x20,0x2f,0x2a,0x20,
    0x40,0x6f,0x66,0x66,0x73,0x65,0x74,0x28,0x36,0x34,0x29,0x20,0x2a,0x2f,0x0a,0x20,
    0x20,0x75,0x5f,0x75,0x76,0x5f,0x72,0x6f,0x77,0x30,0x20,0x3a,0x20,0x41,0x72,0x72,
    0x5f,0x31,0x2c,0x0a,0x20,0x20,0x2f,0x2a,0x20,0x40,0x6f,0x66,0x66,0x73,0x65,0x74,
    0x28,0x31,0x34,0x34,0x29,0x20,0x2a,0x2f,0x0a,0x20,0x20,0x75,0x5f,0x75,0x76,0x5f,
    0x72,0x6f,0x77,0x31,0x20,0x3a,0x20,0x41,0x72,0x72,0x5f,0x32,0x2c,0x0a,0x7d,0x0a,
    0x0a,0x61,0x6c,0x69,0x61,0x73,0x20,0x41,0x72,0x72,0x5f,0x33,0x20,0x3d,0x20,0x61,
    0x72,0x72,0x61,0x79,0x3c,0x76,0x65,0x63,0x34,0x66,0x2c,0x20,0x38,0x75,0x3e,0x3b,
    0x0a,0x0a,0x61,0x6c,0x69,0x61,0x73,0x20,0x41,0x72,0x72,0x5f,0x34,0x20,0x3d,0x20,
    0x61,0x72,0x72,0x61,0x79,0x3c,0x76,0x65,0x63,0x34,0x66,0x2c,0x20,0x38,0x75,0x3e,
    0x3b,0x0a,0x0a,0x61,0x6c,0x69,0x61,0x73,0x20,0x41,0x72,0x72,0x5f,0x35,0x20,0x3d,
    0x20,0x61,0x72,0x72,0x61,0x79,0x3c,0x76,0x65,0x63,0x34,0x66,0x2c,0x20,0x38,0x75,
    0x3e,0x3b,0x0a,0x0a,0x61,0x6c,0x69,0x61,0x73,0x20,0x41,0x72,0x72,0x5f,0x36,0x20,
    0x3d,0x20,0x61,0x72,0x72,0x61,0x79,0x3c,0x76,0x65,0x63,0x34,0x66,0x2c,0x20,0x38,
    0x75,0x3e,0x3b,0x0a,0x0a,0x73,0x74,0x72,0x75,0x63,0x74,0x20,0x66,0x73,0x5f,0x6c,
    0x69,0x67,0x68,0x74,0x73,0x20,0x7b,0x0a,0x20,0x20,0x2f,0x2a,0x20,0x40,0x6f,0x66,
    0x66,0x73,0x65,0x74,0x28,0x30,0x29,0x20,0x2a,0x2f,0x0a,0x20,0x20,0x75,0x5f,0x6c,
    0x69,0x67,0x68,0x74,0x5f,0x70,0x6f,0x73,0x5f,0x72,0x61,0x6e,0x67,0x65,0x20,0x3a,
    0x20,0x41,0x72,0x72,0x5f,0x33,0x2c,0x0a,0x20,0x20,0x2f,0x2a,0x20,0x40,0x6f,0x66,
    0x66,0x73,0x65,0x74,0x28,0x31,0x32,0x38,0x29,0x20,0x2a,0x2f,0x0a,0x20,0x20,0x75,
    0x5f,0x6c,0x69,0x67,0x68,0x74,0x5f,0x64,0x69,0x72,0x5f,0x74,0x79,0x70,0x65,0x20,
    0x3a,0x20,0x41,0x72,0x72,0x5f,0x34,0x2c,0x0a,0x20,0x20,0x2f,0x2a,0x20,0x40,0x6f,
    0x66,0x66,0x73,0x65,0x74,0x28,0x32,0x35,0x36,0x29,0x20,0x2a,0x2f,0x0a,0x20,0x20,
    0x75,0x5f,0x6c,0x69,0x67,0x68,0x74,0x5f,0x72,0x61,0x64,0x69,0x61,0x6e,0x63,0x65,
    0x20,0x3a,0x20,0x41,0x72,0x72,0x5f,0x35,0x2c,0x0a,0x20,0x20,0x2f,0x2a,0x20,0x40,
    0x6f,0x66,0x66,0x73,0x65,0x74,0x28,0x33,0x38,0x34,0x29,0x20,0x2a,0x2f,0x0a,0x20,
    0x20,0x75,0x5f,0x6c,0x69,0x67,0x68,0x74,0x5f,0x73,0x70,0x6f,0x74,0x20,0x3a,0x20,
    0x41,0x72,0x72,0x5f,0x36,0x2c,0x0a,0x7d,0x0a,0x0a,0x40,0x62,0x69,0x6e,0x64,0x69,
    0x6e,0x67,0x28,0x32,0x29,0x20,0x40,0x67,0x72,0x6f,0x75,0x70,0x28,0x30,0x29,0x20,
    0x76,0x61,0x72,0x3c,0x75,0x6e,0x69,0x66,0x6f,0x72,0x6d,0x3e,0x20,0x78,0x5f,0x32,
    0x38,0x31,0x20,0x3a,0x20,0x66,0x73,0x5f,0x73,0x63,0x65,0x6e,0x65,0x3b,0x0a,0x0a,
    0x40,0x62,0x69,0x6e,0x64,0x69,0x6e,0x67,0x28,0x31,0x29,0x20,0x40,0x67,0x72,0x6f,
    0x75,0x70,0x28,0x30,0x29,0x20,0x76,0x61,0x72,0x3c,0x75,0x6e,0x69,0x66,0x6f,0x72,
    0x6d,0x3e,0x20,0x78,0x5f,0x33,0x39,0x35,0x20,0x3a,0x20,0x66,0x73,0x5f,0x70,0x61,
    0x72,0x61,0x6d,0x73,0x3b,0x0a,0x0a,0x76,0x61,0x72,0x3c,0x70,0x72,0x69,0x76,0x61,
    0x74,0x65,0x3e,0x20,0x76,0x5f,0x75,0x76,0x30,0x20,0x3a,0x20,0x76,0x65,0x63,0x32,
    0x66,0x3b,0x0a,0x0a,0x76,0x61,0x72,0x3c,0x70,0x72,0x69,0x76,0x61,0x74,0x65,0x3e,
    0x20,0x76,0x5f,0x75,0x76,0x31,0x20,0x3a,0x20,0x76,0x65,0x63,0x32,0x66,0x3b,0x0a,
    0x0a,0x40,0x62,0x69,0x6e,0x64,0x69,0x6e,0x67,0x28,0x30,0x29,0x20,0x40,0x67,0x72,
    0x6f,0x75,0x70,0x28,0x31,0x29,0x20,0x76,0x61,0x72,0x20,0x62,0x61,0x73,0x65,0x5f,
    0x63,0x6f,0x6c,0x6f,0x72,0x5f,0x74,0x65,0x78,0x20,0x3a,0x20,0x74,0x65,0x78,0x74,
    0x75,0x72,0x65,0x5f,0x32,0x64,0x3c,0x66,0x33,0x32,0x3e,0x3b,0x0a,0x0a,0x40,0x62,
    0x69,0x6e,0x64,0x69,0x6e,0x67,0x28,0x33,0x32,0x29,0x20,0x40,0x67,0x72,0x6f,0x75,
    0x70,0x28,0x31,0x29,0x20,0x76,0x61,0x72,0x20,0x62,0x61,0x73,0x65,0x5f,0x63,0x6f,
    0x6c,0x6f,0x72,0x5f,0x73,0x6d,0x70,0x20,0x3a,0x20,0x73,0x61,0x6d,0x70,0x6c,0x65,
    0x72,0x3b,0x0a,0x0a,0x76,0x61,0x72,0x3c,0x70,0x72,0x69,0x76,0x61,0x74,0x65,0x3e,
    0x20,0x76,0x5f,0x63,0x6f,0x6c,0x6f,0x72,0x20,0x3a,0x20,0x76,0x65,0x63,0x34,0x66,
    0x3b,0x0a,0x0a,0x76,0x61,0x72,0x3c,0x70,0x72,0x69,0x76,0x61,0x74,0x65,0x3e,0x20,
    0x66,0x72,0x61,0x67,0x5f,0x63,0x6f,0x6c,0x6f,0x72,0x20,0x3a,0x20,0x76,0x65,0x63,
    0x34,0x66,0x3b,0x0a,0x0a,0x76,0x61,0x72,0x3c,0x70,0x72,0x69,0x76,0x61,0x74,0x65,
    0x3e,0x20,0x76,0x5f,0x6e,0x6f,0x72,0x6d,0x61,0x6c,0x20,0x3a,0x20,0x76,0x65,0x63,
    0x33,0x66,0x3b,0x0a,0x0a,0x76,0x61,0x72,0x3c,0x70,0x72,0x69,0x76,0x61,0x74,0x65,
    0x3e,0x20,0x76,0x5f,0x74,0x61,0x6e,0x67,0x65,0x6e,0x74,0x20,0x3a,0x20,0x76,0x65,
    0x63,0x34,0x66,0x3b,0x0a,0x0a,0x76,0x61,0x72,0x3c,0x70,0x72,0x69,0x76,0x61,0x74,
    0x65,0x3e,0x20,0x67,0x6c,0x5f,0x46,0x72,0x6f,0x6e,0x74,0x46,0x61,0x63,0x69,0x6e,
    0x67,0x20,0x3a,0x20,0x62,0x6f,0x6f,0x6c,0x3b,0x0a,0x0a,0x40,0x62,0x69,0x6e,0x64,
    0x69,0x6e,0x67,0x28,0x32,0x29,0x20,0x40,0x67,0x72,0x6f,0x75,0x70,0x28,0x31,0x29,
    0x20,0x76,0x61,0x72,0x20,0x6e,0x6f,0x72,0x6d,0x61,0x6c,0x5f,0x74,0x65,0x78,0x20,
    0x3a,0x20,0x74,0x65,0x78,0x74,0x75,0x72,0x65,0x5f,0x32,0x64,0x3c,0x66,0x33,0x32,
    0x3e,0x3b,0x0a,0x0a,0x40,0x62,0x69,0x6e,0x64,0x69,0x6e,0x67,0x28,0x33,0x34,0x29,
    0x20,0x40,0x67,0x72,0x6f,0x75,0x70,0x28,0x31,0x29,0x20,0x76,0x61,0x72,0x20,0x6e,
    0x6f,0x72,0x6d,0x61,0x6c,0x5f,0x73,0x6d,0x70,0x20,0x3a,0x20,0x73,0x61,0x6d,0x70,
    0x6c,0x65,0x72,0x3b,0x0a,0x0a,0x40,0x62,0x69,0x6e,0x64,0x69,0x6e,0x67,0x28,0x31,
    0x29,0x20,0x40,0x67,0x72,0x6f,0x75,0x70,0x28,0x31,0x29,0x20,0x76,0x61,0x72,0x20,
    0x6d,0x65,0x74,0x61,0x6c,0x6c,0x69,0x63,0x5f,0x72,0x6f,0x75,0x67,0x68,0x6e,0x65,
    0x73,0x73,0x5f,0x74,0x65,0x78,0x20,0x3a,0x20,0x74,0x65,0x78,0x74,0x75,0x72,0x65,
    0x5f,0x32,0x64,0x3c,0x66,0x33,0x32,0x3e,0x3b,0x0a,0x0a,0x40,0x62,0x69,0x6e,0x64,
    0x69,0x6e,0x67,0x28,0x33,0x33,0x29,0x20,0x40,0x67,0x72,0x6f,0x75,0x70,0x28,0x31,
    0x29,0x20,0x76,0x61,0x72,0x20,0x6d,0x65,0x74,0x61,0x6c,0x6c,0x69,0x63,0x5f,0x72,
    0x6f,0x75,0x67,0x68,0x6e,0x65,0x73,0x73,0x5f,0x73,0x6d,0x70,0x20,0x3a,0x20,0x73,
    0x61,0x6d,0x70,0x6c,0x65,0x72,0x3b,0x0a,0x0a,0x76,0x61,0x72,0x3c,0x70,0x72,0x69,
    0x76,0x61,0x74,0x65,0x3e,0x20,0x76,0x5f,0x77,0x6f,0x72,0x6c,0x64,0x5f,0x70,0x6f,
    0x73,0x20,0x3a,0x20,0x76,0x65,0x63,0x33,0x66,0x3b,0x0a,0x0a,0x40,0x62,0x69,0x6e,
    0x64,0x69,0x6e,0x67,0x28,0x33,0x29,0x20,0x40,0x67,0x72,0x6f,0x75,0x70,0x28,0x31,
    0x29,0x20,0x76,0x61,0x72,0x20,0x6f,0x63,0x63,0x6c,0x75,0x73,0x69,0x6f,0x6e,0x5f,
    0x74,0x65,0x78,0x20,0x3a,0x20,0x74,0x65,0x78,0x74,0x75,0x72,0x65,0x5f,0x32,0x64,
    0x3c,0x66,0x33,0x32,0x3e,0x3b,0x0a,0x0a,0x40,0x62,0x69,0x6e,0x64,0x69,0x6e,0x67,
    0x28,0x33,0x35,0x29,0x20,0x40,0x67,0x72,0x6f,0x75,0x70,0x28,0x31,0x29,0x20,0x76,
    0x61,0x72,0x20,0x6f,0x63,0x63,0x6c,0x75,0x73,0x69,0x6f,0x6e,0x5f,0x73,0x6d,0x70,
    0x20,0x3a,0x20,0x73,0x61,0x6d,0x70,0x6c,0x65,0x72,0x3b,0x0a,0x0a,0x40,0x62,0x69,
    0x6e,0x64,0x69,0x6e,0x67,0x28,0x33,0x29,0x20,0x40,0x67,0x72,0x6f,0x75,0x70,0x28,
    0x30,0x29,0x20,0x76,0x61,0x72,0x3c,0x75,0x6e,0x69,0x66,0x6f,0x72,0x6d,0x3e,0x20,
    0x78,0x5f,0x37,0x33,0x37,0x20,0x3a,0x20,0x66,0x73,0x5f,0x6c,0x69,0x67,0x68,0x74,
    0x73,0x3b,0x0a,0x0a,0x40,0x62,0x69,0x6e,0x64,0x69,0x6e,0x67,0x28,0x35,0x29,0x20,
    0x40,0x67,0x72,0x6f,0x75,0x70,0x28,0x31,0x29,0x20,0x76,0x61,0x72,0x20,0x65,0x6e,
    0x76,0x5f,0x74,0x65,0x78,0x20,0x3a,0x20,0x74,0x65,0x78,0x74,0x75,0x72,0x65,0x5f,
    0x63,0x75,0x62,0x65,0x3c,0x66,0x33,0x32,0x3e,0x3b,0x0a,0x0a,0x40,0x62,0x69,0x6e,
    0x64,0x69,0x6e,0x67,0x28,0x33,0x37,0x29,0x20,0x40,0x67,0x72,0x6f,0x75,0x70,0x28,
    0x31,0x29,0x20,0x76,0x61,0x72,0x20,0x65,0x6e,0x76,0x5f,0x73,0x6d,0x70,0x20,0x3a,
    0x20,0x73,0x61,0x6d,0x70,0x6c,0x65,0x72,0x3b,0x0a,0x0a,0x40,0x62,0x69,0x6e,0x64,
    0x69,0x6e,0x67,0x28,0x36,0x29,0x20,0x40,0x67,0x72,0x6f,0x75,0x70,0x28,0x31,0x29,
    0x20,0x76,0x61,0x72,0x20,0x62,0x72,0x64,0x66,0x5f,0x74,0x65,0x78,0x20,0x3a,0x20,
    0x74,0x65,0x78,0x74,0x75,0x72,0x65,0x5f,0x32,0x64,0x3c,0x66,0x33,0x32,0x3e,0x3b,
    0x0a,0x0a,0x40,0x62,0x69,0x6e,0x64,0x69,0x6e,0x67,0x28,0x33,0x38,0x29,0x20,0x40,
    0x67,0x72,0x6f,0x75,0x70,0x28,0x31,0x29,0x20,0x76,0x61,0x72,0x20,0x62,0x72,0x64,
    0x66,0x5f,0x73,0x6d,0x70,0x20,0x3a,0x20,0x73,0x61,0x6d,0x70,0x6c,0x65,0x72,0x3b,
    0x0a,0x0a,0x40,0x62,0x69,0x6e,0x64,0x69,0x6e,0x67,0x28,0x34,0x29,0x20,0x40,0x67,
    0x72,0x6f,0x75,0x70,0x28,0x31,0x29,0x20,0x76,0x61,0x72,0x20,0x65,0x6d,0x69,0x73,
    0x73,0x69,0x76,0x65,0x5f,0x74,0x65,0x78,0x20,0x3a,0x20,0x74,0x65,0x78,0x74,0x75,
    0x72,0x65,0x5f,0x32,0x64,0x3c,0x66,0x33,0x32,0x3e,0x3b,0x0a,0x0a,0x40,0x62,0x69,
    0x6e,0x64,0x69,0x6e,0x67,0x28,0x33,0x36,0x29,0x20,0x40,0x67,0x72,0x6f,0x75,0x70,
    0x28,0x31,0x29,0x20,0x76,0x61,0x72,0x20,0x65,0x6d,0x69,0x73,0x73,0x69,0x76,0x65,
    0x5f,0x73,0x6d,0x70,0x20,0x3a,0x20,0x73,0x61,0x6d,0x70,0x6c,0x65,0x72,0x3b,0x0a,
    0x0a,0x66,0x6e,0x20,0x74,0x65,0x78,0x5f,0x75,0x76,0x5f,0x69,0x31,0x5f,0x28,0x69,
    0x20,0x3a,0x20,0x70,0x74,0x72,0x3c,0x66,0x75,0x6e,0x63,0x74,0x69,0x6f,0x6e,0x2c,
    0x20,0x69,0x33,0x32,0x3e,0x29,0x20,0x2d,0x3e,0x20,0x76,0x65,0x63,0x32,0x66,0x20,
    0x7b,0x0a,0x20,0x20,0x6c,0x65,0x74,0x20,0x78,0x5f,0x34,0x30,0x38,0x20,0x3d,0x20,
    0x73,0x65,0x6c,0x65,0x63,0x74,0x28,0x76,0x5f,0x75,0x76,0x31,0x2c,0x20,0x76,0x5f,
    0x75,0x76,0x30,0x2c,0x20,0x76,0x65,0x63,0x32,0x3c,0x62,0x6f,0x6f,0x6c,0x3e,0x28,
    0x28,0x78,0x5f,0x33,0x39,0x35,0x2e,0x75,0x5f,0x75,0x76,0x5f,0x72,0x6f,0x77,0x30,
    0x5b,0x2a,0x28,0x69,0x29,0x5d,0x2e,0x77,0x20,0x3c,0x20,0x30,0x2e,0x35,0x66,0x29,
    0x29,0x29,0x3b,0x0a,0x20,0x20,0x6c,0x65,0x74,0x20,0x78,0x5f,0x34,0x31,0x31,0x20,
    0x3d,0x20,0x76,0x65,0x63,0x33,0x66,0x28,0x78,0x5f,0x34,0x30,0x38,0x2e,0x78,0x2c,
    0x20,0x78,0x5f,0x34,0x30,0x38,0x2e,0x79,0x2c,0x20,0x31,0x2e,0x30,0x66,0x29,0x3b,
    0x0a,0x20,0x20,0x6c,0x65,0x74,0x20,0x78,0x5f,0x34,0x31,0x34,0x20,0x3d,0x20,0x78,
    0x5f,0x33,0x39,0x35,0x2e,0x75,0x5f,0x75,0x76,0x5f,0x72,0x6f,0x77,0x30,0x5b,0x2a,
    0x28,0x69,0x29,0x5d,0x3b,0x0a,0x20,0x20,0x6c,0x65,0x74,0x20,0x78,0x5f,0x34,0x32,
    0x30,0x20,0x3d,0x20,0x78,0x5f,0x33,0x39,0x35,0x2e,0x75,0x5f,0x75,0x76,0x5f,0x72,
    0x6f,0x77,0x31,0x5b,0x2a,0x28,0x69,0x29,0x5d,0x3b,0x0a,0x20,0x20,0x72,0x65,0x74,
    0x75,0x72,0x6e,0x20,0x76,0x65,0x63,0x32,0x66,0x28,0x64,0x6f,0x74,0x28,0x78,0x5f,
    0x34,0x31,0x34,0x2e,0x78,0x79,0x7a,0x2c,0x20,0x78,0x5f,0x34,0x31,0x31,0x29,0x2c,
    0x20,0x64,0x6f,0x74,0x28,0x78,0x5f,0x34,0x32,0x30,0x2e,0x78,0x79,0x7a,0x2c,0x20,
    0x78,0x5f,0x34,0x31,0x31,0x29,0x29,0x3b,0x0a,0x7d,0x0a,0x0a,0x63,0x6f,0x6e,0x73,
    0x74,0x20,0x78,0x5f,0x36,0x33,0x20,0x3d,0x20,0x76,0x65,0x63,0x33,0x66,0x28,0x30,
    0x2e,0x30,0x34,0x30,0x34,0x34,0x39,0x39,0x39,0x39,0x32,0x37,0x32,0x38,0x32,0x33,
    0x33,0x33,0x33,0x37,0x34,0x66,0x29,0x3b,0x0a,0x0a,0x63,0x6f,0x6e,0x73,0x74,0x20,
    0x78,0x5f,0x31,0x30,0x34,0x38,0x20,0x3d,0x20,0x76,0x65,0x63,0x33,0x66,0x28,0x30,
    0x2e,0x30,0x35,0x34,0x39,0x39,0x39,0x39,0x39,0x39,0x37,0x30,0x31,0x39,0x37,0x36,
    0x37,0x37,0x36,0x31,0x32,0x66,0x29,0x3b,0x0a,0x0a,0x66,0x6e,0x20,0x73,0x72,0x67,
    0x62,0x5f,0x74,0x6f,0x5f,0x6c,0x69,0x6e,0x65,0x61,0x72,0x5f,0x76,0x66,0x33,0x5f,
    0x28,0x63,0x20,0x3a,0x20,0x70,0x74,0x72,0x3c,0x66,0x75,0x6e,0x63,0x74,0x69,0x6f,
    0x6e,0x2c,0x20,0x76,0x65,0x63,0x33,0x66,0x3e,0x29,0x20,0x2d,0x3e,0x20,0x76,0x65,
    0x63,0x33,0x66,0x20,0x7b,0x0a,0x20,0x20,0x6c,0x65,0x74,0x20,0x78,0x5f,0x35,0x36,
    0x20,0x3d,0x20,0x2a,0x28,0x63,0x29,0x3b,0x0a,0x20,0x20,0x6c,0x65,0x74,0x20,0x78,
    0x5f,0x36,0x31,0x20,0x3d,0x20,0x2a,0x28,0x63,0x29,0x3b,0x0a,0x20,0x20,0x6c,0x65,
    0x74,0x20,0x78,0x5f,0x37,0x36,0x20,0x3d,0x20,0x2a,0x28,0x63,0x29,0x3b,0x0a,0x20,
    0x20,0x72,0x65,0x74,0x75,0x72,0x6e,0x20,0x6d,0x69,0x78,0x28,0x28,0x78,0x5f,0x35,
    0x36,0x20,0x2a,0x20,0x76,0x65,0x63,0x33,0x66,0x28,0x30,0x2e,0x30,0x37,0x37,0x33,
    0x39,0x39,0x33,0x38,0x30,0x35,0x30,0x35,0x30,0x38,0x34,0x39,0x39,0x31,0x34,0x36,
    0x66,0x29,0x29,0x2c,0x20,0x70,0x6f,0x77,0x28,0x28,0x28,0x6d,0x61,0x78,0x28,0x78,
    0x5f,0x36,0x31,0x2c,0x20,0x78,0x5f,0x36,0x33,0x29,0x20,0x2b,0x20,0x78,0x5f,0x31,
    0x30,0x34,0x38,0x29,0x20,0x2a,0x20,0x76,0x65,0x63,0x33,0x66,0x28,0x30,0x2e,0x39,
    0x34,0x37,0x38,0x36,0x37,0x33,0x33,0x33,0x38,0x38,0x39,0x30,0x30,0x37,0x35,0x36,
    0x38,0x33,0x36,0x66,0x29,0x29,0x2c,0x20,0x76,0x65,0x63,0x33,0x66,0x28,0x32,0x2e,
    0x34,0x30,0x30,0x30,0x30,0x30,0x30,0x39,0x35,0x33,0x36,0x37,0x34,0x33,0x31,0x36,
    0x34,0x30,0x36,0x32,0x66,0x29,0x29,0x2c,0x20,0x73,0x74,0x65,0x70,0x28,0x78,0x5f,
    0x36,0x33,0x2c,0x20,0x78,0x5f,0x37,0x36,0x29,0x29,0x3b,0x0a,0x7d,0x0a,0x0a,0x66,
    0x6e,0x20,0x74,0x6f,0x6e,0x65,0x6d,0x61,0x70,0x5f,0x6e,0x65,0x75,0x74,0x72,0x61,
    0x6c,0x5f,0x76,0x66,0x33,0x5f,0x28,0x63,0x6f,0x6c,0x6f,0x72,0x20,0x3a,0x20,0x70,
    0x74,0x72,0x3c,0x66,0x75,0x6e,0x63,0x74,0x69,0x6f,0x6e,0x2c,0x20,0x76,0x65,0x63,
    0x33,0x66,0x3e,0x29,0x20,0x2d,0x3e,0x20,0x76,0x65,0x63,0x33,0x66,0x20,0x7b,0x0a,
    0x20,0x20,0x76,0x61,0x72,0x20,0x78,0x5f,0x31,0x32,0x36,0x20,0x3a,0x20,0x66,0x33,
    0x32,0x3b,0x0a,0x20,0x20,0x6c,0x65,0x74,0x20,0x78,0x5f,0x31,0x32,0x30,0x20,0x3d,
    0x20,0x6d,0x69,0x6e,0x28,0x28,0x2a,0x28,0x63,0x6f,0x6c,0x6f,0x72,0x29,0x29,0x2e,
    0x78,0x2c,0x20,0x6d,0x69,0x6e,0x28,0x28,0x2a,0x28,0x63,0x6f,0x6c,0x6f,0x72,0x29,
    0x29,0x2e,0x79,0x2c,0x20,0x28,0x2a,0x28,0x63,0x6f,0x6c,0x6f,0x72,0x29,0x29,0x2e,
    0x7a,0x29,0x29,0x3b,0x0a,0x20,0x20,0x69,0x66,0x20,0x28,0x28,0x78,0x5f,0x31,0x32,
    0x30,0x20,0x3c,0x20,0x30,0x2e,0x30,0x37,0x39,0x39,0x39,0x39,0x39,0x39,0x38,0x32,
    0x31,0x31,0x38,0x36,0x30,0x36,0x35,0x36,0x37,0x34,0x66,0x29,0x29,0x20,0x7b,0x0a,
    0x20,0x20,0x20,0x20,0x78,0x5f,0x31,0x32,0x36,0x20,0x3d,0x20,0x28,0x78,0x5f,0x31,
    0x32,0x30,0x20,0x2d,0x20,0x28,0x28,0x36,0x2e,0x32,0x35,0x66,0x20,0x2a,0x20,0x78,
    0x5f,0x31,0x32,0x30,0x29,0x20,0x2a,0x20,0x78,0x5f,0x31,0x32,0x30,0x29,0x29,0x3b,
    0x0a,0x20,0x20,0x7d,0x20,0x65,0x6c,0x73,0x65,0x20,0x7b,0x0a,0x20,0x20,0x20,0x20,
    0x78,0x5f,0x31,0x32,0x36,0x20,0x3d,0x20,0x30,0x2e,0x30,0x33,0x39,0x39,0x39,0x39,
    0x39,0x39,0x39,0x31,0x30,0x35,0x39,0x33,0x30,0x33,0x32,0x38,0x33,0x37,0x66,0x3b,
    0x0a,0x20,0x20,0x7d,0x0a,0x20,0x20,0x2a,0x28,0x63,0x6f,0x6c,0x6f,0x72,0x29,0x20,
    0x3d,0x20,0x28,0x2a,0x28,0x63,0x6f,0x6c,0x6f,0x72,0x29,0x20,0x2d,0x20,0x76,0x65,
    0x63,0x33,0x66,0x28,0x78,0x5f,0x31,0x32,0x36,0x29,0x29,0x3b,0x0a,0x20,0x20,0x6c,
    0x65,0x74,0x20,0x78,0x5f,0x31,0x35,0x31,0x20,0x3d,0x20,0x6d,0x61,0x78,0x28,0x28,
    0x2a,0x28,0x63,0x6f,0x6c,0x6f,0x72,0x29,0x29,0x2e,0x78,0x2c,0x20,0x6d,0x61,0x78,
    0x28,0x28,0x2a,0x28,0x63,0x6f,0x6c,0x6f,0x72,0x29,0x29,0x2e,0x79,0x2c,0x20,0x28,
    0x2a,0x28,0x63,0x6f,0x6c,0x6f,0x72,0x29,0x29,0x2e,0x7a,0x29,0x29,0x3b,0x0a,0x20,
    0x20,0x69,0x66,0x20,0x28,0x28,0x78,0x5f,0x31,0x35,0x31,0x20,0x3c,0x20,0x30,0x2e,
    0x37,0x35,0x39,0x39,0x39,0x39,0x39,0x39,0x30,0x34,0x36,0x33,0x32,0x35,0x36,0x38,
    0x33,0x35,0x39,0x34,0x66,0x29,0x29,0x20,0x7b,0x0a,0x20,0x20,0x20,0x20,0x6c,0x65,
    0x74,0x20,0x78,0x5f,0x31,0x35,0x37,0x20,0x3d,0x20,0x2a,0x28,0x63,0x6f,0x6c,0x6f,
    0x72,0x29,0x3b,0x0a,0x20,0x20,0x20,0x20,0x72,0x65,0x74,0x75,0x72,0x6e,0x20,0x78,
    0x5f,0x31,0x35,0x37,0x3b,0x0a,0x20,0x20,0x7d,0x0a,0x20,0x20,0x6c,0x65,0x74,0x20,
    0x78,0x5f,0x31,0x36,0x36,0x20,0x3d,0x20,0x28,0x31,0x2e,0x30,0x66,0x20,0x2d,0x20,
    0x28,0x30,0x2e,0x30,0x35,0x37,0x35,0x39,0x39,0x39,0x39,0x39,0x30,0x31,0x30,0x35,
    0x36,0x32,0x38,0x39,0x36,0x37,0x33,0x66,0x20,0x2f,0x20,0x28,0x78,0x5f,0x31,0x35,
    0x31,0x20,0x2b,0x20,0x2d,0x30,0x2e,0x35,0x31,0x39,0x39,0x39,0x39,0x39,0x38,0x30,
    0x39,0x32,0x36,0x35,0x31,0x33,0x36,0x37,0x31,0x38,0x38,0x66,0x29,0x29,0x29,0x3b,
    0x0a,0x20,0x20,0x2a,0x28,0x63,0x6f,0x6c,0x6f,0x72,0x29,0x20,0x3d,0x20,0x28,0x2a,
    0x28,0x63,0x6f,0x6c,0x6f,0x72,0x29,0x20,0x2a,0x20,0x28,0x78,0x5f,0x31,0x36,0x36,
    0x20,0x2f,0x20,0x78,0x5f,0x31,0x35,0x31,0x29,0x29,0x3b,0x0a,0x20,0x20,0x6c,0x65,
    0x74,0x20,0x78,0x5f,0x31,0x38,0x30,0x20,0x3d,0x20,0x28,0x31,0x2e,0x30,0x66,0x20,
    0x2d,0x20,0x28,0x31,0x2e,0x30,0x66,0x20,0x2f,0x20,0x28,0x28,0x30,0x2e,0x31,0x35,
    0x30,0x30,0x30,0x30,0x30,0x30,0x35,0x39,0x36,0x30,0x34,0x36,0x34,0x34,0x37,0x37,
    0x35,0x34,0x66,0x20,0x2a,0x20,0x28,0x78,0x5f,0x31,0x35,0x31,0x20,0x2d,0x20,0x78,
    0x5f,0x31,0x36,0x36,0x29,0x29,0x20,0x2b,0x20,0x31,0x2e,0x30,0x66,0x29,0x29,0x29,
    0x3b,0x0a,0x20,0x20,0x6c,0x65,0x74,0x20,0x78,0x5f,0x31,0x38,0x31,0x20,0x3d,0x20,
    0x2a,0x28,0x63,0x6f,0x6c,0x6f,0x72,0x29,0x3b,0x0a,0x20,0x20,0x72,0x65,0x74,0x75,
    0x72,0x6e,0x20,0x6d,0x69,0x78,0x28,0x78,0x5f,0x31,0x38,0x31,0x2c,0x20,0x76,0x65,
    0x63,0x33,0x66,0x28,0x78,0x5f,0x31,0x36,0x36,0x29,0x2c,0x20,0x76,0x65,0x63,0x33,
    0x66,0x28,0x78,0x5f,0x31,0x38,0x30,0x29,0x29,0x3b,0x0a,0x7d,0x0a,0x0a,0x63,0x6f,
    0x6e,0x73,0x74,0x20,0x78,0x5f,0x38,0x35,0x20,0x3d,0x20,0x76,0x65,0x63,0x33,0x66,
    0x28,0x31,0x2e,0x30,0x66,0x29,0x3b,0x0a,0x0a,0x66,0x6e,0x20,0x74,0x6f,0x6e,0x65,
    0x6d,0x61,0x70,0x5f,0x61,0x63,0x65,0x73,0x5f,0x76,0x66,0x33,0x5f,0x28,0x63,0x6f,
    0x6c,0x6f,0x72,0x5f,0x31,0x20,0x3a,0x20,0x70,0x74,0x72,0x3c,0x66,0x75,0x6e,0x63,
    0x74,0x69,0x6f,0x6e,0x2c,0x20,0x76,0x65,0x63,0x33,0x66,0x3e,0x29,0x20,0x2d,0x3e,
    0x20,0x76,0x65,0x63,0x33,0x66,0x20,0x7b,0x0a,0x20,0x20,0x2a,0x28,0x63,0x6f,0x6c,
    0x6f,0x72,0x5f,0x31,0x29,0x20,0x3d,0x20,0x28,0x2a,0x28,0x63,0x6f,0x6c,0x6f,0x72,
    0x5f,0x31,0x29,0x20,0x2a,0x20,0x30,0x2e,0x36,0x30,0x30,0x30,0x30,0x30,0x30,0x32,
    0x33,0x38,0x34,0x31,0x38,0x35,0x37,0x39,0x31,0x30,0x31,0x36,0x66,0x29,0x3b,0x0a,
    0x20,0x20,0x6c,0x65,0x74,0x20,0x78,0x5f,0x31,0x39,0x32,0x20,0x3d,0x20,0x2a,0x28,
    0x63,0x6f,0x6c,0x6f,0x72,0x5f,0x31,0x29,0x3b,0x0a,0x20,0x20,0x6c,0x65,0x74,0x20,
    0x78,0x5f,0x31,0x39,0x34,0x20,0x3d,0x20,0x2a,0x28,0x63,0x6f,0x6c,0x6f,0x72,0x5f,
    0x31,0x29,0x3b,0x0a,0x20,0x20,0x6c,0x65,0x74,0x20,0x78,0x5f,0x32,0x30,0x30,0x20,
    0x3d,0x20,0x2a,0x28,0x63,0x6f,0x6c,0x6f,0x72,0x5f,0x31,0x29,0x3b,0x0a,0x20,0x20,
    0x6c,0x65,0x74,0x20,0x78,0x5f,0x32,0x30,0x32,0x20,0x3d,0x20,0x2a,0x28,0x63,0x6f,
    0x6c,0x6f,0x72,0x5f,0x31,0x29,0x3b,0x0a,0x20,0x20,0x72,0x65,0x74,0x75,0x72,0x6e,
    0x20,0x63,0x6c,0x61,0x6d,0x70,0x28,0x28,0x28,0x78,0x5f,0x31,0x39,0x32,0x20,0x2a,
    0x20,0x28,0x28,0x78,0x5f,0x31,0x39,0x34,0x20,0x2a,0x20,0x32,0x2e,0x35,0x30,0x39,
    0x39,0x39,0x39,0x39,0x39,0x30,0x34,0x36,0x33,0x32,0x35,0x36,0x38,0x33,0x35,0x39,
    0x34,0x66,0x29,0x20,0x2b,0x20,0x76,0x65,0x63,0x33,0x66,0x28,0x30,0x2e,0x30,0x32,
    0x39,0x39,0x39,0x39,0x39,0x39,0x39,0x33,0x32,0x39,0x34,0x34,0x37,0x37,0x34,0x36,
    0x32,0x38,0x66,0x29,0x29,0x29,0x20,0x2f,0x20,0x28,0x28,0x78,0x5f,0x32,0x30,0x30,
    0x20,0x2a,0x20,0x28,0x28,0x78,0x5f,0x32,0x30,0x32,0x20,0x2a,0x20,0x32,0x2e,0x34,
    0x33,0x30,0x30,0x30,0x30,0x30,0x36,0x36,0x37,0x35,0x37,0x32,0x30,0x32,0x31,0x34,
    0x38,0x34,0x34,0x66,0x29,0x20,0x2b,0x20,0x76,0x65,0x63,0x33,0x66,0x28,0x30,0x2e,
    0x35,0x38,0x39,0x39,0x39,0x39,0x39,0x37,0x33,0x37,0x37,0x33,0x39,0x35,0x36,0x32,
    0x39,0x38,0x38,0x33,0x66,0x29,0x29,0x29,0x20,0x2b,0x20,0x76,0x65,0x63,0x33,0x66,
    0x28,0x30,0x2e,0x31,0x34,0x30,0x30,0x30,0x30,0x30,0x30,0x30,0x35,0x39,0x36,0x30,
    0x34,0x36,0x34,0x34,0x37,0x37,0x35,0x66,0x29,0x29,0x29,0x2c,0x20,0x76,0x65,0x63,
    0x33,0x66,0x28,0x29,0x2c,0x20,0x78,0x5f,0x38,0x35,0x29,0x3b,0x0a,0x7d,0x0a,0x0a,
    0x63,0x6f,0x6e,0x73,0x74,0x20,0x78,0x5f,0x39,0x33,0x20,0x3d,0x20,0x76,0x65,0x63,
    0x33,0x66,0x28,0x30,0x2e,0x30,0x30,0x33,0x31,0x33,0x30,0x38,0x30,0x30,0x30,0x39,
    0x30,0x37,0x33,0x30,0x31,0x39,0x30,0x32,0x38,0x66,0x29,0x3b,0x0a,0x0a,0x66,0x6e,
    0x20,0x6c,0x69,0x6e,0x65,0x61,0x72,0x5f,0x74,0x6f,0x5f,0x73,0x72,0x67,0x62,0x5f,
    0x76,0x66,0x33,0x5f,0x28,0x63,0x5f,0x31,0x20,0x3a,0x20,0x70,0x74,0x72,0x3c,0x66,
    0x75,0x6e,0x63,0x74,0x69,0x6f,0x6e,0x2c,0x20,0x76,0x65,0x63,0x33,0x66,0x3e,0x29,
    0x20,0x2d,0x3e,0x20,0x76,0x65,0x63,0x33,0x66,0x20,0x7b,0x0a,0x20,0x20,0x2a,0x28,
    0x63,0x5f,0x31,0x29,0x20,0x3d,0x20,0x63,0x6c,0x61,0x6d,0x70,0x28,0x2a,0x28,0x63,
    0x5f,0x31,0x29,0x2c,0x20,0x76,0x65,0x63,0x33,0x66,0x28,0x29,0x2c,0x20,0x78,0x5f,
    0x38,0x35,0x29,0x3b,0x0a,0x20,0x20,0x6c,0x65,0x74,0x20,0x78,0x5f,0x38,0x38,0x20,
    0x3d,0x20,0x2a,0x28,0x63,0x5f,0x31,0x29,0x3b,0x0a,0x20,0x20,0x6c,0x65,0x74,0x20,
    0x78,0x5f,0x39,0x31,0x20,0x3d,0x20,0x2a,0x28,0x63,0x5f,0x31,0x29,0x3b,0x0a,0x20,
    0x20,0x6c,0x65,0x74,0x20,0x78,0x5f,0x31,0x30,0x33,0x20,0x3d,0x20,0x2a,0x28,0x63,
    0x5f,0x31,0x29,0x3b,0x0a,0x20,0x20,0x72,0x65,0x74,0x75,0x72,0x6e,0x20,0x6d,0x69,
    0x78,0x28,0x28,0x78,0x5f,0x38,0x38,0x20,0x2a,0x20,0x31,0x32,0x2e,0x39,0x32,0x30,
    0x30,0x30,0x30,0x30,0x37,0x36,0x32,0x39,0x33,0x39,0x34,0x35,0x33,0x31,0x32,0x35,
    0x66,0x29,0x2c,0x20,0x28,0x28,0x70,0x6f,0x77,0x28,0x6d,0x61,0x78,0x28,0x78,0x5f,
    0x39,0x31,0x2c,0x20,0x78,0x5f,0x39,0x33,0x29,0x2c,0x20,0x76,0x65,0x63,0x33,0x66,
    0x28,0x30,0x2e,0x34,0x31,0x36,0x36,0x36,0x36,0x36,0x35,0x36,0x37,0x33,0x32,0x35,
    0x35,0x39,0x32,0x30,0x34,0x31,0x66,0x29,0x29,0x20,0x2a,0x20,0x31,0x2e,0x30,0x35,
    0x34,0x39,0x39,0x39,0x39,0x34,0x37,0x35,0x34,0x37,0x39,0x31,0x32,0x35,0x39,0x37,
    0x36,0x36,0x66,0x29,0x20,0x2d,0x20,0x78,0x5f,0x31,0x30,0x34,0x38,0x29,0x2c,0x20,
    0x73,0x74,0x65,0x70,0x28,0x78,0x5f,0x39,0x33,0x2c,0x20,0x78,0x5f,0x31,0x30,0x33,
    0x29,0x29,0x3b,0x0a,0x7d,0x0a,0x0a,0x66,0x6e,0x20,0x74,0x6f,0x5f,0x64,0x69,0x73,
    0x70,0x6c,0x61,0x79,0x5f,0x76,0x66,0x33,0x5f,0x76,0x66,0x34,0x5f,0x28,0x63,0x6f,
    0x6c,0x6f,0x72,0x5f,0x32,0x20,0x3a,0x20,0x70,0x74,0x72,0x3c,0x66,0x75,0x6e,0x63,
    0x74,0x69,0x6f,0x6e,0x2c,0x20,0x76,0x65,0x63,0x33,0x66,0x3e,0x2c,0x20,0x74,0x6f,
    0x6e,0x65,0x6d,0x61,0x70,0x20,0x3a,0x20,0x70,0x74,0x72,0x3c,0x66,0x75,0x6e,0x63,
    0x74,0x69,0x6f,0x6e,0x2c,0x20,0x76,0x65,0x63,0x34,0x66,0x3e,0x29,0x20,0x2d,0x3e,
    0x20,0x76,0x65,0x63,0x33,0x66,0x20,0x7b,0x0a,0x20,0x20,0x76,0x61,0x72,0x20,0x70,
    0x61,0x72,0x61,0x6d,0x20,0x3a,0x20,0x76,0x65,0x63,0x33,0x66,0x3b,0x0a,0x20,0x20,
    0x76,0x61,0x72,0x20,0x70,0x61,0x72,0x61,0x6d,0x5f,0x31,0x20,0x3a,0x20,0x76,0x65,
    0x63,0x33,0x66,0x3b,0x0a,0x20,0x20,0x76,0x61,0x72,0x20,0x70,0x61,0x72,0x61,0x6d,
    0x5f,0x32,0x20,0x3a,0x20,0x76,0x65,0x63,0x33,0x66,0x3b,0x0a,0x20,0x20,0x76,0x61,
    0x72,0x20,0x78,0x5f,0x32,0x32,0x36,0x20,0x3a,0x20,0x69,0x33,0x32,0x3b,0x0a,0x20,
    0x20,0x2a,0x28,0x63,0x6f,0x6c,0x6f,0x72,0x5f,0x32,0x29,0x20,0x3d,0x20,0x28,0x2a,
    0x28,0x63,0x6f,0x6c,0x6f,0x72,0x5f,0x32,0x29,0x20,0x2a,0x20,0x28,0x2a,0x28,0x74,
    0x6f,0x6e,0x65,0x6d,0x61,0x70,0x29,0x29,0x2e,0x79,0x29,0x3b,0x0a,0x20,0x20,0x78,
    0x5f,0x32,0x32,0x36,0x20,0x3d,0x20,0x69,0x33,0x32,0x28,0x28,0x28,0x2a,0x28,0x74,
    0x6f,0x6e,0x65,0x6d,0x61,0x70,0x29,0x29,0x2e,0x78,0x20,0x2b,0x20,0x30,0x2e,0x35,
    0x66,0x29,0x29,0x3b,0x0a,0x20,0x20,0x69,0x66,0x20,0x28,0x28,0x78,0x5f,0x32,0x32,
    0x36,0x20,0x3d,0x3d,0x20,0x31,0x69,0x29,0x29,0x20,0x7b,0x0a,0x20,0x20,0x20,0x20,
    0x70,0x61,0x72,0x61,0x6d,0x20,0x3d,0x20,0x2a,0x28,0x63,0x6f,0x6c,0x6f,0x72,0x5f,
    0x32,0x29,0x3b,0x0a,0x20,0x20,0x20,0x20,0x6c,0x65,0x74,0x20,0x78,0x5f,0x32,0x33,
    0x34,0x20,0x3d,0x20,0x74,0x6f,0x6e,0x65,0x6d,0x61,0x70,0x5f,0x6e,0x65,0x75,0x74,
    0x72,0x61,0x6c,0x5f,0x76,0x66,0x33,0x5f,0x28,0x26,0x28,0x70,0x61,0x72,0x61,0x6d,
    0x29,0x29,0x3b,0x0a,0x20,0x20,0x20,0x20,0x2a,0x28,0x63,0x6f,0x6c,0x6f,0x72,0x5f,
    0x32,0x29,0x20,0x3d,0x20,0x78,0x5f,0x32,0x33,0x34,0x3b,0x0a,0x20,0x20,0x7d,0x20,
    0x65,0x6c,0x73,0x65,0x20,0x7b,0x0a,0x20,0x20,0x20,0x20,0x69,0x66,0x20,0x28,0x28,
    0x78,0x5f,0x32,0x32,0x36,0x20,0x3d,0x3d,0x20,0x32,0x69,0x29,0x29,0x20,0x7b,0x0a,
    0x20,0x20,0x20,0x20,0x20,0x20,0x70,0x61,0x72,0x61,0x6d,0x5f,0x31,0x20,0x3d,0x20,
    0x2a,0x28,0x63,0x6f,0x6c,0x6f,0x72,0x5f,0x32,0x29,0x3b,0x0a,0x20,0x20,0x20,0x20,
    0x20,0x20,0x6c,0x65,0x74,0x20,0x78,0x5f,0x32,0x34,0x33,0x20,0x3d,0x20,0x74,0x6f,
    0x6e,0x65,0x6d,0x61,0x70,0x5f,0x61,0x63,0x65,0x73,0x5f,0x76,0x66,0x33,0x5f,0x28,
    0x26,0x28,0x70,0x61,0x72,0x61,0x6d,0x5f,0x31,0x29,0x29,0x3b,0x0a,0x20,0x20,0x20,
    0x20,0x20,0x20,0x2a,0x28,0x63,0x6f,0x6c,0x6f,0x72,0x5f,0x32,0x29,0x20,0x3d,0x20,
    0x78,0x5f,0x32,0x34,0x33,0x3b,0x0a,0x20,0x20,0x20,0x20,0x7d,0x0a,0x20,0x20,0x7d,
    0x0a,0x20,0x20,0x70,0x61,0x72,0x61,0x6d,0x5f,0x32,0x20,0x3d,0x20,0x2a,0x28,0x63,
    0x6f,0x6c,0x6f,0x72,0x5f,0x32,0x29,0x3b,0x0a,0x20,0x20,0x6c,0x65,0x74,0x20,0x78,
    0x5f,0x32,0x34,0x36,0x20,0x3d,0x20,0x6c,0x69,0x6e,0x65,0x61,0x72,0x5f,0x74,0x6f,
    0x5f,0x73,0x72,0x67,0x62,0x5f,0x76,0x66,0x33,0x5f,0x28,0x26,0x28,0x70,0x61,0x72,
    0x61,0x6d,0x5f,0x32,0x29,0x29,0x3b,0x0a,0x20,0x20,0x72,0x65,0x74,0x75,0x72,0x6e,
    0x20,0x78,0x5f,0x32,0x34,0x36,0x3b,0x0a,0x7d,0x0a,0x0a,0x66,0x6e,0x20,0x61,0x74,
    0x74,0x65,0x6e,0x75,0x61,0x74,0x69,0x6f,0x6e,0x5f,0x66,0x31,0x5f,0x66,0x31,0x5f,
    0x28,0x64,0x20,0x3a,0x20,0x70,0x74,0x72,0x3c,0x66,0x75,0x6e,0x63,0x74,0x69,0x6f,
    0x6e,0x2c,0x20,0x66,0x33,0x32,0x3e,0x2c,0x20,0x72,0x61,0x6e,0x67,0x65,0x20,0x3a,
    0x20,0x70,0x74,0x72,0x3c,0x66,0x75,0x6e,0x63,0x74,0x69,0x6f,0x6e,0x2c,0x20,0x66,
    0x33,0x32,0x3e,0x29,0x20,0x2d,0x3e,0x20,0x66,0x33,0x32,0x20,0x7b,0x0a,0x20,0x20,
    0x6c,0x65,0x74,0x20,0x78,0x5f,0x34,0x33,0x33,0x20,0x3d,0x20,0x28,0x31,0x2e,0x30,
    0x66,0x20,0x2f,0x20,0x6d,0x61,0x78,0x28,0x28,0x2a,0x28,0x64,0x29,0x20,0x2a,0x20,
    0x2a,0x28,0x64,0x29,0x29,0x2c,0x20,0x30,0x2e,0x30,0x30,0x39,0x39,0x39,0x39,0x39,
    0x39,0x39,0x37,0x37,0x36,0x34,0x38,0x32,0x35,0x38,0x32,0x30,0x39,0x66,0x29,0x29,
    0x3b,0x0a,0x20,0x20,0x69,0x66,0x20,0x28,0x28,0x2a,0x28,0x72,0x61,0x6e,0x67,0x65,
    0x29,0x20,0x3c,0x3d,0x20,0x30,0x2e,0x30,0x66,0x29,0x29,0x20,0x7b,0x0a,0x20,0x20,
    0x20,0x20,0x72,0x65,0x74,0x75,0x72,0x6e,0x20,0x78,0x5f,0x34,0x33,0x33,0x3b,0x0a,
    0x20,0x20,0x7d,0x0a,0x20,0x20,0x6c,0x65,0x74,0x20,0x78,0x5f,0x34,0x34,0x33,0x20,
    0x3d,0x20,0x28,0x2a,0x28,0x64,0x29,0x20,0x2f,0x20,0x2a,0x28,0x72,0x61,0x6e,0x67,
    0x65,0x29,0x29,0x3b,0x0a,0x20,0x20,0x6c,0x65,0x74,0x20,0x78,0x5f,0x34,0x35,0x33,
    0x20,0x3d,0x20,0x63,0x6c,0x61,0x6d,0x70,0x28,0x28,0x31,0x2e,0x30,0x66,0x20,0x2d,
    0x20,0x28,0x28,0x28,0x78,0x5f,0x34,0x34,0x33,0x20,0x2a,0x20,0x78,0x5f,0x34,0x34,
    0x33,0x29,0x20,0x2a,0x20,0x78,0x5f,0x34,0x34,0x33,0x29,0x20,0x2a,0x20,0x78,0x5f,
    0x34,0x34,0x33,0x29,0x29,0x2c,0x20,0x30,0x2e,0x30,0x66,0x2c,0x20,0x31,0x2e,0x30,
    0x66,0x29,0x3b,0x0a,0x20,0x20,0x72,0x65,0x74,0x75,0x72,0x6e,0x20,0x28,0x28,0x78,
    0x5f,0x34,0x35,0x33,0x20,0x2a,0x20,0x78,0x5f,0x34,0x35,0x33,0x29,0x20,0x2a,0x20,
    0x78,0x5f,0x34,0x33,0x33,0x29,0x3b,0x0a,0x7d,0x0a,0x0a,0x66,0x6e,0x20,0x73,0x70,
    0x6f,0x74,0x5f,0x66,0x61,0x63,0x74,0x6f,0x72,0x5f,0x66,0x31,0x5f,0x66,0x31,0x5f,
    0x66,0x31,0x5f,0x28,0x63,0x6f,0x73,0x5f,0x61,0x6e,0x67,0x6c,0x65,0x20,0x3a,0x20,
    0x70,0x74,0x72,0x3c,0x66,0x75,0x6e,0x63,0x74,0x69,0x6f,0x6e,0x2c,0x20,0x66,0x33,
    0x32,0x3e,0x2c,0x20,0x63,0x6f,0x73,0x5f,0x69,0x6e,0x6e,0x65,0x72,0x20,0x3a,0x20,
    0x70,0x74,0x72,0x3c,0x66,0x75,0x6e,0x63,0x74,0x69,0x6f,0x6e,0x2c,0x20,0x66,0x33,
    0x32,0x3e,0x2c,0x20,0x63,0x6f,0x73,0x5f,0x6f,0x75,0x74,0x65,0x72,0x20,0x3a,0x20,
    0x70,0x74,0x72,0x3c,0x66,0x75,0x6e,0x63,0x74,0x69,0x6f,0x6e,0x2c,0x20,0x66,0x33,
    0x32,0x3e,0x29,0x20,0x2d,0x3e,0x20,0x66,0x33,0x32,0x20,0x7b,0x0a,0x20,0x20,0x69,
    0x66,0x20,0x28,0x28,0x28,0x2a,0x28,0x63,0x6f,0x73,0x5f,0x69,0x6e,0x6e,0x65,0x72,
    0x29,0x20,0x2d,0x20,0x2a,0x28,0x63,0x6f,0x73,0x5f,0x6f,0x75,0x74,0x65,0x72,0x29,
    0x29,0x20,0x3c,0x3d,0x20,0x30,0x2e,0x30,0x30,0x30,0x30,0x30,0x30,0x39,0x39,0x39,
    0x39,0x39,0x39,0x39,0x39,0x37,0x34,0x37,0x35,0x32,0x34,0x66,0x29,0x29,0x20,0x7b,
    0x0a,0x20,0x20,0x20,0x20,0x6c,0x65,0x74,0x20,0x78,0x5f,0x34,0x36,0x38,0x20,0x3d,
    0x20,0x2a,0x28,0x63,0x6f,0x73,0x5f,0x61,0x6e,0x67,0x6c,0x65,0x29,0x3b,0x0a,0x20,
    0x20,0x20,0x20,0x6c,0x65,0x74,0x20,0x78,0x5f,0x34,0x36,0x39,0x20,0x3d,0x20,0x2a,
    0x28,0x63,0x6f,0x73,0x5f,0x6f,0x75,0x74,0x65,0x72,0x29,0x3b,0x0a,0x20,0x20,0x20,
    0x20,0x72,0x65,0x74,0x75,0x72,0x6e,0x20,0x73,0x65,0x6c,0x65,0x63,0x74,0x28,0x30,
    0x2e,0x30,0x66,0x2c,0x20,0x31,0x2e,0x30,0x66,0x2c,0x20,0x28,0x78,0x5f,0x34,0x36,
    0x38,0x20,0x3e,0x3d,0x20,0x78,0x5f,0x34,0x36,0x39,0x29,0x29,0x3b,0x0a,0x20,0x20,
    0x7d,0x0a,0x20,0x20,0x6c,0x65,0x74,0x20,0x78,0x5f,0x34,0x37,0x33,0x20,0x3d,0x20,
    0x2a,0x28,0x63,0x6f,0x73,0x5f,0x6f,0x75,0x74,0x65,0x72,0x29,0x3b,0x0a,0x20,0x20,
    0x6c,0x65,0x74,0x20,0x78,0x5f,0x34,0x37,0x34,0x20,0x3d,0x20,0x2a,0x28,0x63,0x6f,
    0x73,0x5f,0x69,0x6e,0x6e,0x65,0x72,0x29,0x3b,0x0a,0x20,0x20,0x6c,0x65,0x74,0x20,
    0x78,0x5f,0x34,0x37,0x35,0x20,0x3d,0x20,0x2a,0x28,0x63,0x6f,0x73,0x5f,0x61,0x6e,
    0x67,0x6c,0x65,0x29,0x3b,0x0a,0x20,0x20,0x72,0x65,0x74,0x75,0x72,0x6e,0x20,0x73,
    0x6d,0x6f,0x6f,0x74,0x68,0x73,0x74,0x65,0x70,0x28,0x78,0x5f,0x34,0x37,0x33,0x2c,
    0x20,0x78,0x5f,0x34,0x37,0x34,0x2c,0x20,0x78,0x5f,0x34,0x37,0x35,0x29,0x3b,0x0a,
    0x7d,0x0a,0x0a,0x66,0x6e,0x20,0x65,0x6e,0x76,0x5f,0x64,0x69,0x72,0x5f,0x76,0x66,
    0x33,0x5f,0x76,0x66,0x34,0x5f,0x28,0x64,0x69,0x72,0x20,0x3a,0x20,0x70,0x74,0x72,
    0x3c,0x66,0x75,0x6e,0x63,0x74,0x69,0x6f,0x6e,0x2c,0x20,0x76,0x65,0x63,0x33,0x66,
    0x3e,0x2c,0x20,0x65,0x6e,0x76,0x20,0x3a,0x20,0x70,0x74,0x72,0x3c,0x66,0x75,0x6e,
    0x63,0x74,0x69,0x6f,0x6e,0x2c,0x20,0x76,0x65,0x63,0x34,0x66,0x3e,0x29,0x20,0x2d,
    0x3e,0x20,0x76,0x65,0x63,0x33,0x66,0x20,0x7b,0x0a,0x20,0x20,0x6c,0x65,0x74,0x20,
    0x78,0x5f,0x32,0x35,0x30,0x20,0x3d,0x20,0x28,0x2a,0x28,0x65,0x6e,0x76,0x29,0x29,
    0x2e,0x7a,0x3b,0x0a,0x20,0x20,0x6c,0x65,0x74,0x20,0x78,0x5f,0x32,0x35,0x32,0x20,
    0x3d,0x20,0x28,0x2a,0x28,0x64,0x69,0x72,0x29,0x29,0x2e,0x78,0x3b,0x0a,0x20,0x20,
    0x6c,0x65,0x74,0x20,0x78,0x5f,0x32,0x35,0x36,0x20,0x3d,0x20,0x28,0x2a,0x28,0x65,
    0x6e,0x76,0x29,0x29,0x2e,0x77,0x3b,0x0a,0x20,0x20,0x6c,0x65,0x74,0x20,0x78,0x5f,
    0x32,0x35,0x38,0x20,0x3d,0x20,0x28,0x2a,0x28,0x64,0x69,0x72,0x29,0x29,0x2e,0x7a,
    0x3b,0x0a,0x20,0x20,0x6c,0x65,0x74,0x20,0x78,0x5f,0x32,0x36,0x32,0x20,0x3d,0x20,
    0x28,0x2a,0x28,0x64,0x69,0x72,0x29,0x29,0x2e,0x79,0x3b,0x0a,0x20,0x20,0x6c,0x65,
    0x74,0x20,0x78,0x5f,0x32,0x36,0x34,0x20,0x3d,0x20,0x28,0x2a,0x28,0x65,0x6e,0x76,
    0x29,0x29,0x2e,0x77,0x3b,0x0a,0x20,0x20,0x6c,0x65,0x74,0x20,0x78,0x5f,0x32,0x36,
    0x36,0x20,0x3d,0x20,0x28,0x2a,0x28,0x64,0x69,0x72,0x29,0x29,0x2e,0x78,0x3b,0x0a,
    0x20,0x20,0x6c,0x65,0x74,0x20,0x78,0x5f,0x32,0x36,0x39,0x20,0x3d,0x20,0x28,0x2a,
    0x28,0x65,0x6e,0x76,0x29,0x29,0x2e,0x7a,0x3b,0x0a,0x20,0x20,0x6c,0x65,0x74,0x20,
    0x78,0x5f,0x32,0x37,0x31,0x20,0x3d,0x20,0x28,0x2a,0x28,0x64,0x69,0x72,0x29,0x29,
    0x2e,0x7a,0x3b,0x0a,0x20,0x20,0x72,0x65,0x74,0x75,0x72,0x6e,0x20,0x76,0x65,0x63,
    0x33,0x66,0x28,0x28,0x28,0x78,0x5f,0x32,0x35,0x30,0x20,0x2a,0x20,0x78,0x5f,0x32,
    0x35,0x32,0x29,0x20,0x2d,0x20,0x28,0x78,0x5f,0x32,0x35,0x36,0x20,0x2a,0x20,0x78,
    0x5f,0x32,0x35,0x38,0x29,0x29,0x2c,0x20,0x78,0x5f,0x32,0x36,0x32,0x2c,0x20,0x28,
    0x28,0x78,0x5f,0x32,0x36,0x34,0x20,0x2a,0x20,0x78,0x5f,0x32,0x36,0x36,0x29,0x20,
    0x2b,0x20,0x28,0x78,0x5f,0x32,0x36,0x39,0x20,0x2a,0x20,0x78,0x5f,0x32,0x37,0x31,
    0x29,0x29,0x29,0x3b,0x0a,0x7d,0x0a,0x0a,0x66,0x6e,0x20,0x65,0x76,0x61,0x6c,0x5f,
    0x73,0x68,0x5f,0x76,0x66,0x33,0x5f,0x28,0x6e,0x20,0x3a,0x20,0x70,0x74,0x72,0x3c,
    0x66,0x75,0x6e,0x63,0x74,0x69,0x6f,0x6e,0x2c,0x20,0x76,0x65,0x63,0x33,0x66,0x3e,
    0x29,0x20,0x2d,0x3e,0x20,0x76,0x65,0x63,0x33,0x66,0x20,0x7b,0x0a,0x20,0x20,0x6c,
    0x65,0x74,0x20,0x78,0x5f,0x32,0x38,0x36,0x20,0x3d,0x20,0x78,0x5f,0x32,0x38,0x31,
    0x2e,0x75,0x5f,0x73,0x68,0x5b,0x30,0x69,0x5d,0x3b,0x0a,0x20,0x20,0x6c,0x65,0x74,
    0x20,0x78,0x5f,0x32,0x39,0x31,0x20,0x3d,0x20,0x78,0x5f,0x32,0x38,0x31,0x2e,0x75,
    0x5f,0x73,0x68,0x5b,0x31,0x69,0x5d,0x3b,0x0a,0x20,0x20,0x6c,0x65,0x74,0x20,0x78,
    0x5f,0x32,0x39,0x35,0x20,0x3d,0x20,0x28,0x2a,0x28,0x6e,0x29,0x29,0x2e,0x79,0x3b,
    0x0a,0x20,0x20,0x6c,0x65,0x74,0x20,0x78,0x5f,0x33,0x30,0x30,0x20,0x3d,0x20,0x78,
    0x5f,0x32,0x38,0x31,0x2e,0x75,0x5f,0x73,0x68,0x5b,0x32,0x69,0x5d,0x3b,0x0a,0x20,
    0x20,0x6c,0x65,0x74,0x20,0x78,0x5f,0x33,0x30,0x33,0x20,0x3d,0x20,0x28,0x2a,0x28,
    0x6e,0x29,0x29,0x2e,0x7a,0x3b,0x0a,0x20,0x20,0x6c,0x65,0x74,0x20,0x78,0x5f,0x33,
    0x30,0x38,0x20,0x3d,0x20,0x78,0x5f,0x32,0x38,0x31,0x2e,0x75,0x5f,0x73,0x68,0x5b,
    0x33,0x69,0x5d,0x3b,0x0a,0x20,0x20,0x6c,0x65,0x74,0x20,0x78,0x5f,0x33,0x31,0x31,
    0x20,0x3d,0x20,0x28,0x2a,0x28,0x6e,0x29,0x29,0x2e,0x78,0x3b,0x0a,0x20,0x20,0x6c,
    0x65,0x74,0x20,0x78,0x5f,0x33,0x31,0x37,0x20,0x3d,0x20,0x78,0x5f,0x32,0x38,0x31,
    0x2e,0x75,0x5f,0x73,0x68,0x5b,0x34,0x69,0x5d,0x3b,0x0a,0x20,0x20,0x6c,0x65,0x74,
    0x20,0x78,0x5f,0x33,0x32,0x31,0x20,0x3d,0x20,0x28,0x2a,0x28,0x6e,0x29,0x29,0x2e,
    0x78,0x3b,0x0a,0x20,0x20,0x6c,0x65,0x74,0x20,0x78,0x5f,0x33,0x32,0x34,0x20,0x3d,
    0x20,0x28,0x2a,0x28,0x6e,0x29,0x29,0x2e,0x79,0x3b,0x0a,0x20,0x20,0x6c,0x65,0x74,
    0x20,0x78,0x5f,0x33,0x33,0x30,0x20,0x3d,0x20,0x78,0x5f,0x32,0x38,0x31,0x2e,0x75,
    0x5f,0x73,0x68,0x5b,0x35,0x69,0x5d,0x3b,0x0a,0x20,0x20,0x6c,0x65,0x74,0x20,0x78,
    0x5f,0x33,0x33,0x33,0x20,0x3d,0x20,0x28,0x2a,0x28,0x6e,0x29,0x29,0x2e,0x79,0x3b,
    0x0a,0x20,0x20,0x6c,0x65,0x74,0x20,0x78,0x5f,0x33,0x33,0x36,0x20,0x3d,0x20,0x28,
    0x2a,0x28,0x6e,0x29,0x29,0x2e,0x7a,0x3b,0x0a,0x20,0x20,0x6c,0x65,0x74,0x20,0x78,
    0x5f,0x33,0x34,0x32,0x20,0x3d,0x20,0x78,0x5f,0x32,0x38,0x31,0x2e,0x75,0x5f,0x73,
    0x68,0x5b,0x36,0x69,0x5d,0x3b,0x0a,0x20,0x20,0x6c,0x65,0x74,0x20,0x78,0x5f,0x33,
    0x34,0x37,0x20,0x3d,0x20,0x28,0x2a,0x28,0x6e,0x29,0x29,0x2e,0x7a,0x3b,0x0a,0x20,
    0x20,0x6c,0x65,0x74,0x20,0x78,0x5f,0x33,0x35,0x30,0x20,0x3d,0x20,0x28,0x2a,0x28,
    0x6e,0x29,0x29,0x2e,0x7a,0x3b,0x0a,0x20,0x20,0x6c,0x65,0x74,0x20,0x78,0x5f,0x33,
    0x35,0x38,0x20,0x3d,0x20,0x78,0x5f,0x32,0x38,0x31,0x2e,0x75,0x5f,0x73,0x68,0x5b,
    0x37,0x69,0x5d,0x3b,0x0a,0x20,0x20,0x6c,0x65,0x74,0x20,0x78,0x5f,0x33,0x36,0x31,
    0x20,0x3d,0x20,0x28,0x2a,0x28,0x6e,0x29,0x29,0x2e,0x78,0x3b,0x0a,0x20,0x20,0x6c,
    0x65,0x74,0x20,0x78,0x5f,0x33,0x36,0x34,0x20,0x3d,0x20,0x28,0x2a,0x28,0x6e,0x29,
    0x29,0x2e,0x7a,0x3b,0x0a,0x20,0x20,0x6c,0x65,0x74,0x20,0x78,0x5f,0x33,0x37,0x30,
    0x20,0x3d,0x20,0x78,0x5f,0x32,0x38,0x31,0x2e,0x75,0x5f,0x73,0x68,0x5b,0x38,0x69,
    0x5d,0x3b,0x0a,0x20,0x20,0x6c,0x65,0x74,0x20,0x78,0x5f,0x33,0x37,0x34,0x20,0x3d,
    0x20,0x28,0x2a,0x28,0x6e,0x29,0x29,0x2e,0x78,0x3b,0x0a,0x20,0x20,0x6c,0x65,0x74,
    0x20,0x78,0x5f,0x33,0x37,0x36,0x20,0x3d,0x20,0x28,0x2a,0x28,0x6e,0x29,0x29,0x2e,
    0x78,0x3b,0x0a,0x20,0x20,0x6c,0x65,0x74,0x20,0x78,0x5f,0x33,0x37,0x39,0x20,0x3d,
    0x20,0x28,0x2a,0x28,0x6e,0x29,0x29,0x2e,0x79,0x3b,0x0a,0x20,0x20,0x6c,0x65,0x74,
    0x20,0x78,0x5f,0x33,0x38,0x31,0x20,0x3d,0x20,0x28,0x2a,0x28,0x6e,0x29,0x29,0x2e,
    0x79,0x3b,0x0a,0x20,0x20,0x72,0x65,0x74,0x75,0x72,0x6e,0x20,0x28,0x28,0x28,0x28,
    0x28,0x28,0x28,0x28,0x28,0x78,0x5f,0x32,0x38,0x36,0x2e,0x78,0x79,0x7a,0x20,0x2a,
    0x20,0x30,0x2e,0x32,0x38,0x32,0x30,0x39,0x34,0x39,0x38,0x35,0x32,0x34,0x36,0x36,
    0x35,0x38,0x33,0x32,0x35,0x32,0x66,0x29,0x20,0x2b,0x20,0x28,0x78,0x5f,0x32,0x39,
    0x31,0x2e,0x78,0x79,0x7a,0x20,0x2a,0x20,0x28,0x30,0x2e,0x34,0x38,0x38,0x36,0x30,
    0x32,0x39,0x39,0x35,0x38,0x37,0x32,0x34,0x39,0x37,0x35,0x35,0x38,0x35,0x39,0x66,
    0x20,0x2a,0x20,0x78,0x5f,0x32,0x39,0x35,0x29,0x29,0x29,0x20,0x2b,0x20,0x28,0x78,
    0x5f,0x33,0x30,0x30,0x2e,0x78,0x79,0x7a,0x20,0x2a,0x20,0x28,0x30,0x2e,0x34,0x38,
    0x38,0x36,0x30,0x32,0x39,0x39,0x35,0x38,0x37,0x32,0x34,0x39,0x37,0x35,0x35,0x38,
    0x35,0x39,0x66,0x20,0x2a,0x20,0x78,0x5f,0x33,0x30,0x33,0x29,0x29,0x29,0x20,0x2b,
    0x20,0x28,0x78,0x5f,0x33,0x30,0x38,0x2e,0x78,0x79,0x7a,0x20,0x2a,0x20,0x28,0x30,
    0x2e,0x34,0x38,0x38,0x36,0x30,0x32,0x39,0x39,0x35,0x38,0x37,0x32,0x34,0x39,0x37,
    0x35,0x35,0x38,0x35,0x39,0x66,0x20,0x2a,0x20,0x78,0x5f,0x33,0x31,0x31,0x29,0x29,
    0x29,0x20,0x2b,0x20,0x28,0x78,0x5f,0x33,0x31,0x37,0x2e,0x78,0x79,0x7a,0x20,0x2a,
    0x20,0x28,0x28,0x31,0x2e,0x30,0x39,0x32,0x35,0x34,0x38,0x30,0x31,0x32,0x37,0x33,
    0x33,0x34,0x35,0x39,0x34,0x37,0x32,0x36,0x36,0x66,0x20,0x2a,0x20,0x78,0x5f,0x33,
    0x32,0x31,0x29,0x20,0x2a,0x20,0x78,0x5f,0x33,0x32,0x34,0x29,0x29,0x29,0x20,0x2b,
    0x20,0x28,0x78,0x5f,0x33,0x33,0x30,0x2e,0x78,0x79,0x7a,0x20,0x2a,0x20,0x28,0x28,
    0x31,0x2e,0x30,0x39,0x32,0x35,0x34,0x38,0x30,0x31,0x32,0x37,0x33,0x33,0x34,0x35,
    0x39,0x34,0x37,0x32,0x36,0x36,0x66,0x20,0x2a,0x20,0x78,0x5f,0x33,0x33,0x33,0x29,
    0x20,0x2a,0x20,0x78,0x5f,0x33,0x33,0x36,0x29,0x29,0x29,0x20,0x2b,0x20,0x28,0x78,
    0x5f,0x33,0x34,0x32,0x2e,0x78,0x79,0x7a,0x20,0x2a,0x20,0x28,0x30,0x2e,0x33,0x31,
    0x35,0x33,0x39,0x31,0x39,0x38,0x37,0x35,0x36,0x32,0x31,0x37,0x39,0x35,0x36,0x35,
    0x34,0x33,0x66,0x20,0x2a,0x20,0x28,0x28,0x28,0x33,0x2e,0x30,0x66,0x20,0x2a,0x20,
    0x78,0x5f,0x33,0x34,0x37,0x29,0x20,0x2a,0x20,0x78,0x5f,0x33,0x35,0x30,0x29,0x20,
    0x2d,0x20,0x31,0x2e,0x30,0x66,0x29,0x29,0x29,0x29,0x20,0x2b,0x20,0x28,0x78,0x5f,
    0x33,0x35,0x38,0x2e,0x78,0x79,0x7a,0x20,0x2a,0x20,0x28,0x28,0x31,0x2e,0x30,0x39,
    0x32,0x35,0x34,0x38,0x30,0x31,0x32,0x37,0x33,0x33,0x34,0x35,0x39,0x34,0x37,0x32,
    0x36,0x36,0x66,0x20,0x2a,0x20,0x78,0x5f,0x33,0x36,0x31,0x29,0x20,0x2a,0x20,0x78,
    0x5f,0x33,0x36,0x34,0x29,0x29,0x29,0x20,0x2b,0x20,0x28,0x78,0x5f,0x33,0x37,0x30,
    0x2e,0x78,0x79,0x7a,0x20,0x2a,0x20,0x28,0x30,0x2e,0x35,0x34,0x36,0x32,0x37,0x34,
    0x30,0x30,0x36,0x33,0x36,0x36,0x37,0x32,0x39,0x37,0x33,0x36,0x33,0x33,0x66,0x20,
    0x2a,0x20,0x28,0x28,0x78,0x5f,0x33,0x37,0x34,0x20,0x2a,0x20,0x78,0x5f,0x33,0x37,
    0x36,0x29,0x20,0x2d,0x20,0x28,0x78,0x5f,0x33,0x37,0x39,0x20,0x2a,0x20,0x78,0x5f,
    0x33,0x38,0x31,0x29,0x29,0x29,0x29,0x29,0x3b,0x0a,0x7d,0x0a,0x0a,0x66,0x6e,0x20,
    0x6d,0x61,0x69,0x6e,0x5f,0x31,0x28,0x29,0x20,0x7b,0x0a,0x20,0x20,0x76,0x61,0x72,
    0x20,0x70,0x61,0x72,0x61,0x6d,0x5f,0x33,0x20,0x3a,0x20,0x69,0x33,0x32,0x3b,0x0a,
    0x20,0x20,0x76,0x61,0x72,0x20,0x70,0x61,0x72,0x61,0x6d,0x5f,0x34,0x20,0x3a,0x20,
    0x76,0x65,0x63,0x33,0x66,0x3b,0x0a,0x20,0x20,0x76,0x61,0x72,0x20,0x70,0x61,0x72,
    0x61,0x6d,0x5f,0x35,0x20,0x3a,0x20,0x76,0x65,0x63,0x33,0x66,0x3b,0x0a,0x20,0x20,
    0x76,0x61,0x72,0x20,0x70,0x61,0x72,0x61,0x6d,0x5f,0x36,0x20,0x3a,0x20,0x76,0x65,
    0x63,0x34,0x66,0x3b,0x0a,0x20,0x20,0x76,0x61,0x72,0x20,0x6e,0x5f,0x31,0x20,0x3a,
    0x20,0x76,0x65,0x63,0x33,0x66,0x3b,0x0a,0x20,0x20,0x76,0x61,0x72,0x20,0x74,0x20,
    0x3a,0x20,0x76,0x65,0x63,0x33,0x66,0x3b,0x0a,0x20,0x20,0x76,0x61,0x72,0x20,0x70,
    0x61,0x72,0x61,0x6d,0x5f,0x37,0x20,0x3a,0x20,0x69,0x33,0x32,0x3b,0x0a,0x20,0x20,
    0x76,0x61,0x72,0x20,0x70,0x61,0x72,0x61,0x6d,0x5f,0x38,0x20,0x3a,0x20,0x69,0x33,
    0x32,0x3b,0x0a,0x20,0x20,0x76,0x61,0x72,0x20,0x70,0x61,0x72,0x61,0x6d,0x5f,0x39,
    0x20,0x3a,0x20,0x69,0x33,0x32,0x3b,0x0a,0x20,0x20,0x76,0x61,0x72,0x20,0x63,0x6f,
    0x6c,0x6f,0x72,0x5f,0x33,0x20,0x3a,0x20,0x76,0x65,0x63,0x33,0x66,0x3b,0x0a,0x20,
    0x20,0x76,0x61,0x72,0x20,0x69,0x5f,0x31,0x20,0x3a,0x20,0x69,0x33,0x32,0x3b,0x0a,
    0x20,0x20,0x76,0x61,0x72,0x20,0x66,0x61,0x6c,0x6c,0x6f,0x66,0x66,0x20,0x3a,0x20,
    0x66,0x33,0x32,0x3b,0x0a,0x20,0x20,0x76,0x61,0x72,0x20,0x6c,0x69,0x67,0x68,0x74,
    0x5f,0x64,0x69,0x72,0x20,0x3a,0x20,0x76,0x65,0x63,0x33,0x66,0x3b,0x0a,0x20,0x20,
    0x76,0x61,0x72,0x20,0x78,0x5f,0x37,0x36,0x36,0x20,0x3a,0x20,0x76,0x65,0x63,0x33,
    0x66,0x3b,0x0a,0x20,0x20,0x76,0x61,0x72,0x20,0x70,0x61,0x72,0x61,0x6d,0x5f,0x31,
    0x30,0x20,0x3a,0x20,0x66,0x33,0x32,0x3b,0x0a,0x20,0x20,0x76,0x61,0x72,0x20,0x70,
    0x61,0x72,0x61,0x6d,0x5f,0x31,0x31,0x20,0x3a,0x20,0x66,0x33,0x32,0x3b,0x0a,0x20,
    0x20,0x76,0x61,0x72,0x20,0x70,0x61,0x72,0x61,0x6d,0x5f,0x31,0x32,0x20,0x3a,0x20,
    0x66,0x33,0x32,0x3b,0x0a,0x20,0x20,0x76,0x61,0x72,0x20,0x70,0x61,0x72,0x61,0x6d,
    0x5f,0x31,0x33,0x20,0x3a,0x20,0x66,0x33,0x32,0x3b,0x0a,0x20,0x20,0x76,0x61,0x72,
    0x20,0x70,0x61,0x72,0x61,0x6d,0x5f,0x31,0x34,0x20,0x3a,0x20,0x66,0x33,0x32,0x3b,
    0x0a,0x20,0x20,0x76,0x61,0x72,0x20,0x70,0x61,0x72,0x61,0x6d,0x5f,0x31,0x35,0x20,
    0x3a,0x20,0x76,0x65,0x63,0x33,0x66,0x3b,0x0a,0x20,0x20,0x76,0x61,0x72,0x20,0x70,
    0x61,0x72,0x61,0x6d,0x5f,0x31,0x36,0x20,0x3a,0x20,0x76,0x65,0x63,0x34,0x66,0x3b,
    0x0a,0x20,0x20,0x76,0x61,0x72,0x20,0x70,0x61,0x72,0x61,0x6d,0x5f,0x31,0x37,0x20,
    0x3a,0x20,0x76,0x65,0x63,0x33,0x66,0x3b,0x0a,0x20,0x20,0x76,0x61,0x72,0x20,0x70,
    0x61,0x72,0x61,0x6d,0x5f,0x31,0x38,0x20,0x3a,0x20,0x76,0x65,0x63,0x33,0x66,0x3b,
    0x0a,0x20,0x20,0x76,0x61,0x72,0x20,0x70,0x61,0x72,0x61,0x6d,0x5f,0x31,0x39,0x20,
    0x3a,0x20,0x76,0x65,0x63,0x34,0x66,0x3b,0x0a,0x20,0x20,0x76,0x61,0x72,0x20,0x70,
    0x61,0x72,0x61,0x6d,0x5f,0x32,0x30,0x20,0x3a,0x20,0x69,0x33,0x32,0x3b,0x0a,0x20,
    0x20,0x76,0x61,0x72,0x20,0x70,0x61,0x72,0x61,0x6d,0x5f,0x32,0x31,0x20,0x3a,0x20,
    0x76,0x65,0x63,0x33,0x66,0x3b,0x0a,0x20,0x20,0x76,0x61,0x72,0x20,0x70,0x61,0x72,
    0x61,0x6d,0x5f,0x32,0x32,0x20,0x3a,0x20,0x76,0x65,0x63,0x33,0x66,0x3b,0x0a,0x20,
    0x20,0x76,0x61,0x72,0x20,0x70,0x61,0x72,0x61,0x6d,0x5f,0x32,0x33,0x20,0x3a,0x20,
    0x76,0x65,0x63,0x34,0x66,0x3b,0x0a,0x20,0x20,0x70,0x61,0x72,0x61,0x6d,0x5f,0x33,
    0x20,0x3d,0x20,0x30,0x69,0x3b,0x0a,0x20,0x20,0x6c,0x65,0x74,0x20,0x78,0x5f,0x34,
    0x39,0x31,0x20,0x3d,0x20,0x74,0x65,0x78,0x5f,0x75,0x76,0x5f,0x69,0x31,0x5f,0x28,
    0x26,0x28,0x70,0x61,0x72,0x61,0x6d,0x5f,0x33,0x29,0x29,0x3b,0x0a,0x20,0x20,0x6c,
    0x65,0x74,0x20,0x78,0x5f,0x34,0x39,0x32,0x20,0x3d,0x20,0x74,0x65,0x78,0x74,0x75,
    0x72,0x65,0x53,0x61,0x6d,0x70,0x6c,0x65,0x28,0x62,0x61,0x73,0x65,0x5f,0x63,0x6f,
    0x6c,0x6f,0x72,0x5f,0x74,0x65,0x78,0x2c,0x20,0x62,0x61,0x73,0x65,0x5f,0x63,0x6f,
    0x6c,0x6f,0x72,0x5f,0x73,0x6d,0x70,0x2c,0x20,0x78,0x5f,0x34,0x39,0x31,0x29,0x3b,
    0x0a,0x20,0x20,0x70,0x61,0x72,0x61,0x6d,0x5f,0x34,0x20,0x3d,0x20,0x78,0x5f,0x34,
    0x39,0x32,0x2e,0x78,0x79,0x7a,0x3b,0x0a,0x20,0x20,0x6c,0x65,0x74,0x20,0x78,0x5f,
    0x34,0x39,0x37,0x20,0x3d,0x20,0x73,0x72,0x67,0x62,0x5f,0x74,0x6f,0x5f,0x6c,0x69,
    0x6e,0x65,0x61,0x72,0x5f,0x76,0x66,0x33,0x5f,0x28,0x26,0x28,0x70,0x61,0x72,0x61,
    0x6d,0x5f,0x34,0x29,0x29,0x3b,0x0a,0x20,0x20,0x6c,0x65,0x74,0x20,0x78,0x5f,0x35,
    0x31,0x30,0x20,0x3d,0x20,0x28,0x28,0x76,0x65,0x63,0x34,0x66,0x28,0x78,0x5f,0x34,
    0x39,0x37,0x2e,0x78,0x2c,0x20,0x78,0x5f,0x34,0x39,0x37,0x2e,0x79,0x2c,0x20,0x78,
    0x5f,0x34,0x39,0x37,0x2e,0x7a,0x2c,0x20,0x78,0x5f,0x34,0x39,0x32,0x2e,0x77,0x29,
    0x20,0x2a,0x20,0x78,0x5f,0x33,0x39,0x35,0x2e,0x75,0x5f,0x62,0x61,0x73,0x65,0x5f,
    0x63,0x6f,0x6c,0x6f,0x72,0x29,0x20,0x2a,0x20,0x76,0x5f,0x63,0x6f,0x6c,0x6f,0x72,
    0x29,0x3b,0x0a,0x20,0x20,0x6c,0x65,0x74,0x20,0x78,0x5f,0x35,0x31,0x32,0x20,0x3d,
    0x20,0x78,0x5f,0x35,0x31,0x30,0x2e,0x77,0x3b,0x0a,0x20,0x20,0x69,0x66,0x20,0x28,
    0x28,0x78,0x5f,0x35,0x31,0x32,0x20,0x3c,0x20,0x78,0x5f,0x33,0x39,0x35,0x2e,0x75,
    0x5f,0x6d,0x61,0x74,0x65,0x72,0x69,0x61,0x6c,0x2e,0x78,0x29,0x29,0x20,0x7b,0x0a,
    0x20,0x20,0x20,0x20,0x64,0x69,0x73,0x63,0x61,0x72,0x64,0x3b,0x0a,0x20,0x20,0x7d,
    0x0a,0x20,0x20,0x69,0x66,0x20,0x28,0x28,0x78,0x5f,0x33,0x39,0x35,0x2e,0x75,0x5f,
    0x70,0x62,0x72,0x2e,0x77,0x20,0x3c,0x20,0x30,0x2e,0x35,0x66,0x29,0x29,0x20,0x7b,
    0x0a,0x20,0x20,0x20,0x20,0x70,0x61,0x72,0x61,0x6d,0x5f,0x35,0x20,0x3d,0x20,0x78,
    0x5f,0x35,0x31,0x30,0x2e,0x78,0x79,0x7a,0x3b,0x0a,0x20,0x20,0x20,0x20,0x70,0x61,
    0x72,0x61,0x6d,0x5f,0x36,0x20,0x3d,0x20,0x78,0x5f,0x32,0x38,0x31,0x2e,0x75,0x5f,
    0x74,0x6f,0x6e,0x65,0x6d,0x61,0x70,0x3b,0x0a,0x20,0x20,0x20,0x20,0x6c,0x65,0x74,
    0x20,0x78,0x5f,0x35,0x33,0x32,0x20,0x3d,0x20,0x74,0x6f,0x5f,0x64,0x69,0x73,0x70,
    0x6c,0x61,0x79,0x5f,0x76,0x66,0x33,0x5f,0x76,0x66,0x34,0x5f,0x28,0x26,0x28,0x70,
    0x61,0x72,0x61,0x6d,0x5f,0x35,0x29,0x2c,0x20,0x26,0x28,0x70,0x61,0x72,0x61,0x6d,
    0x5f,0x36,0x29,0x29,0x3b,0x0a,0x20,0x20,0x20,0x20,0x66,0x72,0x61,0x67,0x5f,0x63,
    0x6f,0x6c,0x6f,0x72,0x20,0x3d,0x20,0x76,0x65,0x63,0x34,0x66,0x28,0x78,0x5f,0x35,
    0x33,0x32,0x2e,0x78,0x2c,0x20,0x78,0x5f,0x35,0x33,0x32,0x2e,0x79,0x2c,0x20,0x78,
    0x5f,0x35,0x33,0x32,0x2e,0x7a,0x2c,0x20,0x78,0x5f,0x35,0x31,0x32,0x29,0x3b,0x0a,
    0x20,0x20,0x20,0x20,0x72,0x65,0x74,0x75,0x72,0x6e,0x3b,0x0a,0x20,0x20,0x7d,0x0a,
    0x20,0x20,0x6c,0x65,0x74,0x20,0x78,0x5f,0x35,0x34,0x34,0x20,0x3d,0x20,0x6e,0x6f,
    0x72,0x6d,0x61,0x6c,0x69,0x7a,0x65,0x28,0x76,0x5f,0x6e,0x6f,0x72,0x6d,0x61,0x6c,
    0x29,0x3b,0x0a,0x20,0x20,0x6e,0x5f,0x31,0x20,0x3d,0x20,0x78,0x5f,0x35,0x34,0x34,
    0x3b,0x0a,0x20,0x20,0x6c,0x65,0x74,0x20,0x78,0x5f,0x35,0x34,0x38,0x20,0x3d,0x20,
    0x76,0x5f,0x74,0x61,0x6e,0x67,0x65,0x6e,0x74,0x2e,0x78,0x79,0x7a,0x3b,0x0a,0x20,
    0x20,0x6c,0x65,0x74,0x20,0x78,0x5f,0x35,0x35,0x35,0x20,0x3d,0x20,0x28,0x78,0x5f,
    0x35,0x34,0x38,0x20,0x2d,0x20,0x28,0x78,0x5f,0x35,0x34,0x34,0x20,0x2a,0x20,0x64,
    0x6f,0x74,0x28,0x78,0x5f,0x35,0x34,0x34,0x2c,0x20,0x78,0x5f,0x35,0x34,0x38,0x29,
    0x29,0x29,0x3b,0x0a,0x20,0x20,0x74,0x20,0x3d,0x20,0x78,0x5f,0x35,0x35,0x35,0x3b,
    0x0a,0x20,0x20,0x6c,0x65,0x74,0x20,0x78,0x5f,0x35,0x36,0x31,0x20,0x3d,0x20,0x73,
    0x65,0x6c,0x65,0x63,0x74,0x28,0x2d,0x31,0x2e,0x30,0x66,0x2c,0x20,0x31,0x2e,0x30,
    0x66,0x2c,0x20,0x67,0x6c,0x5f,0x46,0x72,0x6f,0x6e,0x74,0x46,0x61,0x63,0x69,0x6e,
    0x67,0x29,0x3b,0x0a,0x20,0x20,0x69,0x66,0x20,0x28,0x28,0x64,0x6f,0x74,0x28,0x78,
    0x5f,0x35,0x35,0x35,0x2c,0x20,0x78,0x5f,0x35,0x35,0x35,0x29,0x20,0x3e,0x20,0x30,
    0x2e,0x30,0x30,0x30,0x30,0x30,0x30,0x30,0x30,0x39,0x39,0x39,0x39,0x39,0x39,0x39,
    0x39,0x33,0x39,0x32,0x33,0x66,0x29,0x29,0x20,0x7b,0x0a,0x20,0x20,0x20,0x20,0x6c,
    0x65,0x74,0x20,0x78,0x5f,0x35,0x37,0x30,0x20,0x3d,0x20,0x6e,0x6f,0x72,0x6d,0x61,
    0x6c,0x69,0x7a,0x65,0x28,0x74,0x29,0x3b,0x0a,0x20,0x20,0x20,0x20,0x74,0x20,0x3d,
    0x20,0x78,0x5f,0x35,0x37,0x30,0x3b,0x0a,0x20,0x20,0x20,0x20,0x6c,0x65,0x74,0x20,
    0x78,0x5f,0x35,0x37,0x32,0x20,0x3d,0x20,0x6e,0x5f,0x31,0x3b,0x0a,0x20,0x20,0x20,
    0x20,0x6c,0x65,0x74,0x20,0x78,0x5f,0x35,0x37,0x37,0x20,0x3d,0x20,0x76,0x5f,0x74,
    0x61,0x6e,0x67,0x65,0x6e,0x74,0x2e,0x77,0x3b,0x0a,0x20,0x20,0x20,0x20,0x70,0x61,
    0x72,0x61,0x6d,0x5f,0x37,0x20,0x3d,0x20,0x32,0x69,0x3b,0x0a,0x20,0x20,0x20,0x20,
    0x6c,0x65,0x74,0x20,0x78,0x5f,0x35,0x38,0x36,0x20,0x3d,0x20,0x74,0x65,0x78,0x5f,
    0x75,0x76,0x5f,0x69,0x31,0x5f,0x28,0x26,0x28,0x70,0x61,0x72,0x61,0x6d,0x5f,0x37,
    0x29,0x29,0x3b,0x0a,0x20,0x20,0x20,0x20,0x6c,0x65,0x74,0x20,0x78,0x5f,0x35,0x38,
    0x37,0x20,0x3d,0x20,0x74,0x65,0x78,0x74,0x75,0x72,0x65,0x53,0x61,0x6d,0x70,0x6c,
    0x65,0x28,0x6e,0x6f,0x72,0x6d,0x61,0x6c,0x5f,0x74,0x65,0x78,0x2c,0x20,0x6e,0x6f,
    0x72,0x6d,0x61,0x6c,0x5f,0x73,0x6d,0x70,0x2c,0x20,0x78,0x5f,0x35,0x38,0x36,0x29,
    0x3b,0x0a,0x20,0x20,0x20,0x20,0x6c,0x65,0x74,0x20,0x78,0x5f,0x35,0x39,0x32,0x20,
    0x3d,0x20,0x28,0x28,0x78,0x5f,0x35,0x38,0x37,0x2e,0x78,0x79,0x7a,0x20,0x2a,0x20,
    0x32,0x2e,0x30,0x66,0x29,0x20,0x2d,0x20,0x78,0x5f,0x38,0x35,0x29,0x3b,0x0a,0x20,
    0x20,0x20,0x20,0x6c,0x65,0x74,0x20,0x78,0x5f,0x35,0x39,0x37,0x20,0x3d,0x20,0x28,
    0x78,0x5f,0x35,0x39,0x32,0x2e,0x78,0x79,0x20,0x2a,0x20,0x78,0x5f,0x33,0x39,0x35,
    0x2e,0x75,0x5f,0x65,0x6d,0x69,0x73,0x73,0x69,0x76,0x65,0x2e,0x77,0x29,0x3b,0x0a,
    0x20,0x20,0x20,0x20,0x76,0x61,0x72,0x20,0x78,0x5f,0x31,0x30,0x33,0x34,0x5f,0x31,
    0x20,0x3d,0x20,0x78,0x5f,0x35,0x39,0x32,0x3b,0x0a,0x20,0x20,0x20,0x20,0x78,0x5f,
    0x31,0x30,0x33,0x34,0x5f,0x31,0x2e,0x78,0x20,0x3d,0x20,0x78,0x5f,0x35,0x39,0x37,
    0x2e,0x78,0x3b,0x0a,0x20,0x20,0x20,0x20,0x6c,0x65,0x74,0x20,0x78,0x5f,0x31,0x30,
    0x33,0x34,0x20,0x3d,0x20,0x78,0x5f,0x31,0x30,0x33,0x34,0x5f,0x31,0x3b,0x0a,0x20,
    0x20,0x20,0x20,0x76,0x61,0x72,0x20,0x78,0x5f,0x31,0x30,0x33,0x36,0x5f,0x31,0x20,
    0x3d,0x20,0x78,0x5f,0x31,0x30,0x33,0x34,0x3b,0x0a,0x20,0x20,0x20,0x20,0x78,0x5f,
    0x31,0x30,0x33,0x36,0x5f,0x31,0x2e,0x79,0x20,0x3d,0x20,0x78,0x5f,0x35,0x39,0x37,
    0x2e,0x79,0x3b,0x0a,0x20,0x20,0x20,0x20,0x6e,0x5f,0x31,0x20,0x3d,0x20,0x6e,0x6f,
    0x72,0x6d,0x61,0x6c,0x69,0x7a,0x65,0x28,0x28,0x6d,0x61,0x74,0x33,0x78,0x33,0x66,
    0x28,0x74,0x2c,0x20,0x28,0x63,0x72,0x6f,0x73,0x73,0x28,0x78,0x5f,0x35,0x37,0x32,
    0x2c,0x20,0x78,0x5f,0x35,0x37,0x30,0x29,0x20,0x2a,0x20,0x78,0x5f,0x35,0x37,0x37,
    0x29,0x2c,0x20,0x6e,0x5f,0x31,0x29,0x20,0x2a,0x20,0x78,0x5f,0x31,0x30,0x33,0x36,
    0x5f,0x31,0x29,0x29,0x3b,0x0a,0x20,0x20,0x7d,0x0a,0x20,0x20,0x6e,0x5f,0x31,0x20,
    0x3d,0x20,0x28,0x6e,0x5f,0x31,0x20,0x2a,0x20,0x78,0x5f,0x35,0x36,0x31,0x29,0x3b,
    0x0a,0x20,0x20,0x70,0x61,0x72,0x61,0x6d,0x5f,0x38,0x20,0x3d,0x20,0x31,0x69,0x3b,
    0x0a,0x20,0x20,0x6c,0x65,0x74,0x20,0x78,0x5f,0x36,0x33,0x32,0x20,0x3d,0x20,0x74,
    0x65,0x78,0x5f,0x75,0x76,0x5f,0x69,0x31,0x5f,0x28,0x26,0x28,0x70,0x61,0x72,0x61,
    0x6d,0x5f,0x38,0x29,0x29,0x3b,0x0a,0x20,0x20,0x6c,0x65,0x74,0x20,0x78,0x5f,0x36,
    0x33,0x33,0x20,0x3d,0x20,0x74,0x65,0x78,0x74,0x75,0x72,0x65,0x53,0x61,0x6d,0x70,
    0x6c,0x65,0x28,0x6d,0x65,0x74,0x61,0x6c,0x6c,0x69,0x63,0x5f,0x72,0x6f,0x75,0x67,
    0x68,0x6e,0x65,0x73,0x73,0x5f,0x74,0x65,0x78,0x2c,0x20,0x6d,0x65,0x74,0x61,0x6c,
    0x6c,0x69,0x63,0x5f,0x72,0x6f,0x75,0x67,0x68,0x6e,0x65,0x73,0x73,0x5f,0x73,0x6d,
    0x70,0x2c,0x20,0x78,0x5f,0x36,0x33,0x32,0x29,0x3b,0x0a,0x20,0x20,0x6c,0x65,0x74,
    0x20,0x78,0x5f,0x36,0x34,0x31,0x20,0x3d,0x20,0x63,0x6c,0x61,0x6d,0x70,0x28,0x28,
    0x78,0x5f,0x33,0x39,0x35,0x2e,0x75,0x5f,0x70,0x62,0x72,0x2e,0x78,0x20,0x2a,0x20,
    0x78,0x5f,0x36,0x33,0x33,0x2e,0x7a,0x29,0x2c,0x20,0x30,0x2e,0x30,0x66,0x2c,0x20,
    0x31,0x2e,0x30,0x66,0x29,0x3b,0x0a,0x20,0x20,0x6c,0x65,0x74,0x20,0x78,0x5f,0x36,
    0x34,0x38,0x20,0x3d,0x20,0x63,0x6c,0x61,0x6d,0x70,0x28,0x28,0x78,0x5f,0x33,0x39,
    0x35,0x2e,0x75,0x5f,0x70,0x62,0x72,0x2e,0x79,0x20,0x2a,0x20,0x78,0x5f,0x36,0x33,
    0x33,0x2e,0x79,0x29,0x2c,0x20,0x30,0x2e,0x30,0x32,0x39,0x39,0x39,0x39,0x39,0x39,
    0x39,0x33,0x32,0x39,0x34,0x34,0x37,0x37,0x34,0x36,0x32,0x38,0x66,0x2c,0x20,0x31,
    0x2e,0x30,0x66,0x29,0x3b,0x0a,0x20,0x20,0x6c,0x65,0x74,0x20,0x78,0x5f,0x36,0x35,
    0x32,0x20,0x3d,0x20,0x28,0x78,0x5f,0x36,0x34,0x38,0x20,0x2a,0x20,0x78,0x5f,0x36,
    0x34,0x38,0x29,0x3b,0x0a,0x20,0x20,0x6c,0x65,0x74,0x20,0x78,0x5f,0x36,0x35,0x36,
    0x20,0x3d,0x20,0x28,0x78,0x5f,0x36,0x35,0x32,0x20,0x2a,0x20,0x78,0x5f,0x36,0x35,
    0x32,0x29,0x3b,0x0a,0x20,0x20,0x6c,0x65,0x74,0x20,0x78,0x5f,0x36,0x36,0x30,0x20,
    0x3d,0x20,0x78,0x5f,0x35,0x31,0x30,0x2e,0x78,0x79,0x7a,0x3b,0x0a,0x20,0x20,0x6c,
    0x65,0x74,0x20,0x78,0x5f,0x36,0x36,0x33,0x20,0x3d,0x20,0x6d,0x69,0x78,0x28,0x76,
    0x65,0x63,0x33,0x66,0x28,0x30,0x2e,0x30,0x33,0x39,0x39,0x39,0x39,0x39,0x39,0x39,
    0x31,0x30,0x35,0x39,0x33,0x30,0x33,0x32,0x38,0x33,0x37,0x66,0x29,0x2c,0x20,0x78,
    0x5f,0x36,0x36,0x30,0x2c,0x20,0x76,0x65,0x63,0x33,0x66,0x28,0x78,0x5f,0x36,0x34,
    0x31,0x29,0x29,0x3b,0x0a,0x20,0x20,0x6c,0x65,0x74,0x20,0x78,0x5f,0x36,0x36,0x39,
    0x20,0x3d,0x20,0x28,0x78,0x5f,0x36,0x36,0x30,0x20,0x2a,0x20,0x28,0x31,0x2e,0x30,
    0x66,0x20,0x2d,0x20,0x78,0x5f,0x36,0x34,0x31,0x29,0x29,0x3b,0x0a,0x20,0x20,0x6c,
    0x65,0x74,0x20,0x78,0x5f,0x36,0x37,0x35,0x20,0x3d,0x20,0x76,0x5f,0x77,0x6f,0x72,
    0x6c,0x64,0x5f,0x70,0x6f,0x73,0x3b,0x0a,0x20,0x20,0x6c,0x65,0x74,0x20,0x78,0x5f,
    0x36,0x37,0x37,0x20,0x3d,0x20,0x6e,0x6f,0x72,0x6d,0x61,0x6c,0x69,0x7a,0x65,0x28,
    0x28,0x78,0x5f,0x32,0x38,0x31,0x2e,0x75,0x5f,0x63,0x61,0x6d,0x65,0x72,0x61,0x5f,
    0x70,0x6f,0x73,0x2e,0x78,0x79,0x7a,0x20,0x2d,0x20,0x76,0x5f,0x77,0x6f,0x72,0x6c,
    0x64,0x5f,0x70,0x6f,0x73,0x29,0x29,0x3b,0x0a,0x20,0x20,0x6c,0x65,0x74,0x20,0x78,
    0x5f,0x36,0x38,0x34,0x20,0x3d,0x20,0x63,0x6c,0x61,0x6d,0x70,0x28,0x61,0x62,0x73,
    0x28,0x64,0x6f,0x74,0x28,0x6e,0x5f,0x31,0x2c,0x20,0x78,0x5f,0x36,0x37,0x37,0x29,
    0x29,0x2c,0x20,0x30,0x2e,0x30,0x30,0x30,0x30,0x39,0x39,0x39,0x39,0x39,0x39,0x39,
    0x37,0x34,0x37,0x33,0x37,0x38,0x37,0x35,0x32,0x66,0x2c,0x20,0x31,0x2e,0x30,0x66,
    0x29,0x3b,0x0a,0x20,0x20,0x6c,0x65,0x74,0x20,0x78,0x5f,0x36,0x38,0x37,0x20,0x3d,
    0x20,0x78,0x5f,0x33,0x39,0x35,0x2e,0x75,0x5f,0x70,0x62,0x72,0x2e,0x7a,0x3b,0x0a,
    0x20,0x20,0x70,0x61,0x72,0x61,0x6d,0x5f,0x39,0x20,0x3d,0x20,0x33,0x69,0x3b,0x0a,
    0x20,0x20,0x6c,0x65,0x74,0x20,0x78,0x5f,0x36,0x39,0x34,0x20,0x3d,0x20,0x74,0x65,
    0x78,0x5f,0x75,0x76,0x5f,0x69,0x31,0x5f,0x28,0x26,0x28,0x70,0x61,0x72,0x61,0x6d,
    0x5f,0x39,0x29,0x29,0x3b,0x0a,0x20,0x20,0x6c,0x65,0x74,0x20,0x78,0x5f,0x36,0x39,
    0x35,0x20,0x3d,0x20,0x74,0x65,0x78,0x74,0x75,0x72,0x65,0x53,0x61,0x6d,0x70,0x6c,
    0x65,0x28,0x6f,0x63,0x63,0x6c,0x75,0x73,0x69,0x6f,0x6e,0x5f,0x74,0x65,0x78,0x2c,
    0x20,0x6f,0x63,0x63,0x6c,0x75,0x73,0x69,0x6f,0x6e,0x5f,0x73,0x6d,0x70,0x2c,0x20,
    0x78,0x5f,0x36,0x39,0x34,0x29,0x3b,0x0a,0x20,0x20,0x6c,0x65,0x74,0x20,0x78,0x5f,
    0x36,0x39,0x39,0x20,0x3d,0x20,0x28,0x31,0x2e,0x30,0x66,0x20,0x2b,0x20,0x28,0x78,
    0x5f,0x36,0x38,0x37,0x20,0x2a,0x20,0x28,0x78,0x5f,0x36,0x39,0x35,0x2e,0x78,0x20,
    0x2d,0x20,0x31,0x2e,0x30,0x66,0x29,0x29,0x29,0x3b,0x0a,0x20,0x20,0x63,0x6f,0x6c,
    0x6f,0x72,0x5f,0x33,0x20,0x3d,0x20,0x28,0x28,0x78,0x5f,0x32,0x38,0x31,0x2e,0x75,
    0x5f,0x61,0x6d,0x62,0x69,0x65,0x6e,0x74,0x2e,0x78,0x79,0x7a,0x20,0x2a,0x20,0x28,
    0x78,0x5f,0x36,0x36,0x39,0x20,0x2b,0x20,0x78,0x5f,0x36,0x36,0x33,0x29,0x29,0x20,
    0x2a,0x20,0x78,0x5f,0x36,0x39,0x39,0x29,0x3b,0x0a,0x20,0x20,0x6c,0x65,0x74,0x20,
    0x78,0x5f,0x37,0x31,0x33,0x20,0x3d,0x20,0x69,0x33,0x32,0x28,0x78,0x5f,0x33,0x39,
    0x35,0x2e,0x75,0x5f,0x6d,0x61,0x74,0x65,0x72,0x69,0x61,0x6c,0x2e,0x79,0x29,0x3b,
    0x0a,0x20,0x20,0x69,0x5f,0x31,0x20,0x3d,0x20,0x30,0x69,0x3b,0x0a,0x20,0x20,0x6c,
    0x6f,0x6f,0x70,0x20,0x7b,0x0a,0x20,0x20,0x20,0x20,0x69,0x66,0x20,0x28,0x28,0x69,
    0x5f,0x31,0x20,0x3c,0x20,0x38,0x69,0x29,0x29,0x20,0x7b,0x0a,0x20,0x20,0x20,0x20,
    0x7d,0x20,0x65,0x6c,0x73,0x65,0x20,0x7b,0x0a,0x20,0x20,0x20,0x20,0x20,0x20,0x62,
    0x72,0x65,0x61,0x6b,0x3b,0x0a,0x20,0x20,0x20,0x20,0x7d,0x0a,0x20,0x20,0x20,0x20,
    0x69,0x66,0x20,0x28,0x28,0x69,0x5f,0x31,0x20,0x3e,0x3d,0x20,0x78,0x5f,0x37,0x31,
    0x33,0x29,0x29,0x20,0x7b,0x0a,0x20,0x20,0x20,0x20,0x20,0x20,0x62,0x72,0x65,0x61,
    0x6b,0x3b,0x0a,0x20,0x20,0x20,0x20,0x7d,0x0a,0x20,0x20,0x20,0x20,0x76,0x61,0x72,
    0x20,0x78,0x5f,0x37,0x34,0x32,0x20,0x3a,0x20,0x69,0x33,0x32,0x3b,0x0a,0x20,0x20,
    0x20,0x20,0x66,0x61,0x6c,0x6c,0x6f,0x66,0x66,0x20,0x3d,0x20,0x31,0x2e,0x30,0x66,
    0x3b,0x0a,0x20,0x20,0x20,0x20,0x78,0x5f,0x37,0x34,0x32,0x20,0x3d,0x20,0x69,0x33,
    0x32,0x28,0x28,0x78,0x5f,0x37,0x33,0x37,0x2e,0x75,0x5f,0x6c,0x69,0x67,0x68,0x74,
    0x5f,0x64,0x69,0x72,0x5f,0x74,0x79,0x70,0x65,0x5b,0x69,0x5f,0x31,0x5d,0x2e,0x77,
    0x20,0x2b,0x20,0x30,0x2e,0x35,0x66,0x29,0x29,0x3b,0x0a,0x20,0x20,0x20,0x20,0x69,
    0x66,0x20,0x28,0x28,0x78,0x5f,0x37,0x34,0x32,0x20,0x3d,0x3d,0x20,0x30,0x69,0x29,
    0x29,0x20,0x7b,0x0a,0x20,0x20,0x20,0x20,0x20,0x20,0x6c,0x69,0x67,0x68,0x74,0x5f,
    0x64,0x69,0x72,0x20,0x3d,0x20,0x6e,0x6f,0x72,0x6d,0x61,0x6c,0x69,0x7a,0x65,0x28,
    0x78,0x5f,0x37,0x33,0x37,0x2e,0x75,0x5f,0x6c,0x69,0x67,0x68,0x74,0x5f,0x64,0x69,
    0x72,0x5f,0x74,0x79,0x70,0x65,0x5b,0x69,0x5f,0x31,0x5d,0x2e,0x78,0x79,0x7a,0x29,
    0x3b,0x0a,0x20,0x20,0x20,0x20,0x7d,0x20,0x65,0x6c,0x73,0x65,0x20,0x7b,0x0a,0x20,
    0x20,0x20,0x20,0x20,0x20,0x6c,0x65,0x74,0x20,0x78,0x5f,0x37,0x36,0x30,0x20,0x3d,
    0x20,0x28,0x78,0x5f,0x36,0x37,0x35,0x20,0x2d,0x20,0x78,0x5f,0x37,0x33,0x37,0x2e,
    0x75,0x5f,0x6c,0x69,0x67,0x68,0x74,0x5f,0x70,0x6f,0x73,0x5f,0x72,0x61,0x6e,0x67,
    0x65,0x5b,0x69,0x5f,0x31,0x5d,0x2e,0x78,0x79,0x7a,0x29,0x3b,0x0a,0x20,0x20,0x20,
    0x20,0x20,0x20,0x6c,0x65,0x74,0x20,0x78,0x5f,0x37,0x36,0x33,0x20,0x3d,0x20,0x6c,
    0x65,0x6e,0x67,0x74,0x68,0x28,0x78,0x5f,0x37,0x36,0x30,0x29,0x3b,0x0a,0x20,0x20,
    0x20,0x20,0x20,0x20,0x69,0x66,0x20,0x28,0x28,0x78,0x5f,0x37,0x36,0x33,0x20,0x3e,
    0x20,0x30,0x2e,0x30,0x30,0x30,0x30,0x30,0x30,0x39,0x39,0x39,0x39,0x39,0x39,0x39,
    0x39,0x37,0x34,0x37,0x35,0x32,0x34,0x66,0x29,0x29,0x20,0x7b,0x0a,0x20,0x20,0x20,
    0x20,0x20,0x20,0x20,0x20,0x78,0x5f,0x37,0x36,0x36,0x20,0x3d,0x20,0x28,0x78,0x5f,
    0x37,0x36,0x30,0x20,0x2f,0x20,0x76,0x65,0x63,0x33,0x66,0x28,0x78,0x5f,0x37,0x36,
    0x33,0x29,0x29,0x3b,0x0a,0x20,0x20,0x20,0x20,0x20,0x20,0x7d,0x20,0x65,0x6c,0x73,
    0x65,0x20,0x7b,0x0a,0x20,0x20,0x20,0x20,0x20,0x20,0x20,0x20,0x78,0x5f,0x37,0x36,
    0x36,0x20,0x3d,0x20,0x76,0x65,0x63,0x33,0x66,0x28,0x30,0x2e,0x30,0x66,0x2c,0x20,
    0x2d,0x31,0x2e,0x30,0x66,0x2c,0x20,0x30,0x2e,0x30,0x66,0x29,0x3b,0x0a,0x20,0x20,
    0x20,0x20,0x20,0x20,0x7d,0x0a,0x20,0x20,0x20,0x20,0x20,0x20,0x6c,0x69,0x67,0x68,
    0x74,0x5f,0x64,0x69,0x72,0x20,0x3d,0x20,0x78,0x5f,0x37,0x36,0x36,0x3b,0x0a,0x20,
    0x20,0x20,0x20,0x20,0x20,0x6c,0x65,0x74,0x20,0x78,0x5f,0x37,0x37,0x36,0x20,0x3d,
    0x20,0x69,0x5f,0x31,0x3b,0x0a,0x20,0x20,0x20,0x20,0x20,0x20,0x70,0x61,0x72,0x61,
    0x6d,0x5f,0x31,0x30,0x20,0x3d,0x20,0x78,0x5f,0x37,0x36,0x33,0x3b,0x0a,0x20,0x20,
    0x20,0x20,0x20,0x20,0x70,0x61,0x72,0x61,0x6d,0x5f,0x31,0x31,0x20,0x3d,0x20,0x78,
    0x5f,0x37,0x33,0x37,0x2e,0x75,0x5f,0x6c,0x69,0x67,0x68,0x74,0x5f,0x70,0x6f,0x73,
    0x5f,0x72,0x61,0x6e,0x67,0x65,0x5b,0x78,0x5f,0x37,0x37,0x36,0x5d,0x2e,0x77,0x3b,
    0x0a,0x20,0x20,0x20,0x20,0x20,0x20,0x6c,0x65,0x74,0x20,0x78,0x5f,0x37,0x38,0x32,
    0x20,0x3d,0x20,0x61,0x74,0x74,0x65,0x6e,0x75,0x61,0x74,0x69,0x6f,0x6e,0x5f,0x66,
    0x31,0x5f,0x66,0x31,0x5f,0x28,0x26,0x28,0x70,0x61,0x72,0x61,0x6d,0x5f,0x31,0x30,
    0x29,0x2c,0x20,0x26,0x28,0x70,0x61,0x72,0x61,0x6d,0x5f,0x31,0x31,0x29,0x29,0x3b,
    0x0a,0x20,0x20,0x20,0x20,0x20,0x20,0x66,0x61,0x6c,0x6c,0x6f,0x66,0x66,0x20,0x3d,
    0x20,0x78,0x5f,0x37,0x38,0x32,0x3b,0x0a,0x20,0x20,0x20,0x20,0x20,0x20,0x69,0x66,
    0x20,0x28,0x28,0x78,0x5f,0x37,0x34,0x32,0x20,0x3d,0x3d,0x20,0x32,0x69,0x29,0x29,
    0x20,0x7b,0x0a,0x20,0x20,0x20,0x20,0x20,0x20,0x20,0x20,0x6c,0x65,0x74,0x20,0x78,
    0x5f,0x37,0x38,0x38,0x20,0x3d,0x20,0x69,0x5f,0x31,0x3b,0x0a,0x20,0x20,0x20,0x20,
    0x20,0x20,0x20,0x20,0x70,0x61,0x72,0x61,0x6d,0x5f,0x31,0x32,0x20,0x3d,0x20,0x64,
    0x6f,0x74,0x28,0x6c,0x69,0x67,0x68,0x74,0x5f,0x64,0x69,0x72,0x2c,0x20,0x6e,0x6f,
    0x72,0x6d,0x61,0x6c,0x69,0x7a,0x65,0x28,0x78,0x5f,0x37,0x33,0x37,0x2e,0x75,0x5f,
    0x6c,0x69,0x67,0x68,0x74,0x5f,0x64,0x69,0x72,0x5f,0x74,0x79,0x70,0x65,0x5b,0x69,
    0x5f,0x31,0x5d,0x2e,0x78,0x79,0x7a,0x29,0x29,0x3b,0x0a,0x20,0x20,0x20,0x20,0x20,
    0x20,0x20,0x20,0x70,0x61,0x72,0x61,0x6d,0x5f,0x31,0x33,0x20,0x3d,0x20,0x78,0x5f,
    0x37,0x33,0x37,0x2e,0x75,0x5f,0x6c,0x69,0x67,0x68,0x74,0x5f,0x73,0x70,0x6f,0x74,
    0x5b,0x78,0x5f,0x37,0x38,0x38,0x5d,0x2e,0x78,0x3b,0x0a,0x20,0x20,0x20,0x20,0x20,
    0x20,0x20,0x20,0x70,0x61,0x72,0x61,0x6d,0x5f,0x31,0x34,0x20,0x3d,0x20,0x78,0x5f,
    0x37,0x33,0x37,0x2e,0x75,0x5f,0x6c,0x69,0x67,0x68,0x74,0x5f,0x73,0x70,0x6f,0x74,
    0x5b,0x78,0x5f,0x37,0x38,0x38,0x5d,0x2e,0x79,0x3b,0x0a,0x20,0x20,0x20,0x20,0x20,
    0x20,0x20,0x20,0x6c,0x65,0x74,0x20,0x78,0x5f,0x38,0x30,0x33,0x20,0x3d,0x20,0x73,
    0x70,0x6f,0x74,0x5f,0x66,0x61,0x63,0x74,0x6f,0x72,0x5f,0x66,0x31,0x5f,0x66,0x31,
    0x5f,0x66,0x31,0x5f,0x28,0x26,0x28,0x70,0x61,0x72,0x61,0x6d,0x5f,0x31,0x32,0x29,
    0x2c,0x20,0x26,0x28,0x70,0x61,0x72,0x61,0x6d,0x5f,0x31,0x33,0x29,0x2c,0x20,0x26,
    0x28,0x70,0x61,0x72,0x61,0x6d,0x5f,0x31,0x34,0x29,0x29,0x3b,0x0a,0x20,0x20,0x20,
    0x20,0x20,0x20,0x20,0x20,0x66,0x61,0x6c,0x6c,0x6f,0x66,0x66,0x20,0x3d,0x20,0x28,
    0x66,0x61,0x6c,0x6c,0x6f,0x66,0x66,0x20,0x2a,0x20,0x78,0x5f,0x38,0x30,0x33,0x29,
    0x3b,0x0a,0x20,0x20,0x20,0x20,0x20,0x20,0x7d,0x0a,0x20,0x20,0x20,0x20,0x7d,0x0a,
    0x20,0x20,0x20,0x20,0x6c,0x65,0x74,0x20,0x78,0x5f,0x38,0x30,0x38,0x20,0x3d,0x20,
    0x2d,0x28,0x6c,0x69,0x67,0x68,0x74,0x5f,0x64,0x69,0x72,0x29,0x3b,0x0a,0x20,0x20,
    0x20,0x20,0x6c,0x65,0x74,0x20,0x78,0x5f,0x38,0x31,0x32,0x20,0x3d,0x20,0x64,0x6f,
    0x74,0x28,0x6e,0x5f,0x31,0x2c,0x20,0x78,0x5f,0x38,0x30,0x38,0x29,0x3b,0x0a,0x20,
    0x20,0x20,0x20,0x69,0x66,0x20,0x28,0x28,0x28,0x78,0x5f,0x38,0x31,0x32,0x20,0x3c,
    0x3d,0x20,0x30,0x2e,0x30,0x66,0x29,0x20,0x7c,0x20,0x28,0x66,0x61,0x6c,0x6c,0x6f,
    0x66,0x66,0x20,0x3c,0x3d,0x20,0x30,0x2e,0x30,0x66,0x29,0x29,0x29,0x20,0x7b,0x0a,
    0x20,0x20,0x20,0x20,0x20,0x20,0x63,0x6f,0x6e,0x74,0x69,0x6e,0x75,0x65,0x3b,0x0a,
    0x20,0x20,0x20,0x20,0x7d,0x0a,0x20,0x20,0x20,0x20,0x6c,0x65,0x74,0x20,0x78,0x5f,
    0x38,0x32,0x35,0x20,0x3d,0x20,0x6e,0x6f,0x72,0x6d,0x61,0x6c,0x69,0x7a,0x65,0x28,
    0x28,0x78,0x5f,0x38,0x30,0x38,0x20,0x2b,0x20,0x78,0x5f,0x36,0x37,0x37,0x29,0x29,
    0x3b,0x0a,0x20,0x20,0x20,0x20,0x6c,0x65,0x74,0x20,0x78,0x5f,0x38,0x33,0x30,0x20,
    0x3d,0x20,0x63,0x6c,0x61,0x6d,0x70,0x28,0x64,0x6f,0x74,0x28,0x6e,0x5f,0x31,0x2c,
    0x20,0x78,0x5f,0x38,0x32,0x35,0x29,0x2c,0x20,0x30,0x2e,0x30,0x66,0x2c,0x20,0x31,
    0x2e,0x30,0x66,0x29,0x3b,0x0a,0x20,0x20,0x20,0x20,0x6c,0x65,0x74,0x20,0x78,0x5f,
    0x38,0x34,0x36,0x20,0x3d,0x20,0x28,0x78,0x5f,0x36,0x36,0x33,0x20,0x2b,0x20,0x28,
    0x28,0x78,0x5f,0x38,0x35,0x20,0x2d,0x20,0x78,0x5f,0x36,0x36,0x33,0x29,0x20,0x2a,
    0x20,0x70,0x6f,0x77,0x28,0x28,0x31,0x2e,0x30,0x66,0x20,0x2d,0x20,0x63,0x6c,0x61,
    0x6d,0x70,0x28,0x64,0x6f,0x74,0x28,0x78,0x5f,0x36,0x37,0x37,0x2c,0x20,0x78,0x5f,
    0x38,0x32,0x35,0x29,0x2c,0x20,0x30,0x2e,0x30,0x66,0x2c,0x20,0x31,0x2e,0x30,0x66,
    0x29,0x29,0x2c,0x20,0x35,0x2e,0x30,0x66,0x29,0x29,0x29,0x3b,0x0a,0x20,0x20,0x20,
    0x20,0x6c,0x65,0x74,0x20,0x78,0x5f,0x38,0x35,0x34,0x20,0x3d,0x20,0x28,0x28,0x28,
    0x78,0x5f,0x38,0x33,0x30,0x20,0x2a,0x20,0x78,0x5f,0x38,0x33,0x30,0x29,0x20,0x2a,
    0x20,0x28,0x78,0x5f,0x36,0x35,0x36,0x20,0x2d,0x20,0x31,0x2e,0x30,0x66,0x29,0x29,
    0x20,0x2b,0x20,0x31,0x2e,0x30,0x66,0x29,0x3b,0x0a,0x20,0x20,0x20,0x20,0x6c,0x65,
    0x74,0x20,0x78,0x5f,0x38,0x36,0x39,0x20,0x3d,0x20,0x28,0x31,0x2e,0x30,0x66,0x20,
    0x2d,0x20,0x78,0x5f,0x36,0x35,0x36,0x29,0x3b,0x0a,0x20,0x20,0x20,0x20,0x63,0x6f,
    0x6c,0x6f,0x72,0x5f,0x33,0x20,0x3d,0x20,0x28,0x63,0x6f,0x6c,0x6f,0x72,0x5f,0x33,
    0x20,0x2b,0x20,0x28,0x28,0x28,0x78,0x5f,0x37,0x33,0x37,0x2e,0x75,0x5f,0x6c,0x69,
    0x67,0x68,0x74,0x5f,0x72,0x61,0x64,0x69,0x61,0x6e,0x63,0x65,0x5b,0x69,0x5f,0x31,
    0x5d,0x2e,0x78,0x79,0x7a,0x20,0x2a,0x20,0x66,0x61,0x6c,0x6c,0x6f,0x66,0x66,0x29,
    0x20,0x2a,0x20,0x78,0x5f,0x38,0x31,0x32,0x29,0x20,0x2a,0x20,0x28,0x28,0x28,0x28,
    0x78,0x5f,0x38,0x35,0x20,0x2d,0x20,0x78,0x5f,0x38,0x34,0x36,0x29,0x20,0x2a,0x20,
    0x78,0x5f,0x36,0x36,0x39,0x29,0x20,0x2a,0x20,0x76,0x65,0x63,0x33,0x66,0x28,0x30,
    0x2e,0x33,0x31,0x38,0x33,0x30,0x39,0x38,0x37,0x33,0x33,0x34,0x32,0x35,0x31,0x34,
    0x30,0x33,0x38,0x30,0x39,0x66,0x29,0x29,0x20,0x2b,0x20,0x28,0x28,0x78,0x5f,0x38,
    0x34,0x36,0x20,0x2a,0x20,0x28,0x78,0x5f,0x36,0x35,0x36,0x20,0x2f,0x20,0x28,0x28,
    0x33,0x2e,0x31,0x34,0x31,0x35,0x39,0x32,0x37,0x34,0x31,0x30,0x31,0x32,0x35,0x37,
    0x33,0x32,0x34,0x32,0x31,0x39,0x66,0x20,0x2a,0x20,0x78,0x5f,0x38,0x35,0x34,0x29,
    0x20,0x2a,0x20,0x78,0x5f,0x38,0x35,0x34,0x29,0x29,0x29,0x20,0x2a,0x20,0x28,0x30,
    0x2e,0x35,0x66,0x20,0x2f,0x20,0x6d,0x61,0x78,0x28,0x28,0x28,0x78,0x5f,0x38,0x31,
    0x32,0x20,0x2a,0x20,0x73,0x71,0x72,0x74,0x28,0x28,0x28,0x28,0x78,0x5f,0x36,0x38,
    0x34,0x20,0x2a,0x20,0x78,0x5f,0x36,0x38,0x34,0x29,0x20,0x2a,0x20,0x78,0x5f,0x38,
    0x36,0x39,0x29,0x20,0x2b,0x20,0x78,0x5f,0x36,0x35,0x36,0x29,0x29,0x29,0x20,0x2b,
    0x20,0x28,0x78,0x5f,0x36,0x38,0x34,0x20,0x2a,0x20,0x73,0x71,0x72,0x74,0x28,0x28,
    0x28,0x28,0x78,0x5f,0x38,0x31,0x32,0x20,0x2a,0x20,0x78,0x5f,0x38,0x31,0x32,0x29,
    0x20,0x2a,0x20,0x78,0x5f,0x38,0x36,0x39,0x29,0x20,0x2b,0x20,0x78,0x5f,0x36,0x35,
    0x36,0x29,0x29,0x29,0x29,0x2c,0x20,0x30,0x2e,0x30,0x30,0x30,0x30,0x30,0x30,0x39,
    0x39,0x39,0x39,0x39,0x39,0x39,0x39,0x37,0x34,0x37,0x35,0x32,0x34,0x66,0x29,0x29,
    0x29,0x29,0x29,0x29,0x3b,0x0a,0x0a,0x20,0x20,0x20,0x20,0x63,0x6f,0x6e,0x74,0x69,
    0x6e,0x75,0x69,0x6e,0x67,0x20,0x7b,0x0a,0x20,0x20,0x20,0x20,0x20,0x20,0x69,0x5f,
    0x31,0x20,0x3d,0x20,0x28,0x69,0x5f,0x31,0x20,0x2b,0x20,0x31,0x69,0x29,0x3b,0x0a,
    0x20,0x20,0x20,0x20,0x7d,0x0a,0x20,0x20,0x7d,0x0a,0x20,0x20,0x6c,0x65,0x74,0x20,
    0x78,0x5f,0x39,0x32,0x34,0x20,0x3d,0x20,0x78,0x5f,0x32,0x38,0x31,0x2e,0x75,0x5f,
    0x65,0x6e,0x76,0x2e,0x78,0x3b,0x0a,0x20,0x20,0x69,0x66,0x20,0x28,0x28,0x78,0x5f,
    0x39,0x32,0x34,0x20,0x3e,0x20,0x30,0x2e,0x30,0x66,0x29,0x29,0x20,0x7b,0x0a,0x20,
    0x20,0x20,0x20,0x6c,0x65,0x74,0x20,0x78,0x5f,0x39,0x33,0x31,0x20,0x3d,0x20,0x73,
    0x71,0x72,0x74,0x28,0x63,0x6c,0x61,0x6d,0x70,0x28,0x78,0x5f,0x36,0x35,0x32,0x2c,
    0x20,0x30,0x2e,0x30,0x66,0x2c,0x20,0x31,0x2e,0x30,0x66,0x29,0x29,0x3b,0x0a,0x20,
    0x20,0x20,0x20,0x70,0x61,0x72,0x61,0x6d,0x5f,0x31,0x35,0x20,0x3d,0x20,0x6e,0x5f,
    0x31,0x3b,0x0a,0x20,0x20,0x20,0x20,0x6c,0x65,0x74,0x20,0x78,0x5f,0x39,0x33,0x37,
    0x20,0x3d,0x20,0x78,0x5f,0x32,0x38,0x31,0x2e,0x75,0x5f,0x65,0x6e,0x76,0x3b,0x0a,
    0x20,0x20,0x20,0x20,0x70,0x61,0x72,0x61,0x6d,0x5f,0x31,0x36,0x20,0x3d,0x20,0x78,
    0x5f,0x39,0x33,0x37,0x3b,0x0a,0x20,0x20,0x20,0x20,0x6c,0x65,0x74,0x20,0x78,0x5f,
    0x39,0x33,0x38,0x20,0x3d,0x20,0x65,0x6e,0x76,0x5f,0x64,0x69,0x72,0x5f,0x76,0x66,
    0x33,0x5f,0x76,0x66,0x34,0x5f,0x28,0x26,0x28,0x70,0x61,0x72,0x61,0x6d,0x5f,0x31,
    0x35,0x29,0x2c,0x20,0x26,0x28,0x70,0x61,0x72,0x61,0x6d,0x5f,0x31,0x36,0x29,0x29,
    0x3b,0x0a,0x20,0x20,0x20,0x20,0x70,0x61,0x72,0x61,0x6d,0x5f,0x31,0x37,0x20,0x3d,
    0x20,0x78,0x5f,0x39,0x33,0x38,0x3b,0x0a,0x20,0x20,0x20,0x20,0x6c,0x65,0x74,0x20,
    0x78,0x5f,0x39,0x34,0x30,0x20,0x3d,0x20,0x65,0x76,0x61,0x6c,0x5f,0x73,0x68,0x5f,
    0x76,0x66,0x33,0x5f,0x28,0x26,0x28,0x70,0x61,0x72,0x61,0x6d,0x5f,0x31,0x37,0x29,
    0x29,0x3b,0x0a,0x20,0x20,0x20,0x20,0x70,0x61,0x72,0x61,0x6d,0x5f,0x31,0x38,0x20,
    0x3d,0x20,0x72,0x65,0x66,0x6c,0x65,0x63,0x74,0x28,0x2d,0x28,0x78,0x5f,0x36,0x37,
    0x37,0x29,0x2c,0x20,0x6e,0x5f,0x31,0x29,0x3b,0x0a,0x20,0x20,0x20,0x20,0x70,0x61,
    0x72,0x61,0x6d,0x5f,0x31,0x39,0x20,0x3d,0x20,0x78,0x5f,0x39,0x33,0x37,0x3b,0x0a,
    0x20,0x20,0x20,0x20,0x6c,0x65,0x74,0x20,0x78,0x5f,0x39,0x35,0x31,0x20,0x3d,0x20,
    0x65,0x6e,0x76,0x5f,0x64,0x69,0x72,0x5f,0x76,0x66,0x33,0x5f,0x76,0x66,0x34,0x5f,
    0x28,0x26,0x28,0x70,0x61,0x72,0x61,0x6d,0x5f,0x31,0x38,0x29,0x2c,0x20,0x26,0x28,
    0x70,0x61,0x72,0x61,0x6d,0x5f,0x31,0x39,0x29,0x29,0x3b,0x0a,0x20,0x20,0x20,0x20,
    0x6c,0x65,0x74,0x20,0x78,0x5f,0x39,0x36,0x36,0x20,0x3d,0x20,0x74,0x65,0x78,0x74,
    0x75,0x72,0x65,0x53,0x61,0x6d,0x70,0x6c,0x65,0x4c,0x65,0x76,0x65,0x6c,0x28,0x65,
    0x6e,0x76,0x5f,0x74,0x65,0x78,0x2c,0x20,0x65,0x6e,0x76,0x5f,0x73,0x6d,0x70,0x2c,
    0x20,0x78,0x5f,0x39,0x35,0x31,0x2c,0x20,0x28,0x78,0x5f,0x39,0x33,0x31,0x20,0x2a,
    0x20,0x78,0x5f,0x32,0x38,0x31,0x2e,0x75,0x5f,0x65,0x6e,0x76,0x2e,0x79,0x29,0x29,
    0x3b,0x0a,0x20,0x20,0x20,0x20,0x6c,0x65,0x74,0x20,0x78,0x5f,0x39,0x37,0x38,0x20,
    0x3d,0x20,0x74,0x65,0x78,0x74,0x75,0x72,0x65,0x53,0x61,0x6d,0x70,0x6c,0x65,0x28,
    0x62,0x72,0x64,0x66,0x5f,0x74,0x65,0x78,0x2c,0x20,0x62,0x72,0x64,0x66,0x5f,0x73,
    0x6d,0x70,0x2c,0x20,0x76,0x65,0x63,0x32,0x66,0x28,0x78,0x5f,0x36,0x38,0x34,0x2c,
    0x20,0x78,0x5f,0x39,0x33,0x31,0x29,0x29,0x3b,0x0a,0x20,0x20,0x20,0x20,0x63,0x6f,
    0x6c,0x6f,0x72,0x5f,0x33,0x20,0x3d,0x20,0x28,0x63,0x6f,0x6c,0x6f,0x72,0x5f,0x33,
    0x20,0x2b,0x20,0x28,0x28,0x28,0x28,0x6d,0x61,0x78,0x28,0x78,0x5f,0x39,0x34,0x30,
    0x2c,0x20,0x76,0x65,0x63,0x33,0x66,0x28,0x29,0x29,0x20,0x2a,0x20,0x78,0x5f,0x36,
    0x36,0x39,0x29,0x20,0x2b,0x20,0x28,0x78,0x5f,0x39,0x36,0x36,0x2e,0x78,0x79,0x7a,
    0x20,0x2a,0x20,0x28,0x28,0x78,0x5f,0x36,0x36,0x33,0x20,0x2a,0x20,0x78,0x5f,0x39,
    0x37,0x38,0x2e,0x78,0x29,0x20,0x2b,0x20,0x76,0x65,0x63,0x33,0x66,0x28,0x78,0x5f,
    0x39,0x37,0x38,0x2e,0x79,0x29,0x29,0x29,0x29,0x20,0x2a,0x20,0x78,0x5f,0x36,0x39,
    0x39,0x29,0x20,0x2a,0x20,0x78,0x5f,0x39,0x32,0x34,0x29,0x29,0x3b,0x0a,0x20,0x20,
    0x7d,0x0a,0x20,0x20,0x6c,0x65,0x74,0x20,0x78,0x5f,0x31,0x30,0x30,0x32,0x20,0x3d,
    0x20,0x78,0x5f,0x33,0x39,0x35,0x2e,0x75,0x5f,0x65,0x6d,0x69,0x73,0x73,0x69,0x76,
    0x65,0x3b,0x0a,0x20,0x20,0x70,0x61,0x72,0x61,0x6d,0x5f,0x32,0x30,0x20,0x3d,0x20,
    0x34,0x69,0x3b,0x0a,0x20,0x20,0x6c,0x65,0x74,0x20,0x78,0x5f,0x31,0x30,0x31,0x30,
    0x20,0x3d,0x20,0x74,0x65,0x78,0x5f,0x75,0x76,0x5f,0x69,0x31,0x5f,0x28,0x26,0x28,
    0x70,0x61,0x72,0x61,0x6d,0x5f,0x32,0x30,0x29,0x29,0x3b,0x0a,0x20,0x20,0x6c,0x65,
    0x74,0x20,0x78,0x5f,0x31,0x30,0x31,0x31,0x20,0x3d,0x20,0x74,0x65,0x78,0x74,0x75,
    0x72,0x65,0x53,0x61,0x6d,0x70,0x6c,0x65,0x28,0x65,0x6d,0x69,0x73,0x73,0x69,0x76,
    0x65,0x5f,0x74,0x65,0x78,0x2c,0x20,0x65,0x6d,0x69,0x73,0x73,0x69,0x76,0x65,0x5f,
    0x73,0x6d,0x70,0x2c,0x20,0x78,0x5f,0x31,0x30,0x31,0x30,0x29,0x3b,0x0a,0x20,0x20,
    0x70,0x61,0x72,0x61,0x6d,0x5f,0x32,0x31,0x20,0x3d,0x20,0x78,0x5f,0x31,0x30,0x31,
    0x31,0x2e,0x78,0x79,0x7a,0x3b,0x0a,0x20,0x20,0x6c,0x65,0x74,0x20,0x78,0x5f,0x31,
    0x30,0x31,0x34,0x20,0x3d,0x20,0x73,0x72,0x67,0x62,0x5f,0x74,0x6f,0x5f,0x6c,0x69,
    0x6e,0x65,0x61,0x72,0x5f,0x76,0x66,0x33,0x5f,0x28,0x26,0x28,0x70,0x61,0x72,0x61,
    0x6d,0x5f,0x32,0x31,0x29,0x29,0x3b,0x0a,0x20,0x20,0x6c,0x65,0x74,0x20,0x78,0x5f,
    0x31,0x30,0x31,0x37,0x20,0x3d,0x20,0x28,0x63,0x6f,0x6c,0x6f,0x72,0x5f,0x33,0x20,
    0x2b,0x20,0x28,0x78,0x5f,0x31,0x30,0x30,0x32,0x2e,0x78,0x79,0x7a,0x20,0x2a,0x20,
    0x78,0x5f,0x31,0x30,0x31,0x34,0x29,0x29,0x3b,0x0a,0x20,0x20,0x63,0x6f,0x6c,0x6f,
    0x72,0x5f,0x33,0x20,0x3d,0x20,0x78,0x5f,0x31,0x30,0x31,0x37,0x3b,0x0a,0x20,0x20,
    0x70,0x61,0x72,0x61,0x6d,0x5f,0x32,0x32,0x20,0x3d,0x20,0x78,0x5f,0x31,0x30,0x31,
    0x37,0x3b,0x0a,0x20,0x20,0x70,0x61,0x72,0x61,0x6d,0x5f,0x32,0x33,0x20,0x3d,0x20,
    0x78,0x5f,0x32,0x38,0x31,0x2e,0x75,0x5f,0x74,0x6f,0x6e,0x65,0x6d,0x61,0x70,0x3b,
    0x0a,0x20,0x20,0x6c,0x65,0x74,0x20,0x78,0x5f,0x31,0x30,0x32,0x33,0x20,0x3d,0x20,
    0x74,0x6f,0x5f,0x64,0x69,0x73,0x70,0x6c,0x61,0x79,0x5f,0x76,0x66,0x33,0x5f,0x76,
    0x66,0x34,0x5f,0x28,0x26,0x28,0x70,0x61,0x72,0x61,0x6d,0x5f,0x32,0x32,0x29,0x2c,
    0x20,0x26,0x28,0x70,0x61,0x72,0x61,0x6d,0x5f,0x32,0x33,0x29,0x29,0x3b,0x0a,0x20,
    0x20,0x66,0x72,0x61,0x67,0x5f,0x63,0x6f,0x6c,0x6f,0x72,0x20,0x3d,0x20,0x76,0x65,
    0x63,0x34,0x66,0x28,0x78,0x5f,0x31,0x30,0x32,0x33,0x2e,0x78,0x2c,0x20,0x78,0x5f,
    0x31,0x30,0x32,0x33,0x2e,0x79,0x2c,0x20,0x78,0x5f,0x31,0x30,0x32,0x33,0x2e,0x7a,
    0x2c,0x20,0x78,0x5f,0x35,0x31,0x32,0x29,0x3b,0x0a,0x20,0x20,0x72,0x65,0x74,0x75,
    0x72,0x6e,0x3b,0x0a,0x7d,0x0a,0x0a,0x73,0x74,0x72,0x75,0x63,0x74,0x20,0x6d,0x61,
    0x69,0x6e,0x5f,0x6f,0x75,0x74,0x20,0x7b,0x0a,0x20,0x20,0x40,0x6c,0x6f,0x63,0x61,
    0x74,0x69,0x6f,0x6e,0x28,0x30,0x29,0x0a,0x20,0x20,0x66,0x72,0x61,0x67,0x5f,0x63,
    0x6f,0x6c,0x6f,0x72,0x5f,0x31,0x20,0x3a,0x20,0x76,0x65,0x63,0x34,0x66,0x2c,0x0a,
    0x7d,0x0a,0x0a,0x40,0x66,0x72,0x61,0x67,0x6d,0x65,0x6e,0x74,0x0a,0x66,0x6e,0x20,
    0x6d,0x61,0x69,0x6e,0x28,0x40,0x6c,0x6f,0x63,0x61,0x74,0x69,0x6f,0x6e,0x28,0x32,
    0x29,0x20,0x76,0x5f,0x75,0x76,0x30,0x5f,0x70,0x61,0x72,0x61,0x6d,0x20,0x3a,0x20,
    0x76,0x65,0x63,0x32,0x66,0x2c,0x20,0x40,0x6c,0x6f,0x63,0x61,0x74,0x69,0x6f,0x6e,
    0x28,0x33,0x29,0x20,0x76,0x5f,0x75,0x76,0x31,0x5f,0x70,0x61,0x72,0x61,0x6d,0x20,
    0x3a,0x20,0x76,0x65,0x63,0x32,0x66,0x2c,0x20,0x40,0x6c,0x6f,0x63,0x61,0x74,0x69,
    0x6f,0x6e,0x28,0x34,0x29,0x20,0x76,0x5f,0x63,0x6f,0x6c,0x6f,0x72,0x5f,0x70,0x61,
    0x72,0x61,0x6d,0x20,0x3a,0x20,0x76,0x65,0x63,0x34,0x66,0x2c,0x20,0x40,0x6c,0x6f,
    0x63,0x61,0x74,0x69,0x6f,0x6e,0x28,0x30,0x29,0x20,0x76,0x5f,0x6e,0x6f,0x72,0x6d,
    0x61,0x6c,0x5f,0x70,0x61,0x72,0x61,0x6d,0x20,0x3a,0x20,0x76,0x65,0x63,0x33,0x66,
    0x2c,0x20,0x40,0x6c,0x6f,0x63,0x61,0x74,0x69,0x6f,0x6e,0x28,0x31,0x29,0x20,0x76,
    0x5f,0x74,0x61,0x6e,0x67,0x65,0x6e,0x74,0x5f,0x70,0x61,0x72,0x61,0x6d,0x20,0x3a,
    0x20,0x76,0x65,0x63,0x34,0x66,0x2c,0x20,0x40,0x62,0x75,0x69,0x6c,0x74,0x69,0x6e,
    0x28,0x66,0x72,0x6f,0x6e,0x74,0x5f,0x66,0x61,0x63,0x69,0x6e,0x67,0x29,0x20,0x67,
    0x6c,0x5f,0x46,0x72,0x6f,0x6e,0x74,0x46,0x61,0x63,0x69,0x6e,0x67,0x5f,0x70,0x61,
    0x72,0x61,0x6d,0x20,0x3a,0x20,0x62,0x6f,0x6f,0x6c,0x2c,0x20,0x40,0x6c,0x6f,0x63,
    0x61,0x74,0x69,0x6f,0x6e,0x28,0x35,0x29,0x20,0x76,0x5f,0x77,0x6f,0x72,0x6c,0x64,
    0x5f,0x70,0x6f,0x73,0x5f,0x70,0x61,0x72,0x61,0x6d,0x20,0x3a,0x20,0x76,0x65,0x63,
    0x33,0x66,0x29,0x20,0x2d,0x3e,0x20,0x6d,0x61,0x69,0x6e,0x5f,0x6f,0x75,0x74,0x20,
    0x7b,0x0a,0x20,0x20,0x76,0x5f,0x75,0x76,0x30,0x20,0x3d,0x20,0x76,0x5f,0x75,0x76,
    0x30,0x5f,0x70,0x61,0x72,0x61,0x6d,0x3b,0x0a,0x20,0x20,0x76,0x5f,0x75,0x76,0x31,
    0x20,0x3d,0x20,0x76,0x5f,0x75,0x76,0x31,0x5f,0x70,0x61,0x72,0x61,0x6d,0x3b,0x0a,
    0x20,0x20,0x76,0x5f,0x63,0x6f,0x6c,0x6f,0x72,0x20,0x3d,0x20,0x76,0x5f,0x63,0x6f,
    0x6c,0x6f,0x72,0x5f,0x70,0x61,0x72,0x61,0x6d,0x3b,0x0a,0x20,0x20,0x76,0x5f,0x6e,
    0x6f,0x72,0x6d,0x61,0x6c,0x20,0x3d,0x20,0x76,0x5f,0x6e,0x6f,0x72,0x6d,0x61,0x6c,
    0x5f,0x70,0x61,0x72,0x61,0x6d,0x3b,0x0a,0x20,0x20,0x76,0x5f,0x74,0x61,0x6e,0x67,
    0x65,0x6e,0x74,0x20,0x3d,0x20,0x76,0x5f,0x74,0x61,0x6e,0x67,0x65,0x6e,0x74,0x5f,
    0x70,0x61,0x72,0x61,0x6d,0x3b,0x0a,0x20,0x20,0x67,0x6c,0x5f,0x46,0x72,0x6f,0x6e,
    0x74,0x46,0x61,0x63,0x69,0x6e,0x67,0x20,0x3d,0x20,0x67,0x6c,0x5f,0x46,0x72,0x6f,
    0x6e,0x74,0x46,0x61,0x63,0x69,0x6e,0x67,0x5f,0x70,0x61,0x72,0x61,0x6d,0x3b,0x0a,
    0x20,0x20,0x76,0x5f,0x77,0x6f,0x72,0x6c,0x64,0x5f,0x70,0x6f,0x73,0x20,0x3d,0x20,
    0x76,0x5f,0x77,0x6f,0x72,0x6c,0x64,0x5f,0x70,0x6f,0x73,0x5f,0x70,0x61,0x72,0x61,
    0x6d,0x3b,0x0a,0x20,0x20,0x6d,0x61,0x69,0x6e,0x5f,0x31,0x28,0x29,0x3b,0x0a,0x20,
    0x20,0x72,0x65,0x74,0x75,0x72,0x6e,0x20,0x6d,0x61,0x69,0x6e,0x5f,0x6f,0x75,0x74,
    0x28,0x66,0x72,0x61,0x67,0x5f,0x63,0x6f,0x6c,0x6f,0x72,0x29,0x3b,0x0a,0x7d,0x0a,
    0x00,
};
#endif
/*
    diagnostic(off, derivative_uniformity);

    var<private> bg_position : vec2f;

    var<private> v_ndc : vec2f;

    var<private> gl_Position : vec4f;

    fn main_1() {
      let x_19 = bg_position;
      gl_Position = vec4f(bg_position.x, bg_position.y, 1.0f, 1.0f);
      v_ndc = x_19;
      return;
    }

    struct main_out {
      @builtin(position)
      gl_Position : vec4f,
      @location(0)
      v_ndc_1 : vec2f,
    }

    @vertex
    fn main(@location(0) bg_position_param : vec2f) -> main_out {
      bg_position = bg_position_param;
      main_1();
      return main_out(gl_Position, v_ndc);
    }
*/
#if defined(SOKOL_WGPU)
static const uint8_t vs_background_source_wgsl[532] = {
    0x64,0x69,0x61,0x67,0x6e,0x6f,0x73,0x74,0x69,0x63,0x28,0x6f,0x66,0x66,0x2c,0x20,
    0x64,0x65,0x72,0x69,0x76,0x61,0x74,0x69,0x76,0x65,0x5f,0x75,0x6e,0x69,0x66,0x6f,
    0x72,0x6d,0x69,0x74,0x79,0x29,0x3b,0x0a,0x0a,0x76,0x61,0x72,0x3c,0x70,0x72,0x69,
    0x76,0x61,0x74,0x65,0x3e,0x20,0x62,0x67,0x5f,0x70,0x6f,0x73,0x69,0x74,0x69,0x6f,
    0x6e,0x20,0x3a,0x20,0x76,0x65,0x63,0x32,0x66,0x3b,0x0a,0x0a,0x76,0x61,0x72,0x3c,
    0x70,0x72,0x69,0x76,0x61,0x74,0x65,0x3e,0x20,0x76,0x5f,0x6e,0x64,0x63,0x20,0x3a,
    0x20,0x76,0x65,0x63,0x32,0x66,0x3b,0x0a,0x0a,0x76,0x61,0x72,0x3c,0x70,0x72,0x69,
    0x76,0x61,0x74,0x65,0x3e,0x20,0x67,0x6c,0x5f,0x50,0x6f,0x73,0x69,0x74,0x69,0x6f,
    0x6e,0x20,0x3a,0x20,0x76,0x65,0x63,0x34,0x66,0x3b,0x0a,0x0a,0x66,0x6e,0x20,0x6d,
    0x61,0x69,0x6e,0x5f,0x31,0x28,0x29,0x20,0x7b,0x0a,0x20,0x20,0x6c,0x65,0x74,0x20,
    0x78,0x5f,0x31,0x39,0x20,0x3d,0x20,0x62,0x67,0x5f,0x70,0x6f,0x73,0x69,0x74,0x69,
    0x6f,0x6e,0x3b,0x0a,0x20,0x20,0x67,0x6c,0x5f,0x50,0x6f,0x73,0x69,0x74,0x69,0x6f,
    0x6e,0x20,0x3d,0x20,0x76,0x65,0x63,0x34,0x66,0x28,0x62,0x67,0x5f,0x70,0x6f,0x73,
    0x69,0x74,0x69,0x6f,0x6e,0x2e,0x78,0x2c,0x20,0x62,0x67,0x5f,0x70,0x6f,0x73,0x69,
    0x74,0x69,0x6f,0x6e,0x2e,0x79,0x2c,0x20,0x31,0x2e,0x30,0x66,0x2c,0x20,0x31,0x2e,
    0x30,0x66,0x29,0x3b,0x0a,0x20,0x20,0x76,0x5f,0x6e,0x64,0x63,0x20,0x3d,0x20,0x78,
    0x5f,0x31,0x39,0x3b,0x0a,0x20,0x20,0x72,0x65,0x74,0x75,0x72,0x6e,0x3b,0x0a,0x7d,
    0x0a,0x0a,0x73,0x74,0x72,0x75,0x63,0x74,0x20,0x6d,0x61,0x69,0x6e,0x5f,0x6f,0x75,
    0x74,0x20,0x7b,0x0a,0x20,0x20,0x40,0x62,0x75,0x69,0x6c,0x74,0x69,0x6e,0x28,0x70,
    0x6f,0x73,0x69,0x74,0x69,0x6f,0x6e,0x29,0x0a,0x20,0x20,0x67,0x6c,0x5f,0x50,0x6f,
    0x73,0x69,0x74,0x69,0x6f,0x6e,0x20,0x3a,0x20,0x76,0x65,0x63,0x34,0x66,0x2c,0x0a,
    0x20,0x20,0x40,0x6c,0x6f,0x63,0x61,0x74,0x69,0x6f,0x6e,0x28,0x30,0x29,0x0a,0x20,
    0x20,0x76,0x5f,0x6e,0x64,0x63,0x5f,0x31,0x20,0x3a,0x20,0x76,0x65,0x63,0x32,0x66,
    0x2c,0x0a,0x7d,0x0a,0x0a,0x40,0x76,0x65,0x72,0x74,0x65,0x78,0x0a,0x66,0x6e,0x20,
    0x6d,0x61,0x69,0x6e,0x28,0x40,0x6c,0x6f,0x63,0x61,0x74,0x69,0x6f,0x6e,0x28,0x30,
    0x29,0x20,0x62,0x67,0x5f,0x70,0x6f,0x73,0x69,0x74,0x69,0x6f,0x6e,0x5f,0x70,0x61,
    0x72,0x61,0x6d,0x20,0x3a,0x20,0x76,0x65,0x63,0x32,0x66,0x29,0x20,0x2d,0x3e,0x20,
    0x6d,0x61,0x69,0x6e,0x5f,0x6f,0x75,0x74,0x20,0x7b,0x0a,0x20,0x20,0x62,0x67,0x5f,
    0x70,0x6f,0x73,0x69,0x74,0x69,0x6f,0x6e,0x20,0x3d,0x20,0x62,0x67,0x5f,0x70,0x6f,
    0x73,0x69,0x74,0x69,0x6f,0x6e,0x5f,0x70,0x61,0x72,0x61,0x6d,0x3b,0x0a,0x20,0x20,
    0x6d,0x61,0x69,0x6e,0x5f,0x31,0x28,0x29,0x3b,0x0a,0x20,0x20,0x72,0x65,0x74,0x75,
    0x72,0x6e,0x20,0x6d,0x61,0x69,0x6e,0x5f,0x6f,0x75,0x74,0x28,0x67,0x6c,0x5f,0x50,
    0x6f,0x73,0x69,0x74,0x69,0x6f,0x6e,0x2c,0x20,0x76,0x5f,0x6e,0x64,0x63,0x29,0x3b,
    0x0a,0x7d,0x0a,0x00,
};
#endif
/*
    diagnostic(off, derivative_uniformity);

    struct bg_params {
      /_ @offset(0) _/
      inv_view_proj : mat4x4f,
      /_ @offset(64) _/
      bg_env : vec4f,
      /_ @offset(80) _/
      bg_tonemap : vec4f,
    }

    @binding(0) @group(0) var<uniform> x_236 : bg_params;

    var<private> v_ndc : vec2f;

    @binding(0) @group(1) var bg_tex : texture_cube<f32>;

    @binding(32) @group(1) var bg_smp : sampler;

    var<private> frag_color : vec4f;

    fn env_dir_vf3_vf4_(dir : ptr<function, vec3f>, env : ptr<function, vec4f>) -> vec3f {
      let x_205 = (*(env)).z;
      let x_207 = (*(dir)).x;
      let x_211 = (*(env)).w;
      let x_213 = (*(dir)).z;
      let x_217 = (*(dir)).y;
      let x_219 = (*(env)).w;
      let x_221 = (*(dir)).x;
      let x_224 = (*(env)).z;
      let x_226 = (*(dir)).z;
      return vec3f(((x_205 * x_207) - (x_211 * x_213)), x_217, ((x_219 * x_221) + (x_224 * x_226)));
    }

    fn tonemap_neutral_vf3_(color : ptr<function, vec3f>) -> vec3f {
      var x_79 : f32;
      let x_73 = min((*(color)).x, min((*(color)).y, (*(color)).z));
      if ((x_73 < 0.07999999821186065674f)) {
        x_79 = (x_73 - ((6.25f * x_73) * x_73));
      } else {
        x_79 = 0.03999999910593032837f;
      }
      *(color) = (*(color) - vec3f(x_79));
      let x_104 = max((*(color)).x, max((*(color)).y, (*(color)).z));
      if ((x_104 < 0.75999999046325683594f)) {
        let x_110 = *(color);
        return x_110;
      }
      let x_119 = (1.0f - (0.05759999901056289673f / (x_104 + -0.51999998092651367188f)));
      *(color) = (*(color) * (x_119 / x_104));
      let x_133 = (1.0f - (1.0f / ((0.15000000596046447754f * (x_104 - x_119)) + 1.0f)));
      let x_134 = *(color);
      return mix(x_134, vec3f(x_119), vec3f(x_133));
    }

    const x_34 = vec3f(1.0f);

    fn tonemap_aces_vf3_(color_1 : ptr<function, vec3f>) -> vec3f {
      *(color_1) = (*(color_1) * 0.60000002384185791016f);
      let x_145 = *(color_1);
      let x_147 = *(color_1);
      let x_153 = *(color_1);
      let x_155 = *(color_1);
      return clamp(((x_145 * ((x_147 * 2.50999999046325683594f) + vec3f(0.02999999932944774628f))) / ((x_153 * ((x_155 * 2.43000006675720214844f) + vec3f(0.58999997377395629883f))) + vec3f(0.14000000059604644775f))), vec3f(), x_34);
    }

    const x_44 = vec3f(0.00313080009073019028f);

    fn linear_to_srgb_vf3_(c : ptr<function, vec3f>) -> vec3f {
      *(c) = clamp(*(c), vec3f(), x_34);
      let x_37 = *(c);
      let x_42 = *(c);
      let x_55 = *(c);
      return mix((x_37 * 12.9200000762939453125f), ((pow(max(x_42, x_44), vec3f(0.4166666567325592041f)) * 1.05499994754791259766f) - vec3f(0.05499999970197677612f)), step(x_44, x_55));
    }

    fn to_display_vf3_vf4_(color_2 : ptr<function, vec3f>, tonemap : ptr<function, vec4f>) -> vec3f {
      var param : vec3f;
      var param_1 : vec3f;
      var param_2 : vec3f;
      var x_181 : i32;
      *(color_2) = (*(color_2) * (*(tonemap)).y);
      x_181 = i32(((*(tonemap)).x + 0.5f));
      if ((x_181 == 1i)) {
        param = *(color_2);
        let x_189 = tonemap_neutral_vf3_(&(param));
        *(color_2) = x_189;
      } else {
        if ((x_181 == 2i)) {
          param_1 = *(color_2);
          let x_198 = tonemap_aces_vf3_(&(param_1));
          *(color_2) = x_198;
        }
      }
      param_2 = *(color_2);
      let x_201 = linear_to_srgb_vf3_(&(param_2));
      return x_201;
    }

    fn main_1() {
      var param_3 : vec3f;
      var param_4 : vec4f;
      var param_5 : vec3f;
      var param_6 : vec4f;
      let x_240 = x_236.inv_view_proj;
      let x_246 = v_ndc.x;
      let x_247 = v_ndc.y;
      let x_249 = (x_240 * vec4f(x_246, x_247, -1.0f, 1.0f));
      let x_257 = (x_240 * vec4f(x_246, x_247, 1.0f, 1.0f));
      param_3 = normalize(((x_257.xyz / vec3f(x_257.w)) - (x_249.xyz / vec3f(x_249.w))));
      param_4 = x_236.bg_env;
      let x_290 = env_dir_vf3_vf4_(&(param_3), &(param_4));
      param_5 = (textureSampleLevel(bg_tex, bg_smp, x_290, x_236.bg_env.y).xyz * x_236.bg_env.x);
      param_6 = x_236.bg_tonemap;
      let x_306 = to_display_vf3_vf4_(&(param_5), &(param_6));
      frag_color = vec4f(x_306.x, x_306.y, x_306.z, 1.0f);
      return;
    }

    struct main_out {
      @location(0)
      frag_color_1 : vec4f,
    }

    @fragment
    fn main(@location(0) v_ndc_param : vec2f) -> main_out {
      v_ndc = v_ndc_param;
      main_1();
      return main_out(frag_color);
    }
*/
#if defined(SOKOL_WGPU)
static const uint8_t fs_background_source_wgsl[4014] = {
    0x64,0x69,0x61,0x67,0x6e,0x6f,0x73,0x74,0x69,0x63,0x28,0x6f,0x66,0x66,0x2c,0x20,
    0x64,0x65,0x72,0x69,0x76,0x61,0x74,0x69,0x76,0x65,0x5f,0x75,0x6e,0x69,0x66,0x6f,
    0x72,0x6d,0x69,0x74,0x79,0x29,0x3b,0x0a,0x0a,0x73,0x74,0x72,0x75,0x63,0x74,0x20,
    0x62,0x67,0x5f,0x70,0x61,0x72,0x61,0x6d,0x73,0x20,0x7b,0x0a,0x20,0x20,0x2f,0x2a,
    0x20,0x40,0x6f,0x66,0x66,0x73,0x65,0x74,0x28,0x30,0x29,0x20,0x2a,0x2f,0x0a,0x20,
    0x20,0x69,0x6e,0x76,0x5f,0x76,0x69,0x65,0x77,0x5f,0x70,0x72,0x6f,0x6a,0x20,0x3a,
    0x20,0x6d,0x61,0x74,0x34,0x78,0x34,0x66,0x2c,0x0a,0x20,0x20,0x2f,0x2a,0x20,0x40,
    0x6f,0x66,0x66,0x73,0x65,0x74,0x28,0x36,0x34,0x29,0x20,0x2a,0x2f,0x0a,0x20,0x20,
    0x62,0x67,0x5f,0x65,0x6e,0x76,0x20,0x3a,0x20,0x76,0x65,0x63,0x34,0x66,0x2c,0x0a,
    0x20,0x20,0x2f,0x2a,0x20,0x40,0x6f,0x66,0x66,0x73,0x65,0x74,0x28,0x38,0x30,0x29,
    0x20,0x2a,0x2f,0x0a,0x20,0x20,0x62,0x67,0x5f,0x74,0x6f,0x6e,0x65,0x6d,0x61,0x70,
    0x20,0x3a,0x20,0x76,0x65,0x63,0x34,0x66,0x2c,0x0a,0x7d,0x0a,0x0a,0x40,0x62,0x69,
    0x6e,0x64,0x69,0x6e,0x67,0x28,0x30,0x29,0x20,0x40,0x67,0x72,0x6f,0x75,0x70,0x28,
    0x30,0x29,0x20,0x76,0x61,0x72,0x3c,0x75,0x6e,0x69,0x66,0x6f,0x72,0x6d,0x3e,0x20,
    0x78,0x5f,0x32,0x33,0x36,0x20,0x3a,0x20,0x62,0x67,0x5f,0x70,0x61,0x72,0x61,0x6d,
    0x73,0x3b,0x0a,0x0a,0x76,0x61,0x72,0x3c,0x70,0x72,0x69,0x76,0x61,0x74,0x65,0x3e,
    0x20,0x76,0x5f,0x6e,0x64,0x63,0x20,0x3a,0x20,0x76,0x65,0x63,0x32,0x66,0x3b,0x0a,
    0x0a,0x40,0x62,0x69,0x6e,0x64,0x69,0x6e,0x67,0x28,0x30,0x29,0x20,0x40,0x67,0x72,
    0x6f,0x75,0x70,0x28,0x31,0x29,0x20,0x76,0x61,0x72,0x20,0x62,0x67,0x5f,0x74,0x65,
    0x78,0x20,0x3a,0x20,0x74,0x65,0x78,0x74,0x75,0x72,0x65,0x5f,0x63,0x75,0x62,0x65,
    0x3c,0x66,0x33,0x32,0x3e,0x3b,0x0a,0x0a,0x40,0x62,0x69,0x6e,0x64,0x69,0x6e,0x67,
    0x28,0x33,0x32,0x29,0x20,0x40,0x67,0x72,0x6f,0x75,0x70,0x28,0x31,0x29,0x20,0x76,
    0x61,0x72,0x20,0x62,0x67,0x5f,0x73,0x6d,0x70,0x20,0x3a,0x20,0x73,0x61,0x6d,0x70,
    0x6c,0x65,0x72,0x3b,0x0a,0x0a,0x76,0x61,0x72,0x3c,0x70,0x72,0x69,0x76,0x61,0x74,
    0x65,0x3e,0x20,0x66,0x72,0x61,0x67,0x5f,0x63,0x6f,0x6c,0x6f,0x72,0x20,0x3a,0x20,
    0x76,0x65,0x63,0x34,0x66,0x3b,0x0a,0x0a,0x66,0x6e,0x20,0x65,0x6e,0x76,0x5f,0x64,
    0x69,0x72,0x5f,0x76,0x66,0x33,0x5f,0x76,0x66,0x34,0x5f,0x28,0x64,0x69,0x72,0x20,
    0x3a,0x20,0x70,0x74,0x72,0x3c,0x66,0x75,0x6e,0x63,0x74,0x69,0x6f,0x6e,0x2c,0x20,
    0x76,0x65,0x63,0x33,0x66,0x3e,0x2c,0x20,0x65,0x6e,0x76,0x20,0x3a,0x20,0x70,0x74,
    0x72,0x3c,0x66,0x75,0x6e,0x63,0x74,0x69,0x6f,0x6e,0x2c,0x20,0x76,0x65,0x63,0x34,
    0x66,0x3e,0x29,0x20,0x2d,0x3e,0x20,0x76,0x65,0x63,0x33,0x66,0x20,0x7b,0x0a,0x20,
    0x20,0x6c,0x65,0x74,0x20,0x78,0x5f,0x32,0x30,0x35,0x20,0x3d,0x20,0x28,0x2a,0x28,
    0x65,0x6e,0x76,0x29,0x29,0x2e,0x7a,0x3b,0x0a,0x20,0x20,0x6c,0x65,0x74,0x20,0x78,
    0x5f,0x32,0x30,0x37,0x20,0x3d,0x20,0x28,0x2a,0x28,0x64,0x69,0x72,0x29,0x29,0x2e,
    0x78,0x3b,0x0a,0x20,0x20,0x6c,0x65,0x74,0x20,0x78,0x5f,0x32,0x31,0x31,0x20,0x3d,
    0x20,0x28,0x2a,0x28,0x65,0x6e,0x76,0x29,0x29,0x2e,0x77,0x3b,0x0a,0x20,0x20,0x6c,
    0x65,0x74,0x20,0x78,0x5f,0x32,0x31,0x33,0x20,0x3d,0x20,0x28,0x2a,0x28,0x64,0x69,
    0x72,0x29,0x29,0x2e,0x7a,0x3b,0x0a,0x20,0x20,0x6c,0x65,0x74,0x20,0x78,0x5f,0x32,
    0x31,0x37,0x20,0x3d,0x20,0x28,0x2a,0x28,0x64,0x69,0x72,0x29,0x29,0x2e,0x79,0x3b,
    0x0a,0x20,0x20,0x6c,0x65,0x74,0x20,0x78,0x5f,0x32,0x31,0x39,0x20,0x3d,0x20,0x28,
    0x2a,0x28,0x65,0x6e,0x76,0x29,0x29,0x2e,0x77,0x3b,0x0a,0x20,0x20,0x6c,0x65,0x74,
    0x20,0x78,0x5f,0x32,0x32,0x31,0x20,0x3d,0x20,0x28,0x2a,0x28,0x64,0x69,0x72,0x29,
    0x29,0x2e,0x78,0x3b,0x0a,0x20,0x20,0x6c,0x65,0x74,0x20,0x78,0x5f,0x32,0x32,0x34,
    0x20,0x3d,0x20,0x28,0x2a,0x28,0x65,0x6e,0x76,0x29,0x29,0x2e,0x7a,0x3b,0x0a,0x20,
    0x20,0x6c,0x65,0x74,0x20,0x78,0x5f,0x32,0x32,0x36,0x20,0x3d,0x20,0x28,0x2a,0x28,
    0x64,0x69,0x72,0x29,0x29,0x2e,0x7a,0x3b,0x0a,0x20,0x20,0x72,0x65,0x74,0x75,0x72,
    0x6e,0x20,0x76,0x65,0x63,0x33,0x66,0x28,0x28,0x28,0x78,0x5f,0x32,0x30,0x35,0x20,
    0x2a,0x20,0x78,0x5f,0x32,0x30,0x37,0x29,0x20,0x2d,0x20,0x28,0x78,0x5f,0x32,0x31,
    0x31,0x20,0x2a,0x20,0x78,0x5f,0x32,0x31,0x33,0x29,0x29,0x2c,0x20,0x78,0x5f,0x32,
    0x31,0x37,0x2c,0x20,0x28,0x28,0x78,0x5f,0x32,0x31,0x39,0x20,0x2a,0x20,0x78,0x5f,
    0x32,0x32,0x31,0x29,0x20,0x2b,0x20,0x28,0x78,0x5f,0x32,0x32,0x34,0x20,0x2a,0x20,
    0x78,0x5f,0x32,0x32,0x36,0x29,0x29,0x29,0x3b,0x0a,0x7d,0x0a,0x0a,0x66,0x6e,0x20,
    0x74,0x6f,0x6e,0x65,0x6d,0x61,0x70,0x5f,0x6e,0x65,0x75,0x74,0x72,0x61,0x6c,0x5f,
    0x76,0x66,0x33,0x5f,0x28,0x63,0x6f,0x6c,0x6f,0x72,0x20,0x3a,0x20,0x70,0x74,0x72,
    0x3c,0x66,0x75,0x6e,0x63,0x74,0x69,0x6f,0x6e,0x2c,0x20,0x76,0x65,0x63,0x33,0x66,
    0x3e,0x29,0x20,0x2d,0x3e,0x20,0x76,0x65,0x63,0x33,0x66,0x20,0x7b,0x0a,0x20,0x20,
    0x76,0x61,0x72,0x20,0x78,0x5f,0x37,0x39,0x20,0x3a,0x20,0x66,0x33,0x32,0x3b,0x0a,
    0x20,0x20,0x6c,0x65,0x74,0x20,0x78,0x5f,0x37,0x33,0x20,0x3d,0x20,0x6d,0x69,0x6e,
    0x28,0x28,0x2a,0x28,0x63,0x6f,0x6c,0x6f,0x72,0x29,0x29,0x2e,0x78,0x2c,0x20,0x6d,
    0x69,0x6e,0x28,0x28,0x2a,0x28,0x63,0x6f,0x6c,0x6f,0x72,0x29,0x29,0x2e,0x79,0x2c,
    0x20,0x28,0x2a,0x28,0x63,0x6f,0x6c,0x6f,0x72,0x29,0x29,0x2e,0x7a,0x29,0x29,0x3b,
    0x0a,0x20,0x20,0x69,0x66,0x20,0x28,0x28,0x78,0x5f,0x37,0x33,0x20,0x3c,0x20,0x30,
    0x2e,0x30,0x37,0x39,0x39,0x39,0x39,0x39,0x39,0x38,0x32,0x31,0x31,0x38,0x36,0x30,
    0x36,0x35,0x36,0x37,0x34,0x66,0x29,0x29,0x20,0x7b,0x0a,0x20,0x20,0x20,0x20,0x78,
    0x5f,0x37,0x39,0x20,0x3d,0x20,0x28,0x78,0x5f,0x37,0x33,0x20,0x2d,0x20,0x28,0x28,
    0x36,0x2e,0x32,0x35,0x66,0x20,0x2a,0x20,0x78,0x5f,0x37,0x33,0x29,0x20,0x2a,0x20,
    0x78,0x5f,0x37,0x33,0x29,0x29,0x3b,0x0a,0x20,0x20,0x7d,0x20,0x65,0x6c,0x73,0x65,
    0x20,0x7b,0x0a,0x20,0x20,0x20,0x20,0x78,0x5f,0x37,0x39,0x20,0x3d,0x20,0x30,0x2e,
    0x30,0x33,0x39,0x39,0x39,0x39,0x39,0x39,0x39,0x31,0x30,0x35,0x39,0x33,0x30,0x33,
    0x32,0x38,0x33,0x37,0x66,0x3b,0x0a,0x20,0x20,0x7d,0x0a,0x20,0x20,0x2a,0x28,0x63,
    0x6f,0x6c,0x6f,0x72,0x29,0x20,0x3d,0x20,0x28,0x2a,0x28,0x63,0x6f,0x6c,0x6f,0x72,
    0x29,0x20,0x2d,0x20,0x76,0x65,0x63,0x33,0x66,0x28,0x78,0x5f,0x37,0x39,0x29,0x29,
    0x3b,0x0a,0x20,0x20,0x6c,0x65,0x74,0x20,0x78,0x5f,0x31,0x30,0x34,0x20,0x3d,0x20,
    0x6d,0x61,0x78,0x28,0x28,0x2a,0x28,0x63,0x6f,0x6c,0x6f,0x72,0x29,0x29,0x2e,0x78,
    0x2c,0x20,0x6d,0x61,0x78,0x28,0x28,0x2a,0x28,0x63,0x6f,0x6c,0x6f,0x72,0x29,0x29,
    0x2e,0x79,0x2c,0x20,0x28,0x2a,0x28,0x63,0x6f,0x6c,0x6f,0x72,0x29,0x29,0x2e,0x7a,
    0x29,0x29,0x3b,0x0a,0x20,0x20,0x69,0x66,0x20,0x28,0x28,0x78,0x5f,0x31,0x30,0x34,
    0x20,0x3c,0x20,0x30,0x2e,0x37,0x35,0x39,0x39,0x39,0x39,0x39,0x39,0x30,0x34,0x36,
    0x33,0x32,0x35,0x36,0x38,0x33,0x35,0x39,0x34,0x66,0x29,0x29,0x20,0x7b,0x0a,0x20,
    0x20,0x20,0x20,0x6c,0x65,0x74,0x20,0x78,0x5f,0x31,0x31,0x30,0x20,0x3d,0x20,0x2a,
    0x28,0x63,0x6f,0x6c,0x6f,0x72,0x29,0x3b,0x0a,0x20,0x20,0x20,0x20,0x72,0x65,0x74,
    0x75,0x72,0x6e,0x20,0x78,0x5f,0x31,0x31,0x30,0x3b,0x0a,0x20,0x20,0x7d,0x0a,0x20,
    0x20,0x6c,0x65,0x74,0x20,0x78,0x5f,0x31,0x31,0x39,0x20,0x3d,0x20,0x28,0x31,0x2e,
    0x30,0x66,0x20,0x2d,0x20,0x28,0x30,0x2e,0x30,0x35,0x37,0x35,0x39,0x39,0x39,0x39,
    0x39,0x30,0x31,0x30,0x35,0x36,0x32,0x38,0x39,0x36,0x37,0x33,0x66,0x20,0x2f,0x20,
    0x28,0x78,0x5f,0x31,0x30,0x34,0x20,0x2b,0x20,0x2d,0x30,0x2e,0x35,0x31,0x39,0x39,
    0x39,0x39,0x39,0x38,0x30,0x39,0x32,0x36,0x35,0x31,0x33,0x36,0x37,0x31,0x38,0x38,
    0x66,0x29,0x29,0x29,0x3b,0x0a,0x20,0x20,0x2a,0x28,0x63,0x6f,0x6c,0x6f,0x72,0x29,
    0x20,0x3d,0x20,0x28,0x2a,0x28,0x63,0x6f,0x6c,0x6f,0x72,0x29,0x20,0x2a,0x20,0x28,
    0x78,0x5f,0x31,0x31,0x39,0x20,0x2f,0x20,0x78,0x5f,0x31,0x30,0x34,0x29,0x29,0x3b,
    0x0a,0x20,0x20,0x6c,0x65,0x74,0x20,0x78,0x5f,0x31,0x33,0x33,0x20,0x3d,0x20,0x28,
    0x31,0x2e,0x30,0x66,0x20,0x2d,0x20,0x28,0x31,0x2e,0x30,0x66,0x20,0x2f,0x20,0x28,
    0x28,0x30,0x2e,0x31,0x35,0x30,0x30,0x30,0x30,0x30,0x30,0x35,0x39,0x36,0x30,0x34,
    0x36,0x34,0x34,0x37,0x37,0x35,0x34,0x66,0x20,0x2a,0x20,0x28,0x78,0x5f,0x31,0x30,
    0x34,0x20,0x2d,0x20,0x78,0x5f,0x31,0x31,0x39,0x29,0x29,0x20,0x2b,0x20,0x31,0x2e,
    0x30,0x66,0x29,0x29,0x29,0x3b,0x0a,0x20,0x20,0x6c,0x65,0x74,0x20,0x78,0x5f,0x31,
    0x33,0x34,0x20,0x3d,0x20,0x2a,0x28,0x63,0x6f,0x6c,0x6f,0x72,0x29,0x3b,0x0a,0x20,
    0x20,0x72,0x65,0x74,0x75,0x72,0x6e,0x20,0x6d,0x69,0x78,0x28,0x78,0x5f,0x31,0x33,
    0x34,0x2c,0x20,0x76,0x65,0x63,0x33,0x66,0x28,0x78,0x5f,0x31,0x31,0x39,0x29,0x2c,
    0x20,0x76,0x65,0x63,0x33,0x66,0x28,0x78,0x5f,0x31,0x33,0x33,0x29,0x29,0x3b,0x0a,
    0x7d,0x0a,0x0a,0x63,0x6f,0x6e,0x73,0x74,0x20,0x78,0x5f,0x33,0x34,0x20,0x3d,0x20,
    0x76,0x65,0x63,0x33,0x66,0x28,0x31,0x2e,0x30,0x66,0x29,0x3b,0x0a,0x0a,0x66,0x6e,
    0x20,0x74,0x6f,0x6e,0x65,0x6d,0x61,0x70,0x5f,0x61,0x63,0x65,0x73,0x5f,0x76,0x66,
    0x33,0x5f,0x28,0x63,0x6f,0x6c,0x6f,0x72,0x5f,0x31,0x20,0x3a,0x20,0x70,0x74,0x72,
    0x3c,0x66,0x75,0x6e,0x63,0x74,0x69,0x6f,0x6e,0x2c,0x20,0x76,0x65,0x63,0x33,0x66,
    0x3e,0x29,0x20,0x2d,0x3e,0x20,0x76,0x65,0x63,0x33,0x66,0x20,0x7b,0x0a,0x20,0x20,
    0x2a,0x28,0x63,0x6f,0x6c,0x6f,0x72,0x5f,0x31,0x29,0x20,0x3d,0x20,0x28,0x2a,0x28,
    0x63,0x6f,0x6c,0x6f,0x72,0x5f,0x31,0x29,0x20,0x2a,0x20,0x30,0x2e,0x36,0x30,0x30,
    0x30,0x30,0x30,0x30,0x32,0x33,0x38,0x34,0x31,0x38,0x35,0x37,0x39,0x31,0x30,0x31,
    0x36,0x66,0x29,0x3b,0x0a,0x20,0x20,0x6c,0x65,0x74,0x20,0x78,0x5f,0x31,0x34,0x35,
    0x20,0x3d,0x20,0x2a,0x28,0x63,0x6f,0x6c,0x6f,0x72,0x5f,0x31,0x29,0x3b,0x0a,0x20,
    0x20,0x6c,0x65,0x74,0x20,0x78,0x5f,0x31,0x34,0x37,0x20,0x3d,0x20,0x2a,0x28,0x63,
    0x6f,0x6c,0x6f,0x72,0x5f,0x31,0x29,0x3b,0x0a,0x20,0x20,0x6c,0x65,0x74,0x20,0x78,
    0x5f,0x31,0x35,0x33,0x20,0x3d,0x20,0x2a,0x28,0x63,0x6f,0x6c,0x6f,0x72,0x5f,0x31,
    0x29,0x3b,0x0a,0x20,0x20,0x6c,0x65,0x74,0x20,0x78,0x5f,0x31,0x35,0x35,0x20,0x3d,
    0x20,0x2a,0x28,0x63,0x6f,0x6c,0x6f,0x72,0x5f,0x31,0x29,0x3b,0x0a,0x20,0x20,0x72,
    0x65,0x74,0x75,0x72,0x6e,0x20,0x63,0x6c,0x61,0x6d,0x70,0x28,0x28,0x28,0x78,0x5f,
    0x31,0x34,0x35,0x20,0x2a,0x20,0x28,0x28,0x78,0x5f,0x31,0x34,0x37,0x20,0x2a,0x20,
    0x32,0x2e,0x35,0x30,0x39,0x39,0x39,0x39,0x39,0x39,0x30,0x34,0x36,0x33,0x32,0x35,
    0x36,0x38,0x33,0x35,0x39,0x34,0x66,0x29,0x20,0x2b,0x20,0x76,0x65,0x63,0x33,0x66,
    0x28,0x30,0x2e,0x30,0x32,0x39,0x39,0x39,0x39,0x39,0x39,0x39,0x33,0x32,0x39,0x34,
    0x34,0x37,0x37,0x34,0x36,0x32,0x38,0x66,0x29,0x29,0x29,0x20,0x2f,0x20,0x28,0x28,
    0x78,0x5f,0x31,0x35,0x33,0x20,0x2a,0x20,0x28,0x28,0x78,0x5f,0x31,0x35,0x35,0x20,
    0x2a,0x20,0x32,0x2e,0x34,0x33,0x30,0x30,0x30,0x30,0x30,0x36,0x36,0x37,0x35,0x37,
    0x32,0x30,0x32,0x31,0x34,0x38,0x34,0x34,0x66,0x29,0x20,0x2b,0x20,0x76,0x65,0x63,
    0x33,0x66,0x28,0x30,0x2e,0x35,0x38,0x39,0x39,0x39,0x39,0x39,0x37,0x33,0x37,0x37,
    0x33,0x39,0x35,0x36,0x32,0x39,0x38,0x38,0x33,0x66,0x29,0x29,0x29,0x20,0x2b,0x20,
    0x76,0x65,0x63,0x33,0x66,0x28,0x30,0x2e,0x31,0x34,0x30,0x30,0x30,0x30,0x30,0x30,
    0x30,0x35,0x39,0x36,0x30,0x34,0x36,0x34,0x34,0x37,0x37,0x35,0x66,0x29,0x29,0x29,
    0x2c,0x20,0x76,0x65,0x63,0x33,0x66,0x28,0x29,0x2c,0x20,0x78,0x5f,0x33,0x34,0x29,
    0x3b,0x0a,0x7d,0x0a,0x0a,0x63,0x6f,0x6e,0x73,0x74,0x20,0x78,0x5f,0x34,0x34,0x20,
    0x3d,0x20,0x76,0x65,0x63,0x33,0x66,0x28,0x30,0x2e,0x30,0x30,0x33,0x31,0x33,0x30,
    0x38,0x30,0x30,0x30,0x39,0x30,0x37,0x33,0x30,0x31,0x39,0x30,0x32,0x38,0x66,0x29,
    0x3b,0x0a,0x0a,0x66,0x6e,0x20,0x6c,0x69,0x6e,0x65,0x61,0x72,0x5f,0x74,0x6f,0x5f,
    0x73,0x72,0x67,0x62,0x5f,0x76,0x66,0x33,0x5f,0x28,0x63,0x20,0x3a,0x20,0x70,0x74,
    0x72,0x3c,0x66,0x75,0x6e,0x63,0x74,0x69,0x6f,0x6e,0x2c,0x20,0x76,0x65,0x63,0x33,
    0x66,0x3e,0x29,0x20,0x2d,0x3e,0x20,0x76,0x65,0x63,0x33,0x66,0x20,0x7b,0x0a,0x20,
    0x20,0x2a,0x28,0x63,0x29,0x20,0x3d,0x20,0x63,0x6c,0x61,0x6d,0x70,0x28,0x2a,0x28,
    0x63,0x29,0x2c,0x20,0x76,0x65,0x63,0x33,0x66,0x28,0x29,0x2c,0x20,0x78,0x5f,0x33,
    0x34,0x29,0x3b,0x0a,0x20,0x20,0x6c,0x65,0x74,0x20,0x78,0x5f,0x33,0x37,0x20,0x3d,
    0x20,0x2a,0x28,0x63,0x29,0x3b,0x0a,0x20,0x20,0x6c,0x65,0x74,0x20,0x78,0x5f,0x34,
    0x32,0x20,0x3d,0x20,0x2a,0x28,0x63,0x29,0x3b,0x0a,0x20,0x20,0x6c,0x65,0x74,0x20,
    0x78,0x5f,0x35,0x35,0x20,0x3d,0x20,0x2a,0x28,0x63,0x29,0x3b,0x0a,0x20,0x20,0x72,
    0x65,0x74,0x75,0x72,0x6e,0x20,0x6d,0x69,0x78,0x28,0x28,0x78,0x5f,0x33,0x37,0x20,
    0x2a,0x20,0x31,0x32,0x2e,0x39,0x32,0x30,0x30,0x30,0x30,0x30,0x37,0x36,0x32,0x39,
    0x33,0x39,0x34,0x35,0x33,0x31,0x32,0x35,0x66,0x29,0x2c,0x20,0x28,0x28,0x70,0x6f,
    0x77,0x28,0x6d,0x61,0x78,0x28,0x78,0x5f,0x34,0x32,0x2c,0x20,0x78,0x5f,0x34,0x34,
    0x29,0x2c,0x20,0x76,0x65,0x63,0x33,0x66,0x28,0x30,0x2e,0x34,0x31,0x36,0x36,0x36,
    0x36,0x36,0x35,0x36,0x37,0x33,0x32,0x35,0x35,0x39,0x32,0x30,0x34,0x31,0x66,0x29,
    0x29,0x20,0x2a,0x20,0x31,0x2e,0x30,0x35,0x34,0x39,0x39,0x39,0x39,0x34,0x37,0x35,
    0x34,0x37,0x39,0x31,0x32,0x35,0x39,0x37,0x36,0x36,0x66,0x29,0x20,0x2d,0x20,0x76,
    0x65,0x63,0x33,0x66,0x28,0x30,0x2e,0x30,0x35,0x34,0x39,0x39,0x39,0x39,0x39,0x39,
    0x37,0x30,0x31,0x39,0x37,0x36,0x37,0x37,0x36,0x31,0x32,0x66,0x29,0x29,0x2c,0x20,
    0x73,0x74,0x65,0x70,0x28,0x78,0x5f,0x34,0x34,0x2c,0x20,0x78,0x5f,0x35,0x35,0x29,
    0x29,0x3b,0x0a,0x7d,0x0a,0x0a,0x66,0x6e,0x20,0x74,0x6f,0x5f,0x64,0x69,0x73,0x70,
    0x6c,0x61,0x79,0x5f,0x76,0x66,0x33,0x5f,0x76,0x66,0x34,0x5f,0x28,0x63,0x6f,0x6c,
    0x6f,0x72,0x5f,0x32,0x20,0x3a,0x20,0x70,0x74,0x72,0x3c,0x66,0x75,0x6e,0x63,0x74,
    0x69,0x6f,0x6e,0x2c,0x20,0x76,0x65,0x63,0x33,0x66,0x3e,0x2c,0x20,0x74,0x6f,0x6e,
    0x65,0x6d,0x61,0x70,0x20,0x3a,0x20,0x70,0x74,0x72,0x3c,0x66,0x75,0x6e,0x63,0x74,
    0x69,0x6f,0x6e,0x2c,0x20,0x76,0x65,0x63,0x34,0x66,0x3e,0x29,0x20,0x2d,0x3e,0x20,
    0x76,0x65,0x63,0x33,0x66,0x20,0x7b,0x0a,0x20,0x20,0x76,0x61,0x72,0x20,0x70,0x61,
    0x72,0x61,0x6d,0x20,0x3a,0x20,0x76,0x65,0x63,0x33,0x66,0x3b,0x0a,0x20,0x20,0x76,
    0x61,0x72,0x20,0x70,0x61,0x72,0x61,0x6d,0x5f,0x31,0x20,0x3a,0x20,0x76,0x65,0x63,
    0x33,0x66,0x3b,0x0a,0x20,0x20,0x76,0x61,0x72,0x20,0x70,0x61,0x72,0x61,0x6d,0x5f,
    0x32,0x20,0x3a,0x20,0x76,0x65,0x63,0x33,0x66,0x3b,0x0a,0x20,0x20,0x76,0x61,0x72,
    0x20,0x78,0x5f,0x31,0x38,0x31,0x20,0x3a,0x20,0x69,0x33,0x32,0x3b,0x0a,0x20,0x20,
    0x2a,0x28,0x63,0x6f,0x6c,0x6f,0x72,0x5f,0x32,0x29,0x20,0x3d,0x20,0x28,0x2a,0x28,
    0x63,0x6f,0x6c,0x6f,0x72,0x5f,0x32,0x29,0x20,0x2a,0x20,0x28,0x2a,0x28,0x74,0x6f,
    0x6e,0x65,0x6d,0x61,0x70,0x29,0x29,0x2e,0x79,0x29,0x3b,0x0a,0x20,0x20,0x78,0x5f,
    0x31,0x38,0x31,0x20,0x3d,0x20,0x69,0x33,0x32,0x28,0x28,0x28,0x2a,0x28,0x74,0x6f,
    0x6e,0x65,0x6d,0x61,0x70,0x29,0x29,0x2e,0x78,0x20,0x2b,0x20,0x30,0x2e,0x35,0x66,
    0x29,0x29,0x3b,0x0a,0x20,0x20,0x69,0x66,0x20,0x28,0x28,0x78,0x5f,0x31,0x38,0x31,
    0x20,0x3d,0x3d,0x20,0x31,0x69,0x29,0x29,0x20,0x7b,0x0a,0x20,0x20,0x20,0x20,0x70,
    0x61,0x72,0x61,0x6d,0x20,0x3d,0x20,0x2a,0x28,0x63,0x6f,0x6c,0x6f,0x72,0x5f,0x32,
    0x29,0x3b,0x0a,0x20,0x20,0x20,0x20,0x6c,0x65,0x74,0x20,0x78,0x5f,0x31,0x38,0x39,
    0x20,0x3d,0x20,0x74,0x6f,0x6e,0x65,0x6d,0x61,0x70,0x5f,0x6e,0x65,0x75,0x74,0x72,
    0x61,0x6c,0x5f,0x76,0x66,0x33,0x5f,0x28,0x26,0x28,0x70,0x61,0x72,0x61,0x6d,0x29,
    0x29,0x3b,0x0a,0x20,0x20,0x20,0x20,0x2a,0x28,0x63,0x6f,0x6c,0x6f,0x72,0x5f,0x32,
    0x29,0x20,0x3d,0x20,0x78,0x5f,0x31,0x38,0x39,0x3b,0x0a,0x20,0x20,0x7d,0x20,0x65,
    0x6c,0x73,0x65,0x20,0x7b,0x0a,0x20,0x20,0x20,0x20,0x69,0x66,0x20,0x28,0x28,0x78,
    0x5f,0x31,0x38,0x31,0x20,0x3d,0x3d,0x20,0x32,0x69,0x29,0x29,0x20,0x7b,0x0a,0x20,
    0x20,0x20,0x20,0x20,0x20,0x70,0x61,0x72,0x61,0x6d,0x5f,0x31,0x20,0x3d,0x20,0x2a,
    0x28,0x63,0x6f,0x6c,0x6f,0x72,0x5f,0x32,0x29,0x3b,0x0a,0x20,0x20,0x20,0x20,0x20,
    0x20,0x6c,0x65,0x74,0x20,0x78,0x5f,0x31,0x39,0x38,0x20,0x3d,0x20,0x74,0x6f,0x6e,
    0x65,0x6d,0x61,0x70,0x5f,0x61,0x63,0x65,0x73,0x5f,0x76,0x66,0x33,0x5f,0x28,0x26,
    0x28,0x70,0x61,0x72,0x61,0x6d,0x5f,0x31,0x29,0x29,0x3b,0x0a,0x20,0x20,0x20,0x20,
    0x20,0x20,0x2a,0x28,0x63,0x6f,0x6c,0x6f,0x72,0x5f,0x32,0x29,0x20,0x3d,0x20,0x78,
    0x5f,0x31,0x39,0x38,0x3b,0x0a,0x20,0x20,0x20,0x20,0x7d,0x0a,0x20,0x20,0x7d,0x0a,
    0x20,0x20,0x70,0x61,0x72,0x61,0x6d,0x5f,0x32,0x20,0x3d,0x20,0x2a,0x28,0x63,0x6f,
    0x6c,0x6f,0x72,0x5f,0x32,0x29,0x3b,0x0a,0x20,0x20,0x6c,0x65,0x74,0x20,0x78,0x5f,
    0x32,0x30,0x31,0x20,0x3d,0x20,0x6c,0x69,0x6e,0x65,0x61,0x72,0x5f,0x74,0x6f,0x5f,
    0x73,0x72,0x67,0x62,0x5f,0x76,0x66,0x33,0x5f,0x28,0x26,0x28,0x70,0x61,0x72,0x61,
    0x6d,0x5f,0x32,0x29,0x29,0x3b,0x0a,0x20,0x20,0x72,0x65,0x74,0x75,0x72,0x6e,0x20,
    0x78,0x5f,0x32,0x30,0x31,0x3b,0x0a,0x7d,0x0a,0x0a,0x66,0x6e,0x20,0x6d,0x61,0x69,
    0x6e,0x5f,0x31,0x28,0x29,0x20,0x7b,0x0a,0x20,0x20,0x76,0x61,0x72,0x20,0x70,0x61,
    0x72,0x61,0x6d,0x5f,0x33,0x20,0x3a,0x20,0x76,0x65,0x63,0x33,0x66,0x3b,0x0a,0x20,
    0x20,0x76,0x61,0x72,0x20,0x70,0x61,0x72,0x61,0x6d,0x5f,0x34,0x20,0x3a,0x20,0x76,
    0x65,0x63,0x34,0x66,0x3b,0x0a,0x20,0x20,0x76,0x61,0x72,0x20,0x70,0x61,0x72,0x61,
    0x6d,0x5f,0x35,0x20,0x3a,0x20,0x76,0x65,0x63,0x33,0x66,0x3b,0x0a,0x20,0x20,0x76,
    0x61,0x72,0x20,0x70,0x61,0x72,0x61,0x6d,0x5f,0x36,0x20,0x3a,0x20,0x76,0x65,0x63,
    0x34,0x66,0x3b,0x0a,0x20,0x20,0x6c,0x65,0x74,0x20,0x78,0x5f,0x32,0x34,0x30,0x20,
    0x3d,0x20,0x78,0x5f,0x32,0x33,0x36,0x2e,0x69,0x6e,0x76,0x5f,0x76,0x69,0x65,0x77,
    0x5f,0x70,0x72,0x6f,0x6a,0x3b,0x0a,0x20,0x20,0x6c,0x65,0x74,0x20,0x78,0x5f,0x32,
    0x34,0x36,0x20,0x3d,0x20,0x76,0x5f,0x6e,0x64,0x63,0x2e,0x78,0x3b,0x0a,0x20,0x20,
    0x6c,0x65,0x74,0x20,0x78,0x5f,0x32,0x34,0x37,0x20,0x3d,0x20,0x76,0x5f,0x6e,0x64,
    0x63,0x2e,0x79,0x3b,0x0a,0x20,0x20,0x6c,0x65,0x74,0x20,0x78,0x5f,0x32,0x34,0x39,
    0x20,0x3d,0x20,0x28,0x78,0x5f,0x32,0x34,0x30,0x20,0x2a,0x20,0x76,0x65,0x63,0x34,
    0x66,0x28,0x78,0x5f,0x32,0x34,0x36,0x2c,0x20,0x78,0x5f,0x32,0x34,0x37,0x2c,0x20,
    0x2d,0x31,0x2e,0x30,0x66,0x2c,0x20,0x31,0x2e,0x30,0x66,0x29,0x29,0x3b,0x0a,0x20,
    0x20,0x6c,0x65,0x74,0x20,0x78,0x5f,0x32,0x35,0x37,0x20,0x3d,0x20,0x28,0x78,0x5f,
    0x32,0x34,0x30,0x20,0x2a,0x20,0x76,0x65,0x63,0x34,0x66,0x28,0x78,0x5f,0x32,0x34,
    0x36,0x2c,0x20,0x78,0x5f,0x32,0x34,0x37,0x2c,0x20,0x31,0x2e,0x30,0x66,0x2c,0x20,
    0x31,0x2e,0x30,0x66,0x29,0x29,0x3b,0x0a,0x20,0x20,0x70,0x61,0x72,0x61,0x6d,0x5f,
    0x33,0x20,0x3d,0x20,0x6e,0x6f,0x72,0x6d,0x61,0x6c,0x69,0x7a,0x65,0x28,0x28,0x28,
    0x78,0x5f,0x32,0x35,0x37,0x2e,0x78,0x79,0x7a,0x20,0x2f,0x20,0x76,0x65,0x63,0x33,
    0x66,0x28,0x78,0x5f,0x32,0x35,0x37,0x2e,0x77,0x29,0x29,0x20,0x2d,0x20,0x28,0x78,
    0x5f,0x32,0x34,0x39,0x2e,0x78,0x79,0x7a,0x20,0x2f,0x20,0x76,0x65,0x63,0x33,0x66,
    0x28,0x78,0x5f,0x32,0x34,0x39,0x2e,0x77,0x29,0x29,0x29,0x29,0x3b,0x0a,0x20,0x20,
    0x70,0x61,0x72,0x61,0x6d,0x5f,0x34,0x20,0x3d,0x20,0x78,0x5f,0x32,0x33,0x36,0x2e,
    0x62,0x67,0x5f,0x65,0x6e,0x76,0x3b,0x0a,0x20,0x20,0x6c,0x65,0x74,0x20,0x78,0x5f,
    0x32,0x39,0x30,0x20,0x3d,0x20,0x65,0x6e,0x76,0x5f,0x64,0x69,0x72,0x5f,0x76,0x66,
    0x33,0x5f,0x76,0x66,0x34,0x5f,0x28,0x26,0x28,0x70,0x61,0x72,0x61,0x6d,0x5f,0x33,
    0x29,0x2c,0x20,0x26,0x28,0x70,0x61,0x72,0x61,0x6d,0x5f,0x34,0x29,0x29,0x3b,0x0a,
    0x20,0x20,0x70,0x61,0x72,0x61,0x6d,0x5f,0x35,0x20,0x3d,0x20,0x28,0x74,0x65,0x78,
    0x74,0x75,0x72,0x65,0x53,0x61,0x6d,0x70,0x6c,0x65,0x4c,0x65,0x76,0x65,0x6c,0x28,
    0x62,0x67,0x5f,0x74,0x65,0x78,0x2c,0x20,0x62,0x67,0x5f,0x73,0x6d,0x70,0x2c,0x20,
    0x78,0x5f,0x32,0x39,0x30,0x2c,0x20,0x78,0x5f,0x32,0x33,0x36,0x2e,0x62,0x67,0x5f,
    0x65,0x6e,0x76,0x2e,0x79,0x29,0x2e,0x78,0x79,0x7a,0x20,0x2a,0x20,0x78,0x5f,0x32,
    0x33,0x36,0x2e,0x62,0x67,0x5f,0x65,0x6e,0x76,0x2e,0x78,0x29,0x3b,0x0a,0x20,0x20,
    0x70,0x61,0x72,0x61,0x6d,0x5f,0x36,0x20,0x3d,0x20,0x78,0x5f,0x32,0x33,0x36,0x2e,
    0x62,0x67,0x5f,0x74,0x6f,0x6e,0x65,0x6d,0x61,0x70,0x3b,0x0a,0x20,0x20,0x6c,0x65,
    0x74,0x20,0x78,0x5f,0x33,0x30,0x36,0x20,0x3d,0x20,0x74,0x6f,0x5f,0x64,0x69,0x73,
    0x70,0x6c,0x61,0x79,0x5f,0x76,0x66,0x33,0x5f,0x76,0x66,0x34,0x5f,0x28,0x26,0x28,
    0x70,0x61,0x72,0x61,0x6d,0x5f,0x35,0x29,0x2c,0x20,0x26,0x28,0x70,0x61,0x72,0x61,
    0x6d,0x5f,0x36,0x29,0x29,0x3b,0x0a,0x20,0x20,0x66,0x72,0x61,0x67,0x5f,0x63,0x6f,
    0x6c,0x6f,0x72,0x20,0x3d,0x20,0x76,0x65,0x63,0x34,0x66,0x28,0x78,0x5f,0x33,0x30,
    0x36,0x2e,0x78,0x2c,0x20,0x78,0x5f,0x33,0x30,0x36,0x2e,0x79,0x2c,0x20,0x78,0x5f,
    0x33,0x30,0x36,0x2e,0x7a,0x2c,0x20,0x31,0x2e,0x30,0x66,0x29,0x3b,0x0a,0x20,0x20,
    0x72,0x65,0x74,0x75,0x72,0x6e,0x3b,0x0a,0x7d,0x0a,0x0a,0x73,0x74,0x72,0x75,0x63,
    0x74,0x20,0x6d,0x61,0x69,0x6e,0x5f,0x6f,0x75,0x74,0x20,0x7b,0x0a,0x20,0x20,0x40,
    0x6c,0x6f,0x63,0x61,0x74,0x69,0x6f,0x6e,0x28,0x30,0x29,0x0a,0x20,0x20,0x66,0x72,
    0x61,0x67,0x5f,0x63,0x6f,0x6c,0x6f,0x72,0x5f,0x31,0x20,0x3a,0x20,0x76,0x65,0x63,
    0x34,0x66,0x2c,0x0a,0x7d,0x0a,0x0a,0x40,0x66,0x72,0x61,0x67,0x6d,0x65,0x6e,0x74,
    0x0a,0x66,0x6e,0x20,0x6d,0x61,0x69,0x6e,0x28,0x40,0x6c,0x6f,0x63,0x61,0x74,0x69,
    0x6f,0x6e,0x28,0x30,0x29,0x20,0x76,0x5f,0x6e,0x64,0x63,0x5f,0x70,0x61,0x72,0x61,
    0x6d,0x20,0x3a,0x20,0x76,0x65,0x63,0x32,0x66,0x29,0x20,0x2d,0x3e,0x20,0x6d,0x61,
    0x69,0x6e,0x5f,0x6f,0x75,0x74,0x20,0x7b,0x0a,0x20,0x20,0x76,0x5f,0x6e,0x64,0x63,
    0x20,0x3d,0x20,0x76,0x5f,0x6e,0x64,0x63,0x5f,0x70,0x61,0x72,0x61,0x6d,0x3b,0x0a,
    0x20,0x20,0x6d,0x61,0x69,0x6e,0x5f,0x31,0x28,0x29,0x3b,0x0a,0x20,0x20,0x72,0x65,
    0x74,0x75,0x72,0x6e,0x20,0x6d,0x61,0x69,0x6e,0x5f,0x6f,0x75,0x74,0x28,0x66,0x72,
    0x61,0x67,0x5f,0x63,0x6f,0x6c,0x6f,0x72,0x29,0x3b,0x0a,0x7d,0x0a,0x00,
};
#endif
static inline const sg_shader_desc* background_shader_desc(sg_backend backend) {
    #if defined(SOKOL_GLCORE)
    if (backend == SG_BACKEND_GLCORE) {
        static sg_shader_desc desc;
        static bool valid;
        if (!valid) {
            valid = true;
            desc.vertex_func.source = (const char*)vs_background_source_glsl410;
            desc.vertex_func.entry = "main";
            desc.fragment_func.source = (const char*)fs_background_source_glsl410;
            desc.fragment_func.entry = "main";
            desc.attrs[0].base_type = SG_SHADERATTRBASETYPE_FLOAT;
            desc.attrs[0].glsl_name = "bg_position";
            desc.uniform_blocks[0].stage = SG_SHADERSTAGE_FRAGMENT;
            desc.uniform_blocks[0].layout = SG_UNIFORMLAYOUT_STD140;
            desc.uniform_blocks[0].size = 96;
            desc.uniform_blocks[0].glsl_uniforms[0].type = SG_UNIFORMTYPE_FLOAT4;
            desc.uniform_blocks[0].glsl_uniforms[0].array_count = 6;
            desc.uniform_blocks[0].glsl_uniforms[0].glsl_name = "bg_params";
            desc.views[0].texture.stage = SG_SHADERSTAGE_FRAGMENT;
            desc.views[0].texture.image_type = SG_IMAGETYPE_CUBE;
            desc.views[0].texture.sample_type = SG_IMAGESAMPLETYPE_FLOAT;
            desc.views[0].texture.multisampled = false;
            desc.samplers[0].stage = SG_SHADERSTAGE_FRAGMENT;
            desc.samplers[0].sampler_type = SG_SAMPLERTYPE_FILTERING;
            desc.texture_sampler_pairs[0].stage = SG_SHADERSTAGE_FRAGMENT;
            desc.texture_sampler_pairs[0].view_slot = 0;
            desc.texture_sampler_pairs[0].sampler_slot = 0;
            desc.texture_sampler_pairs[0].glsl_name = "bg_tex_bg_smp";
            desc.label = "background_shader";
        }
        return &desc;
    }
    #endif /* SOKOL_GLCORE */
    #if defined(SOKOL_GLES3)
    if (backend == SG_BACKEND_GLES3) {
        static sg_shader_desc desc;
        static bool valid;
        if (!valid) {
            valid = true;
            desc.vertex_func.source = (const char*)vs_background_source_glsl300es;
            desc.vertex_func.entry = "main";
            desc.fragment_func.source = (const char*)fs_background_source_glsl300es;
            desc.fragment_func.entry = "main";
            desc.attrs[0].base_type = SG_SHADERATTRBASETYPE_FLOAT;
            desc.attrs[0].glsl_name = "bg_position";
            desc.uniform_blocks[0].stage = SG_SHADERSTAGE_FRAGMENT;
            desc.uniform_blocks[0].layout = SG_UNIFORMLAYOUT_STD140;
            desc.uniform_blocks[0].size = 96;
            desc.uniform_blocks[0].glsl_uniforms[0].type = SG_UNIFORMTYPE_FLOAT4;
            desc.uniform_blocks[0].glsl_uniforms[0].array_count = 6;
            desc.uniform_blocks[0].glsl_uniforms[0].glsl_name = "bg_params";
            desc.views[0].texture.stage = SG_SHADERSTAGE_FRAGMENT;
            desc.views[0].texture.image_type = SG_IMAGETYPE_CUBE;
            desc.views[0].texture.sample_type = SG_IMAGESAMPLETYPE_FLOAT;
            desc.views[0].texture.multisampled = false;
            desc.samplers[0].stage = SG_SHADERSTAGE_FRAGMENT;
            desc.samplers[0].sampler_type = SG_SAMPLERTYPE_FILTERING;
            desc.texture_sampler_pairs[0].stage = SG_SHADERSTAGE_FRAGMENT;
            desc.texture_sampler_pairs[0].view_slot = 0;
            desc.texture_sampler_pairs[0].sampler_slot = 0;
            desc.texture_sampler_pairs[0].glsl_name = "bg_tex_bg_smp";
            desc.label = "background_shader";
        }
        return &desc;
    }
    #endif /* SOKOL_GLES3 */
    #if defined(SOKOL_WGPU)
    if (backend == SG_BACKEND_WGPU) {
        static sg_shader_desc desc;
        static bool valid;
        if (!valid) {
            valid = true;
            desc.vertex_func.source = (const char*)vs_background_source_wgsl;
            desc.vertex_func.entry = "main";
            desc.fragment_func.source = (const char*)fs_background_source_wgsl;
            desc.fragment_func.entry = "main";
            desc.attrs[0].base_type = SG_SHADERATTRBASETYPE_FLOAT;
            desc.uniform_blocks[0].stage = SG_SHADERSTAGE_FRAGMENT;
            desc.uniform_blocks[0].layout = SG_UNIFORMLAYOUT_STD140;
            desc.uniform_blocks[0].size = 96;
            desc.uniform_blocks[0].wgsl_group0_binding_n = 0;
            desc.views[0].texture.stage = SG_SHADERSTAGE_FRAGMENT;
            desc.views[0].texture.image_type = SG_IMAGETYPE_CUBE;
            desc.views[0].texture.sample_type = SG_IMAGESAMPLETYPE_FLOAT;
            desc.views[0].texture.multisampled = false;
            desc.views[0].texture.wgsl_group1_binding_n = 0;
            desc.samplers[0].stage = SG_SHADERSTAGE_FRAGMENT;
            desc.samplers[0].sampler_type = SG_SAMPLERTYPE_FILTERING;
            desc.samplers[0].wgsl_group1_binding_n = 32;
            desc.texture_sampler_pairs[0].stage = SG_SHADERSTAGE_FRAGMENT;
            desc.texture_sampler_pairs[0].view_slot = 0;
            desc.texture_sampler_pairs[0].sampler_slot = 0;
            desc.label = "background_shader";
        }
        return &desc;
    }
    #endif /* SOKOL_WGPU */
    return 0;
}
static inline const sg_shader_desc* model_skinned_shader_desc(sg_backend backend) {
    #if defined(SOKOL_GLCORE)
    if (backend == SG_BACKEND_GLCORE) {
        static sg_shader_desc desc;
        static bool valid;
        if (!valid) {
            valid = true;
            desc.vertex_func.source = (const char*)vs_skinned_source_glsl410;
            desc.vertex_func.entry = "main";
            desc.fragment_func.source = (const char*)fs_source_glsl410;
            desc.fragment_func.entry = "main";
            desc.attrs[0].base_type = SG_SHADERATTRBASETYPE_FLOAT;
            desc.attrs[0].glsl_name = "position";
            desc.attrs[1].base_type = SG_SHADERATTRBASETYPE_FLOAT;
            desc.attrs[1].glsl_name = "normal";
            desc.attrs[2].base_type = SG_SHADERATTRBASETYPE_FLOAT;
            desc.attrs[2].glsl_name = "texcoord0";
            desc.attrs[3].base_type = SG_SHADERATTRBASETYPE_FLOAT;
            desc.attrs[3].glsl_name = "texcoord1";
            desc.attrs[4].base_type = SG_SHADERATTRBASETYPE_FLOAT;
            desc.attrs[4].glsl_name = "tangent";
            desc.attrs[5].base_type = SG_SHADERATTRBASETYPE_FLOAT;
            desc.attrs[5].glsl_name = "color0";
            desc.attrs[6].base_type = SG_SHADERATTRBASETYPE_FLOAT;
            desc.attrs[6].glsl_name = "joints";
            desc.attrs[7].base_type = SG_SHADERATTRBASETYPE_FLOAT;
            desc.attrs[7].glsl_name = "weights";
            desc.uniform_blocks[0].stage = SG_SHADERSTAGE_VERTEX;
            desc.uniform_blocks[0].layout = SG_UNIFORMLAYOUT_STD140;
            desc.uniform_blocks[0].size = 208;
            desc.uniform_blocks[0].glsl_uniforms[0].type = SG_UNIFORMTYPE_FLOAT4;
            desc.uniform_blocks[0].glsl_uniforms[0].array_count = 13;
            desc.uniform_blocks[0].glsl_uniforms[0].glsl_name = "vs_skin_params";
            desc.uniform_blocks[1].stage = SG_SHADERSTAGE_FRAGMENT;
            desc.uniform_blocks[1].layout = SG_UNIFORMLAYOUT_STD140;
            desc.uniform_blocks[1].size = 224;
            desc.uniform_blocks[1].glsl_uniforms[0].type = SG_UNIFORMTYPE_FLOAT4;
            desc.uniform_blocks[1].glsl_uniforms[0].array_count = 14;
            desc.uniform_blocks[1].glsl_uniforms[0].glsl_name = "fs_params";
            desc.uniform_blocks[2].stage = SG_SHADERSTAGE_FRAGMENT;
            desc.uniform_blocks[2].layout = SG_UNIFORMLAYOUT_STD140;
            desc.uniform_blocks[2].size = 208;
            desc.uniform_blocks[2].glsl_uniforms[0].type = SG_UNIFORMTYPE_FLOAT4;
            desc.uniform_blocks[2].glsl_uniforms[0].array_count = 13;
            desc.uniform_blocks[2].glsl_uniforms[0].glsl_name = "fs_scene";
            desc.uniform_blocks[3].stage = SG_SHADERSTAGE_FRAGMENT;
            desc.uniform_blocks[3].layout = SG_UNIFORMLAYOUT_STD140;
            desc.uniform_blocks[3].size = 512;
            desc.uniform_blocks[3].glsl_uniforms[0].type = SG_UNIFORMTYPE_FLOAT4;
            desc.uniform_blocks[3].glsl_uniforms[0].array_count = 32;
            desc.uniform_blocks[3].glsl_uniforms[0].glsl_name = "fs_lights";
            desc.views[0].texture.stage = SG_SHADERSTAGE_FRAGMENT;
            desc.views[0].texture.image_type = SG_IMAGETYPE_2D;
            desc.views[0].texture.sample_type = SG_IMAGESAMPLETYPE_FLOAT;
            desc.views[0].texture.multisampled = false;
            desc.views[1].texture.stage = SG_SHADERSTAGE_FRAGMENT;
            desc.views[1].texture.image_type = SG_IMAGETYPE_2D;
            desc.views[1].texture.sample_type = SG_IMAGESAMPLETYPE_FLOAT;
            desc.views[1].texture.multisampled = false;
            desc.views[2].texture.stage = SG_SHADERSTAGE_FRAGMENT;
            desc.views[2].texture.image_type = SG_IMAGETYPE_2D;
            desc.views[2].texture.sample_type = SG_IMAGESAMPLETYPE_FLOAT;
            desc.views[2].texture.multisampled = false;
            desc.views[3].texture.stage = SG_SHADERSTAGE_FRAGMENT;
            desc.views[3].texture.image_type = SG_IMAGETYPE_2D;
            desc.views[3].texture.sample_type = SG_IMAGESAMPLETYPE_FLOAT;
            desc.views[3].texture.multisampled = false;
            desc.views[4].texture.stage = SG_SHADERSTAGE_FRAGMENT;
            desc.views[4].texture.image_type = SG_IMAGETYPE_2D;
            desc.views[4].texture.sample_type = SG_IMAGESAMPLETYPE_FLOAT;
            desc.views[4].texture.multisampled = false;
            desc.views[5].texture.stage = SG_SHADERSTAGE_FRAGMENT;
            desc.views[5].texture.image_type = SG_IMAGETYPE_CUBE;
            desc.views[5].texture.sample_type = SG_IMAGESAMPLETYPE_FLOAT;
            desc.views[5].texture.multisampled = false;
            desc.views[6].texture.stage = SG_SHADERSTAGE_FRAGMENT;
            desc.views[6].texture.image_type = SG_IMAGETYPE_2D;
            desc.views[6].texture.sample_type = SG_IMAGESAMPLETYPE_FLOAT;
            desc.views[6].texture.multisampled = false;
            desc.views[7].texture.stage = SG_SHADERSTAGE_VERTEX;
            desc.views[7].texture.image_type = SG_IMAGETYPE_2D;
            desc.views[7].texture.sample_type = SG_IMAGESAMPLETYPE_UNFILTERABLE_FLOAT;
            desc.views[7].texture.multisampled = false;
            desc.samplers[0].stage = SG_SHADERSTAGE_FRAGMENT;
            desc.samplers[0].sampler_type = SG_SAMPLERTYPE_FILTERING;
            desc.samplers[1].stage = SG_SHADERSTAGE_FRAGMENT;
            desc.samplers[1].sampler_type = SG_SAMPLERTYPE_FILTERING;
            desc.samplers[2].stage = SG_SHADERSTAGE_FRAGMENT;
            desc.samplers[2].sampler_type = SG_SAMPLERTYPE_FILTERING;
            desc.samplers[3].stage = SG_SHADERSTAGE_FRAGMENT;
            desc.samplers[3].sampler_type = SG_SAMPLERTYPE_FILTERING;
            desc.samplers[4].stage = SG_SHADERSTAGE_FRAGMENT;
            desc.samplers[4].sampler_type = SG_SAMPLERTYPE_FILTERING;
            desc.samplers[5].stage = SG_SHADERSTAGE_FRAGMENT;
            desc.samplers[5].sampler_type = SG_SAMPLERTYPE_FILTERING;
            desc.samplers[6].stage = SG_SHADERSTAGE_FRAGMENT;
            desc.samplers[6].sampler_type = SG_SAMPLERTYPE_FILTERING;
            desc.samplers[7].stage = SG_SHADERSTAGE_VERTEX;
            desc.samplers[7].sampler_type = SG_SAMPLERTYPE_NONFILTERING;
            desc.texture_sampler_pairs[0].stage = SG_SHADERSTAGE_VERTEX;
            desc.texture_sampler_pairs[0].view_slot = 7;
            desc.texture_sampler_pairs[0].sampler_slot = 7;
            desc.texture_sampler_pairs[0].glsl_name = "joint_tex_joint_smp";
            desc.texture_sampler_pairs[1].stage = SG_SHADERSTAGE_FRAGMENT;
            desc.texture_sampler_pairs[1].view_slot = 0;
            desc.texture_sampler_pairs[1].sampler_slot = 0;
            desc.texture_sampler_pairs[1].glsl_name = "base_color_tex_base_color_smp";
            desc.texture_sampler_pairs[2].stage = SG_SHADERSTAGE_FRAGMENT;
            desc.texture_sampler_pairs[2].view_slot = 2;
            desc.texture_sampler_pairs[2].sampler_slot = 2;
            desc.texture_sampler_pairs[2].glsl_name = "normal_tex_normal_smp";
            desc.texture_sampler_pairs[3].stage = SG_SHADERSTAGE_FRAGMENT;
            desc.texture_sampler_pairs[3].view_slot = 1;
            desc.texture_sampler_pairs[3].sampler_slot = 1;
            desc.texture_sampler_pairs[3].glsl_name = "metallic_roughness_tex_metallic_roughness_smp";
            desc.texture_sampler_pairs[4].stage = SG_SHADERSTAGE_FRAGMENT;
            desc.texture_sampler_pairs[4].view_slot = 3;
            desc.texture_sampler_pairs[4].sampler_slot = 3;
            desc.texture_sampler_pairs[4].glsl_name = "occlusion_tex_occlusion_smp";
            desc.texture_sampler_pairs[5].stage = SG_SHADERSTAGE_FRAGMENT;
            desc.texture_sampler_pairs[5].view_slot = 5;
            desc.texture_sampler_pairs[5].sampler_slot = 5;
            desc.texture_sampler_pairs[5].glsl_name = "env_tex_env_smp";
            desc.texture_sampler_pairs[6].stage = SG_SHADERSTAGE_FRAGMENT;
            desc.texture_sampler_pairs[6].view_slot = 6;
            desc.texture_sampler_pairs[6].sampler_slot = 6;
            desc.texture_sampler_pairs[6].glsl_name = "brdf_tex_brdf_smp";
            desc.texture_sampler_pairs[7].stage = SG_SHADERSTAGE_FRAGMENT;
            desc.texture_sampler_pairs[7].view_slot = 4;
            desc.texture_sampler_pairs[7].sampler_slot = 4;
            desc.texture_sampler_pairs[7].glsl_name = "emissive_tex_emissive_smp";
            desc.label = "model_skinned_shader";
        }
        return &desc;
    }
    #endif /* SOKOL_GLCORE */
    #if defined(SOKOL_GLES3)
    if (backend == SG_BACKEND_GLES3) {
        static sg_shader_desc desc;
        static bool valid;
        if (!valid) {
            valid = true;
            desc.vertex_func.source = (const char*)vs_skinned_source_glsl300es;
            desc.vertex_func.entry = "main";
            desc.fragment_func.source = (const char*)fs_source_glsl300es;
            desc.fragment_func.entry = "main";
            desc.attrs[0].base_type = SG_SHADERATTRBASETYPE_FLOAT;
            desc.attrs[0].glsl_name = "position";
            desc.attrs[1].base_type = SG_SHADERATTRBASETYPE_FLOAT;
            desc.attrs[1].glsl_name = "normal";
            desc.attrs[2].base_type = SG_SHADERATTRBASETYPE_FLOAT;
            desc.attrs[2].glsl_name = "texcoord0";
            desc.attrs[3].base_type = SG_SHADERATTRBASETYPE_FLOAT;
            desc.attrs[3].glsl_name = "texcoord1";
            desc.attrs[4].base_type = SG_SHADERATTRBASETYPE_FLOAT;
            desc.attrs[4].glsl_name = "tangent";
            desc.attrs[5].base_type = SG_SHADERATTRBASETYPE_FLOAT;
            desc.attrs[5].glsl_name = "color0";
            desc.attrs[6].base_type = SG_SHADERATTRBASETYPE_FLOAT;
            desc.attrs[6].glsl_name = "joints";
            desc.attrs[7].base_type = SG_SHADERATTRBASETYPE_FLOAT;
            desc.attrs[7].glsl_name = "weights";
            desc.uniform_blocks[0].stage = SG_SHADERSTAGE_VERTEX;
            desc.uniform_blocks[0].layout = SG_UNIFORMLAYOUT_STD140;
            desc.uniform_blocks[0].size = 208;
            desc.uniform_blocks[0].glsl_uniforms[0].type = SG_UNIFORMTYPE_FLOAT4;
            desc.uniform_blocks[0].glsl_uniforms[0].array_count = 13;
            desc.uniform_blocks[0].glsl_uniforms[0].glsl_name = "vs_skin_params";
            desc.uniform_blocks[1].stage = SG_SHADERSTAGE_FRAGMENT;
            desc.uniform_blocks[1].layout = SG_UNIFORMLAYOUT_STD140;
            desc.uniform_blocks[1].size = 224;
            desc.uniform_blocks[1].glsl_uniforms[0].type = SG_UNIFORMTYPE_FLOAT4;
            desc.uniform_blocks[1].glsl_uniforms[0].array_count = 14;
            desc.uniform_blocks[1].glsl_uniforms[0].glsl_name = "fs_params";
            desc.uniform_blocks[2].stage = SG_SHADERSTAGE_FRAGMENT;
            desc.uniform_blocks[2].layout = SG_UNIFORMLAYOUT_STD140;
            desc.uniform_blocks[2].size = 208;
            desc.uniform_blocks[2].glsl_uniforms[0].type = SG_UNIFORMTYPE_FLOAT4;
            desc.uniform_blocks[2].glsl_uniforms[0].array_count = 13;
            desc.uniform_blocks[2].glsl_uniforms[0].glsl_name = "fs_scene";
            desc.uniform_blocks[3].stage = SG_SHADERSTAGE_FRAGMENT;
            desc.uniform_blocks[3].layout = SG_UNIFORMLAYOUT_STD140;
            desc.uniform_blocks[3].size = 512;
            desc.uniform_blocks[3].glsl_uniforms[0].type = SG_UNIFORMTYPE_FLOAT4;
            desc.uniform_blocks[3].glsl_uniforms[0].array_count = 32;
            desc.uniform_blocks[3].glsl_uniforms[0].glsl_name = "fs_lights";
            desc.views[0].texture.stage = SG_SHADERSTAGE_FRAGMENT;
            desc.views[0].texture.image_type = SG_IMAGETYPE_2D;
            desc.views[0].texture.sample_type = SG_IMAGESAMPLETYPE_FLOAT;
            desc.views[0].texture.multisampled = false;
            desc.views[1].texture.stage = SG_SHADERSTAGE_FRAGMENT;
            desc.views[1].texture.image_type = SG_IMAGETYPE_2D;
            desc.views[1].texture.sample_type = SG_IMAGESAMPLETYPE_FLOAT;
            desc.views[1].texture.multisampled = false;
            desc.views[2].texture.stage = SG_SHADERSTAGE_FRAGMENT;
            desc.views[2].texture.image_type = SG_IMAGETYPE_2D;
            desc.views[2].texture.sample_type = SG_IMAGESAMPLETYPE_FLOAT;
            desc.views[2].texture.multisampled = false;
            desc.views[3].texture.stage = SG_SHADERSTAGE_FRAGMENT;
            desc.views[3].texture.image_type = SG_IMAGETYPE_2D;
            desc.views[3].texture.sample_type = SG_IMAGESAMPLETYPE_FLOAT;
            desc.views[3].texture.multisampled = false;
            desc.views[4].texture.stage = SG_SHADERSTAGE_FRAGMENT;
            desc.views[4].texture.image_type = SG_IMAGETYPE_2D;
            desc.views[4].texture.sample_type = SG_IMAGESAMPLETYPE_FLOAT;
            desc.views[4].texture.multisampled = false;
            desc.views[5].texture.stage = SG_SHADERSTAGE_FRAGMENT;
            desc.views[5].texture.image_type = SG_IMAGETYPE_CUBE;
            desc.views[5].texture.sample_type = SG_IMAGESAMPLETYPE_FLOAT;
            desc.views[5].texture.multisampled = false;
            desc.views[6].texture.stage = SG_SHADERSTAGE_FRAGMENT;
            desc.views[6].texture.image_type = SG_IMAGETYPE_2D;
            desc.views[6].texture.sample_type = SG_IMAGESAMPLETYPE_FLOAT;
            desc.views[6].texture.multisampled = false;
            desc.views[7].texture.stage = SG_SHADERSTAGE_VERTEX;
            desc.views[7].texture.image_type = SG_IMAGETYPE_2D;
            desc.views[7].texture.sample_type = SG_IMAGESAMPLETYPE_UNFILTERABLE_FLOAT;
            desc.views[7].texture.multisampled = false;
            desc.samplers[0].stage = SG_SHADERSTAGE_FRAGMENT;
            desc.samplers[0].sampler_type = SG_SAMPLERTYPE_FILTERING;
            desc.samplers[1].stage = SG_SHADERSTAGE_FRAGMENT;
            desc.samplers[1].sampler_type = SG_SAMPLERTYPE_FILTERING;
            desc.samplers[2].stage = SG_SHADERSTAGE_FRAGMENT;
            desc.samplers[2].sampler_type = SG_SAMPLERTYPE_FILTERING;
            desc.samplers[3].stage = SG_SHADERSTAGE_FRAGMENT;
            desc.samplers[3].sampler_type = SG_SAMPLERTYPE_FILTERING;
            desc.samplers[4].stage = SG_SHADERSTAGE_FRAGMENT;
            desc.samplers[4].sampler_type = SG_SAMPLERTYPE_FILTERING;
            desc.samplers[5].stage = SG_SHADERSTAGE_FRAGMENT;
            desc.samplers[5].sampler_type = SG_SAMPLERTYPE_FILTERING;
            desc.samplers[6].stage = SG_SHADERSTAGE_FRAGMENT;
            desc.samplers[6].sampler_type = SG_SAMPLERTYPE_FILTERING;
            desc.samplers[7].stage = SG_SHADERSTAGE_VERTEX;
            desc.samplers[7].sampler_type = SG_SAMPLERTYPE_NONFILTERING;
            desc.texture_sampler_pairs[0].stage = SG_SHADERSTAGE_VERTEX;
            desc.texture_sampler_pairs[0].view_slot = 7;
            desc.texture_sampler_pairs[0].sampler_slot = 7;
            desc.texture_sampler_pairs[0].glsl_name = "joint_tex_joint_smp";
            desc.texture_sampler_pairs[1].stage = SG_SHADERSTAGE_FRAGMENT;
            desc.texture_sampler_pairs[1].view_slot = 0;
            desc.texture_sampler_pairs[1].sampler_slot = 0;
            desc.texture_sampler_pairs[1].glsl_name = "base_color_tex_base_color_smp";
            desc.texture_sampler_pairs[2].stage = SG_SHADERSTAGE_FRAGMENT;
            desc.texture_sampler_pairs[2].view_slot = 2;
            desc.texture_sampler_pairs[2].sampler_slot = 2;
            desc.texture_sampler_pairs[2].glsl_name = "normal_tex_normal_smp";
            desc.texture_sampler_pairs[3].stage = SG_SHADERSTAGE_FRAGMENT;
            desc.texture_sampler_pairs[3].view_slot = 1;
            desc.texture_sampler_pairs[3].sampler_slot = 1;
            desc.texture_sampler_pairs[3].glsl_name = "metallic_roughness_tex_metallic_roughness_smp";
            desc.texture_sampler_pairs[4].stage = SG_SHADERSTAGE_FRAGMENT;
            desc.texture_sampler_pairs[4].view_slot = 3;
            desc.texture_sampler_pairs[4].sampler_slot = 3;
            desc.texture_sampler_pairs[4].glsl_name = "occlusion_tex_occlusion_smp";
            desc.texture_sampler_pairs[5].stage = SG_SHADERSTAGE_FRAGMENT;
            desc.texture_sampler_pairs[5].view_slot = 5;
            desc.texture_sampler_pairs[5].sampler_slot = 5;
            desc.texture_sampler_pairs[5].glsl_name = "env_tex_env_smp";
            desc.texture_sampler_pairs[6].stage = SG_SHADERSTAGE_FRAGMENT;
            desc.texture_sampler_pairs[6].view_slot = 6;
            desc.texture_sampler_pairs[6].sampler_slot = 6;
            desc.texture_sampler_pairs[6].glsl_name = "brdf_tex_brdf_smp";
            desc.texture_sampler_pairs[7].stage = SG_SHADERSTAGE_FRAGMENT;
            desc.texture_sampler_pairs[7].view_slot = 4;
            desc.texture_sampler_pairs[7].sampler_slot = 4;
            desc.texture_sampler_pairs[7].glsl_name = "emissive_tex_emissive_smp";
            desc.label = "model_skinned_shader";
        }
        return &desc;
    }
    #endif /* SOKOL_GLES3 */
    #if defined(SOKOL_WGPU)
    if (backend == SG_BACKEND_WGPU) {
        static sg_shader_desc desc;
        static bool valid;
        if (!valid) {
            valid = true;
            desc.vertex_func.source = (const char*)vs_skinned_source_wgsl;
            desc.vertex_func.entry = "main";
            desc.fragment_func.source = (const char*)fs_source_wgsl;
            desc.fragment_func.entry = "main";
            desc.attrs[0].base_type = SG_SHADERATTRBASETYPE_FLOAT;
            desc.attrs[1].base_type = SG_SHADERATTRBASETYPE_FLOAT;
            desc.attrs[2].base_type = SG_SHADERATTRBASETYPE_FLOAT;
            desc.attrs[3].base_type = SG_SHADERATTRBASETYPE_FLOAT;
            desc.attrs[4].base_type = SG_SHADERATTRBASETYPE_FLOAT;
            desc.attrs[5].base_type = SG_SHADERATTRBASETYPE_FLOAT;
            desc.attrs[6].base_type = SG_SHADERATTRBASETYPE_FLOAT;
            desc.attrs[7].base_type = SG_SHADERATTRBASETYPE_FLOAT;
            desc.uniform_blocks[0].stage = SG_SHADERSTAGE_VERTEX;
            desc.uniform_blocks[0].layout = SG_UNIFORMLAYOUT_STD140;
            desc.uniform_blocks[0].size = 208;
            desc.uniform_blocks[0].wgsl_group0_binding_n = 0;
            desc.uniform_blocks[1].stage = SG_SHADERSTAGE_FRAGMENT;
            desc.uniform_blocks[1].layout = SG_UNIFORMLAYOUT_STD140;
            desc.uniform_blocks[1].size = 224;
            desc.uniform_blocks[1].wgsl_group0_binding_n = 1;
            desc.uniform_blocks[2].stage = SG_SHADERSTAGE_FRAGMENT;
            desc.uniform_blocks[2].layout = SG_UNIFORMLAYOUT_STD140;
            desc.uniform_blocks[2].size = 208;
            desc.uniform_blocks[2].wgsl_group0_binding_n = 2;
            desc.uniform_blocks[3].stage = SG_SHADERSTAGE_FRAGMENT;
            desc.uniform_blocks[3].layout = SG_UNIFORMLAYOUT_STD140;
            desc.uniform_blocks[3].size = 512;
            desc.uniform_blocks[3].wgsl_group0_binding_n = 3;
            desc.views[0].texture.stage = SG_SHADERSTAGE_FRAGMENT;
            desc.views[0].texture.image_type = SG_IMAGETYPE_2D;
            desc.views[0].texture.sample_type = SG_IMAGESAMPLETYPE_FLOAT;
            desc.views[0].texture.multisampled = false;
            desc.views[0].texture.wgsl_group1_binding_n = 0;
            desc.views[1].texture.stage = SG_SHADERSTAGE_FRAGMENT;
            desc.views[1].texture.image_type = SG_IMAGETYPE_2D;
            desc.views[1].texture.sample_type = SG_IMAGESAMPLETYPE_FLOAT;
            desc.views[1].texture.multisampled = false;
            desc.views[1].texture.wgsl_group1_binding_n = 1;
            desc.views[2].texture.stage = SG_SHADERSTAGE_FRAGMENT;
            desc.views[2].texture.image_type = SG_IMAGETYPE_2D;
            desc.views[2].texture.sample_type = SG_IMAGESAMPLETYPE_FLOAT;
            desc.views[2].texture.multisampled = false;
            desc.views[2].texture.wgsl_group1_binding_n = 2;
            desc.views[3].texture.stage = SG_SHADERSTAGE_FRAGMENT;
            desc.views[3].texture.image_type = SG_IMAGETYPE_2D;
            desc.views[3].texture.sample_type = SG_IMAGESAMPLETYPE_FLOAT;
            desc.views[3].texture.multisampled = false;
            desc.views[3].texture.wgsl_group1_binding_n = 3;
            desc.views[4].texture.stage = SG_SHADERSTAGE_FRAGMENT;
            desc.views[4].texture.image_type = SG_IMAGETYPE_2D;
            desc.views[4].texture.sample_type = SG_IMAGESAMPLETYPE_FLOAT;
            desc.views[4].texture.multisampled = false;
            desc.views[4].texture.wgsl_group1_binding_n = 4;
            desc.views[5].texture.stage = SG_SHADERSTAGE_FRAGMENT;
            desc.views[5].texture.image_type = SG_IMAGETYPE_CUBE;
            desc.views[5].texture.sample_type = SG_IMAGESAMPLETYPE_FLOAT;
            desc.views[5].texture.multisampled = false;
            desc.views[5].texture.wgsl_group1_binding_n = 5;
            desc.views[6].texture.stage = SG_SHADERSTAGE_FRAGMENT;
            desc.views[6].texture.image_type = SG_IMAGETYPE_2D;
            desc.views[6].texture.sample_type = SG_IMAGESAMPLETYPE_FLOAT;
            desc.views[6].texture.multisampled = false;
            desc.views[6].texture.wgsl_group1_binding_n = 6;
            desc.views[7].texture.stage = SG_SHADERSTAGE_VERTEX;
            desc.views[7].texture.image_type = SG_IMAGETYPE_2D;
            desc.views[7].texture.sample_type = SG_IMAGESAMPLETYPE_UNFILTERABLE_FLOAT;
            desc.views[7].texture.multisampled = false;
            desc.views[7].texture.wgsl_group1_binding_n = 7;
            desc.samplers[0].stage = SG_SHADERSTAGE_FRAGMENT;
            desc.samplers[0].sampler_type = SG_SAMPLERTYPE_FILTERING;
            desc.samplers[0].wgsl_group1_binding_n = 32;
            desc.samplers[1].stage = SG_SHADERSTAGE_FRAGMENT;
            desc.samplers[1].sampler_type = SG_SAMPLERTYPE_FILTERING;
            desc.samplers[1].wgsl_group1_binding_n = 33;
            desc.samplers[2].stage = SG_SHADERSTAGE_FRAGMENT;
            desc.samplers[2].sampler_type = SG_SAMPLERTYPE_FILTERING;
            desc.samplers[2].wgsl_group1_binding_n = 34;
            desc.samplers[3].stage = SG_SHADERSTAGE_FRAGMENT;
            desc.samplers[3].sampler_type = SG_SAMPLERTYPE_FILTERING;
            desc.samplers[3].wgsl_group1_binding_n = 35;
            desc.samplers[4].stage = SG_SHADERSTAGE_FRAGMENT;
            desc.samplers[4].sampler_type = SG_SAMPLERTYPE_FILTERING;
            desc.samplers[4].wgsl_group1_binding_n = 36;
            desc.samplers[5].stage = SG_SHADERSTAGE_FRAGMENT;
            desc.samplers[5].sampler_type = SG_SAMPLERTYPE_FILTERING;
            desc.samplers[5].wgsl_group1_binding_n = 37;
            desc.samplers[6].stage = SG_SHADERSTAGE_FRAGMENT;
            desc.samplers[6].sampler_type = SG_SAMPLERTYPE_FILTERING;
            desc.samplers[6].wgsl_group1_binding_n = 38;
            desc.samplers[7].stage = SG_SHADERSTAGE_VERTEX;
            desc.samplers[7].sampler_type = SG_SAMPLERTYPE_NONFILTERING;
            desc.samplers[7].wgsl_group1_binding_n = 39;
            desc.texture_sampler_pairs[0].stage = SG_SHADERSTAGE_VERTEX;
            desc.texture_sampler_pairs[0].view_slot = 7;
            desc.texture_sampler_pairs[0].sampler_slot = 7;
            desc.texture_sampler_pairs[1].stage = SG_SHADERSTAGE_FRAGMENT;
            desc.texture_sampler_pairs[1].view_slot = 0;
            desc.texture_sampler_pairs[1].sampler_slot = 0;
            desc.texture_sampler_pairs[2].stage = SG_SHADERSTAGE_FRAGMENT;
            desc.texture_sampler_pairs[2].view_slot = 2;
            desc.texture_sampler_pairs[2].sampler_slot = 2;
            desc.texture_sampler_pairs[3].stage = SG_SHADERSTAGE_FRAGMENT;
            desc.texture_sampler_pairs[3].view_slot = 1;
            desc.texture_sampler_pairs[3].sampler_slot = 1;
            desc.texture_sampler_pairs[4].stage = SG_SHADERSTAGE_FRAGMENT;
            desc.texture_sampler_pairs[4].view_slot = 3;
            desc.texture_sampler_pairs[4].sampler_slot = 3;
            desc.texture_sampler_pairs[5].stage = SG_SHADERSTAGE_FRAGMENT;
            desc.texture_sampler_pairs[5].view_slot = 5;
            desc.texture_sampler_pairs[5].sampler_slot = 5;
            desc.texture_sampler_pairs[6].stage = SG_SHADERSTAGE_FRAGMENT;
            desc.texture_sampler_pairs[6].view_slot = 6;
            desc.texture_sampler_pairs[6].sampler_slot = 6;
            desc.texture_sampler_pairs[7].stage = SG_SHADERSTAGE_FRAGMENT;
            desc.texture_sampler_pairs[7].view_slot = 4;
            desc.texture_sampler_pairs[7].sampler_slot = 4;
            desc.label = "model_skinned_shader";
        }
        return &desc;
    }
    #endif /* SOKOL_WGPU */
    return 0;
}
static inline const sg_shader_desc* model_static_shader_desc(sg_backend backend) {
    #if defined(SOKOL_GLCORE)
    if (backend == SG_BACKEND_GLCORE) {
        static sg_shader_desc desc;
        static bool valid;
        if (!valid) {
            valid = true;
            desc.vertex_func.source = (const char*)vs_static_source_glsl410;
            desc.vertex_func.entry = "main";
            desc.fragment_func.source = (const char*)fs_source_glsl410;
            desc.fragment_func.entry = "main";
            desc.attrs[0].base_type = SG_SHADERATTRBASETYPE_FLOAT;
            desc.attrs[0].glsl_name = "position";
            desc.attrs[1].base_type = SG_SHADERATTRBASETYPE_FLOAT;
            desc.attrs[1].glsl_name = "normal";
            desc.attrs[2].base_type = SG_SHADERATTRBASETYPE_FLOAT;
            desc.attrs[2].glsl_name = "texcoord0";
            desc.attrs[3].base_type = SG_SHADERATTRBASETYPE_FLOAT;
            desc.attrs[3].glsl_name = "texcoord1";
            desc.attrs[4].base_type = SG_SHADERATTRBASETYPE_FLOAT;
            desc.attrs[4].glsl_name = "tangent";
            desc.attrs[5].base_type = SG_SHADERATTRBASETYPE_FLOAT;
            desc.attrs[5].glsl_name = "color0";
            desc.uniform_blocks[0].stage = SG_SHADERSTAGE_VERTEX;
            desc.uniform_blocks[0].layout = SG_UNIFORMLAYOUT_STD140;
            desc.uniform_blocks[0].size = 192;
            desc.uniform_blocks[0].glsl_uniforms[0].type = SG_UNIFORMTYPE_FLOAT4;
            desc.uniform_blocks[0].glsl_uniforms[0].array_count = 12;
            desc.uniform_blocks[0].glsl_uniforms[0].glsl_name = "vs_params";
            desc.uniform_blocks[1].stage = SG_SHADERSTAGE_FRAGMENT;
            desc.uniform_blocks[1].layout = SG_UNIFORMLAYOUT_STD140;
            desc.uniform_blocks[1].size = 224;
            desc.uniform_blocks[1].glsl_uniforms[0].type = SG_UNIFORMTYPE_FLOAT4;
            desc.uniform_blocks[1].glsl_uniforms[0].array_count = 14;
            desc.uniform_blocks[1].glsl_uniforms[0].glsl_name = "fs_params";
            desc.uniform_blocks[2].stage = SG_SHADERSTAGE_FRAGMENT;
            desc.uniform_blocks[2].layout = SG_UNIFORMLAYOUT_STD140;
            desc.uniform_blocks[2].size = 208;
            desc.uniform_blocks[2].glsl_uniforms[0].type = SG_UNIFORMTYPE_FLOAT4;
            desc.uniform_blocks[2].glsl_uniforms[0].array_count = 13;
            desc.uniform_blocks[2].glsl_uniforms[0].glsl_name = "fs_scene";
            desc.uniform_blocks[3].stage = SG_SHADERSTAGE_FRAGMENT;
            desc.uniform_blocks[3].layout = SG_UNIFORMLAYOUT_STD140;
            desc.uniform_blocks[3].size = 512;
            desc.uniform_blocks[3].glsl_uniforms[0].type = SG_UNIFORMTYPE_FLOAT4;
            desc.uniform_blocks[3].glsl_uniforms[0].array_count = 32;
            desc.uniform_blocks[3].glsl_uniforms[0].glsl_name = "fs_lights";
            desc.views[0].texture.stage = SG_SHADERSTAGE_FRAGMENT;
            desc.views[0].texture.image_type = SG_IMAGETYPE_2D;
            desc.views[0].texture.sample_type = SG_IMAGESAMPLETYPE_FLOAT;
            desc.views[0].texture.multisampled = false;
            desc.views[1].texture.stage = SG_SHADERSTAGE_FRAGMENT;
            desc.views[1].texture.image_type = SG_IMAGETYPE_2D;
            desc.views[1].texture.sample_type = SG_IMAGESAMPLETYPE_FLOAT;
            desc.views[1].texture.multisampled = false;
            desc.views[2].texture.stage = SG_SHADERSTAGE_FRAGMENT;
            desc.views[2].texture.image_type = SG_IMAGETYPE_2D;
            desc.views[2].texture.sample_type = SG_IMAGESAMPLETYPE_FLOAT;
            desc.views[2].texture.multisampled = false;
            desc.views[3].texture.stage = SG_SHADERSTAGE_FRAGMENT;
            desc.views[3].texture.image_type = SG_IMAGETYPE_2D;
            desc.views[3].texture.sample_type = SG_IMAGESAMPLETYPE_FLOAT;
            desc.views[3].texture.multisampled = false;
            desc.views[4].texture.stage = SG_SHADERSTAGE_FRAGMENT;
            desc.views[4].texture.image_type = SG_IMAGETYPE_2D;
            desc.views[4].texture.sample_type = SG_IMAGESAMPLETYPE_FLOAT;
            desc.views[4].texture.multisampled = false;
            desc.views[5].texture.stage = SG_SHADERSTAGE_FRAGMENT;
            desc.views[5].texture.image_type = SG_IMAGETYPE_CUBE;
            desc.views[5].texture.sample_type = SG_IMAGESAMPLETYPE_FLOAT;
            desc.views[5].texture.multisampled = false;
            desc.views[6].texture.stage = SG_SHADERSTAGE_FRAGMENT;
            desc.views[6].texture.image_type = SG_IMAGETYPE_2D;
            desc.views[6].texture.sample_type = SG_IMAGESAMPLETYPE_FLOAT;
            desc.views[6].texture.multisampled = false;
            desc.samplers[0].stage = SG_SHADERSTAGE_FRAGMENT;
            desc.samplers[0].sampler_type = SG_SAMPLERTYPE_FILTERING;
            desc.samplers[1].stage = SG_SHADERSTAGE_FRAGMENT;
            desc.samplers[1].sampler_type = SG_SAMPLERTYPE_FILTERING;
            desc.samplers[2].stage = SG_SHADERSTAGE_FRAGMENT;
            desc.samplers[2].sampler_type = SG_SAMPLERTYPE_FILTERING;
            desc.samplers[3].stage = SG_SHADERSTAGE_FRAGMENT;
            desc.samplers[3].sampler_type = SG_SAMPLERTYPE_FILTERING;
            desc.samplers[4].stage = SG_SHADERSTAGE_FRAGMENT;
            desc.samplers[4].sampler_type = SG_SAMPLERTYPE_FILTERING;
            desc.samplers[5].stage = SG_SHADERSTAGE_FRAGMENT;
            desc.samplers[5].sampler_type = SG_SAMPLERTYPE_FILTERING;
            desc.samplers[6].stage = SG_SHADERSTAGE_FRAGMENT;
            desc.samplers[6].sampler_type = SG_SAMPLERTYPE_FILTERING;
            desc.texture_sampler_pairs[0].stage = SG_SHADERSTAGE_FRAGMENT;
            desc.texture_sampler_pairs[0].view_slot = 0;
            desc.texture_sampler_pairs[0].sampler_slot = 0;
            desc.texture_sampler_pairs[0].glsl_name = "base_color_tex_base_color_smp";
            desc.texture_sampler_pairs[1].stage = SG_SHADERSTAGE_FRAGMENT;
            desc.texture_sampler_pairs[1].view_slot = 2;
            desc.texture_sampler_pairs[1].sampler_slot = 2;
            desc.texture_sampler_pairs[1].glsl_name = "normal_tex_normal_smp";
            desc.texture_sampler_pairs[2].stage = SG_SHADERSTAGE_FRAGMENT;
            desc.texture_sampler_pairs[2].view_slot = 1;
            desc.texture_sampler_pairs[2].sampler_slot = 1;
            desc.texture_sampler_pairs[2].glsl_name = "metallic_roughness_tex_metallic_roughness_smp";
            desc.texture_sampler_pairs[3].stage = SG_SHADERSTAGE_FRAGMENT;
            desc.texture_sampler_pairs[3].view_slot = 3;
            desc.texture_sampler_pairs[3].sampler_slot = 3;
            desc.texture_sampler_pairs[3].glsl_name = "occlusion_tex_occlusion_smp";
            desc.texture_sampler_pairs[4].stage = SG_SHADERSTAGE_FRAGMENT;
            desc.texture_sampler_pairs[4].view_slot = 5;
            desc.texture_sampler_pairs[4].sampler_slot = 5;
            desc.texture_sampler_pairs[4].glsl_name = "env_tex_env_smp";
            desc.texture_sampler_pairs[5].stage = SG_SHADERSTAGE_FRAGMENT;
            desc.texture_sampler_pairs[5].view_slot = 6;
            desc.texture_sampler_pairs[5].sampler_slot = 6;
            desc.texture_sampler_pairs[5].glsl_name = "brdf_tex_brdf_smp";
            desc.texture_sampler_pairs[6].stage = SG_SHADERSTAGE_FRAGMENT;
            desc.texture_sampler_pairs[6].view_slot = 4;
            desc.texture_sampler_pairs[6].sampler_slot = 4;
            desc.texture_sampler_pairs[6].glsl_name = "emissive_tex_emissive_smp";
            desc.label = "model_static_shader";
        }
        return &desc;
    }
    #endif /* SOKOL_GLCORE */
    #if defined(SOKOL_GLES3)
    if (backend == SG_BACKEND_GLES3) {
        static sg_shader_desc desc;
        static bool valid;
        if (!valid) {
            valid = true;
            desc.vertex_func.source = (const char*)vs_static_source_glsl300es;
            desc.vertex_func.entry = "main";
            desc.fragment_func.source = (const char*)fs_source_glsl300es;
            desc.fragment_func.entry = "main";
            desc.attrs[0].base_type = SG_SHADERATTRBASETYPE_FLOAT;
            desc.attrs[0].glsl_name = "position";
            desc.attrs[1].base_type = SG_SHADERATTRBASETYPE_FLOAT;
            desc.attrs[1].glsl_name = "normal";
            desc.attrs[2].base_type = SG_SHADERATTRBASETYPE_FLOAT;
            desc.attrs[2].glsl_name = "texcoord0";
            desc.attrs[3].base_type = SG_SHADERATTRBASETYPE_FLOAT;
            desc.attrs[3].glsl_name = "texcoord1";
            desc.attrs[4].base_type = SG_SHADERATTRBASETYPE_FLOAT;
            desc.attrs[4].glsl_name = "tangent";
            desc.attrs[5].base_type = SG_SHADERATTRBASETYPE_FLOAT;
            desc.attrs[5].glsl_name = "color0";
            desc.uniform_blocks[0].stage = SG_SHADERSTAGE_VERTEX;
            desc.uniform_blocks[0].layout = SG_UNIFORMLAYOUT_STD140;
            desc.uniform_blocks[0].size = 192;
            desc.uniform_blocks[0].glsl_uniforms[0].type = SG_UNIFORMTYPE_FLOAT4;
            desc.uniform_blocks[0].glsl_uniforms[0].array_count = 12;
            desc.uniform_blocks[0].glsl_uniforms[0].glsl_name = "vs_params";
            desc.uniform_blocks[1].stage = SG_SHADERSTAGE_FRAGMENT;
            desc.uniform_blocks[1].layout = SG_UNIFORMLAYOUT_STD140;
            desc.uniform_blocks[1].size = 224;
            desc.uniform_blocks[1].glsl_uniforms[0].type = SG_UNIFORMTYPE_FLOAT4;
            desc.uniform_blocks[1].glsl_uniforms[0].array_count = 14;
            desc.uniform_blocks[1].glsl_uniforms[0].glsl_name = "fs_params";
            desc.uniform_blocks[2].stage = SG_SHADERSTAGE_FRAGMENT;
            desc.uniform_blocks[2].layout = SG_UNIFORMLAYOUT_STD140;
            desc.uniform_blocks[2].size = 208;
            desc.uniform_blocks[2].glsl_uniforms[0].type = SG_UNIFORMTYPE_FLOAT4;
            desc.uniform_blocks[2].glsl_uniforms[0].array_count = 13;
            desc.uniform_blocks[2].glsl_uniforms[0].glsl_name = "fs_scene";
            desc.uniform_blocks[3].stage = SG_SHADERSTAGE_FRAGMENT;
            desc.uniform_blocks[3].layout = SG_UNIFORMLAYOUT_STD140;
            desc.uniform_blocks[3].size = 512;
            desc.uniform_blocks[3].glsl_uniforms[0].type = SG_UNIFORMTYPE_FLOAT4;
            desc.uniform_blocks[3].glsl_uniforms[0].array_count = 32;
            desc.uniform_blocks[3].glsl_uniforms[0].glsl_name = "fs_lights";
            desc.views[0].texture.stage = SG_SHADERSTAGE_FRAGMENT;
            desc.views[0].texture.image_type = SG_IMAGETYPE_2D;
            desc.views[0].texture.sample_type = SG_IMAGESAMPLETYPE_FLOAT;
            desc.views[0].texture.multisampled = false;
            desc.views[1].texture.stage = SG_SHADERSTAGE_FRAGMENT;
            desc.views[1].texture.image_type = SG_IMAGETYPE_2D;
            desc.views[1].texture.sample_type = SG_IMAGESAMPLETYPE_FLOAT;
            desc.views[1].texture.multisampled = false;
            desc.views[2].texture.stage = SG_SHADERSTAGE_FRAGMENT;
            desc.views[2].texture.image_type = SG_IMAGETYPE_2D;
            desc.views[2].texture.sample_type = SG_IMAGESAMPLETYPE_FLOAT;
            desc.views[2].texture.multisampled = false;
            desc.views[3].texture.stage = SG_SHADERSTAGE_FRAGMENT;
            desc.views[3].texture.image_type = SG_IMAGETYPE_2D;
            desc.views[3].texture.sample_type = SG_IMAGESAMPLETYPE_FLOAT;
            desc.views[3].texture.multisampled = false;
            desc.views[4].texture.stage = SG_SHADERSTAGE_FRAGMENT;
            desc.views[4].texture.image_type = SG_IMAGETYPE_2D;
            desc.views[4].texture.sample_type = SG_IMAGESAMPLETYPE_FLOAT;
            desc.views[4].texture.multisampled = false;
            desc.views[5].texture.stage = SG_SHADERSTAGE_FRAGMENT;
            desc.views[5].texture.image_type = SG_IMAGETYPE_CUBE;
            desc.views[5].texture.sample_type = SG_IMAGESAMPLETYPE_FLOAT;
            desc.views[5].texture.multisampled = false;
            desc.views[6].texture.stage = SG_SHADERSTAGE_FRAGMENT;
            desc.views[6].texture.image_type = SG_IMAGETYPE_2D;
            desc.views[6].texture.sample_type = SG_IMAGESAMPLETYPE_FLOAT;
            desc.views[6].texture.multisampled = false;
            desc.samplers[0].stage = SG_SHADERSTAGE_FRAGMENT;
            desc.samplers[0].sampler_type = SG_SAMPLERTYPE_FILTERING;
            desc.samplers[1].stage = SG_SHADERSTAGE_FRAGMENT;
            desc.samplers[1].sampler_type = SG_SAMPLERTYPE_FILTERING;
            desc.samplers[2].stage = SG_SHADERSTAGE_FRAGMENT;
            desc.samplers[2].sampler_type = SG_SAMPLERTYPE_FILTERING;
            desc.samplers[3].stage = SG_SHADERSTAGE_FRAGMENT;
            desc.samplers[3].sampler_type = SG_SAMPLERTYPE_FILTERING;
            desc.samplers[4].stage = SG_SHADERSTAGE_FRAGMENT;
            desc.samplers[4].sampler_type = SG_SAMPLERTYPE_FILTERING;
            desc.samplers[5].stage = SG_SHADERSTAGE_FRAGMENT;
            desc.samplers[5].sampler_type = SG_SAMPLERTYPE_FILTERING;
            desc.samplers[6].stage = SG_SHADERSTAGE_FRAGMENT;
            desc.samplers[6].sampler_type = SG_SAMPLERTYPE_FILTERING;
            desc.texture_sampler_pairs[0].stage = SG_SHADERSTAGE_FRAGMENT;
            desc.texture_sampler_pairs[0].view_slot = 0;
            desc.texture_sampler_pairs[0].sampler_slot = 0;
            desc.texture_sampler_pairs[0].glsl_name = "base_color_tex_base_color_smp";
            desc.texture_sampler_pairs[1].stage = SG_SHADERSTAGE_FRAGMENT;
            desc.texture_sampler_pairs[1].view_slot = 2;
            desc.texture_sampler_pairs[1].sampler_slot = 2;
            desc.texture_sampler_pairs[1].glsl_name = "normal_tex_normal_smp";
            desc.texture_sampler_pairs[2].stage = SG_SHADERSTAGE_FRAGMENT;
            desc.texture_sampler_pairs[2].view_slot = 1;
            desc.texture_sampler_pairs[2].sampler_slot = 1;
            desc.texture_sampler_pairs[2].glsl_name = "metallic_roughness_tex_metallic_roughness_smp";
            desc.texture_sampler_pairs[3].stage = SG_SHADERSTAGE_FRAGMENT;
            desc.texture_sampler_pairs[3].view_slot = 3;
            desc.texture_sampler_pairs[3].sampler_slot = 3;
            desc.texture_sampler_pairs[3].glsl_name = "occlusion_tex_occlusion_smp";
            desc.texture_sampler_pairs[4].stage = SG_SHADERSTAGE_FRAGMENT;
            desc.texture_sampler_pairs[4].view_slot = 5;
            desc.texture_sampler_pairs[4].sampler_slot = 5;
            desc.texture_sampler_pairs[4].glsl_name = "env_tex_env_smp";
            desc.texture_sampler_pairs[5].stage = SG_SHADERSTAGE_FRAGMENT;
            desc.texture_sampler_pairs[5].view_slot = 6;
            desc.texture_sampler_pairs[5].sampler_slot = 6;
            desc.texture_sampler_pairs[5].glsl_name = "brdf_tex_brdf_smp";
            desc.texture_sampler_pairs[6].stage = SG_SHADERSTAGE_FRAGMENT;
            desc.texture_sampler_pairs[6].view_slot = 4;
            desc.texture_sampler_pairs[6].sampler_slot = 4;
            desc.texture_sampler_pairs[6].glsl_name = "emissive_tex_emissive_smp";
            desc.label = "model_static_shader";
        }
        return &desc;
    }
    #endif /* SOKOL_GLES3 */
    #if defined(SOKOL_WGPU)
    if (backend == SG_BACKEND_WGPU) {
        static sg_shader_desc desc;
        static bool valid;
        if (!valid) {
            valid = true;
            desc.vertex_func.source = (const char*)vs_static_source_wgsl;
            desc.vertex_func.entry = "main";
            desc.fragment_func.source = (const char*)fs_source_wgsl;
            desc.fragment_func.entry = "main";
            desc.attrs[0].base_type = SG_SHADERATTRBASETYPE_FLOAT;
            desc.attrs[1].base_type = SG_SHADERATTRBASETYPE_FLOAT;
            desc.attrs[2].base_type = SG_SHADERATTRBASETYPE_FLOAT;
            desc.attrs[3].base_type = SG_SHADERATTRBASETYPE_FLOAT;
            desc.attrs[4].base_type = SG_SHADERATTRBASETYPE_FLOAT;
            desc.attrs[5].base_type = SG_SHADERATTRBASETYPE_FLOAT;
            desc.uniform_blocks[0].stage = SG_SHADERSTAGE_VERTEX;
            desc.uniform_blocks[0].layout = SG_UNIFORMLAYOUT_STD140;
            desc.uniform_blocks[0].size = 192;
            desc.uniform_blocks[0].wgsl_group0_binding_n = 0;
            desc.uniform_blocks[1].stage = SG_SHADERSTAGE_FRAGMENT;
            desc.uniform_blocks[1].layout = SG_UNIFORMLAYOUT_STD140;
            desc.uniform_blocks[1].size = 224;
            desc.uniform_blocks[1].wgsl_group0_binding_n = 1;
            desc.uniform_blocks[2].stage = SG_SHADERSTAGE_FRAGMENT;
            desc.uniform_blocks[2].layout = SG_UNIFORMLAYOUT_STD140;
            desc.uniform_blocks[2].size = 208;
            desc.uniform_blocks[2].wgsl_group0_binding_n = 2;
            desc.uniform_blocks[3].stage = SG_SHADERSTAGE_FRAGMENT;
            desc.uniform_blocks[3].layout = SG_UNIFORMLAYOUT_STD140;
            desc.uniform_blocks[3].size = 512;
            desc.uniform_blocks[3].wgsl_group0_binding_n = 3;
            desc.views[0].texture.stage = SG_SHADERSTAGE_FRAGMENT;
            desc.views[0].texture.image_type = SG_IMAGETYPE_2D;
            desc.views[0].texture.sample_type = SG_IMAGESAMPLETYPE_FLOAT;
            desc.views[0].texture.multisampled = false;
            desc.views[0].texture.wgsl_group1_binding_n = 0;
            desc.views[1].texture.stage = SG_SHADERSTAGE_FRAGMENT;
            desc.views[1].texture.image_type = SG_IMAGETYPE_2D;
            desc.views[1].texture.sample_type = SG_IMAGESAMPLETYPE_FLOAT;
            desc.views[1].texture.multisampled = false;
            desc.views[1].texture.wgsl_group1_binding_n = 1;
            desc.views[2].texture.stage = SG_SHADERSTAGE_FRAGMENT;
            desc.views[2].texture.image_type = SG_IMAGETYPE_2D;
            desc.views[2].texture.sample_type = SG_IMAGESAMPLETYPE_FLOAT;
            desc.views[2].texture.multisampled = false;
            desc.views[2].texture.wgsl_group1_binding_n = 2;
            desc.views[3].texture.stage = SG_SHADERSTAGE_FRAGMENT;
            desc.views[3].texture.image_type = SG_IMAGETYPE_2D;
            desc.views[3].texture.sample_type = SG_IMAGESAMPLETYPE_FLOAT;
            desc.views[3].texture.multisampled = false;
            desc.views[3].texture.wgsl_group1_binding_n = 3;
            desc.views[4].texture.stage = SG_SHADERSTAGE_FRAGMENT;
            desc.views[4].texture.image_type = SG_IMAGETYPE_2D;
            desc.views[4].texture.sample_type = SG_IMAGESAMPLETYPE_FLOAT;
            desc.views[4].texture.multisampled = false;
            desc.views[4].texture.wgsl_group1_binding_n = 4;
            desc.views[5].texture.stage = SG_SHADERSTAGE_FRAGMENT;
            desc.views[5].texture.image_type = SG_IMAGETYPE_CUBE;
            desc.views[5].texture.sample_type = SG_IMAGESAMPLETYPE_FLOAT;
            desc.views[5].texture.multisampled = false;
            desc.views[5].texture.wgsl_group1_binding_n = 5;
            desc.views[6].texture.stage = SG_SHADERSTAGE_FRAGMENT;
            desc.views[6].texture.image_type = SG_IMAGETYPE_2D;
            desc.views[6].texture.sample_type = SG_IMAGESAMPLETYPE_FLOAT;
            desc.views[6].texture.multisampled = false;
            desc.views[6].texture.wgsl_group1_binding_n = 6;
            desc.samplers[0].stage = SG_SHADERSTAGE_FRAGMENT;
            desc.samplers[0].sampler_type = SG_SAMPLERTYPE_FILTERING;
            desc.samplers[0].wgsl_group1_binding_n = 32;
            desc.samplers[1].stage = SG_SHADERSTAGE_FRAGMENT;
            desc.samplers[1].sampler_type = SG_SAMPLERTYPE_FILTERING;
            desc.samplers[1].wgsl_group1_binding_n = 33;
            desc.samplers[2].stage = SG_SHADERSTAGE_FRAGMENT;
            desc.samplers[2].sampler_type = SG_SAMPLERTYPE_FILTERING;
            desc.samplers[2].wgsl_group1_binding_n = 34;
            desc.samplers[3].stage = SG_SHADERSTAGE_FRAGMENT;
            desc.samplers[3].sampler_type = SG_SAMPLERTYPE_FILTERING;
            desc.samplers[3].wgsl_group1_binding_n = 35;
            desc.samplers[4].stage = SG_SHADERSTAGE_FRAGMENT;
            desc.samplers[4].sampler_type = SG_SAMPLERTYPE_FILTERING;
            desc.samplers[4].wgsl_group1_binding_n = 36;
            desc.samplers[5].stage = SG_SHADERSTAGE_FRAGMENT;
            desc.samplers[5].sampler_type = SG_SAMPLERTYPE_FILTERING;
            desc.samplers[5].wgsl_group1_binding_n = 37;
            desc.samplers[6].stage = SG_SHADERSTAGE_FRAGMENT;
            desc.samplers[6].sampler_type = SG_SAMPLERTYPE_FILTERING;
            desc.samplers[6].wgsl_group1_binding_n = 38;
            desc.texture_sampler_pairs[0].stage = SG_SHADERSTAGE_FRAGMENT;
            desc.texture_sampler_pairs[0].view_slot = 0;
            desc.texture_sampler_pairs[0].sampler_slot = 0;
            desc.texture_sampler_pairs[1].stage = SG_SHADERSTAGE_FRAGMENT;
            desc.texture_sampler_pairs[1].view_slot = 2;
            desc.texture_sampler_pairs[1].sampler_slot = 2;
            desc.texture_sampler_pairs[2].stage = SG_SHADERSTAGE_FRAGMENT;
            desc.texture_sampler_pairs[2].view_slot = 1;
            desc.texture_sampler_pairs[2].sampler_slot = 1;
            desc.texture_sampler_pairs[3].stage = SG_SHADERSTAGE_FRAGMENT;
            desc.texture_sampler_pairs[3].view_slot = 3;
            desc.texture_sampler_pairs[3].sampler_slot = 3;
            desc.texture_sampler_pairs[4].stage = SG_SHADERSTAGE_FRAGMENT;
            desc.texture_sampler_pairs[4].view_slot = 5;
            desc.texture_sampler_pairs[4].sampler_slot = 5;
            desc.texture_sampler_pairs[5].stage = SG_SHADERSTAGE_FRAGMENT;
            desc.texture_sampler_pairs[5].view_slot = 6;
            desc.texture_sampler_pairs[5].sampler_slot = 6;
            desc.texture_sampler_pairs[6].stage = SG_SHADERSTAGE_FRAGMENT;
            desc.texture_sampler_pairs[6].view_slot = 4;
            desc.texture_sampler_pairs[6].sampler_slot = 4;
            desc.label = "model_static_shader";
        }
        return &desc;
    }
    #endif /* SOKOL_WGPU */
    return 0;
}
