#pragma once
/*
    #version:1# (machine generated, don't edit!)

    Generated by sokol-shdc (https://github.com/floooh/sokol-tools)

    Cmdline:
        sokol-shdc -i src/shaders/sk_sprite.glsl -o src/shaders/sk_sprite.glsl.h -l glsl410:glsl300es:wgsl --ifdef

    Overview:
    =========
    Shader program: 'particle':
        Get shader desc: sprite_particle_shader_desc(sg_query_backend());
        Vertex Shader: vs_particle
        Fragment Shader: fs
        Attributes:
            ATTR_sprite_particle_corner => 0
            ATTR_sprite_particle_born => 1
            ATTR_sprite_particle_motion => 2
            ATTR_sprite_particle_shape => 3
    Shader program: 'quad':
        Get shader desc: sprite_quad_shader_desc(sg_query_backend());
        Vertex Shader: vs
        Fragment Shader: fs
        Attributes:
            ATTR_sprite_quad_corner => 0
            ATTR_sprite_quad_inst_pos => 1
            ATTR_sprite_quad_inst_size => 2
            ATTR_sprite_quad_inst_uv => 3
            ATTR_sprite_quad_inst_right => 4
            ATTR_sprite_quad_inst_up => 5
            ATTR_sprite_quad_inst_color => 6
    Shader program: 'quad_pulled':
        Get shader desc: sprite_quad_pulled_shader_desc(sg_query_backend());
        Vertex Shader: vs_pulled
        Fragment Shader: fs
        Attributes:
            ATTR_sprite_quad_pulled_corner => 0
    Bindings:
        Uniform block 'particle_params':
            C struct: sprite_particle_params_t
            Bind slot: UB_sprite_particle_params => 0
        Uniform block 'vs_params':
            C struct: sprite_vs_params_t
            Bind slot: UB_sprite_vs_params => 0
        Uniform block 'vs_batch':
            C struct: sprite_vs_batch_t
            Bind slot: UB_sprite_vs_batch => 1
        Texture 'tex':
            Image type: SG_IMAGETYPE_2D
            Sample type: SG_IMAGESAMPLETYPE_FLOAT
            Multisampled: false
            Bind slot: VIEW_sprite_tex => 0
        Texture 'sprite_data':
            Image type: SG_IMAGETYPE_2D
            Sample type: SG_IMAGESAMPLETYPE_UNFILTERABLE_FLOAT
            Multisampled: false
            Bind slot: VIEW_sprite_sprite_data => 1
        Sampler 'smp':
            Type: SG_SAMPLERTYPE_FILTERING
            Bind slot: SMP_sprite_smp => 0
        Sampler 'sprite_data_smp':
            Type: SG_SAMPLERTYPE_NONFILTERING
            Bind slot: SMP_sprite_sprite_data_smp => 1
*/
#if !defined(SOKOL_GFX_INCLUDED)
#error "Please include sokol_gfx.h before sk_sprite.glsl.h"
#endif
#if !defined(SOKOL_SHDC_ALIGN)
#if defined(_MSC_VER)
#define SOKOL_SHDC_ALIGN(a) __declspec(align(a))
#else
#define SOKOL_SHDC_ALIGN(a) __attribute__((aligned(a)))
#endif
#endif
#define ATTR_sprite_particle_corner (0)
#define ATTR_sprite_particle_born (1)
#define ATTR_sprite_particle_motion (2)
#define ATTR_sprite_particle_shape (3)
#define ATTR_sprite_quad_corner (0)
#define ATTR_sprite_quad_inst_pos (1)
#define ATTR_sprite_quad_inst_size (2)
#define ATTR_sprite_quad_inst_uv (3)
#define ATTR_sprite_quad_inst_right (4)
#define ATTR_sprite_quad_inst_up (5)
#define ATTR_sprite_quad_inst_color (6)
#define ATTR_sprite_quad_pulled_corner (0)
#define UB_sprite_particle_params (0)
#define UB_sprite_vs_params (0)
#define UB_sprite_vs_batch (1)
#define VIEW_sprite_tex (0)
#define VIEW_sprite_sprite_data (1)
#define SMP_sprite_smp (0)
#define SMP_sprite_sprite_data_smp (1)
#pragma pack(push,1)
SOKOL_SHDC_ALIGN(16) typedef struct sprite_particle_params_t {
    float view_proj[16];
    float axis_x[4];
    float axis_y[4];
    float gravity_now[4];
    float counts[4];
    float source[4];
    float dynamics[4];
    float frames[4];
    float size_times[2][4];
    float size_values[2][4];
    float color_times[2][4];
    float color_values[8][4];
    float palette[8][4];
} sprite_particle_params_t;
#pragma pack(pop)
#pragma pack(push,1)
SOKOL_SHDC_ALIGN(16) typedef struct sprite_vs_params_t {
    float view_proj[16];
    float camera_right[4];
    float camera_up[4];
    float upright[4];
} sprite_vs_params_t;
#pragma pack(pop)
#pragma pack(push,1)
SOKOL_SHDC_ALIGN(16) typedef struct sprite_vs_batch_t {
    float batch[4];
} sprite_vs_batch_t;
#pragma pack(pop)
/*
    #version 410

    uniform vec4 vs_params[7];
    layout(location = 0) out vec2 uv;
    layout(location = 1) out vec4 color;
    layout(location = 2) out float alpha_mode;
    layout(location = 0) in vec2 corner;
    layout(location = 1) in vec4 inst_pos;
    layout(location = 2) in vec4 inst_size;
    layout(location = 3) in vec4 inst_uv;
    layout(location = 4) in vec3 inst_right;
    layout(location = 5) in vec4 inst_up;
    layout(location = 6) in vec4 inst_color;

    void place(vec2 corner_1, vec4 pos, vec4 size, vec4 source, vec3 right_axis, vec4 up_axis, vec4 tint)
    {
        vec3 right = right_axis;
        vec3 up = up_axis.xyz;
        if (pos.w < 0.5)
        {
            right = vs_params[4].xyz;
            up = vs_params[5].xyz;
        }
        else
        {
            if (pos.w < 1.5)
            {
                right = vs_params[6].xyz;
                up = vec3(0.0, 1.0, 0.0);
            }
        }
        gl_Position = mat4(vs_params[0], vs_params[1], vs_params[2], vs_params[3]) * vec4((pos.xyz + (right * (((corner_1.x + 0.5) - size.z) * size.x))) + (up * (((corner_1.y - 0.5) + size.w) * size.y)), 1.0);
        uv = vec2(mix(source.x, source.z, corner_1.x + 0.5), mix(source.y, source.w, 0.5 - corner_1.y));
        color = tint;
        alpha_mode = up_axis.w;
    }

    void main()
    {
        vec2 param = corner;
        vec4 param_1 = inst_pos;
        vec4 param_2 = inst_size;
        vec4 param_3 = inst_uv;
        vec3 param_4 = inst_right;
        vec4 param_5 = inst_up;
        vec4 param_6 = inst_color;
        place(param, param_1, param_2, param_3, param_4, param_5, param_6);
    }

*/
#if defined(SOKOL_GLCORE)
static const uint8_t sprite_vs_source_glsl410[1478] = {
    0x23,0x76,0x65,0x72,0x73,0x69,0x6f,0x6e,0x20,0x34,0x31,0x30,0x0a,0x0a,0x75,0x6e,
    0x69,0x66,0x6f,0x72,0x6d,0x20,0x76,0x65,0x63,0x34,0x20,0x76,0x73,0x5f,0x70,0x61,
    0x72,0x61,0x6d,0x73,0x5b,0x37,0x5d,0x3b,0x0a,0x6c,0x61,0x79,0x6f,0x75,0x74,0x28,
    0x6c,0x6f,0x63,0x61,0x74,0x69,0x6f,0x6e,0x20,0x3d,0x20,0x30,0x29,0x20,0x6f,0x75,
    0x74,0x20,0x76,0x65,0x63,0x32,0x20,0x75,0x76,0x3b,0x0a,0x6c,0x61,0x79,0x6f,0x75,
    0x74,0x28,0x6c,0x6f,0x63,0x61,0x74,0x69,0x6f,0x6e,0x20,0x3d,0x20,0x31,0x29,0x20,
    0x6f,0x75,0x74,0x20,0x76,0x65,0x63,0x34,0x20,0x63,0x6f,0x6c,0x6f,0x72,0x3b,0x0a,
    0x6c,0x61,0x79,0x6f,0x75,0x74,0x28,0x6c,0x6f,0x63,0x61,0x74,0x69,0x6f,0x6e,0x20,
    0x3d,0x20,0x32,0x29,0x20,0x6f,0x75,0x74,0x20,0x66,0x6c,0x6f,0x61,0x74,0x20,0x61,
    0x6c,0x70,0x68,0x61,0x5f,0x6d,0x6f,0x64,0x65,0x3b,0x0a,0x6c,0x61,0x79,0x6f,0x75,
    0x74,0x28,0x6c,0x6f,0x63,0x61,0x74,0x69,0x6f,0x6e,0x20,0x3d,0x20,0x30,0x29,0x20,
    0x69,0x6e,0x20,0x76,0x65,0x63,0x32,0x20,0x63,0x6f,0x72,0x6e,0x65,0x72,0x3b,0x0a,
    0x6c,0x61,0x79,0x6f,0x75,0x74,0x28,0x6c,0x6f,0x63,0x61,0x74,0x69,0x6f,0x6e,0x20,
    0x3d,0x20,0x31,0x29,0x20,0x69,0x6e,0x20,0x76,0x65,0x63,0x34,0x20,0x69,0x6e,0x73,
    0x74,0x5f,0x70,0x6f,0x73,0x3b,0x0a,0x6c,0x61,0x79,0x6f,0x75,0x74,0x28,0x6c,0x6f,
    0x63,0x61,0x74,0x69,0x6f,0x6e,0x20,0x3d,0x20,0x32,0x29,0x20,0x69,0x6e,0x20,0x76,
    0x65,0x63,0x34,0x20,0x69,0x6e,0x73,0x74,0x5f,0x73,0x69,0x7a,0x65,0x3b,0x0a,0x6c,
    0x61,0x79,0x6f,0x75,0x74,0x28,0x6c,0x6f,0x63,0x61,0x74,0x69,0x6f,0x6e,0x20,0x3d,
    0x20,0x33,0x29,0x20,0x69,0x6e,0x20,0x76,0x65,0x63,0x34,0x20,0x69,0x6e,0x73,0x74,
    0x5f,0x75,0x76,0x3b,0x0a,0x6c,0x61,0x79,0x6f,0x75,0x74,0x28,0x6c,0x6f,0x63,0x61,
    0x74,0x69,0x6f,0x6e,0x20,0x3d,0x20,0x34,0x29,0x20,0x69,0x6e,0x20,0x76,0x65,0x63,
    0x33,0x20,0x69,0x6e,0x73,0x74,0x5f,0x72,0x69,0x67,0x68,0x74,0x3b,0x0a,0x6c,0x61,
    0x79,0x6f,0x75,0x74,0x28,0x6c,0x6f,0x63,0x61,0x74,0x69,0x6f,0x6e,0x20,0x3d,0x20,
    0x35,0x29,0x20,0x69,0x6e,0x20,0x76,0x65,0x63,0x34,0x20,0x69,0x6e,0x73,0x74,0x5f,
    0x75,0x70,0x3b,0x0a,0x6c,0x61,0x79,0x6f,0x75,0x74,0x28,0x6c,0x6f,0x63,0x61,0x74,
    0x69,0x6f,0x6e,0x20,0x3d,0x20,0x36,0x29,0x20,0x69,0x6e,0x20,0x76,0x65,0x63,0x34,
    0x20,0x69,0x6e,0x73,0x74,0x5f,0x63,0x6f,0x6c,0x6f,0x72,0x3b,0x0a,0x0a,0x76,0x6f,
    0x69,0x64,0x20,0x70,0x6c,0x61,0x63,0x65,0x28,0x76,0x65,0x63,0x32,0x20,0x63,0x6f,
    0x72,0x6e,0x65,0x72,0x5f,0x31,0x2c,0x20,0x76,0x65,0x63,0x34,0x20,0x70,0x6f,0x73,
    0x2c,0x20,0x76,0x65,0x63,0x34,0x20,0x73,0x69,0x7a,0x65,0x2c,0x20,0x76,0x65,0x63,
    0x34,0x20,0x73,0x6f,0x75,0x72,0x63,0x65,0x2c,0x20,0x76,0x65,0x63,0x33,0x20,0x72,
    0x69,0x67,0x68,0x74,0x5f,0x61,0x78,0x69,0x73,0x2c,0x20,0x76,0x65,0x63,0x34,0x20,
    0x75,0x70,0x5f,0x61,0x78,0x69,0x73,0x2c,0x20,0x76,0x65,0x63,0x34,0x20,0x74,0x69,
    0x6e,0x74,0x29,0x0a,0x7b,0x0a,0x20,0x20,0x20,0x20,0x76,0x65,0x63,0x33,0x20,0x72,
    0x69,0x67,0x68,0x74,0x20,0x3d,0x20,0x72,0x69,0x67,0x68,0x74,0x5f,0x61,0x78,0x69,
    0x73,0x3b,0x0a,0x20,0x20,0x20,0x20,0x76,0x65,0x63,0x33,0x20,0x75,0x70,0x20,0x3d,
    0x20,0x75,0x70,0x5f,0x61,0x78,0x69,0x73,0x2e,0x78,0x79,0x7a,0x3b,0x0a,0x20,0x20,
    0x20,0x20,0x69,0x66,0x20,0x28,0x70,0x6f,0x73,0x2e,0x77,0x20,0x3c,0x20,0x30,0x2e,
    0x35,0x29,0x0a,0x20,0x20,0x20,0x20,0x7b,0x0a,0x20,0x20,0x20,0x20,0x20,0x20,0x20,
    0x20,0x72,0x69,0x67,0x68,0x74,0x20,0x3d,0x20,0x76,0x73,0x5f,0x70,0x61,0x72,0x61,
    0x6d,0x73,0x5b,0x34,0x5d,0x2e,0x78,0x79,0x7a,0x3b,0x0a,0x20,0x20,0x20,0x20,0x20,
    0x20,0x20,0x20,0x75,0x70,0x20,0x3d,0x20,0x76,0x73,0x5f,0x70,0x61,0x72,0x61,0x6d,
    0x73,0x5b,0x35,0x5d,0x2e,0x78,0x79,0x7a,0x3b,0x0a,0x20,0x20,0x20,0x20,0x7d,0x0a,
    0x20,0x20,0x20,0x20,0x65,0x6c,0x73,0x65,0x0a,0x20,0x20,0x20,0x20,0x7b,0x0a,0x20,
    0x20,0x20,0x20,0x20,0x20,0x20,0x20,0x69,0x66,0x20,0x28,0x70,0x6f,0x73,0x2e,0x77,
    0x20,0x3c,0x20,0x31,0x2e,0x35,0x29,0x0a,0x20,0x20,0x20,0x20,0x20,0x20,0x20,0x20,
    0x7b,0x0a,0x20,0x20,0x20,0x20,0x20,0x20,0x20,0x20,0x20,0x20,0x20,0x20,0x72,0x69,
    0x67,0x68,0x74,0x20,0x3d,0x20,0x76,0x73,0x5f,0x70,0x61,0x72,0x61,0x6d,0x73,0x5b,
    0x36,0x5d,0x2e,0x78,0x79,0x7a,0x3b,0x0a,0x20,0x20,0x20,0x20,0x20,0x20,0x20,0x20,
    0x20,0x20,0x20,0x20,0x75,0x70,0x20,0x3d,0x20,0x76,0x65,0x63,0x33,0x28,0x30,0x2e,
    0x30,0x2c,0x20,0x31,0x2e,0x30,0x2c,0x20,0x30,0x2e,0x30,0x29,0x3b,0x0a,0x20,0x20,
    0x20,0x20,0x20,0x20,0x20,0x20,0x7d,0x0a,0x20,0x20,0x20,0x20,0x7d,0x0a,0x20,0x20,
    0x20,0x20,0x67,0x6c,0x5f,0x50,0x6f,0x73,0x69,0x74,0x69,0x6f,0x6e,0x20,0x3d,0x20,
    0x6d,0x61,0x74,0x34,0x28,0x76,0x73,0x5f,0x70,0x61,0x72,0x61,0x6d,0x73,0x5b,0x30,
    0x5d,0x2c,0x20,0x76,0x73,0x5f,0x70,0x61,0x72,0x61,0x6d,0x73,0x5b,0x31,0x5d,0x2c,
    0x20,0x76,0x73,0x5f,0x70,0x61,0x72,0x61,0x6d,0x73,0x5b,0x32,0x5d,0x2c,0x20,0x76,
    0x73,0x5f,0x70,0x61,0x72,0x61,0x6d,0x73,0x5b,0x33,0x5d,0x29,0x20,0x2a,0x20,0x76,
    0x65,0x63,0x34,0x28,0x28,0x70,0x6f,0x73,0x2e,0x78,0x79,0x7a,0x20,0x2b,0x20,0x28,
    0x72,0x69,0x67,0x68,0x74,0x20,0x2a,0x20,0x28,0x28,0x28,0x63,0x6f,0x72,0x6e,0x65,
    0x72,0x5f,0x31,0x2e,0x78,0x20,0x2b,0x20,0x30,0x2e,0x35,0x29,0x20,0x2d,0x20,0x73,
    0x69,0x7a,0x65,0x2e,0x7a,0x29,0x20,0x2a,0x20,0x73,0x69,0x7a,0x65,0x2e,0x78,0x29,
    0x29,0x29,0x20,0x2b,0x20,0x28,0x75,0x70,0x20,0x2a,0x20,0x28,0x28,0x28,0x63,0x6f,
    0x72,0x6e,0x65,0x72,0x5f,0x31,0x2e,0x79,0x20,0x2d,0x20,0x30,0x2e,0x35,0x29,0x20,
    0x2b,0x20,0x73,0x69,0x7a,0x65,0x2e,0x77,0x29,0x20,0x2a,0x20,0x73,0x69,0x7a,0x65,
    0x2e,0x79,0x29,0x29,0x2c,0x20,0x31,0x2e,0x30,0x29,0x3b,0x0a,0x20,0x20,0x20,0x20,
    0x75,0x76,0x20,0x3d,0x20,0x76,0x65,0x63,0x32,0x28,0x6d,0x69,0x78,0x28,0x73,0x6f,
    0x75,0x72,0x63,0x65,0x2e,0x78,0x2c,0x20,0x73,0x6f,0x75,0x72,0x63,0x65,0x2e,0x7a,
    0x2c,0x20,0x63,0x6f,0x72,0x6e,0x65,0x72,0x5f,0x31,0x2e,0x78,0x20,0x2b,0x20,0x30,
    0x2e,0x35,0x29,0x2c,0x20,0x6d,0x69,0x78,0x28,0x73,0x6f,0x75,0x72,0x63,0x65,0x2e,
    0x79,0x2c,0x20,0x73,0x6f,0x75,0x72,0x63,0x65,0x2e,0x77,0x2c,0x20,0x30,0x2e,0x35,
    0x20,0x2d,0x20,0x63,0x6f,0x72,0x6e,0x65,0x72,0x5f,0x31,0x2e,0x79,0x29,0x29,0x3b,
    0x0a,0x20,0x20,0x20,0x20,0x63,0x6f,0x6c,0x6f,0x72,0x20,0x3d,0x20,0x74,0x69,0x6e,
    0x74,0x3b,0x0a,0x20,0x20,0x20,0x20,0x61,0x6c,0x70,0x68,0x61,0x5f,0x6d,0x6f,0x64,
    0x65,0x20,0x3d,0x20,0x75,0x70,0x5f,0x61,0x78,0x69,0x73,0x2e,0x77,0x3b,0x0a,0x7d,
    0x0a,0x0a,0x76,0x6f,0x69,0x64,0x20,0x6d,0x61,0x69,0x6e,0x28,0x29,0x0a,0x7b,0x0a,
    0x20,0x20,0x20,0x20,0x76,0x65,0x63,0x32,0x20,0x70,0x61,0x72,0x61,0x6d,0x20,0x3d,
    0x20,0x63,0x6f,0x72,0x6e,0x65,0x72,0x3b,0x0a,0x20,0x20,0x20,0x20,0x76,0x65,0x63,
    0x34,0x20,0x70,0x61,0x72,0x61,0x6d,0x5f,0x31,0x20,0x3d,0x20,0x69,0x6e,0x73,0x74,
    0x5f,0x70,0x6f,0x73,0x3b,0x0a,0x20,0x20,0x20,0x20,0x76,0x65,0x63,0x34,0x20,0x70,
    0x61,0x72,0x61,0x6d,0x5f,0x32,0x20,0x3d,0x20,0x69,0x6e,0x73,0x74,0x5f,0x73,0x69,
    0x7a,0x65,0x3b,0x0a,0x20,0x20,0x20,0x20,0x76,0x65,0x63,0x34,0x20,0x70,0x61,0x72,
    0x61,0x6d,0x5f,0x33,0x20,0x3d,0x20,0x69,0x6e,0x73,0x74,0x5f,0x75,0x76,0x3b,0x0a,
    0x20,0x20,0x20,0x20,0x76,0x65,0x63,0x33,0x20,0x70,0x61,0x72,0x61,0x6d,0x5f,0x34,
    0x20,0x3d,0x20,0x69,0x6e,0x73,0x74,0x5f,0x72,0x69,0x67,0x68,0x74,0x3b,0x0a,0x20,
    0x20,0x20,0x20,0x76,0x65,0x63,0x34,0x20,0x70,0x61,0x72,0x61,0x6d,0x5f,0x35,0x20,
    0x3d,0x20,0x69,0x6e,0x73,0x74,0x5f,0x75,0x70,0x3b,0x0a,0x20,0x20,0x20,0x20,0x76,
    0x65,0x63,0x34,0x20,0x70,0x61,0x72,0x61,0x6d,0x5f,0x36,0x20,0x3d,0x20,0x69,0x6e,
    0x73,0x74,0x5f,0x63,0x6f,0x6c,0x6f,0x72,0x3b,0x0a,0x20,0x20,0x20,0x20,0x70,0x6c,
    0x61,0x63,0x65,0x28,0x70,0x61,0x72,0x61,0x6d,0x2c,0x20,0x70,0x61,0x72,0x61,0x6d,
    0x5f,0x31,0x2c,0x20,0x70,0x61,0x72,0x61,0x6d,0x5f,0x32,0x2c,0x20,0x70,0x61,0x72,
    0x61,0x6d,0x5f,0x33,0x2c,0x20,0x70,0x61,0x72,0x61,0x6d,0x5f,0x34,0x2c,0x20,0x70,
    0x61,0x72,0x61,0x6d,0x5f,0x35,0x2c,0x20,0x70,0x61,0x72,0x61,0x6d,0x5f,0x36,0x29,
    0x3b,0x0a,0x7d,0x0a,0x0a,0x00,
};
#endif
/*
    #version 410

    uniform vec4 vs_params[7];
    uniform vec4 vs_batch[1];
    uniform sampler2D sprite_data_sprite_data_smp;

    layout(location = 0) out vec2 uv;
    layout(location = 1) out vec4 color;
    layout(location = 2) out float alpha_mode;
    layout(location = 0) in vec2 corner;

    vec4 texel(int sprite, int k)
    {
        return texelFetch(sprite_data_sprite_data_smp, ivec2(((sprite % 256) * 6) + k, sprite / 256), 0);
    }

    void place(vec2 corner_1, vec4 pos, vec4 size, vec4 source, vec3 right_axis, vec4 up_axis, vec4 tint)
    {
        vec3 right = right_axis;
        vec3 up = up_axis.xyz;
        if (pos.w < 0.5)
        {
            right = vs_params[4].xyz;
            up = vs_params[5].xyz;
        }
        else
        {
            if (pos.w < 1.5)
            {
                right = vs_params[6].xyz;
                up = vec3(0.0, 1.0, 0.0);
            }
        }
        gl_Position = mat4(vs_params[0], vs_params[1], vs_params[2], vs_params[3]) * vec4((pos.xyz + (right * (((corner_1.x + 0.5) - size.z) * size.x))) + (up * (((corner_1.y - 0.5) + size.w) * size.y)), 1.0);
        uv = vec2(mix(source.x, source.z, corner_1.x + 0.5), mix(source.y, source.w, 0.5 - corner_1.y));
        color = tint;
        alpha_mode = up_axis.w;
    }

    void main()
    {
        int _185 = int(vs_batch[0].x) + gl_InstanceID;
        int param = _185;
        int param_1 = 0;
        int param_2 = _185;
        int param_3 = 1;
        int param_4 = _185;
        int param_5 = 2;
        int param_6 = _185;
        int param_7 = 3;
        int param_8 = _185;
        int param_9 = 4;
        int param_10 = _185;
        int param_11 = 5;
        vec2 param_12 = corner;
        vec4 param_13 = texel(param, param_1);
        vec4 param_14 = texel(param_2, param_3);
        vec4 param_15 = texel(param_4, param_5);
        vec3 param_16 = texel(param_6, param_7).xyz;
        vec4 param_17 = texel(param_8, param_9);
        vec4 param_18 = texel(param_10, param_11);
        place(param_12, param_13, param_14, param_15, param_16, param_17, param_18);
    }

*/
#if defined(SOKOL_GLCORE)
static const uint8_t sprite_vs_pulled_source_glsl410[1882] = {
    0x23,0x76,0x65,0x72,0x73,0x69,0x6f,0x6e,0x20,0x34,0x31,0x30,0x0a,0x0a,0x75,0x6e,
    0x69,0x66,0x6f,0x72,0x6d,0x20,0x76,0x65,0x63,0x34,0x20,0x76,0x73,0x5f,0x70,0x61,
    0x72,0x61,0x6d,0x73,0x5b,0x37,0x5d,0x3b,0x0a,0x75,0x6e,0x69,0x66,0x6f,0x72,0x6d,
    0x20,0x76,0x65,0x63,0x34,0x20,0x76,0x73,0x5f,0x62,0x61,0x74,0x63,0x68,0x5b,0x31,
    0x5d,0x3b,0x0a,0x75,0x6e,0x69,0x66,0x6f,0x72,0x6d,0x20,0x73,0x61,0x6d,0x70,0x6c,
    0x65,0x72,0x32,0x44,0x20,0x73,0x70,0x72,0x69,0x74,0x65,0x5f,0x64,0x61,0x74,0x61,
    0x5f,0x73,0x70,0x72,0x69,0x74,0x65,0x5f,0x64,0x61,0x74,0x61,0x5f,0x73,0x6d,0x70,
    0x3b,0x0a,0x0a,0x6c,0x61,0x79,0x6f,0x75,0x74,0x28,0x6c,0x6f,0x63,0x61,0x74,0x69,
    0x6f,0x6e,0x20,0x3d,0x20,0x30,0x29,0x20,0x6f,0x75,0x74,0x20,0x76,0x65,0x63,0x32,
    0x20,0x75,0x76,0x3b,0x0a,0x6c,0x61,0x79,0x6f,0x75,0x74,0x28,0x6c,0x6f,0x63,0x61,
    0x74,0x69,0x6f,0x6e,0x20,0x3d,0x20,0x31,0x29,0x20,0x6f,0x75,0x74,0x20,0x76,0x65,
    0x63,0x34,0x20,0x63,0x6f,0x6c,0x6f,0x72,0x3b,0x0a,0x6c,0x61,0x79,0x6f,0x75,0x74,
    0x28,0x6c,0x6f,0x63,0x61,0x74,0x69,0x6f,0x6e,0x20,0x3d,0x20,0x32,0x29,0x20,0x6f,
    0x75,0x74,0x20,0x66,0x6c,0x6f,0x61,0x74,0x20,0x61,0x6c,0x70,0x68,0x61,0x5f,0x6d,
    0x6f,0x64,0x65,0x3b,0x0a,0x6c,0x61,0x79,0x6f,0x75,0x74,0x28,0x6c,0x6f,0x63,0x61,
    0x74,0x69,0x6f,0x6e,0x20,0x3d,0x20,0x30,0x29,0x20,0x69,0x6e,0x20,0x76,0x65,0x63,
    0x32,0x20,0x63,0x6f,0x72,0x6e,0x65,0x72,0x3b,0x0a,0x0a,0x76,0x65,0x63,0x34,0x20,
    0x74,0x65,0x78,0x65,0x6c,0x28,0x69,0x6e,0x74,0x20,0x73,0x70,0x72,0x69,0x74,0x65,
    0x2c,0x20,0x69,0x6e,0x74,0x20,0x6b,0x29,0x0a,0x7b,0x0a,0x20,0x20,0x20,0x20,0x72,
    0x65,0x74,0x75,0x72,0x6e,0x20,0x74,0x65,0x78,0x65,0x6c,0x46,0x65,0x74,0x63,0x68,
    0x28,0x73,0x70,0x72,0x69,0x74,0x65,0x5f,0x64,0x61,0x74,0x61,0x5f,0x73,0x70,0x72,
    0x69,0x74,0x65,0x5f,0x64,0x61,0x74,0x61,0x5f,0x73,0x6d,0x70,0x2c,0x20,0x69,0x76,
    0x65,0x63,0x32,0x28,0x28,0x28,0x73,0x70,0x72,0x69,0x74,0x65,0x20,0x25,0x20,0x32,
    0x35,0x36,0x29,0x20,0x2a,0x20,0x36,0x29,0x20,0x2b,0x20,0x6b,0x2c,0x20,0x73,0x70,
    0x72,0x69,0x74,0x65,0x20,0x2f,0x20,0x32,0x35,0x36,0x29,0x2c,0x20,0x30,0x29,0x3b,
    0x0a,0x7d,0x0a,0x0a,0x76,0x6f,0x69,0x64,0x20,0x70,0x6c,0x61,0x63,0x65,0x28,0x76,
    0x65,0x63,0x32,0x20,0x63,0x6f,0x72,0x6e,0x65,0x72,0x5f,0x31,0x2c,0x20,0x76,0x65,
    0x63,0x34,0x20,0x70,0x6f,0x73,0x2c,0x20,0x76,0x65,0x63,0x34,0x20,0x73,0x69,0x7a,
    0x65,0x2c,0x20,0x76,0x65,0x63,0x34,0x20,0x73,0x6f,0x75,0x72,0x63,0x65,0x2c,0x20,
    0x76,0x65,0x63,0x33,0x20,0x72,0x69,0x67,0x68,0x74,0x5f,0x61,0x78,0x69,0x73,0x2c,
    0x20,0x76,0x65,0x63,0x34,0x20,0x75,0x70,0x5f,0x61,0x78,0x69,0x73,0x2c,0x20,0x76,
    0x65,0x63,0x34,0x20,0x74,0x69,0x6e,0x74,0x29,0x0a,0x7b,0x0a,0x20,0x20,0x20,0x20,
    0x76,0x65,0x63,0x33,0x20,0x72,0x69,0x67,0x68,0x74,0x20,0x3d,0x20,0x72,0x69,0x67,
    0x68,0x74,0x5f,0x61,0x78,0x69,0x73,0x3b,0x0a,0x20,0x20,0x20,0x20,0x76,0x65,0x63,
    0x33,0x20,0x75,0x70,0x20,0x3d,0x20,0x75,0x70,0x5f,0x61,0x78,0x69,0x73,0x2e,0x78,
    0x79,0x7a,0x3b,0x0a,0x20,0x20,0x20,0x20,0x69,0x66,0x20,0x28,0x70,0x6f,0x73,0x2e,
    0x77,0x20,0x3c,0x20,0x30,0x2e,0x35,0x29,0x0a,0x20,0x20,0x20,0x20,0x7b,0x0a,0x20,
    0x20,0x20,0x20,0x20,0x20,0x20,0x20,0x72,0x69,0x67,0x68,0x74,0x20,0x3d,0x20,0x76,
    0x73,0x5f,0x70,0x61,0x72,0x61,0x6d,0x73,0x5b,0x34,0x5d,0x2e,0x78,0x79,0x7a,0x3b,
    0x0a,0x20,0x20,0x20,0x20,0x20,0x20,0x20,0x20,0x75,0x70,0x20,0x3d,0x20,0x76,0x73,
    0x5f,0x70,0x61,0x72,0x61,0x6d,0x73,0x5b,0x35,0x5d,0x2e,0x78,0x79,0x7a,0x3b,0x0a,
    0x20,0x20,0x20,0x20,0x7d,0x0a,0x20,0x20,0x20,0x20,0x65,0x6c,0x73,0x65,0x0a,0x20,
    0x20,0x20,0x20,0x7b,0x0a,0x20,0x20,0x20,0x20,0x20,0x20,0x20,0x20,0x69,0x66,0x20,
    0x28,0x70,0x6f,0x73,0x2e,0x77,0x20,0x3c,0x20,0x31,0x2e,0x35,0x29,0x0a,0x20,0x20,
    0x20,0x20,0x20,0x20,0x20,0x20,0x7b,0x0a,0x20,0x20,0x20,0x20,0x20,0x20,0x20,0x20,
    0x20,0x20,0x20,0x20,0x72,0x69,0x67,0x68,0x74,0x20,0x3d,0x20,0x76,0x73,0x5f,0x70,
    0x61,0x72,0x61,0x6d,0x73,0x5b,0x36,0x5d,0x2e,0x78,0x79,0x7a,0x3b,0x0a,0x20,0x20,
    0x20,0x20,0x20,0x20,0x20,0x20,0x20,0x20,0x20,0x20,0x75,0x70,0x20,0x3d,0x20,0x76,
    0x65,0x63,0x33,0x28,0x30,0x2e,0x30,0x2c,0x20,0x31,0x2e,0x30,0x2c,0x20,0x30,0x2e,
    0x30,0x29,0x3b,0x0a,0x20,0x20,0x20,0x20,0x20,0x20,0x20,0x20,0x7d,0x0a,0x20,0x20,
    0x20,0x20,0x7d,0x0a,0x20,0x20,0x20,0x20,0x67,0x6c,0x5f,0x50,0x6f,0x73,0x69,0x74,
    0x69,0x6f,0x6e,0x20,0x3d,0x20,0x6d,0x61,0x74,0x34,0x28,0x76,0x73,0x5f,0x70,0x61,
    0x72,0x61,0x6d,0x73,0x5b,0x30,0x5d,0x2c,0x20,0x76,0x73,0x5f,0x70,0x61,0x72,0x61,
    0x6d,0x73,0x5b,0x31,0x5d,0x2c,0x20,0x76,0x73,0x5f,0x70,0x61,0x72,0x61,0x6d,0x73,
    0x5b,0x32,0x5d,0x2c,0x20,0x76,0x73,0x5f,0x70,0x61,0x72,0x61,0x6d,0x73,0x5b,0x33,
    0x5d,0x29,0x20,0x2a,0x20,0x76,0x65,0x63,0x34,0x28,0x28,0x70,0x6f,0x73,0x2e,0x78,
    0x79,0x7a,0x20,0x2b,0x20,0x28,0x72,0x69,0x67,0x68,0x74,0x20,0x2a,0x20,0x28,0x28,
    0x28,0x63,0x6f,0x72,0x6e,0x65,0x72,0x5f,0x31,0x2e,0x78,0x20,0x2b,0x20,0x30,0x2e,
    0x35,0x29,0x20,0x2d,0x20,0x73,0x69,0x7a,0x65,0x2e,0x7a,0x29,0x20,0x2a,0x20,0x73,
    0x69,0x7a,0x65,0x2e,0x78,0x29,0x29,0x29,0x20,0x2b,0x20,0x28,0x75,0x70,0x20,0x2a,
    0x20,0x28,0x28,0x28,0x63,0x6f,0x72,0x6e,0x65,0x72,0x5f,0x31,0x2e,0x79,0x20,0x2d,
    0x20,0x30,0x2e,0x35,0x29,0x20,0x2b,0x20,0x73,0x69,0x7a,0x65,0x2e,0x77,0x29,0x20,
    0x2a,0x20,0x73,0x69,0x7a,0x65,0x2e,0x79,0x29,0x29,0x2c,0x20,0x31,0x2e,0x30,0x29,
    0x3b,0x0a,0x20,0x20,0x20,0x20,0x75,0x76,0x20,0x3d,0x20,0x76,0x65,0x63,0x32,0x28,
    0x6d,0x69,0x78,0x28,0x73,0x6f,0x75,0x72,0x63,0x65,0x2e,0x78,0x2c,0x20,0x73,0x6f,
    0x75,0x72,0x63,0x65,0x2e,0x7a,0x2c,0x20,0x63,0x6f,0x72,0x6e,0x65,0x72,0x5f,0x31,
    0x2e,0x78,0x20,0x2b,0x20,0x30,0x2e,0x35,0x29,0x2c,0x20,0x6d,0x69,0x78,0x28,0x73,
    0x6f,0x75,0x72,0x63,0x65,0x2e,0x79,0x2c,0x20,0x73,0x6f,0x75,0x72,0x63,0x65,0x2e,
    0x77,0x2c,0x20,0x30,0x2e,0x35,0x20,0x2d,0x20,0x63,0x6f,0x72,0x6e,0x65,0x72,0x5f,
    0x31,0x2e,0x79,0x29,0x29,0x3b,0x0a,0x20,0x20,0x20,0x20,0x63,0x6f,0x6c,0x6f,0x72,
    0x20,0x3d,0x20,0x74,0x69,0x6e,0x74,0x3b,0x0a,0x20,0x20,0x20,0x20,0x61,0x6c,0x70,
    0x68,0x61,0x5f,0x6d,0x6f,0x64,0x65,0x20,0x3d,0x20,0x75,0x70,0x5f,0x61,0x78,0x69,
    0x73,0x2e,0x77,0x3b,0x0a,0x7d,0x0a,0x0a,0x76,0x6f,0x69,0x64,0x20,0x6d,0x61,0x69,
    0x6e,0x28,0x29,0x0a,0x7b,0x0a,0x20,0x20,0x20,0x20,0x69,0x6e,0x74,0x20,0x5f,0x31,
    0x38,0x35,0x20,0x3d,0x20,0x69,0x6e,0x74,0x28,0x76,0x73,0x5f,0x62,0x61,0x74,0x63,
    0x68,0x5b,0x30,0x5d,0x2e,0x78,0x29,0x20,0x2b,0x20,0x67,0x6c,0x5f,0x49,0x6e,0x73,
    0x74,0x61,0x6e,0x63,0x65,0x49,0x44,0x3b,0x0a,0x20,0x20,0x20,0x20,0x69,0x6e,0x74,
    0x20,0x70,0x61,0x72,0x61,0x6d,0x20,0x3d,0x20,0x5f,0x31,0x38,0x35,0x3b,0x0a,0x20,
    0x20,0x20,0x20,0x69,0x6e,0x74,0x20,0x70,0x61,0x72,0x61,0x6d,0x5f,0x31,0x20,0x3d,
    0x20,0x30,0x3b,0x0a,0x20,0x20,0x20,0x20,0x69,0x6e,0x74,0x20,0x70,0x61,0x72,0x61,
    0x6d,0x5f,0x32,0x20,0x3d,0x20,0x5f,0x31,0x38,0x35,0x3b,0x0a,0x20,0x20,0x20,0x20,
    0x69,0x6e,0x74,0x20,0x70,0x61,0x72,0x61,0x6d,0x5f,0x33,0x20,0x3d,0x20,0x31,0x3b,
    0x0a,0x20,0x20,0x20,0x20,0x69,0x6e,0x74,0x20,0x70,0x61,0x72,0x61,0x6d,0x5f,0x34,
    0x20,0x3d,0x20,0x5f,0x31,0x38,0x35,0x3b,0x0a,0x20,0x20,0x20,0x20,0x69,0x6e,0x74,
    0x20,0x70,0x61,0x72,0x61,0x6d,0x5f,0x35,0x20,0x3d,0x20,0x32,0x3b,0x0a,0x20,0x20,
    0x20,0x20,0x69,0x6e,0x74,0x20,0x70,0x61,0x72,0x61,0x6d,0x5f,0x36,0x20,0x3d,0x20,
    0x5f,0x31,0x38,0x35,0x3b,0x0a,0x20,0x20,0x20,0x20,0x69,0x6e,0x74,0x20,0x70,0x61,
    0x72,0x61,0x6d,0x5f,0x37,0x20,0x3d,0x20,0x33,0x3b,0x0a,0x20,0x20,0x20,0x20,0x69,
    0x6e,0x74,0x20,0x70,0x61,0x72,0x61,0x6d,0x5f,0x38,0x20,0x3d,0x20,0x5f,0x31,0x38,
    0x35,0x3b,0x0a,0x20,0x20,0x20,0x20,0x69,0x6e,0x74,0x20,0x70,0x61,0x72,0x61,0x6d,
    0x5f,0x39,0x20,0x3d,0x20,0x34,0x3b,0x0a,0x20,0x20,0x20,0x20,0x69,0x6e,0x74,0x20,
    0x70,0x61,0x72,0x61,0x6d,0x5f,0x31,0x30,0x20,0x3d,0x20,0x5f,0x31,0x38,0x35,0x3b,
    0x0a,0x20,0x20,0x20,0x20,0x69,0x6e,0x74,0x20,0x70,0x61,0x72,0x61,0x6d,0x5f,0x31,
    0x31,0x20,0x3d,0x20,0x35,0x3b,0x0a,0x20,0x20,0x20,0x20,0x76,0x65,0x63,0x32,0x20,
    0x70,0x61,0x72,0x61,0x6d,0x5f,0x31,0x32,0x20,0x3d,0x20,0x63,0x6f,0x72,0x6e,0x65,
    0x72,0x3b,0x0a,0x20,0x20,0x20,0x20,0x76,0x65,0x63,0x34,0x20,0x70,0x61,0x72,0x61,
    0x6d,0x5f,0x31,0x33,0x20,0x3d,0x20,0x74,0x65,0x78,0x65,0x6c,0x28,0x70,0x61,0x72,
    0x61,0x6d,0x2c,0x20,0x70,0x61,0x72,0x61,0x6d,0x5f,0x31,0x29,0x3b,0x0a,0x20,0x20,
    0x20,0x20,0x76,0x65,0x63,0x34,0x20,0x70,0x61,0x72,0x61,0x6d,0x5f,0x31,0x34,0x20,
    0x3d,0x20,0x74,0x65,0x78,0x65,0x6c,0x28,0x70,0x61,0x72,0x61,0x6d,0x5f,0x32,0x2c,
    0x20,0x70,0x61,0x72,0x61,0x6d,0x5f,0x33,0x29,0x3b,0x0a,0x20,0x20,0x20,0x20,0x76,
    0x65,0x63,0x34,0x20,0x70,0x61,0x72,0x61,0x6d,0x5f,0x31,0x35,0x20,0x3d,0x20,0x74,
    0x65,0x78,0x65,0x6c,0x28,0x70,0x61,0x72,0x61,0x6d,0x5f,0x34,0x2c,0x20,0x70,0x61,
    0x72,0x61,0x6d,0x5f,0x35,0x29,0x3b,0x0a,0x20,0x20,0x20,0x20,0x76,0x65,0x63,0x33,
    0x20,0x70,0x61,0x72,0x61,0x6d,0x5f,0x31,0x36,0x20,0x3d,0x20,0x74,0x65,0x78,0x65,
    0x6c,0x28,0x70,0x61,0x72,0x61,0x6d,0x5f,0x36,0x2c,0x20,0x70,0x61,0x72,0x61,0x6d,
    0x5f,0x37,0x29,0x2e,0x78,0x79,0x7a,0x3b,0x0a,0x20,0x20,0x20,0x20,0x76,0x65,0x63,
    0x34,0x20,0x70,0x61,0x72,0x61,0x6d,0x5f,0x31,0x37,0x20,0x3d,0x20,0x74,0x65,0x78,
    0x65,0x6c,0x28,0x70,0x61,0x72,0x61,0x6d,0x5f,0x38,0x2c,0x20,0x70,0x61,0x72,0x61,
    0x6d,0x5f,0x39,0x29,0x3b,0x0a,0x20,0x20,0x20,0x20,0x76,0x65,0x63,0x34,0x20,0x70,
    0x61,0x72,0x61,0x6d,0x5f,0x31,0x38,0x20,0x3d,0x20,0x74,0x65,0x78,0x65,0x6c,0x28,
    0x70,0x61,0x72,0x61,0x6d,0x5f,0x31,0x30,0x2c,0x20,0x70,0x61,0x72,0x61,0x6d,0x5f,
    0x31,0x31,0x29,0x3b,0x0a,0x20,0x20,0x20,0x20,0x70,0x6c,0x61,0x63,0x65,0x28,0x70,
    0x61,0x72,0x61,0x6d,0x5f,0x31,0x32,0x2c,0x20,0x70,0x61,0x72,0x61,0x6d,0x5f,0x31,
    0x33,0x2c,0x20,0x70,0x61,0x72,0x61,0x6d,0x5f,0x31,0x34,0x2c,0x20,0x70,0x61,0x72,
    0x61,0x6d,0x5f,0x31,0x35,0x2c,0x20,0x70,0x61,0x72,0x61,0x6d,0x5f,0x31,0x36,0x2c,
    0x20,0x70,0x61,0x72,0x61,0x6d,0x5f,0x31,0x37,0x2c,0x20,0x70,0x61,0x72,0x61,0x6d,
    0x5f,0x31,0x38,0x29,0x3b,0x0a,0x7d,0x0a,0x0a,0x00,
};
#endif
/*
    #version 410

    vec4 _626;

    uniform vec4 particle_params[33];
    layout(location = 1) in vec4 born;
    layout(location = 2) in vec4 motion;
    layout(location = 0) out vec2 uv;
    layout(location = 1) out vec4 color;
    layout(location = 2) out float alpha_mode;
    layout(location = 3) in vec4 shape;
    layout(location = 0) in vec2 corner;

    float size_value(int i)
    {
        vec4 q = particle_params[(i / 4) * 1 + 13];
        return q[i % 4];
    }

    float size_time(int i)
    {
        vec4 q = particle_params[(i / 4) * 1 + 11];
        return q[i % 4];
    }

    float size_at(float t)
    {
        int _85 = int(particle_params[7].x);
        int param = 0;
        float value = size_value(param);
        int param_1 = 0;
        float prev_t = size_time(param_1);
        float _124;
        for (int i = 1; i < 8; i++)
        {
            if ((i >= _85) || (t <= prev_t))
            {
                break;
            }
            int param_2 = i;
            float _116 = size_time(param_2);
            int param_3 = i;
            float _120 = size_value(param_3);
            if (t >= _116)
            {
                _124 = _120;
            }
            else
            {
                _124 = mix(value, _120, (t - prev_t) / max(_116 - prev_t, 9.9999999747524270787835121154785e-07));
            }
            value = _124;
            prev_t = _116;
        }
        return value;
    }

    float color_time(int i)
    {
        vec4 q = particle_params[(i / 4) * 1 + 15];
        return q[i % 4];
    }

    vec4 color_at(float t)
    {
        int _152 = int(particle_params[7].y);
        vec4 value = particle_params[17];
        int param = 0;
        float prev_t = color_time(param);
        vec4 _185;
        for (int i = 1; i < 8; i++)
        {
            if ((i >= _152) || (t <= prev_t))
            {
                break;
            }
            int param_1 = i;
            float _181 = color_time(param_1);
            if (t >= _181)
            {
                _185 = particle_params[i * 1 + 17];
            }
            else
            {
                _185 = mix(value, particle_params[i * 1 + 17], vec4((t - prev_t) / max(_181 - prev_t, 9.9999999747524270787835121154785e-07)));
            }
            value = _185;
            prev_t = _181;
        }
        return value;
    }

    void main()
    {
        float _223 = particle_params[6].w - born.w;
        float _229 = _223 / motion.w;
        if ((_223 < 0.0) || (_229 >= 1.0))
        {
            gl_Position = vec4(2.0, 2.0, 2.0, 1.0);
            uv = vec2(0.0);
            color = vec4(0.0);
            alpha_mode = 0.0;
            return;
        }
        vec3 pos;
        vec3 vel;
        if (particle_params[9].x > 9.9999997473787516355514526367188e-05)
        {
            vec3 _273 = particle_params[6].xyz / vec3(particle_params[9].x);
            float _279 = exp((-particle_params[9].x) * _223);
            vec3 _290 = motion.xyz - _273;
            pos = (born.xyz + (_273 * _223)) + (_290 * ((1.0 - _279) / particle_params[9].x));
            vel = _273 + (_290 * _279);
        }
        else
        {
            pos = (born.xyz + (motion.xyz * _223)) + (((particle_params[6].xyz * 0.5) * _223) * _223);
            vel = motion.xyz + (particle_params[6].xyz * _223);
        }
        float param = _229;
        float _339 = size_at(param) * shape.x;
        float along = _339;
        vec2 _355 = vec2(dot(vel, particle_params[4].xyz), dot(vel, particle_params[5].xyz));
        float _358 = length(_355);
        vec3 up;
        vec3 right;
        if ((particle_params[9].y > 0.0) && (_358 > 9.9999997473787516355514526367188e-06))
        {
            vec2 _372 = _355 / vec2(_358);
            float _378 = _372.x;
            float _384 = _372.y;
            vec3 _386 = (particle_params[4].xyz * _378) + (particle_params[5].xyz * _384);
            up = _386;
            right = (particle_params[4].xyz * _384) - (particle_params[5].xyz * _378);
            float _405 = _358 * particle_params[9].y;
            along = _339 + _405;
            pos -= (_386 * (_405 * 0.5));
        }
        else
        {
            float _423 = shape.z + (shape.y * _223);
            float _426 = cos(_423);
            float _429 = sin(_423);
            right = (particle_params[4].xyz * _426) - (particle_params[5].xyz * _429);
            up = (particle_params[4].xyz * _429) + (particle_params[5].xyz * _426);
        }
        gl_Position = mat4(particle_params[0], particle_params[1], particle_params[2], particle_params[3]) * vec4((pos + (right * (corner.x * _339))) + (up * (corner.y * along)), 1.0);
        vec4 cell = particle_params[8];
        if (particle_params[10].z > 1.5)
        {
            float _493;
            if (particle_params[10].w > 0.0)
            {
                _493 = mod(floor((_223 * particle_params[10].w) + (fract(shape.w * 7.309999942779541015625) * particle_params[10].z)), particle_params[10].z);
            }
            else
            {
                _493 = min(floor(_229 * particle_params[10].z), particle_params[10].z - 1.0);
            }
            vec2 _535 = (particle_params[8].zw - particle_params[8].xy) / particle_params[10].xy;
            vec2 _551 = particle_params[8].xy + (_535 * vec2(mod(_493, particle_params[10].x), floor(_493 / particle_params[10].x)));
            float _553 = _551.x;
            vec4 _613;
            _613.x = _553;
            _613.y = _551.y;
            cell = vec4(_553, _551.y, _613.xy + _535);
        }
        uv = vec2(mix(cell.x, cell.z, corner.x + 0.5), mix(cell.y, cell.w, 0.5 - corner.y));
        float param_1 = _229;
        color = color_at(param_1);
        int _587 = int(particle_params[7].w);
        if (_587 > 0)
        {
            color *= particle_params[min(int(shape.w * float(_587)), (_587 - 1)) * 1 + 25];
        }
        alpha_mode = particle_params[7].z;
    }

*/
#if defined(SOKOL_GLCORE)
static const uint8_t sprite_vs_particle_source_glsl410[5306] = {
    0x23,0x76,0x65,0x72,0x73,0x69,0x6f,0x6e,0x20,0x34,0x31,0x30,0x0a,0x0a,0x76,0x65,
    0x63,0x34,0x20,0x5f,0x36,0x32,0x36,0x3b,0x0a,0x0a,0x75,0x6e,0x69,0x66,0x6f,0x72,
    0x6d,0x20,0x76,0x65,0x63,0x34,0x20,0x70,0x61,0x72,0x74,0x69,0x63,0x6c,0x65,0x5f,
    0x70,0x61,0x72,0x61,0x6d,0x73,0x5b,0x33,0x33,0x5d,0x3b,0x0a,0x6c,0x61,0x79,0x6f,
    0x75,0x74,0x28,0x6c,0x6f,0x63,0x61,0x74,0x69,0x6f,0x6e,0x20,0x3d,0x20,0x31,0x29,
    0x20,0x69,0x6e,0x20,0x76,0x65,0x63,0x34,0x20,0x62,0x6f,0x72,0x6e,0x3b,0x0a,0x6c,
    0x61,0x79,0x6f,0x75,0x74,0x28,0x6c,0x6f,0x63,0x61,0x74,0x69,0x6f,0x6e,0x20,0x3d,
    0x20,0x32,0x29,0x20,0x69,0x6e,0x20,0x76,0x65,0x63,0x34,0x20,0x6d,0x6f,0x74,0x69,
    0x6f,0x6e,0x3b,0x0a,0x6c,0x61,0x79,0x6f,0x75,0x74,0x28,0x6c,0x6f,0x63,0x61,0x74,
    0x69,0x6f,0x6e,0x20,0x3d,0x20,0x30,0x29,0x20,0x6f,0x75,0x74,0x20,0x76,0x65,0x63,
    0x32,0x20,0x75,0x76,0x3b,0x0a,0x6c,0x61,0x79,0x6f,0x75,0x74,0x28,0x6c,0x6f,0x63,
    0x61,0x74,0x69,0x6f,0x6e,0x20,0x3d,0x20,0x31,0x29,0x20,0x6f,0x75,0x74,0x20,0x76,
    0x65,0x63,0x34,0x20,0x63,0x6f,0x6c,0x6f,0x72,0x3b,0x0a,0x6c,0x61,0x79,0x6f,0x75,
    0x74,0x28,0x6c,0x6f,0x63,0x61,0x74,0x69,0x6f,0x6e,0x20,0x3d,0x20,0x32,0x29,0x20,
    0x6f,0x75,0x74,0x20,0x66,0x6c,0x6f,0x61,0x74,0x20,0x61,0x6c,0x70,0x68,0x61,0x5f,
    0x6d,0x6f,0x64,0x65,0x3b,0x0a,0x6c,0x61,0x79,0x6f,0x75,0x74,0x28,0x6c,0x6f,0x63,
    0x61,0x74,0x69,0x6f,0x6e,0x20,0x3d,0x20,0x33,0x29,0x20,0x69,0x6e,0x20,0x76,0x65,
    0x63,0x34,0x20,0x73,0x68,0x61,0x70,0x65,0x3b,0x0a,0x6c,0x61,0x79,0x6f,0x75,0x74,
    0x28,0x6c,0x6f,0x63,0x61,0x74,0x69,0x6f,0x6e,0x20,0x3d,0x20,0x30,0x29,0x20,0x69,
    0x6e,0x20,0x76,0x65,0x63,0x32,0x20,0x63,0x6f,0x72,0x6e,0x65,0x72,0x3b,0x0a,0x0a,
    0x66,0x6c,0x6f,0x61,0x74,0x20,0x73,0x69,0x7a,0x65,0x5f,0x76,0x61,0x6c,0x75,0x65,
    0x28,0x69,0x6e,0x74,0x20,0x69,0x29,0x0a,0x7b,0x0a,0x20,0x20,0x20,0x20,0x76,0x65,
    0x63,0x34,0x20,0x71,0x20,0x3d,0x20,0x70,0x61,0x72,0x74,0x69,0x63,0x6c,0x65,0x5f,
    0x70,0x61,0x72,0x61,0x6d,0x73,0x5b,0x28,0x69,0x20,0x2f,0x20,0x34,0x29,0x20,0x2a,
    0x20,0x31,0x20,0x2b,0x20,0x31,0x33,0x5d,0x3b,0x0a,0x20,0x20,0x20,0x20,0x72,0x65,
    0x74,0x75,0x72,0x6e,0x20,0x71,0x5b,0x69,0x20,0x25,0x20,0x34,0x5d,0x3b,0x0a,0x7d,
    0x0a,0x0a,0x66,0x6c,0x6f,0x61,0x74,0x20,0x73,0x69,0x7a,0x65,0x5f,0x74,0x69,0x6d,
    0x65,0x28,0x69,0x6e,0x74,0x20,0x69,0x29,0x0a,0x7b,0x0a,0x20,0x20,0x20,0x20,0x76,
    0x65,0x63,0x34,0x20,0x71,0x20,0x3d,0x20,0x70,0x61,0x72,0x74,0x69,0x63,0x6c,0x65,
    0x5f,0x70,0x61,0x72,0x61,0x6d,0x73,0x5b,0x28,0x69,0x20,0x2f,0x20,0x34,0x29,0x20,
    0x2a,0x20,0x31,0x20,0x2b,0x20,0x31,0x31,0x5d,0x3b,0x0a,0x20,0x20,0x20,0x20,0x72,
    0x65,0x74,0x75,0x72,0x6e,0x20,0x71,0x5b,0x69,0x20,0x25,0x20,0x34,0x5d,0x3b,0x0a,
    0x7d,0x0a,0x0a,0x66,0x6c,0x6f,0x61,0x74,0x20,0x73,0x69,0x7a,0x65,0x5f,0x61,0x74,
    0x28,0x66,0x6c,0x6f,0x61,0x74,0x20,0x74,0x29,0x0a,0x7b,0x0a,0x20,0x20,0x20,0x20,
    0x69,0x6e,0x74,0x20,0x5f,0x38,0x35,0x20,0x3d,0x20,0x69,0x6e,0x74,0x28,0x70,0x61,
    0x72,0x74,0x69,0x63,0x6c,0x65,0x5f,0x70,0x61,0x72,0x61,0x6d,0x73,0x5b,0x37,0x5d,
    0x2e,0x78,0x29,0x3b,0x0a,0x20,0x20,0x20,0x20,0x69,0x6e,0x74,0x20,0x70,0x61,0x72,
    0x61,0x6d,0x20,0x3d,0x20,0x30,0x3b,0x0a,0x20,0x20,0x20,0x20,0x66,0x6c,0x6f,0x61,
    0x74,0x20,0x76,0x61,0x6c,0x75,0x65,0x20,0x3d,0x20,0x73,0x69,0x7a,0x65,0x5f,0x76,
    0x61,0x6c,0x75,0x65,0x28,0x70,0x61,0x72,0x61,0x6d,0x29,0x3b,0x0a,0x20,0x20,0x20,
    0x20,0x69,0x6e,0x74,0x20,0x70,0x61,0x72,0x61,0x6d,0x5f,0x31,0x20,0x3d,0x20,0x30,
    0x3b,0x0a,0x20,0x20,0x20,0x20,0x66,0x6c,0x6f,0x61,0x74,0x20,0x70,0x72,0x65,0x76,
    0x5f,0x74,0x20,0x3d,0x20,0x73,0x69,0x7a,0x65,0x5f,0x74,0x69,0x6d,0x65,0x28,0x70,
    0x61,0x72,0x61,0x6d,0x5f,0x31,0x29,0x3b,0x0a,0x20,0x20,0x20,0x20,0x66,0x6c,0x6f,
    0x61,0x74,0x20,0x5f,0x31,0x32,0x34,0x3b,0x0a,0x20,0x20,0x20,0x20,0x66,0x6f,0x72,
    0x20,0x28,0x69,0x6e,0x74,0x20,0x69,0x20,0x3d,0x20,0x31,0x3b,0x20,0x69,0x20,0x3c,
    0x20,0x38,0x3b,0x20,0x69,0x2b,0x2b,0x29,0x0a,0x20,0x20,0x20,0x20,0x7b,0x0a,0x20,
    0x20,0x20,0x20,0x20,0x20,0x20,0x20,0x69,0x66,0x20,0x28,0x28,0x69,0x20,0x3e,0x3d,
    0x20,0x5f,0x38,0x35,0x29,0x20,0x7c,0x7c,0x20,0x28,0x74,0x20,0x3c,0x3d,0x20,0x70,
    0x72,0x65,0x76,0x5f,0x74,0x29,0x29,0x0a,0x20,0x20,0x20,0x20,0x20,0x20,0x20,0x20,
    0x7b,0x0a,0x20,0x20,0x20,0x20,0x20,0x20,0x20,0x20,0x20,0x20,0x20,0x20,0x62,0x72,
    0x65,0x61,0x6b,0x3b,0x0a,0x20,0x20,0x20,0x20,0x20,0x20,0x20,0x20,0x7d,0x0a,0x20,
    0x20,0x20,0x20,0x20,0x20,0x20,0x20,0x69,0x6e,0x74,0x20,0x70,0x61,0x72,0x61,0x6d,
    0x5f,0x32,0x20,0x3d,0x20,0x69,0x3b,0x0a,0x20,0x20,0x20,0x20,0x20,0x20,0x20,0x20,
    0x66,0x6c,0x6f,0x61,0x74,0x20,0x5f,0x31,0x31,0x36,0x20,0x3d,0x20,0x73,0x69,0x7a,
    0x65,0x5f,0x74,0x69,0x6d,0x65,0x28,0x70,0x61,0x72,0x61,0x6d,0x5f,0x32,0x29,0x3b,
    0x0a,0x20,0x20,0x20,0x20,0x20,0x20,0x20,0x20,0x69,0x6e,0x74,0x20,0x70,0x61,0x72,
    0x61,0x6d,0x5f,0x33,0x20,0x3d,0x20,0x69,0x3b,0x0a,0x20,0x20,0x20,0x20,0x20,0x20,
    0x20,0x20,0x66,0x6c,0x6f,0x61,0x74,0x20,0x5f,0x31,0x32,0x30,0x20,0x3d,0x20,0x73,
    0x69,0x7a,0x65,0x5f,0x76,0x61,0x6c,0x75,0x65,0x28,0x70,0x61,0x72,0x61,0x6d,0x5f,
    0x33,0x29,0x3b,0x0a,0x20,0x20,0x20,0x20,0x20,0x20,0x20,0x20,0x69,0x66,0x20,0x28,
    0x74,0x20,0x3e,0x3d,0x20,0x5f,0x31,0x31,0x36,0x29,0x0a,0x20,0x20,0x20,0x20,0x20,
    0x20,0x20,0x20,0x7b,0x0a,0x20,0x20,0x20,0x20,0x20,0x20,0x20,0x20,0x20,0x20,0x20,
    0x20,0x5f,0x31,0x32,0x34,0x20,0x3d,0x20,0x5f,0x31,0x32,0x30,0x3b,0x0a,0x20,0x20,
    0x20,0x20,0x20,0x20,0x20,0x20,0x7d,0x0a,0x20,0x20,0x20,0x20,0x20,0x20,0x20,0x20,
    0x65,0x6c,0x73,0x65,0x0a,0x20,0x20,0x20,0x20,0x20,0x20,0x20,0x20,0x7b,0x0a,0x20,
    0x20,0x20,0x20,0x20,0x20,0x20,0x20,0x20,0x20,0x20,0x20,0x5f,0x31,0x32,0x34,0x20,
    0x3d,0x20,0x6d,0x69,0x78,0x28,0x76,0x61,0x6c,0x75,0x65,0x2c,0x20,0x5f,0x31,0x32,
    0x30,0x2c,0x20,0x28,0x74,0x20,0x2d,0x20,0x70,0x72,0x65,0x76,0x5f,0x74,0x29,0x20,
    0x2f,0x20,0x6d,0x61,0x78,0x28,0x5f,0x31,0x31,0x36,0x20,0x2d,0x20,0x70,0x72,0x65,
    0x76,0x5f,0x74,0x2c,0x20,0x39,0x2e,0x39,0x39,0x39,0x39,0x39,0x39,0x39,0x37,0x34,
    0x37,0x35,0x32,0x34,0x32,0x37,0x30,0x37,0x38,0x37,0x38,0x33,0x35,0x31,0x32,0x31,
    0x31,0x35,0x34,0x37,0x38,0x35,0x65,0x2d,0x30,0x37,0x29,0x29,0x3b,0x0a,0x20,0x20,
    0x20,0x20,0x20,0x20,0x20,0x20,0x7d,0x0a,0x20,0x20,0x20,0x20,0x20,0x20,0x20,0x20,
    0x76,0x61,0x6c,0x75,0x65,0x20,0x3d,0x20,0x5f,0x31,0x32,0x34,0x3b,0x0a,0x20,0x20,
    0x20,0x20,0x20,0x20,0x20,0x20,0x70,0x72,0x65,0x76,0x5f,0x74,0x20,0x3d,0x20,0x5f,
    0x31,0x31,0x36,0x3b,0x0a,0x20,0x20,0x20,0x20,0x7d,0x0a,0x20,0x20,0x20,0x20,0x72,
    0x65,0x74,0x75,0x72,0x6e,0x20,0x76,0x61,0x6c,0x75,0x65,0x3b,0x0a,0x7d,0x0a,0x0a,
    0x66,0x6c,0x6f,0x61,0x74,0x20,0x63,0x6f,0x6c,0x6f,0x72,0x5f,0x74,0x69,0x6d,0x65,
    0x28,0x69,0x6e,0x74,0x20,0x69,0x29,0x0a,0x7b,0x0a,0x20,0x20,0x20,0x20,0x76,0x65,
    0x63,0x34,0x20,0x71,0x20,0x3d,0x20,0x70,0x61,0x72,0x74,0x69,0x63,0x6c,0x65,0x5f,
    0x70,0x61,0x72,0x61,0x6d,0x73,0x5b,0x28,0x69,0x20,0x2f,0x20,0x34,0x29,0x20,0x2a,
    0x20,0x31,0x20,0x2b,0x20,0x31,0x35,0x5d,0x3b,0x0a,0x20,0x20,0x20,0x20,0x72,0x65,
    0x74,0x75,0x72,0x6e,0x20,0x71,0x5b,0x69,0x20,0x25,0x20,0x34,0x5d,0x3b,0x0a,0x7d,
    0x0a,0x0a,0x76,0x65,0x63,0x34,0x20,0x63,0x6f,0x6c,0x6f,0x72,0x5f,0x61,0x74,0x28,
    0x66,0x6c,0x6f,0x61,0x74,0x20,0x74,0x29,0x0a,0x7b,0x0a,0x20,0x20,0x20,0x20,0x69,
    0x6e,0x74,0x20,0x5f,0x31,0x35,0x32,0x20,0x3d,0x20,0x69,0x6e,0x74,0x28,0x70,0x61,
    0x72,0x74,0x69,0x63,0x6c,0x65,0x5f,0x70,0x61,0x72,0x61,0x6d,0x73,0x5b,0x37,0x5d,
    0x2e,0x79,0x29,0x3b,0x0a,0x20,0x20,0x20,0x20,0x76,0x65,0x63,0x34,0x20,0x76,0x61,
    0x6c,0x75,0x65,0x20,0x3d,0x20,0x70,0x61,0x72,0x74,0x69,0x63,0x6c,0x65,0x5f,0x70,
    0x61,0x72,0x61,0x6d,0x73,0x5b,0x31,0x37,0x5d,0x3b,0x0a,0x20,0x20,0x20,0x20,0x69,
    0x6e,0x74,0x20,0x70,0x61,0x72,0x61,0x6d,0x20,0x3d,0x20,0x30,0x3b,0x0a,0x20,0x20,
    0x20,0x20,0x66,0x6c,0x6f,0x61,0x74,0x20,0x70,0x72,0x65,0x76,0x5f,0x74,0x20,0x3d,
    0x20,0x63,0x6f,0x6c,0x6f,0x72,0x5f,0x74,0x69,0x6d,0x65,0x28,0x70,0x61,0x72,0x61,
    0x6d,0x29,0x3b,0x0a,0x20,0x20,0x20,0x20,0x76,0x65,0x63,0x34,0x20,0x5f,0x31,0x38,
    0x35,0x3b,0x0a,0x20,0x20,0x20,0x20,0x66,0x6f,0x72,0x20,0x28,0x69,0x6e,0x74,0x20,
    0x69,0x20,0x3d,0x20,0x31,0x3b,0x20,0x69,0x20,0x3c,0x20,0x38,0x3b,0x20,0x69,0x2b,
    0x2b,0x29,0x0a,0x20,0x20,0x20,0x20,0x7b,0x0a,0x20,0x20,0x20,0x20,0x20,0x20,0x20,
    0x20,0x69,0x66,0x20,0x28,0x28,0x69,0x20,0x3e,0x3d,0x20,0x5f,0x31,0x35,0x32,0x29,
    0x20,0x7c,0x7c,0x20,0x28,0x74,0x20,0x3c,0x3d,0x20,0x70,0x72,0x65,0x76,0x5f,0x74,
    0x29,0x29,0x0a,0x20,0x20,0x20,0x20,0x20,0x20,0x20,0x20,0x7b,0x0a,0x20,0x20,0x20,
    0x20,0x20,0x20,0x20,0x20,0x20,0x20,0x20,0x20,0x62,0x72,0x65,0x61,0x6b,0x3b,0x0a,
    0x20,0x20,0x20,0x20,0x20,0x20,0x20,0x20,0x7d,0x0a,0x20,0x20,0x20,0x20,0x20,0x20,
    0x20,0x20,0x69,0x6e,0x74,0x20,0x70,0x61,0x72,0x61,0x6d,0x5f,0x31,0x20,0x3d,0x20,
    0x69,0x3b,0x0a,0x20,0x20,0x20,0x20,0x20,0x20,0x20,0x20,0x66,0x6c,0x6f,0x61,0x74,
    0x20,0x5f,0x31,0x38,0x31,0x20,0x3d,0x20,0x63,0x6f,0x6c,0x6f,0x72,0x5f,0x74,0x69,
    0x6d,0x65,0x28,0x70,0x61,0x72,0x61,0x6d,0x5f,0x31,0x29,0x3b,0x0a,0x20,0x20,0x20,
    0x20,0x20,0x20,0x20,0x20,0x69,0x66,0x20,0x28,0x74,0x20,0x3e,0x3d,0x20,0x5f,0x31,
    0x38,0x31,0x29,0x0a,0x20,0x20,0x20,0x20,0x20,0x20,0x20,0x20,0x7b,0x0a,0x20,0x20,
    0x20,0x20,0x20,0x20,0x20,0x20,0x20,0x20,0x20,0x20,0x5f,0x31,0x38,0x35,0x20,0x3d,
    0x20,0x70,0x61,0x72,0x74,0x69,0x63,0x6c,0x65,0x5f,0x70,0x61,0x72,0x61,0x6d,0x73,
    0x5b,0x69,0x20,0x2a,0x20,0x31,0x20,0x2b,0x20,0x31,0x37,0x5d,0x3b,0x0a,0x20,0x20,
    0x20,0x20,0x20,0x20,0x20,0x20,0x7d,0x0a,0x20,0x20,0x20,0x20,0x20,0x20,0x20,0x20,
    0x65,0x6c,0x73,0x65,0x0a,0x20,0x20,0x20,0x20,0x20,0x20,0x20,0x20,0x7b,0x0a,0x20,
    0x20,0x20,0x20,0x20,0x20,0x20,0x20,0x20,0x20,0x20,0x20,0x5f,0x31,0x38,0x35,0x20,
    0x3d,0x20,0x6d,0x69,0x78,0x28,0x76,0x61,0x6c,0x75,0x65,0x2c,0x20,0x70,0x61,0x72,
    0x74,0x69,0x63,0x6c,0x65,0x5f,0x70,0x61,0x72,0x61,0x6d,0x73,0x5b,0x69,0x20,0x2a,
    0x20,0x31,0x20,0x2b,0x20,0x31,0x37,0x5d,0x2c,0x20,0x76,0x65,0x63,0x34,0x28,0x28,
    0x74,0x20,0x2d,0x20,0x70,0x72,0x65,0x76,0x5f,0x74,0x29,0x20,0x2f,0x20,0x6d,0x61,
    0x78,0x28,0x5f,0x31,0x38,0x31,0x20,0x2d,0x20,0x70,0x72,0x65,0x76,0x5f,0x74,0x2c,
    0x20,0x39,0x2e,0x39,0x39,0x39,0x39,0x39,0x39,0x39,0x37,0x34,0x37,0x35,0x32,0x34,
    0x32,0x37,0x30,0x37,0x38,0x37,0x38,0x33,0x35,0x31,0x32,0x31,0x31,0x35,0x34,0x37,
    0x38,0x35,0x65,0x2d,0x30,0x37,0x29,0x29,0x29,0x3b,0x0a,0x20,0x20,0x20,0x20,0x20,
    0x20,0x20,0x20,0x7d,0x0a,0x20,0x20,0x20,0x20,0x20,0x20,0x20,0x20,0x76,0x61,0x6c,
    0x75,0x65,0x20,0x3d,0x20,0x5f,0x31,0x38,0x35,0x3b,0x0a,0x20,0x20,0x20,0x20,0x20,
    0x20,0x20,0x20,0x70,0x72,0x65,0x76,0x5f,0x74,0x20,0x3d,0x20,0x5f,0x31,0x38,0x31,
    0x3b,0x0a,0x20,0x20,0x20,0x20,0x7d,0x0a,0x20,0x20,0x20,0x20,0x72,0x65,0x74,0x75,
    0x72,0x6e,0x20,0x76,0x61,0x6c,0x75,0x65,0x3b,0x0a,0x7d,0x0a,0x0a,0x76,0x6f,0x69,
    0x64,0x20,0x6d,0x61,0x69,0x6e,0x28,0x29,0x0a,0x7b,0x0a,0x20,0x20,0x20,0x20,0x66,
    0x6c,0x6f,0x61,0x74,0x20,0x5f,0x32,0x32,0x33,0x20,0x3d,0x20,0x70,0x61,0x72,0x74,
    0x69,0x63,0x6c,0x65,0x5f,0x70,0x61,0x72,0x61,0x6d,0x73,0x5b,0x36,0x5d,0x2e,0x77,
    0x20,0x2d,0x20,0x62,0x6f,0x72,0x6e,0x2e,0x77,0x3b,0x0a,0x20,0x20,0x20,0x20,0x66,
    0x6c,0x6f,0x61,0x74,0x20,0x5f,0x32,0x32,0x39,0x20,0x3d,0x20,0x5f,0x32,0x32,0x33,
    0x20,0x2f,0x20,0x6d,0x6f,0x74,0x69,0x6f,0x6e,0x2e,0x77,0x3b,0x0a,0x20,0x20,0x20,
    0x20,0x69,0x66,0x20,0x28,0x28,0x5f,0x32,0x32,0x33,0x20,0x3c,0x20,0x30,0x2e,0x30,
    0x29,0x20,0x7c,0x7c,0x20,0x28,0x5f,0x32,0x32,0x39,0x20,0x3e,0x3d,0x20,0x31,0x2e,
    0x30,0x29,0x29,0x0a,0x20,0x20,0x20,0x20,0x7b,0x0a,0x20,0x20,0x20,0x20,0x20,0x20,
    0x20,0x20,0x67,0x6c,0x5f,0x50,0x6f,0x73,0x69,0x74,0x69,0x6f,0x6e,0x20,0x3d,0x20,
    0x76,0x65,0x63,0x34,0x28,0x32,0x2e,0x30,0x2c,0x20,0x32,0x2e,0x30,0x2c,0x20,0x32,
    0x2e,0x30,0x2c,0x20,0x31,0x2e,0x30,0x29,0x3b,0x0a,0x20,0x20,0x20,0x20,0x20,0x20,
    0x20,0x20,0x75,0x76,0x20,0x3d,0x20,0x76,0x65,0x63,0x32,0x28,0x30,0x2e,0x30,0x29,
    0x3b,0x0a,0x20,0x20,0x20,0x20,0x20,0x20,0x20,0x20,0x63,0x6f,0x6c,0x6f,0x72,0x20,
    0x3d,0x20,0x76,0x65,0x63,0x34,0x28,0x30,0x2e,0x30,0x29,0x3b,0x0a,0x20,0x20,0x20,
    0x20,0x20,0x20,0x20,0x20,0x61,0x6c,0x70,0x68,0x61,0x5f,0x6d,0x6f,0x64,0x65,0x20,
    0x3d,0x20,0x30,0x2e,0x30,0x3b,0x0a,0x20,0x20,0x20,0x20,0x20,0x20,0x20,0x20,0x72,
    0x65,0x74,0x75,0x72,0x6e,0x3b,0x0a,0x20,0x20,0x20,0x20,0x7d,0x0a,0x20,0x20,0x20,
    0x20,0x76,0x65,0x63,0x33,0x20,0x70,0x6f,0x73,0x3b,0x0a,0x20,0x20,0x20,0x20,0x76,
    0x65,0x63,0x33,0x20,0x76,0x65,0x6c,0x3b,0x0a,0x20,0x20,0x20,0x20,0x69,0x66,0x20,
    0x28,0x70,0x61,0x72,0x74,0x69,0x63,0x6c,0x65,0x5f,0x70,0x61,0x72,0x61,0x6d,0x73,
    0x5b,0x39,0x5d,0x2e,0x78,0x20,0x3e,0x20,0x39,0x2e,0x39,0x39,0x39,0x39,0x39,0x39,
    0x37,0x34,0x37,0x33,0x37,0x38,0x37,0x35,0x31,0x36,0x33,0x35,0x35,0x35,0x31,0x34,
    0x35,0x32,0x36,0x33,0x36,0x37,0x31,0x38,0x38,0x65,0x2d,0x30,0x35,0x29,0x0a,0x20,
    0x20,0x20,0x20,0x7b,0x0a,0x20,0x20,0x20,0x20,0x20,0x20,0x20,0x20,0x76,0x65,0x63,
    0x33,0x20,0x5f,0x32,0x37,0x33,0x20,0x3d,0x20,0x70,0x61,0x72,0x74,0x69,0x63,0x6c,
    0x65,0x5f,0x70,0x61,0x72,0x61,0x6d,0x73,0x5b,0x36,0x5d,0x2e,0x78,0x79,0x7a,0x20,
    0x2f,0x20,0x76,0x65,0x63,0x33,0x28,0x70,0x61,0x72,0x74,0x69,0x63,0x6c,0x65,0x5f,
    0x70,0x61,0x72,0x61,0x6d,0x73,0x5b,0x39,0x5d,0x2e,0x78,0x29,0x3b,0x0a,0x20,0x20,
    0x20,0x20,0x20,0x20,0x20,0x20,0x66,0x6c,0x6f,0x61,0x74,0x20,0x5f,0x32,0x37,0x39,
    0x20,0x3d,0x20,0x65,0x78,0x70,0x28,0x28,0x2d,0x70,0x61,0x72,0x74,0x69,0x63,0x6c,
    0x65,0x5f,0x70,0x61,0x72,0x61,0x6d,0x73,0x5b,0x39,0x5d,0x2e,0x78,0x29,0x20,0x2a,
    0x20,0x5f,0x32,0x32,0x33,0x29,0x3b,0x0a,0x20,0x20,0x20,0x20,0x20,0x20,0x20,0x20,
    0x76,0x65,0x63,0x33,0x20,0x5f,0x32,0x39,0x30,0x20,0x3d,0x20,0x6d,0x6f,0x74,0x69,
    0x6f,0x6e,0x2e,0x78,0x79,0x7a,0x20,0x2d,0x20,0x5f,0x32,0x37,0x33,0x3b,0x0a,0x20,
    0x20,0x20,0x20,0x20,0x20,0x20,0x20,0x70,0x6f,0x73,0x20,0x3d,0x20,0x28,0x62,0x6f,
    0x72,0x6e,0x2e,0x78,0x79,0x7a,0x20,0x2b,0x20,0x28,0x5f,0x32,0x37,0x33,0x20,0x2a,
    0x20,0x5f,0x32,0x32,0x33,0x29,0x29,0x20,0x2b,0x20,0x28,0x5f,0x32,0x39,0x30,0x20,
    0x2a,0x20,0x28,0x28,0x31,0x2e,0x30,0x20,0x2d,0x20,0x5f,0x32,0x37,0x39,0x29,0x20,
    0x2f,0x20,0x70,0x61,0x72,0x74,0x69,0x63,0x6c,0x65,0x5f,0x70,0x61,0x72,0x61,0x6d,
    0x73,0x5b,0x39,0x5d,0x2e,0x78,0x29,0x29,0x3b,0x0a,0x20,0x20,0x20,0x20,0x20,0x20,
    0x20,0x20,0x76,0x65,0x6c,0x20,0x3d,0x20,0x5f,0x32,0x37,0x33,0x20,0x2b,0x20,0x28,
    0x5f,0x32,0x39,0x30,0x20,0x2a,0x20,0x5f,0x32,0x37,0x39,0x29,0x3b,0x0a,0x20,0x20,
    0x20,0x20,0x7d,0x0a,0x20,0x20,0x20,0x20,0x65,0x6c,0x73,0x65,0x0a,0x20,0x20,0x20,
    0x20,0x7b,0x0a,0x20,0x20,0x20,0x20,0x20,0x20,0x20,0x20,0x70,0x6f,0x73,0x20,0x3d,
    0x20,0x28,0x62,0x6f,0x72,0x6e,0x2e,0x78,0x79,0x7a,0x20,0x2b,0x20,0x28,0x6d,0x6f,
    0x74,0x69,0x6f,0x6e,0x2e,0x78,0x79,0x7a,0x20,0x2a,0x20,0x5f,0x32,0x32,0x33,0x29,
    0x29,0x20,0x2b,0x20,0x28,0x28,0x28,0x70,0x61,0x72,0x74,0x69,0x63,0x6c,0x65,0x5f,
    0x70,0x61,0x72,0x61,0x6d,0x73,0x5b,0x36,0x5d,0x2e,0x78,0x79,0x7a,0x20,0x2a,0x20,
    0x30,0x2e,0x35,0x29,0x20,0x2a,0x20,0x5f,0x32,0x32,0x33,0x29,0x20,0x2a,0x20,0x5f,
    0x32,0x32,0x33,0x29,0x3b,0x0a,0x20,0x20,0x20,0x20,0x20,0x20,0x20,0x20,0x76,0x65,
    0x6c,0x20,0x3d,0x20,0x6d,0x6f,0x74,0x69,0x6f,0x6e,0x2e,0x78,0x79,0x7a,0x20,0x2b,
    0x20,0x28,0x70,0x61,0x72,0x74,0x69,0x63,0x6c,0x65,0x5f,0x70,0x61,0x72,0x61,0x6d,
    0x73,0x5b,0x36,0x5d,0x2e,0x78,0x79,0x7a,0x20,0x2a,0x20,0x5f,0x32,0x32,0x33,0x29,
    0x3b,0x0a,0x20,0x20,0x20,0x20,0x7d,0x0a,0x20,0x20,0x20,0x20,0x66,0x6c,0x6f,0x61,
    0x74,0x20,0x70,0x61,0x72,0x61,0x6d,0x20,0x3d,0x20,0x5f,0x32,0x32,0x39,0x3b,0x0a,
    0x20,0x20,0x20,0x20,0x66,0x6c,0x6f,0x61,0x74,0x20,0x5f,0x33,0x33,0x39,0x20,0x3d,
    0x20,0x73,0x69,0x7a,0x65,0x5f,0x61,0x74,0x28,0x70,0x61,0x72,0x61,0x6d,0x29,0x20,
    0x2a,0x20,0x73,0x68,0x61,0x70,0x65,0x2e,0x78,0x3b,0x0a,0x20,0x20,0x20,0x20,0x66,
    0x6c,0x6f,0x61,0x74,0x20,0x61,0x6c,0x6f,0x6e,0x67,0x20,0x3d,0x20,0x5f,0x33,0x33,
    0x39,0x3b,0x0a,0x20,0x20,0x20,0x20,0x76,0x65,0x63,0x32,0x20,0x5f,0x33,0x35,0x35,
    0x20,0x3d,0x20,0x76,0x65,0x63,0x32,0x28,0x64,0x6f,0x74,0x28,0x76,0x65,0x6c,0x2c,
    0x20,0x70,0x61,0x72,0x74,0x69,0x63,0x6c,0x65,0x5f,0x70,0x61,0x72,0x61,0x6d,0x73,
    0x5b,0x34,0x5d,0x2e,0x78,0x79,0x7a,0x29,0x2c,0x20,0x64,0x6f,0x74,0x28,0x76,0x65,
    0x6c,0x2c,0x20,0x70,0x61,0x72,0x74,0x69,0x63,0x6c,0x65,0x5f,0x70,0x61,0x72,0x61,
    0x6d,0x73,0x5b,0x35,0x5d,0x2e,0x78,0x79,0x7a,0x29,0x29,0x3b,0x0a,0x20,0x20,0x20,
    0x20,0x66,0x6c,0x6f,0x61,0x74,0x20,0x5f,0x33,0x35,0x38,0x20,0x3d,0x20,0x6c,0x65,
    0x6e,0x67,0x74,0x68,0x28,0x5f,0x33,0x35,0x35,0x29,0x3b,0x0a,0x20,0x20,0x20,0x20,
    0x76,0x65,0x63,0x33,0x20,0x75,0x70,0x3b,0x0a,0x20,0x20,0x20,0x20,0x76,0x65,0x63,
    0x33,0x20,0x72,0x69,0x67,0x68,0x74,0x3b,0x0a,0x20,0x20,0x20,0x20,0x69,0x66,0x20,
    0x28,0x28,0x70,0x61,0x72,0x74,0x69,0x63,0x6c,0x65,0x5f,0x70,0x61,0x72,0x61,0x6d,
    0x73,0x5b,0x39,0x5d,0x2e,0x79,0x20,0x3e,0x20,0x30,0x2e,0x30,0x29,0x20,0x26,0x26,
    0x20,0x28,0x5f,0x33,0x35,0x38,0x20,0x3e,0x20,0x39,0x2e,0x39,0x39,0x39,0x39,0x39,
    0x39,0x37,0x34,0x37,0x33,0x37,0x38,0x37,0x35,0x31,0x36,0x33,0x35,0x35,0x35,0x31,
    0x34,0x35,0x32,0x36,0x33,0x36,0x37,0x31,0x38,0x38,0x65,0x2d,0x30,0x36,0x29,0x29,
    0x0a,0x20,0x20,0x20,0x20,0x7b,0x0a,0x20,0x20,0x20,0x20,0x20,0x20,0x20,0x20,0x76,
    0x65,0x63,0x32,0x20,0x5f,0x33,0x37,0x32,0x20,0x3d,0x20,0x5f,0x33,0x35,0x35,0x20,
    0x2f,0x20,0x76,0x65,0x63,0x32,0x28,0x5f,0x33,0x35,0x38,0x29,0x3b,0x0a,0x20,0x20,
    0x20,0x20,0x20,0x20,0x20,0x20,0x66,0x6c,0x6f,0x61,0x74,0x20,0x5f,0x33,0x37,0x38,
    0x20,0x3d,0x20,0x5f,0x33,0x37,0x32,0x2e,0x78,0x3b,0x0a,0x20,0x20,0x20,0x20,0x20,
    0x20,0x20,0x20,0x66,0x6c,0x6f,0x61,0x74,0x20,0x5f,0x33,0x38,0x34,0x20,0x3d,0x20,
    0x5f,0x33,0x37,0x32,0x2e,0x79,0x3b,0x0a,0x20,0x20,0x20,0x20,0x20,0x20,0x20,0x20,
    0x76,0x65,0x63,0x33,0x20,0x5f,0x33,0x38,0x36,0x20,0x3d,0x20,0x28,0x70,0x61,0x72,
    0x74,0x69,0x63,0x6c,0x65,0x5f,0x70,0x61,0x72,0x61,0x6d,0x73,0x5b,0x34,0x5d,0x2e,
    0x78,0x79,0x7a,0x20,0x2a,0x20,0x5f,0x33,0x37,0x38,0x29,0x20,0x2b,0x20,0x28,0x70,
    0x61,0x72,0x74,0x69,0x63,0x6c,0x65,0x5f,0x70,0x61,0x72,0x61,0x6d,0x73,0x5b,0x35,
    0x5d,0x2e,0x78,0x79,0x7a,0x20,0x2a,0x20,0x5f,0x33,0x38,0x34,0x29,0x3b,0x0a,0x20,
    0x20,0x20,0x20,0x20,0x20,0x20,0x20,0x75,0x70,0x20,0x3d,0x20,0x5f,0x33,0x38,0x36,
    0x3b,0x0a,0x20,0x20,0x20,0x20,0x20,0x20,0x20,0x20,0x72,0x69,0x67,0x68,0x74,0x20,
    0x3d,0x20,0x28,0x70,0x61,0x72,0x74,0x69,0x63,0x6c,0x65,0x5f,0x70,0x61,0x72,0x61,
    0x6d,0x73,0x5b,0x34,0x5d,0x2e,0x78,0x79,0x7a,0x20,0x2a,0x20,0x5f,0x33,0x38,0x34,
    0x29,0x20,0x2d,0x20,0x28,0x70,0x61,0x72,0x74,0x69,0x63,0x6c,0x65,0x5f,0x70,0x61,
    0x72,0x61,0x6d,0x73,0x5b,0x35,0x5d,0x2e,0x78,0x79,0x7a,0x20,0x2a,0x20,0x5f,0x33,
    0x37,0x38,0x29,0x3b,0x0a,0x20,0x20,0x20,0x20,0x20,0x20,0x20,0x20,0x66,0x6c,0x6f,
    0x61,0x74,0x20,0x5f,0x34,0x30,0x35,0x20,0x3d,0x20,0x5f,0x33,0x35,0x38,0x20,0x2a,
    0x20,0x70,0x61,0x72,0x74,0x69,0x63,0x6c,0x65,0x5f,0x70,0x61,0x72,0x61,0x6d,0x73,
    0x5b,0x39,0x5d,0x2e,0x79,0x3b,0x0a,0x20,0x20,0x20,0x20,0x20,0x20,0x20,0x20,0x61,
    0x6c,0x6f,0x6e,0x67,0x20,0x3d,0x20,0x5f,0x33,0x33,0x39,0x20,0x2b,0x20,0x5f,0x34,
    0x30,0x35,0x3b,0x0a,0x20,0x20,0x20,0x20,0x20,0x20,0x20,0x20,0x70,0x6f,0x73,0x20,
    0x2d,0x3d,0x20,0x28,0x5f,0x33,0x38,0x36,0x20,0x2a,0x20,0x28,0x5f,0x34,0x30,0x35,
    0x20,0x2a,0x20,0x30,0x2e,0x35,0x29,0x29,0x3b,0x0a,0x20,0x20,0x20,0x20,0x7d,0x0a,
    0x20,0x20,0x20,0x20,0x65,0x6c,0x73,0x65,0x0a,0x20,0x20,0x20,0x20,0x7b,0x0a,0x20,
    0x20,0x20,0x20,0x20,0x20,0x20,0x20,0x66,0x6c,0x6f,0x61,0x74,0x20,0x5f,0x34,0x32,
    0x33,0x20,0x3d,0x20,0x73,0x68,0x61,0x70,0x65,0x2e,0x7a,0x20,0x2b,0x20,0x28,0x73,
    0x68,0x61,0x70,0x65,0x2e,0x79,0x20,0x2a,0x20,0x5f,0x32,0x32,0x33,0x29,0x3b,0x0a,
    0x20,0x20,0x20,0x20,0x20,0x20,0x20,0x20,0x66,0x6c,0x6f,0x61,0x74,0x20,0x5f,0x34,
    0x32,0x36,0x20,0x3d,0x20,0x63,0x6f,0x73,0x28,0x5f,0x34,0x32,0x33,0x29,0x3b,0x0a,
    0x20,0x20,0x20,0x20,0x20,0x20,0x20,0x20,0x66,0x6c,0x6f,0x61,0x74,0x20,0x5f,0x34,
    0x32,0x39,0x20,0x3d,0x20,0x73,0x69,0x6e,0x28,0x5f,0x34,0x32,0x33,0x29,0x3b,0x0a,
    0x20,0x20,0x20,0x20,0x20,0x20,0x20,0x20,0x72,0x69,0x67,0x68,0x74,0x20,0x3d,0x20,
    0x28,0x70,0x61,0x72,0x74,0x69,0x63,0x6c,0x65,0x5f,0x70,0x61,0x72,0x61,0x6d,0x73,
    0x5b,0x34,0x5d,0x2e,0x78,0x79,0x7a,0x20,0x2a,0x20,0x5f,0x34,0x32,0x36,0x29,0x20,
    0x2d,0x20,0x28,0x70,0x61,0x72,0x74,0x69,0x63,0x6c,0x65,0x5f,0x70,0x61,0x72,0x61,
    0x6d,0x73,0x5b,0x35,0x5d,0x2e,0x78,0x79,0x7a,0x20,0x2a,0x20,0x5f,0x34,0x32,0x39,
    0x29,0x3b,0x0a,0x20,0x20,0x20,0x20,0x20,0x20,0x20,0x20,0x75,0x70,0x20,0x3d,0x20,
    0x28,0x70,0x61,0x72,0x74,0x69,0x63,0x6c,0x65,0x5f,0x70,0x61,0x72,0x61,0x6d,0x73,
    0x5b,0x34,0x5d,0x2e,0x78,0x79,0x7a,0x20,0x2a,0x20,0x5f,0x34,0x32,0x39,0x29,0x20,
    0x2b,0x20,0x28,0x70,0x61,0x72,0x74,0x69,0x63,0x6c,0x65,0x5f,0x70,0x61,0x72,0x61,
    0x6d,0x73,0x5b,0x35,0x5d,0x2e,0x78,0x79,0x7a,0x20,0x2a,0x20,0x5f,0x34,0x32,0x36,
    0x29,0x3b,0x0a,0x20,0x20,0x20,0x20,0x7d,0x0a,0x20,0x20,0x20,0x20,0x67,0x6c,0x5f,
    0x50,0x6f,0x73,0x69,0x74,0x69,0x6f,0x6e,0x20,0x3d,0x20,0x6d,0x61,0x74,0x34,0x28,
    0x70,0x61,0x72,0x74,0x69,0x63,0x6c,0x65,0x5f,0x70,0x61,0x72,0x61,0x6d,0x73,0x5b,
    0x30,0x5d,0x2c,0x20,0x70,0x61,0x72,0x74,0x69,0x63,0x6c,0x65,0x5f,0x70,0x61,0x72,
    0x61,0x6d,0x73,0x5b,0x31,0x5d,0x2c,0x20,0x70,0x61,0x72,0x74,0x69,0x63,0x6c,0x65,
    0x5f,0x70,0x61,0x72,0x61,0x6d,0x73,0x5b,0x32,0x5d,0x2c,0x20,0x70,0x61,0x72,0x74,
    0x69,0x63,0x6c,0x65,0x5f,0x70,0x61,0x72,0x61,0x6d,0x73,0x5b,0x33,0x5d,0x29,0x20,
    0x2a,0x20,0x76,0x65,0x63,0x34,0x28,0x28,0x70,0x6f,0x73,0x20,0x2b,0x20,0x28,0x72,
    0x69,0x67,0x68,0x74,0x20,0x2a,0x20,0x28,0x63,0x6f,0x72,0x6e,0x65,0x72,0x2e,0x78,
    0x20,0x2a,0x20,0x5f,0x33,0x33,0x39,0x29,0x29,0x29,0x20,0x2b,0x20,0x28,0x75,0x70,
    0x20,0x2a,0x20,0x28,0x63,0x6f,0x72,0x6e,0x65,0x72,0x2e,0x79,0x20,0x2a,0x20,0x61,
    0x6c,0x6f,0x6e,0x67,0x29,0x29,0x2c,0x20,0x31,0x2e,0x30,0x29,0x3b,0x0a,0x20,0x20,
    0x20,0x20,0x76,0x65,0x63,0x34,0x20,0x63,0x65,0x6c,0x6c,0x20,0x3d,0x20,0x70,0x61,
    0x72,0x74,0x69,0x63,0x6c,0x65,0x5f,0x70,0x61,0x72,0x61,0x6d,0x73,0x5b,0x38,0x5d,
    0x3b,0x0a,0x20,0x20,0x20,0x20,0x69,0x66,0x20,0x28,0x70,0x61,0x72,0x74,0x69,0x63,
    0x6c,0x65,0x5f,0x70,0x61,0x72,0x61,0x6d,0x73,0x5b,0x31,0x30,0x5d,0x2e,0x7a,0x20,
    0x3e,0x20,0x31,0x2e,0x35,0x29,0x0a,0x20,0x20,0x20,0x20,0x7b,0x0a,0x20,0x20,0x20,
    0x20,0x20,0x20,0x20,0x20,0x66,0x6c,0x6f,0x61,0x74,0x20,0x5f,0x34,0x39,0x33,0x3b,
    0x0a,0x20,0x20,0x20,0x20,0x20,0x20,0x20,0x20,0x69,0x66,0x20,0x28,0x70,0x61,0x72,
    0x74,0x69,0x63,0x6c,0x65,0x5f,0x70,0x61,0x72,0x61,0x6d,0x73,0x5b,0x31,0x30,0x5d,
    0x2e,0x77,0x20,0x3e,0x20,0x30,0x2e,0x30,0x29,0x0a,0x20,0x20,0x20,0x20,0x20,0x20,
    0x20,0x20,0x7b,0x0a,0x20,0x20,0x20,0x20,0x20,0x20,0x20,0x20,0x20,0x20,0x20,0x20,
    0x5f,0x34,0x39,0x33,0x20,0x3d,0x20,0x6d,0x6f,0x64,0x28,0x66,0x6c,0x6f,0x6f,0x72,
    0x28,0x28,0x5f,0x32,0x32,0x33,0x20,0x2a,0x20,0x70,0x61,0x72,0x74,0x69,0x63,0x6c,
    0x65,0x5f,0x70,0x61,0x72,0x61,0x6d,0x73,0x5b,0x31,0x30,0x5d,0x2e,0x77,0x29,0x20,
    0x2b,0x20,0x28,0x66,0x72,0x61,0x63,0x74,0x28,0x73,0x68,0x61,0x70,0x65,0x2e,0x77,
    0x20,0x2a,0x20,0x37,0x2e,0x33,0x30,0x39,0x39,0x39,0x39,0x39,0x34,0x32,0x37,0x37,
    0x39,0x35,0x34,0x31,0x30,0x31,0x35,0x36,0x32,0x35,0x29,0x20,0x2a,0x20,0x70,0x61,
    0x72,0x74,0x69,0x63,0x6c,0x65,0x5f,0x70,0x61,0x72,0x61,0x6d,0x73,0x5b,0x31,0x30,
    0x5d,0x2e,0x7a,0x29,0x29,0x2c,0x20,0x70,0x61,0x72,0x74,0x69,0x63,0x6c,0x65,0x5f,
    0x70,0x61,0x72,0x61,0x6d,0x73,0x5b,0x31,0x30,0x5d,0x2e,0x7a,0x29,0x3b,0x0a,0x20,
    0x20,0x20,0x20,0x20,0x20,0x20,0x20,0x7d,0x0a,0x20,0x20,0x20,0x20,0x20,0x20,0x20,
    0x20,0x65,0x6c,0x73,0x65,0x0a,0x20,0x20,0x20,0x20,0x20,0x20,0x20,0x20,0x7b,0x0a,
    0x20,0x20,0x20,0x20,0x20,0x20,0x20,0x20,0x20,0x20,0x20,0x20,0x5f,0x34,0x39,0x33,
    0x20,0x3d,0x20,0x6d,0x69,0x6e,0x28,0x66,0x6c,0x6f,0x6f,0x72,0x28,0x5f,0x32,0x32,
    0x39,0x20,0x2a,0x20,0x70,0x61,0x72,0x74,0x69,0x63,0x6c,0x65,0x5f,0x70,0x61,0x72,
    0x61,0x6d,0x73,0x5b,0x31,0x30,0x5d,0x2e,0x7a,0x29,0x2c,0x20,0x70,0x61,0x72,0x74,
    0x69,0x63,0x6c,0x65,0x5f,0x70,0x61,0x72,0x61,0x6d,0x73,0x5b,0x31,0x30,0x5d,0x2e,
    0x7a,0x20,0x2d,0x20,0x31,0x2e,0x30,0x29,0x3b,0x0a,0x20,0x20,0x20,0x20,0x20,0x20,
    0x20,0x20,0x7d,0x0a,0x20,0x20,0x20,0x20,0x20,0x20,0x20,0x20,0x76,0x65,0x63,0x32,
    0x20,0x5f,0x35,0x33,0x35,0x20,0x3d,0x20,0x28,0x70,0x61,0x72,0x74,0x69,0x63,0x6c,
    0x65,0x5f,0x70,0x61,0x72,0x61,0x6d,0x73,0x5b,0x38,0x5d,0x2e,0x7a,0x77,0x20,0x2d,
    0x20,0x70,0x61,0x72,0x74,0x69,0x63,0x6c,0x65,0x5f,0x70,0x61,0x72,0x61,0x6d,0x73,
    0x5b,0x38,0x5d,0x2e,0x78,0x79,0x29,0x20,0x2f,0x20,0x70,0x61,0x72,0x74,0x69,0x63,
    0x6c,0x65,0x5f,0x70,0x61,0x72,0x61,0x6d,0x73,0x5b,0x31,0x30,0x5d,0x2e,0x78,0x79,
    0x3b,0x0a,0x20,0x20,0x20,0x20,0x20,0x20,0x20,0x20,0x76,0x65,0x63,0x32,0x20,0x5f,
    0x35,0x35,0x31,0x20,0x3d,0x20,0x70,0x61,0x72,0x74,0x69,0x63,0x6c,0x65,0x5f,0x70,
    0x61,0x72,0x61,0x6d,0x73,0x5b,0x38,0x5d,0x2e,0x78,0x79,0x20,0x2b,0x20,0x28,0x5f,
    0x35,0x33,0x35,0x20,0x2a,0x20,0x76,0x65,0x63,0x32,0x28,0x6d,0x6f,0x64,0x28,0x5f,
    0x34,0x39,0x33,0x2c,0x20,0x70,0x61,0x72,0x74,0x69,0x63,0x6c,0x65,0x5f,0x70,0x61,
    0x72,0x61,0x6d,0x73,0x5b,0x31,0x30,0x5d,0x2e,0x78,0x29,0x2c,0x20,0x66,0x6c,0x6f,
    0x6f,0x72,0x28,0x5f,0x34,0x39,0x33,0x20,0x2f,0x20,0x70,0x61,0x72,0x74,0x69,0x63,
    0x6c,0x65,0x5f,0x70,0x61,0x72,0x61,0x6d,0x73,0x5b,0x31,0x30,0x5d,0x2e,0x78,0x29,
    0x29,0x29,0x3b,0x0a,0x20,0x20,0x20,0x20,0x20,0x20,0x20,0x20,0x66,0x6c,0x6f,0x61,
    0x74,0x20,0x5f,0x35,0x35,0x33,0x20,0x3d,0x20,0x5f,0x35,0x35,0x31,0x2e,0x78,0x3b,
    0x0a,0x20,0x20,0x20,0x20,0x20,0x20,0x20,0x20,0x76,0x65,0x63,0x34,0x20,0x5f,0x36,
    0x31,0x33,0x3b,0x0a,0x20,0x20,0x20,0x20,0x20,0x20,0x20,0x20,0x5f,0x36,0x31,0x33,
    0x2e,0x78,0x20,0x3d,0x20,0x5f,0x35,0x35,0x33,0x3b,0x0a,0x20,0x20,0x20,0x20,0x20,
    0x20,0x20,0x20,0x5f,0x36,0x31,0x33,0x2e,0x79,0x20,0x3d,0x20,0x5f,0x35,0x35,0x31,
    0x2e,0x79,0x3b,0x0a,0x20,0x20,0x20,0x20,0x20,0x20,0x20,0x20,0x63,0x65,0x6c,0x6c,
    0x20,0x3d,0x20,0x76,0x65,0x63,0x34,0x28,0x5f,0x35,0x35,0x33,0x2c,0x20,0x5f,0x35,
    0x35,0x31,0x2e,0x79,0x2c,0x20,0x5f,0x36,0x31,0x33,0x2e,0x78,0x79,0x20,0x2b,0x20,
    0x5f,0x35,0x33,0x35,0x29,0x3b,0x0a,0x20,0x20,0x20,0x20,0x7d,0x0a,0x20,0x20,0x20,
    0x20,0x75,0x76,0x20,0x3d,0x20,0x76,0x65,0x63,0x32,0x28,0x6d,0x69,0x78,0x28,0x63,
    0x65,0x6c,0x6c,0x2e,0x78,0x2c,0x20,0x63,0x65,0x6c,0x6c,0x2e,0x7a,0x2c,0x20,0x63,
    0x6f,0x72,0x6e,0x65,0x72,0x2e,0x78,0x20,0x2b,0x20,0x30,0x2e,0x35,0x29,0x2c,0x20,
    0x6d,0x69,0x78,0x28,0x63,0x65,0x6c,0x6c,0x2e,0x79,0x2c,0x20,0x63,0x65,0x6c,0x6c,
    0x2e,0x77,0x2c,0x20,0x30,0x2e,0x35,0x20,0x2d,0x20,0x63,0x6f,0x72,0x6e,0x65,0x72,
    0x2e,0x79,0x29,0x29,0x3b,0x0a,0x20,0x20,0x20,0x20,0x66,0x6c,0x6f,0x61,0x74,0x20,
    0x70,0x61,0x72,0x61,0x6d,0x5f,0x31,0x20,0x3d,0x20,0x5f,0x32,0x32,0x39,0x3b,0x0a,
    0x20,0x20,0x20,0x20,0x63,0x6f,0x6c,0x6f,0x72,0x20,0x3d,0x20,0x63,0x6f,0x6c,0x6f,
    0x72,0x5f,0x61,0x74,0x28,0x70,0x61,0x72,0x61,0x6d,0x5f,0x31,0x29,0x3b,0x0a,0x20,
    0x20,0x20,0x20,0x69,0x6e,0x74,0x20,0x5f,0x35,0x38,0x37,0x20,0x3d,0x20,0x69,0x6e,
    0x74,0x28,0x70,0x61,0x72,0x74,0x69,0x63,0x6c,0x65,0x5f,0x70,0x61,0x72,0x61,0x6d,
    0x73,0x5b,0x37,0x5d,0x2e,0x77,0x29,0x3b,0x0a,0x20,0x20,0x20,0x20,0x69,0x66,0x20,
    0x28,0x5f,0x35,0x38,0x37,0x20,0x3e,0x20,0x30,0x29,0x0a,0x20,0x20,0x20,0x20,0x7b,
    0x0a,0x20,0x20,0x20,0x20,0x20,0x20,0x20,0x20,0x63,0x6f,0x6c,0x6f,0x72,0x20,0x2a,
    0x3d,0x20,0x70,0x61,0x72,0x74,0x69,0x63,0x6c,0x65,0x5f,0x70,0x61,0x72,0x61,0x6d,
    0x73,0x5b,0x6d,0x69,0x6e,0x28,0x69,0x6e,0x74,0x28,0x73,0x68,0x61,0x70,0x65,0x2e,
    0x77,0x20,0x2a,0x20,0x66,0x6c,0x6f,0x61,0x74,0x28,0x5f,0x35,0x38,0x37,0x29,0x29,
    0x2c,0x20,0x28,0x5f,0x35,0x38,0x37,0x20,0x2d,0x20,0x31,0x29,0x29,0x20,0x2a,0x20,
    0x31,0x20,0x2b,0x20,0x32,0x35,0x5d,0x3b,0x0a,0x20,0x20,0x20,0x20,0x7d,0x0a,0x20,
    0x20,0x20,0x20,0x61,0x6c,0x70,0x68,0x61,0x5f,0x6d,0x6f,0x64,0x65,0x20,0x3d,0x20,
    0x70,0x61,0x72,0x74,0x69,0x63,0x6c,0x65,0x5f,0x70,0x61,0x72,0x61,0x6d,0x73,0x5b,
    0x37,0x5d,0x2e,0x7a,0x3b,0x0a,0x7d,0x0a,0x0a,0x00,
};
#endif
/*
    #version 410

    uniform sampler2D tex_smp;

    layout(location = 0) out vec4 frag_color;
    layout(location = 0) in vec2 uv;
    layout(location = 1) in vec4 color;
    layout(location = 2) in float alpha_mode;

    void main()
    {
        frag_color = texture(tex_smp, uv) * color;
        bool _34 = alpha_mode > 0.0;
        bool _44;
        if (_34)
        {
            _44 = frag_color.w < alpha_mode;
        }
        else
        {
            _44 = _34;
        }
        if (_44)
        {
            discard;
        }
        if (alpha_mode != 0.0)
        {
            frag_color.w = 1.0;
        }
    }

*/
#if defined(SOKOL_GLCORE)
static const uint8_t sprite_fs_source_glsl410[523] = {
    0x23,0x76,0x65,0x72,0x73,0x69,0x6f,0x6e,0x20,0x34,0x31,0x30,0x0a,0x0a,0x75,0x6e,
    0x69,0x66,0x6f,0x72,0x6d,0x20,0x73,0x61,0x6d,0x70,0x6c,0x65,0x72,0x32,0x44,0x20,
    0x74,0x65,0x78,0x5f,0x73,0x6d,0x70,0x3b,0x0a,0x0a,0x6c,0x61,0x79,0x6f,0x75,0x74,
    0x28,0x6c,0x6f,0x63,0x61,0x74,0x69,0x6f,0x6e,0x20,0x3d,0x20,0x30,0x29,0x20,0x6f,
    0x75,0x74,0x20,0x76,0x65,0x63,0x34,0x20,0x66,0x72,0x61,0x67,0x5f,0x63,0x6f,0x6c,
    0x6f,0x72,0x3b,0x0a,0x6c,0x61,0x79,0x6f,0x75,0x74,0x28,0x6c,0x6f,0x63,0x61,0x74,
    0x69,0x6f,0x6e,0x20,0x3d,0x20,0x30,0x29,0x20,0x69,0x6e,0x20,0x76,0x65,0x63,0x32,
    0x20,0x75,0x76,0x3b,0x0a,0x6c,0x61,0x79,0x6f,0x75,0x74,0x28,0x6c,0x6f,0x63,0x61,
    0x74,0x69,0x6f,0x6e,0x20,0x3d,0x20,0x31,0x29,0x20,0x69,0x6e,0x20,0x76,0x65,0x63,
    0x34,0x20,0x63,0x6f,0x6c,0x6f,0x72,0x3b,0x0a,0x6c,0x61,0x79,0x6f,0x75,0x74,0x28,
    0x6c,0x6f,0x63,0x61,0x74,0x69,0x6f,0x6e,0x20,0x3d,0x20,0x32,0x29,0x20,0x69,0x6e,
    0x20,0x66,0x6c,0x6f,0x61,0x74,0x20,0x61,0x6c,0x70,0x68,0x61,0x5f,0x6d,0x6f,0x64,
    0x65,0x3b,0x0a,0x0a,0x76,0x6f,0x69,0x64,0x20,0x6d,0x61,0x69,0x6e,0x28,0x29,0x0a,
    0x7b,0x0a,0x20,0x20,0x20,0x20,0x66,0x72,0x61,0x67,0x5f,0x63,0x6f,0x6c,0x6f,0x72,
    0x20,0x3d,0x20,0x74,0x65,0x78,0x74,0x75,0x72,0x65,0x28,0x74,0x65,0x78,0x5f,0x73,
    0x6d,0x70,0x2c,0x20,0x75,0x76,0x29,0x20,0x2a,0x20,0x63,0x6f,0x6c,0x6f,0x72,0x3b,
    0x0a,0x20,0x20,0x20,0x20,0x62,0x6f,0x6f,0x6c,0x20,0x5f,0x33,0x34,0x20,0x3d,0x20,
    0x61,0x6c,0x70,0x68,0x61,0x5f,0x6d,0x6f,0x64,0x65,0x20,0x3e,0x20,0x30,0x2e,0x30,
    0x3b,0x0a,0x20,0x20,0x20,0x20,0x62,0x6f,0x6f,0x6c,0x20,0x5f,0x34,0x34,0x3b,0x0a,
    0x20,0x20,0x20,0x20,0x69,0x66,0x20,0x28,0x5f,0x33,0x34,0x29,0x0a,0x20,0x20,0x20,
    0x20,0x7b,0x0a,0x20,0x20,0x20,0x20,0x20,0x20,0x20,0x20,0x5f,0x34,0x34,0x20,0x3d,
    0x20,0x66,0x72,0x61,0x67,0x5f,0x63,0x6f,0x6c,0x6f,0x72,0x2e,0x77,0x20,0x3c,0x20,
    0x61,0x6c,0x70,0x68,0x61,0x5f,0x6d,0x6f,0x64,0x65,0x3b,0x0a,0x20,0x20,0x20,0x20,
    0x7d,0x0a,0x20,0x20,0x20,0x20,0x65,0x6c,0x73,0x65,0x0a,0x20,0x20,0x20,0x20,0x7b,
    0x0a,0x20,0x20,0x20,0x20,0x20,0x20,0x20,0x20,0x5f,0x34,0x34,0x20,0x3d,0x20,0x5f,
    0x33,0x34,0x3b,0x0a,0x20,0x20,0x20,0x20,0x7d,0x0a,0x20,0x20,0x20,0x20,0x69,0x66,
    0x20,0x28,0x5f,0x34,0x34,0x29,0x0a,0x20,0x20,0x20,0x20,0x7b,0x0a,0x20,0x20,0x20,
    0x20,0x20,0x20,0x20,0x20,0x64,0x69,0x73,0x63,0x61,0x72,0x64,0x3b,0x0a,0x20,0x20,
    0x20,0x20,0x7d,0x0a,0x20,0x20,0x20,0x20,0x69,0x66,0x20,0x28,0x61,0x6c,0x70,0x68,
    0x61,0x5f,0x6d,0x6f,0x64,0x65,0x20,0x21,0x3d,0x20,0x30,0x2e,0x30,0x29,0x0a,0x20,
    0x20,0x20,0x20,0x7b,0x0a,0x20,0x20,0x20,0x20,0x20,0x20,0x20,0x20,0x66,0x72,0x61,
    0x67,0x5f,0x63,0x6f,0x6c,0x6f,0x72,0x2e,0x77,0x20,0x3d,0x20,0x31,0x2e,0x30,0x3b,
    0x0a,0x20,0x20,0x20,0x20,0x7d,0x0a,0x7d,0x0a,0x0a,0x00,
};
#endif
/*
    #version 300 es

    uniform vec4 vs_params[7];
    out vec2 uv;
    out vec4 color;
    out float alpha_mode;
    layout(location = 0) in vec2 corner;
    layout(location = 1) in vec4 inst_pos;
    layout(location = 2) in vec4 inst_size;
    layout(location = 3) in vec4 inst_uv;
    layout(location = 4) in vec3 inst_right;
    layout(location = 5) in vec4 inst_up;
    layout(location = 6) in vec4 inst_color;

    void place(vec2 corner_1, vec4 pos, vec4 size, vec4 source, vec3 right_axis, vec4 up_axis, vec4 tint)
    {
        vec3 right = right_axis;
        vec3 up = up_axis.xyz;
        if (pos.w < 0.5)
        {
            right = vs_params[4].xyz;
            up = vs_params[5].xyz;
        }
        else
        {
            if (pos.w < 1.5)
            {
                right = vs_params[6].xyz;
                up = vec3(0.0, 1.0, 0.0);
            }
        }
        gl_Position = mat4(vs_params[0], vs_params[1], vs_params[2], vs_params[3]) * vec4((pos.xyz + (right * (((corner_1.x + 0.5) - size.z) * size.x))) + (up * (((corner_1.y - 0.5) + size.w) * size.y)), 1.0);
        uv = vec2(mix(source.x, source.z, corner_1.x + 0.5), mix(source.y, source.w, 0.5 - corner_1.y));
        color = tint;
        alpha_mode = up_axis.w;
    }

    void main()
    {
        vec2 param = corner;
        vec4 param_1 = inst_pos;
        vec4 param_2 = inst_size;
        vec4 param_3 = inst_uv;
        vec3 param_4 = inst_right;
        vec4 param_5 = inst_up;
        vec4 param_6 = inst_color;
        place(param, param_1, param_2, param_3, param_4, param_5, param_6);
    }

*/
#if defined(SOKOL_GLES3)
static const uint8_t sprite_vs_source_glsl300es[1418] = {
    0x23,0x76,0x65,0x72,0x73,0x69,0x6f,0x6e,0x20,0x33,0x30,0x30,0x20,0x65,0x73,0x0a,
    0x0a,0x75,0x6e,0x69,0x66,0x6f,0x72,0x6d,0x20,0x76,0x65,0x63,0x34,0x20,0x76,0x73,
    0x5f,0x70,0x61,0x72,0x61,0x6d,0x73,0x5b,0x37,0x5d,0x3b,0x0a,0x6f,0x75,0x74,0x20,
    0x76,0x65,0x63,0x32,0x20,0x75,0x76,0x3b,0x0a,0x6f,0x75,0x74,0x20,0x76,0x65,0x63,
    0x34,0x20,0x63,0x6f,0x6c,0x6f,0x72,0x3b,0x0a,0x6f,0x75,0x74,0x20,0x66,0x6c,0x6f,
    0x61,0x74,0x20,0x61,0x6c,0x70,0x68,0x61,0x5f,0x6d,0x6f,0x64,0x65,0x3b,0x0a,0x6c,
    0x61,0x79,0x6f,0x75,0x74,0x28,0x6c,0x6f,0x63,0x61,0x74,0x69,0x6f,0x6e,0x20,0x3d,
    0x20,0x30,0x29,0x20,0x69,0x6e,0x20,0x76,0x65,0x63,0x32,0x20,0x63,0x6f,0x72,0x6e,
    0x65,0x72,0x3b,0x0a,0x6c,0x61,0x79,0x6f,0x75,0x74,0x28,0x6c,0x6f,0x63,0x61,0x74,
    0x69,0x6f,0x6e,0x20,0x3d,0x20,0x31,0x29,0x20,0x69,0x6e,0x20,0x76,0x65,0x63,0x34,
    0x20,0x69,0x6e,0x73,0x74,0x5f,0x70,0x6f,0x73,0x3b,0x0a,0x6c,0x61,0x79,0x6f,0x75,
    0x74,0x28,0x6c,0x6f,0x63,0x61,0x74,0x69,0x6f,0x6e,0x20,0x3d,0x20,0x32,0x29,0x20,
    0x69,0x6e,0x20,0x76,0x65,0x63,0x34,0x20,0x69,0x6e,0x73,0x74,0x5f,0x73,0x69,0x7a,
    0x65,0x3b,0x0a,0x6c,0x61,0x79,0x6f,0x75,0x74,0x28,0x6c,0x6f,0x63,0x61,0x74,0x69,
    0x6f,0x6e,0x20,0x3d,0x20,0x33,0x29,0x20,0x69,0x6e,0x20,0x76,0x65,0x63,0x34,0x20,
    0x69,0x6e,0x73,0x74,0x5f,0x75,0x76,0x3b,0x0a,0x6c,0x61,0x79,0x6f,0x75,0x74,0x28,
    0x6c,0x6f,0x63,0x61,0x74,0x69,0x6f,0x6e,0x20,0x3d,0x20,0x34,0x29,0x20,0x69,0x6e,
    0x20,0x76,0x65,0x63,0x33,0x20,0x69,0x6e,0x73,0x74,0x5f,0x72,0x69,0x67,0x68,0x74,
    0x3b,0x0a,0x6c,0x61,0x79,0x6f,0x75,0x74,0x28,0x6c,0x6f,0x63,0x61,0x74,0x69,0x6f,
    0x6e,0x20,0x3d,0x20,0x35,0x29,0x20,0x69,0x6e,0x20,0x76,0x65,0x63,0x34,0x20,0x69,
    0x6e,0x73,0x74,0x5f,0x75,0x70,0x3b,0x0a,0x6c,0x61,0x79,0x6f,0x75,0x74,0x28,0x6c,
    0x6f,0x63,0x61,0x74,0x69,0x6f,0x6e,0x20,0x3d,0x20,0x36,0x29,0x20,0x69,0x6e,0x20,
    0x76,0x65,0x63,0x34,0x20,0x69,0x6e,0x73,0x74,0x5f,0x63,0x6f,0x6c,0x6f,0x72,0x3b,
    0x0a,0x0a,0x76,0x6f,0x69,0x64,0x20,0x70,0x6c,0x61,0x63,0x65,0x28,0x76,0x65,0x63,
    0x32,0x20,0x63,0x6f,0x72,0x6e,0x65,0x72,0x5f,0x31,0x2c,0x20,0x76,0x65,0x63,0x34,
    0x20,0x70,0x6f,0x73,0x2c,0x20,0x76,0x65,0x63,0x34,0x20,0x73,0x69,0x7a,0x65,0x2c,
    0x20,0x76,0x65,0x63,0x34,0x20,0x73,0x6f,0x75,0x72,0x63,0x65,0x2c,0x20,0x76,0x65,
    0x63,0x33,0x20,0x72,0x69,0x67,0x68,0x74,0x5f,0x61,0x78,0x69,0x73,0x2c,0x20,0x76,
    0x65,0x63,0x34,0x20,0x75,0x70,0x5f,0x61,0x78,0x69,0x73,0x2c,0x20,0x76,0x65,0x63,
    0x34,0x20,0x74,0x69,0x6e,0x74,0x29,0x0a,0x7b,0x0a,0x20,0x20,0x20,0x20,0x76,0x65,
    0x63,0x33,0x20,0x72,0x69,0x67,0x68,0x74,0x20,0x3d,0x20,0x72,0x69,0x67,0x68,0x74,
    0x5f,0x61,0x78,0x69,0x73,0x3b,0x0a,0x20,0x20,0x20,0x20,0x76,0x65,0x63,0x33,0x20,
    0x75,0x70,0x20,0x3d,0x20,0x75,0x70,0x5f,0x61,0x78,0x69,0x73,0x2e,0x78,0x79,0x7a,
    0x3b,0x0a,0x20,0x20,0x20,0x20,0x69,0x66,0x20,0x28,0x70,0x6f,0x73,0x2e,0x77,0x20,
    0x3c,0x20,0x30,0x2e,0x35,0x29,0x0a,0x20,0x20,0x20,0x20,0x7b,0x0a,0x20,0x20,0x20,
    0x20,0x20,0x20,0x20,0x20,0x72,0x69,0x67,0x68,0x74,0x20,0x3d,0x20,0x76,0x73,0x5f,
    0x70,0x61,0x72,0x61,0x6d,0x73,0x5b,0x34,0x5d,0x2e,0x78,0x79,0x7a,0x3b,0x0a,0x20,
    0x20,0x20,0x20,0x20,0x20,0x20,0x20,0x75,0x70,0x20,0x3d,0x20,0x76,0x73,0x5f,0x70,
    0x61,0x72,0x61,0x6d,0x73,0x5b,0x35,0x5d,0x2e,0x78,0x79,0x7a,0x3b,0x0a,0x20,0x20,
    0x20,0x20,0x7d,0x0a,0x20,0x20,0x20,0x20,0x65,0x6c,0x73,0x65,0x0a,0x20,0x20,0x20,
    0x20,0x7b,0x0a,0x20,0x20,0x20,0x20,0x20,0x20,0x20,0x20,0x69,0x66,0x20,0x28,0x70,
    0x6f,0x73,0x2e,0x77,0x20,0x3c,0x20,0x31,0x2e,0x35,0x29,0x0a,0x20,0x20,0x20,0x20,
    0x20,0x20,0x20,0x20,0x7b,0x0a,0x20,0x20,0x20,0x20,0x20,0x20,0x20,0x20,0x20,0x20,
    0x20,0x20,0x72,0x69,0x67,0x68,0x74,0x20,0x3d,0x20,0x76,0x73,0x5f,0x70,0x61,0x72,
    0x61,0x6d,0x73,0x5b,0x36,0x5d,0x2e,0x78,0x79,0x7a,0x3b,0x0a,0x20,0x20,0x20,0x20,
    0x20,0x20,0x20,0x20,0x20,0x20,0x20,0x20,0x75,0x70,0x20,0x3d,0x20,0x76,0x65,0x63,
    0x33,0x28,0x30,0x2e,0x30,0x2c,0x20,0x31,0x2e,0x30,0x2c,0x20,0x30,0x2e,0x30,0x29,
    0x3b,0x0a,0x20,0x20,0x20,0x20,0x20,0x20,0x20,0x20,0x7d,0x0a,0x20,0x20,0x20,0x20,
    0x7d,0x0a,0x20,0x20,0x20,0x20,0x67,0x6c,0x5f,0x50,0x6f,0x73,0x69,0x74,0x69,0x6f,
    0x6e,0x20,0x3d,0x20,0x6d,0x61,0x74,0x34,0x28,0x76,0x73,0x5f,0x70,0x61,0x72,0x61,
    0x6d,0x73,0x5b,0x30,0x5d,0x2c,0x20,0x76,0x73,0x5f,0x70,0x61,0x72,0x61,0x6d,0x73,
    0x5b,0x31,0x5d,0x2c,0x20,0x76,0x73,0x5f,0x70,0x61,0x72,0x61,0x6d,0x73,0x5b,0x32,
    0x5d,0x2c,0x20,0x76,0x73,0x5f,0x70,0x61,0x72,0x61,0x6d,0x73,0x5b,0x33,0x5d,0x29,
    0x20,0x2a,0x20,0x76,0x65,0x63,0x34,0x28,0x28,0x70,0x6f,0x73,0x2e,0x78,0x79,0x7a,
    0x20,0x2b,0x20,0x28,0x72,0x69,0x67,0x68,0x74,0x20,0x2a,0x20,0x28,0x28,0x28,0x63,
    0x6f,0x72,0x6e,0x65,0x72,0x5f,0x31,0x2e,0x78,0x20,0x2b,0x20,0x30,0x2e,0x35,0x29,
    0x20,0x2d,0x20,0x73,0x69,0x7a,0x65,0x2e,0x7a,0x29,0x20,0x2a,0x20,0x73,0x69,0x7a,
    0x65,0x2e,0x78,0x29,0x29,0x29,0x20,0x2b,0x20,0x28,0x75,0x70,0x20,0x2a,0x20,0x28,
    0x28,0x28,0x63,0x6f,0x72,0x6e,0x65,0x72,0x5f,0x31,0x2e,0x79,0x20,0x2d,0x20,0x30,
    0x2e,0x35,0x29,0x20,0x2b,0x20,0x73,0x69,0x7a,0x65,0x2e,0x77,0x29,0x20,0x2a,0x20,
    0x73,0x69,0x7a,0x65,0x2e,0x79,0x29,0x29,0x2c,0x20,0x31,0x2e,0x30,0x29,0x3b,0x0a,
    0x20,0x20,0x20,0x20,0x75,0x76,0x20,0x3d,0x20,0x76,0x65,0x63,0x32,0x28,0x6d,0x69,
    0x78,0x28,0x73,0x6f,0x75,0x72,0x63,0x65,0x2e,0x78,0x2c,0x20,0x73,0x6f,0x75,0x72,
    0x63,0x65,0x2e,0x7a,0x2c,0x20,0x63,0x6f,0x72,0x6e,0x65,0x72,0x5f,0x31,0x2e,0x78,
    0x20,0x2b,0x20,0x30,0x2e,0x35,0x29,0x2c,0x20,0x6d,0x69,0x78,0x28,0x73,0x6f,0x75,
    0x72,0x63,0x65,0x2e,0x79,0x2c,0x20,0x73,0x6f,0x75,0x72,0x63,0x65,0x2e,0x77,0x2c,
    0x20,0x30,0x2e,0x35,0x20,0x2d,0x20,0x63,0x6f,0x72,0x6e,0x65,0x72,0x5f,0x31,0x2e,
    0x79,0x29,0x29,0x3b,0x0a,0x20,0x20,0x20,0x20,0x63,0x6f,0x6c,0x6f,0x72,0x20,0x3d,
    0x20,0x74,0x69,0x6e,0x74,0x3b,0x0a,0x20,0x20,0x20,0x20,0x61,0x6c,0x70,0x68,0x61,
    0x5f,0x6d,0x6f,0x64,0x65,0x20,0x3d,0x20,0x75,0x70,0x5f,0x61,0x78,0x69,0x73,0x2e,
    0x77,0x3b,0x0a,0x7d,0x0a,0x0a,0x76,0x6f,0x69,0x64,0x20,0x6d,0x61,0x69,0x6e,0x28,
    0x29,0x0a,0x7b,0x0a,0x20,0x20,0x20,0x20,0x76,0x65,0x63,0x32,0x20,0x70,0x61,0x72,
    0x61,0x6d,0x20,0x3d,0x20,0x63,0x6f,0x72,0x6e,0x65,0x72,0x3b,0x0a,0x20,0x20,0x20,
    0x20,0x76,0x65,0x63,0x34,0x20,0x70,0x61,0x72,0x61,0x6d,0x5f,0x31,0x20,0x3d,0x20,
    0x69,0x6e,0x73,0x74,0x5f,0x70,0x6f,0x73,0x3b,0x0a,0x20,0x20,0x20,0x20,0x76,0x65,
    0x63,0x34,0x20,0x70,0x61,0x72,0x61,0x6d,0x5f,0x32,0x20,0x3d,0x20,0x69,0x6e,0x73,
    0x74,0x5f,0x73,0x69,0x7a,0x65,0x3b,0x0a,0x20,0x20,0x20,0x20,0x76,0x65,0x63,0x34,
    0x20,0x70,0x61,0x72,0x61,0x6d,0x5f,0x33,0x20,0x3d,0x20,0x69,0x6e,0x73,0x74,0x5f,
    0x75,0x76,0x3b,0x0a,0x20,0x20,0x20,0x20,0x76,0x65,0x63,0x33,0x20,0x70,0x61,0x72,
    0x61,0x6d,0x5f,0x34,0x20,0x3d,0x20,0x69,0x6e,0x73,0x74,0x5f,0x72,0x69,0x67,0x68,
    0x74,0x3b,0x0a,0x20,0x20,0x20,0x20,0x76,0x65,0x63,0x34,0x20,0x70,0x61,0x72,0x61,
    0x6d,0x5f,0x35,0x20,0x3d,0x20,0x69,0x6e,0x73,0x74,0x5f,0x75,0x70,0x3b,0x0a,0x20,
    0x20,0x20,0x20,0x76,0x65,0x63,0x34,0x20,0x70,0x61,0x72,0x61,0x6d,0x5f,0x36,0x20,
    0x3d,0x20,0x69,0x6e,0x73,0x74,0x5f,0x63,0x6f,0x6c,0x6f,0x72,0x3b,0x0a,0x20,0x20,
    0x20,0x20,0x70,0x6c,0x61,0x63,0x65,0x28,0x70,0x61,0x72,0x61,0x6d,0x2c,0x20,0x70,
    0x61,0x72,0x61,0x6d,0x5f,0x31,0x2c,0x20,0x70,0x61,0x72,0x61,0x6d,0x5f,0x32,0x2c,
    0x20,0x70,0x61,0x72,0x61,0x6d,0x5f,0x33,0x2c,0x20,0x70,0x61,0x72,0x61,0x6d,0x5f,
    0x34,0x2c,0x20,0x70,0x61,0x72,0x61,0x6d,0x5f,0x35,0x2c,0x20,0x70,0x61,0x72,0x61,
    0x6d,0x5f,0x36,0x29,0x3b,0x0a,0x7d,0x0a,0x0a,0x00,
};
#endif
/*
    #version 300 es

    uniform vec4 vs_params[7];
    uniform vec4 vs_batch[1];
    uniform highp sampler2D sprite_data_sprite_data_smp;

    out vec2 uv;
    out vec4 color;
    out float alpha_mode;
    layout(location = 0) in vec2 corner;

    vec4 texel(int sprite, int k)
    {
        return texelFetch(sprite_data_sprite_data_smp, ivec2(((sprite % 256) * 6) + k, sprite / 256), 0);
    }

    void place(vec2 corner_1, vec4 pos, vec4 size, vec4 source, vec3 right_axis, vec4 up_axis, vec4 tint)
    {
        vec3 right = right_axis;
        vec3 up = up_axis.xyz;
        if (pos.w < 0.5)
        {
            right = vs_params[4].xyz;
            up = vs_params[5].xyz;
        }
        else
        {
            if (pos.w < 1.5)
            {
                right = vs_params[6].xyz;
                up = vec3(0.0, 1.0, 0.0);
            }
        }
        gl_Position = mat4(vs_params[0], vs_params[1], vs_params[2], vs_params[3]) * vec4((pos.xyz + (right * (((corner_1.x + 0.5) - size.z) * size.x))) + (up * (((corner_1.y - 0.5) + size.w) * size.y)), 1.0);
        uv = vec2(mix(source.x, source.z, corner_1.x + 0.5), mix(source.y, source.w, 0.5 - corner_1.y));
        color = tint;
        alpha_mode = up_axis.w;
    }

    void main()
    {
        int _185 = int(vs_batch[0].x) + gl_InstanceID;
        int param = _185;
        int param_1 = 0;
        int param_2 = _185;
        int param_3 = 1;
        int param_4 = _185;
        int param_5 = 2;
        int param_6 = _185;
        int param_7 = 3;
        int param_8 = _185;
        int param_9 = 4;
        int param_10 = _185;
        int param_11 = 5;
        vec2 param_12 = corner;
        vec4 param_13 = texel(param, param_1);
        vec4 param_14 = texel(param_2, param_3);
        vec4 param_15 = texel(param_4, param_5);
        vec3 param_16 = texel(param_6, param_7).xyz;
        vec4 param_17 = texel(param_8, param_9);
        vec4 param_18 = texel(param_10, param_11);
        place(param_12, param_13, param_14, param_15, param_16, param_17, param_18);
    }

*/
#if defined(SOKOL_GLES3)
static const uint8_t sprite_vs_pulled_source_glsl300es[1828] = {
    0x23,0x76,0x65,0x72,0x73,0x69,0x6f,0x6e,0x20,0x33,0x30,0x30,0x20,0x65,0x73,0x0a,
    0x0a,0x75,0x6e,0x69,0x66,0x6f,0x72,0x6d,0x20,0x76,0x65,0x63,0x34,0x20,0x76,0x73,
    0x5f,0x70,0x61,0x72,0x61,0x6d,0x73,0x5b,0x37,0x5d,0x3b,0x0a,0x75,0x6e,0x69,0x66,
    0x6f,0x72,0x6d,0x20,0x76,0x65,0x63,0x34,0x20,0x76,0x73,0x5f,0x62,0x61,0x74,0x63,
    0x68,0x5b,0x31,0x5d,0x3b,0x0a,0x75,0x6e,0x69,0x66,0x6f,0x72,0x6d,0x20,0x68,0x69,
    0x67,0x68,0x70,0x20,0x73,0x61,0x6d,0x70,0x6c,0x65,0x72,0x32,0x44,0x20,0x73,0x70,
    0x72,0x69,0x74,0x65,0x5f,0x64,0x61,0x74,0x61,0x5f,0x73,0x70,0x72,0x69,0x74,0x65,
    0x5f,0x64,0x61,0x74,0x61,0x5f,0x73,0x6d,0x70,0x3b,0x0a,0x0a,0x6f,0x75,0x74,0x20,
    0x76,0x65,0x63,0x32,0x20,0x75,0x76,0x3b,0x0a,0x6f,0x75,0x74,0x20,0x76,0x65,0x63,
    0x34,0x20,0x63,0x6f,0x6c,0x6f,0x72,0x3b,0x0a,0x6f,0x75,0x74,0x20,0x66,0x6c,0x6f,
    0x61,0x74,0x20,0x61,0x6c,0x70,0x68,0x61,0x5f,0x6d,0x6f,0x64,0x65,0x3b,0x0a,0x6c,
    0x61,0x79,0x6f,0x75,0x74,0x28,0x6c,0x6f,0x63,0x61,0x74,0x69,0x6f,0x6e,0x20,0x3d,
    0x20,0x30,0x29,0x20,0x69,0x6e,0x20,0x76,0x65,0x63,0x32,0x20,0x63,0x6f,0x72,0x6e,
    0x65,0x72,0x3b,0x0a,0x0a,0x76,0x65,0x63,0x34,0x20,0x74,0x65,0x78,0x65,0x6c,0x28,
    0x69,0x6e,0x74,0x20,0x73,0x70,0x72,0x69,0x74,0x65,0x2c,0x20,0x69,0x6e,0x74,0x20,
    0x6b,0x29,0x0a,0x7b,0x0a,0x20,0x20,0x20,0x20,0x72,0x65,0x74,0x75,0x72,0x6e,0x20,
    0x74,0x65,0x78,0x65,0x6c,0x46,0x65,0x74,0x63,0x68,0x28,0x73,0x70,0x72,0x69,0x74,
    0x65,0x5f,0x64,0x61,0x74,0x61,0x5f,0x73,0x70,0x72,0x69,0x74,0x65,0x5f,0x64,0x61,
    0x74,0x61,0x5f,0x73,0x6d,0x70,0x2c,0x20,0x69,0x76,0x65,0x63,0x32,0x28,0x28,0x28,
    0x73,0x70,0x72,0x69,0x74,0x65,0x20,0x25,0x20,0x32,0x35,0x36,0x29,0x20,0x2a,0x20,
    0x36,0x29,0x20,0x2b,0x20,0x6b,0x2c,0x20,0x73,0x70,0x72,0x69,0x74,0x65,0x20,0x2f,
    0x20,0x32,0x35,0x36,0x29,0x2c,0x20,0x30,0x29,0x3b,0x0a,0x7d,0x0a,0x0a,0x76,0x6f,
    0x69,0x64,0x20,0x70,0x6c,0x61,0x63,0x65,0x28,0x76,0x65,0x63,0x32,0x20,0x63,0x6f,
    0x72,0x6e,0x65,0x72,0x5f,0x31,0x2c,0x20,0x76,0x65,0x63,0x34,0x20,0x70,0x6f,0x73,
    0x2c,0x20,0x76,0x65,0x63,0x34,0x20,0x73,0x69,0x7a,0x65,0x2c,0x20,0x76,0x65,0x63,
    0x34,0x20,0x73,0x6f,0x75,0x72,0x63,0x65,0x2c,0x20,0x76,0x65,0x63,0x33,0x20,0x72,
    0x69,0x67,0x68,0x74,0x5f,0x61,0x78,0x69,0x73,0x2c,0x20,0x76,0x65,0x63,0x34,0x20,
    0x75,0x70,0x5f,0x61,0x78,0x69,0x73,0x2c,0x20,0x76,0x65,0x63,0x34,0x20,0x74,0x69,
    0x6e,0x74,0x29,0x0a,0x7b,0x0a,0x20,0x20,0x20,0x20,0x76,0x65,0x63,0x33,0x20,0x72,
    0x69,0x67,0x68,0x74,0x20,0x3d,0x20,0x72,0x69,0x67,0x68,0x74,0x5f,0x61,0x78,0x69,
    0x73,0x3b,0x0a,0x20,0x20,0x20,0x20,0x76,0x65,0x63,0x33,0x20,0x75,0x70,0x20,0x3d,
    0x20,0x75,0x70,0x5f,0x61,0x78,0x69,0x73,0x2e,0x78,0x79,0x7a,0x3b,0x0a,0x20,0x20,
    0x20,0x20,0x69,0x66,0x20,0x28,0x70,0x6f,0x73,0x2e,0x77,0x20,0x3c,0x20,0x30,0x2e,
    0x35,0x29,0x0a,0x20,0x20,0x20,0x20,0x7b,0x0a,0x20,0x20,0x20,0x20,0x20,0x20,0x20,
    0x20,0x72,0x69,0x67,0x68,0x74,0x20,0x3d,0x20,0x76,0x73,0x5f,0x70,0x61,0x72,0x61,
    0x6d,0x73,0x5b,0x34,0x5d,0x2e,0x78,0x79,0x7a,0x3b,0x0a,0x20,0x20,0x20,0x20,0x20,
    0x20,0x20,0x20,0x75,0x70,0x20,0x3d,0x20,0x76,0x73,0x5f,0x70,0x61,0x72,0x61,0x6d,
    0x73,0x5b,0x35,0x5d,0x2e,0x78,0x79,0x7a,0x3b,0x0a,0x20,0x20,0x20,0x20,0x7d,0x0a,
    0x20,0x20,0x20,0x20,0x65,0x6c,0x73,0x65,0x0a,0x20,0x20,0x20,0x20,0x7b,0x0a,0x20,
    0x20,0x20,0x20,0x20,0x20,0x20,0x20,0x69,0x66,0x20,0x28,0x70,0x6f,0x73,0x2e,0x77,
    0x20,0x3c,0x20,0x31,0x2e,0x35,0x29,0x0a,0x20,0x20,0x20,0x20,0x20,0x20,0x20,0x20,
    0x7b,0x0a,0x20,0x20,0x20,0x20,0x20,0x20,0x20,0x20,0x20,0x20,0x20,0x20,0x72,0x69,
    0x67,0x68,0x74,0x20,0x3d,0x20,0x76,0x73,0x5f,0x70,0x61,0x72,0x61,0x6d,0x73,0x5b,
    0x36,0x5d,0x2e,0x78,0x79,0x7a,0x3b,0x0a,0x20,0x20,0x20,0x20,0x20,0x20,0x20,0x20,
    0x20,0x20,0x20,0x20,0x75,0x70,0x20,0x3d,0x20,0x76,0x65,0x63,0x33,0x28,0x30,0x2e,
    0x30,0x2c,0x20,0x31,0x2e,0x30,0x2c,0x20,0x30,0x2e,0x30,0x29,0x3b,0x0a,0x20,0x20,
    0x20,0x20,0x20,0x20,0x20,0x20,0x7d,0x0a,0x20,0x20,0x20,0x20,0x7d,0x0a,0x20,0x20,
    0x20,0x20,0x67,0x6c,0x5f,0x50,0x6f,0x73,0x69,0x74,0x69,0x6f,0x6e,0x20,0x3d,0x20,
    0x6d,0x61,0x74,0x34,0x28,0x76,0x73,0x5f,0x70,0x61,0x72,0x61,0x6d,0x73,0x5b,0x30,
    0x5d,0x2c,0x20,0x76,0x73,0x5f,0x70,0x61,0x72,0x61,0x6d,0x73,0x5b,0x31,0x5d,0x2c,
    0x20,0x76,0x73,0x5f,0x70,0x61,0x72,0x61,0x6d,0x73,0x5b,0x32,0x5d,0x2c,0x20,0x76,
    0x73,0x5f,0x70,0x61,0x72,0x61,0x6d,0x73,0x5b,0x33,0x5d,0x29,0x20,0x2a,0x20,0x76,
    0x65,0x63,0x34,0x28,0x28,0x70,0x6f,0x73,0x2e,0x78,0x79,0x7a,0x20,0x2b,0x20,0x28,
    0x72,0x69,0x67,0x68,0x74,0x20,0x2a,0x20,0x28,0x28,0x28,0x63,0x6f,0x72,0x6e,0x65,
    0x72,0x5f,0x31,0x2e,0x78,0x20,0x2b,0x20,0x30,0x2e,0x35,0x29,0x20,0x2d,0x20,0x73,
    0x69,0x7a,0x65,0x2e,0x7a,0x29,0x20,0x2a,0x20,0x73,0x69,0x7a,0x65,0x2e,0x78,0x29,
    0x29,0x29,0x20,0x2b,0x20,0x28,0x75,0x70,0x20,0x2a,0x20,0x28,0x28,0x28,0x63,0x6f,
    0x72,0x6e,0x65,0x72,0x5f,0x31,0x2e,0x79,0x20,0x2d,0x20,0x30,0x2e,0x35,0x29,0x20,
    0x2b,0x20,0x73,0x69,0x7a,0x65,0x2e,0x77,0x29,0x20,0x2a,0x20,0x73,0x69,0x7a,0x65,
    0x2e,0x79,0x29,0x29,0x2c,0x20,0x31,0x2e,0x30,0x29,0x3b,0x0a,0x20,0x20,0x20,0x20,
    0x75,0x76,0x20,0x3d,0x20,0x76,0x65,0x63,0x32,0x28,0x6d,0x69,0x78,0x28,0x73,0x6f,
    0x75,0x72,0x63,0x65,0x2e,0x78,0x2c,0x20,0x73,0x6f,0x75,0x72,0x63,0x65,0x2e,0x7a,
    0x2c,0x20,0x63,0x6f,0x72,0x6e,0x65,0x72,0x5f,0x31,0x2e,0x78,0x20,0x2b,0x20,0x30,
    0x2e,0x35,0x29,0x2c,0x20,0x6d,0x69,0x78,0x28,0x73,0x6f,0x75,0x72,0x63,0x65,0x2e,
    0x79,0x2c,0x20,0x73,0x6f,0x75,0x72,0x63,0x65,0x2e,0x77,0x2c,0x20,0x30,0x2e,0x35,
    0x20,0x2d,0x20,0x63,0x6f,0x72,0x6e,0x65,0x72,0x5f,0x31,0x2e,0x79,0x29,0x29,0x3b,
    0x0a,0x20,0x20,0x20,0x20,0x63,0x6f,0x6c,0x6f,0x72,0x20,0x3d,0x20,0x74,0x69,0x6e,
    0x74,0x3b,0x0a,0x20,0x20,0x20,0x20,0x61,0x6c,0x70,0x68,0x61,0x5f,0x6d,0x6f,0x64,
    0x65,0x20,0x3d,0x20,0x75,0x70,0x5f,0x61,0x78,0x69,0x73,0x2e,0x77,0x3b,0x0a,0x7d,
    0x0a,0x0a,0x76,0x6f,0x69,0x64,0x20,0x6d,0x61,0x69,0x6e,0x28,0x29,0x0a,0x7b,0x0a,
    0x20,0x20,0x20,0x20,0x69,0x6e,0x74,0x20,0x5f,0x31,0x38,0x35,0x20,0x3d,0x20,0x69,
    0x6e,0x74,0x28,0x76,0x73,0x5f,0x62,0x61,0x74,0x63,0x68,0x5b,0x30,0x5d,0x2e,0x78,
    0x29,0x20,0x2b,0x20,0x67,0x6c,0x5f,0x49,0x6e,0x73,0x74,0x61,0x6e,0x63,0x65,0x49,
    0x44,0x3b,0x0a,0x20,0x20,0x20,0x20,0x69,0x6e,0x74,0x20,0x70,0x61,0x72,0x61,0x6d,
    0x20,0x3d,0x20,0x5f,0x31,0x38,0x35,0x3b,0x0a,0x20,0x20,0x20,0x20,0x69,0x6e,0x74,
    0x20,0x70,0x61,0x72,0x61,0x6d,0x5f,0x31,0x20,0x3d,0x20,0x30,0x3b,0x0a,0x20,0x20,
    0x20,0x20,0x69,0x6e,0x74,0x20,0x70,0x61,0x72,0x61,0x6d,0x5f,0x32,0x20,0x3d,0x20,
    0x5f,0x31,0x38,0x35,0x3b,0x0a,0x20,0x20,0x20,0x20,0x69,0x6e,0x74,0x20,0x70,0x61,
    0x72,0x61,0x6d,0x5f,0x33,0x20,0x3d,0x20,0x31,0x3b,0x0a,0x20,0x20,0x20,0x20,0x69,
    0x6e,0x74,0x20,0x70,0x61,0x72,0x61,0x6d,0x5f,0x34,0x20,0x3d,0x20,0x5f,0x31,0x38,
    0x35,0x3b,0x0a,0x20,0x20,0x20,0x20,0x69,0x6e,0x74,0x20,0x70,0x61,0x72,0x61,0x6d,
    0x5f,0x35,0x20,0x3d,0x20,0x32,0x3b,0x0a,0x20,0x20,0x20,0x20,0x69,0x6e,0x74,0x20,
    0x70,0x61,0x72,0x61,0x6d,0x5f,0x36,0x20,0x3d,0x20,0x5f,0x31,0x38,0x35,0x3b,0x0a,
    0x20,0x20,0x20,0x20,0x69,0x6e,0x74,0x20,0x70,0x61,0x72,0x61,0x6d,0x5f,0x37,0x20,
    0x3d,0x20,0x33,0x3b,0x0a,0x20,0x20,0x20,0x20,0x69,0x6e,0x74,0x20,0x70,0x61,0x72,
    0x61,0x6d,0x5f,0x38,0x20,0x3d,0x20,0x5f,0x31,0x38,0x35,0x3b,0x0a,0x20,0x20,0x20,
    0x20,0x69,0x6e,0x74,0x20,0x70,0x61,0x72,0x61,0x6d,0x5f,0x39,0x20,0x3d,0x20,0x34,
    0x3b,0x0a,0x20,0x20,0x20,0x20,0x69,0x6e,0x74,0x20,0x70,0x61,0x72,0x61,0x6d,0x5f,
    0x31,0x30,0x20,0x3d,0x20,0x5f,0x31,0x38,0x35,0x3b,0x0a,0x20,0x20,0x20,0x20,0x69,
    0x6e,0x74,0x20,0x70,0x61,0x72,0x61,0x6d,0x5f,0x31,0x31,0x20,0x3d,0x20,0x35,0x3b,
    0x0a,0x20,0x20,0x20,0x20,0x76,0x65,0x63,0x32,0x20,0x70,0x61,0x72,0x61,0x6d,0x5f,
    0x31,0x32,0x20,0x3d,0x20,0x63,0x6f,0x72,0x6e,0x65,0x72,0x3b,0x0a,0x20,0x20,0x20,
    0x20,0x76,0x65,0x63,0x34,0x20,0x70,0x61,0x72,0x61,0x6d,0x5f,0x31,0x33,0x20,0x3d,
    0x20,0x74,0x65,0x78,0x65,0x6c,0x28,0x70,0x61,0x72,0x61,0x6d,0x2c,0x20,0x70,0x61,
    0x72,0x61,0x6d,0x5f,0x31,0x29,0x3b,0x0a,0x20,0x20,0x20,0x20,0x76,0x65,0x63,0x34,
    0x20,0x70,0x61,0x72,0x61,0x6d,0x5f,0x31,0x34,0x20,0x3d,0x20,0x74,0x65,0x78,0x65,
    0x6c,0x28,0x70,0x61,0x72,0x61,0x6d,0x5f,0x32,0x2c,0x20,0x70,0x61,0x72,0x61,0x6d,
    0x5f,0x33,0x29,0x3b,0x0a,0x20,0x20,0x20,0x20,0x76,0x65,0x63,0x34,0x20,0x70,0x61,
    0x72,0x61,0x6d,0x5f,0x31,0x35,0x20,0x3d,0x20,0x74,0x65,0x78,0x65,0x6c,0x28,0x70,
    0x61,0x72,0x61,0x6d,0x5f,0x34,0x2c,0x20,0x70,0x61,0x72,0x61,0x6d,0x5f,0x35,0x29,
    0x3b,0x0a,0x20,0x20,0x20,0x20,0x76,0x65,0x63,0x33,0x20,0x70,0x61,0x72,0x61,0x6d,
    0x5f,0x31,0x36,0x20,0x3d,0x20,0x74,0x65,0x78,0x65,0x6c,0x28,0x70,0x61,0x72,0x61,
    0x6d,0x5f,0x36,0x2c,0x20,0x70,0x61,0x72,0x61,0x6d,0x5f,0x37,0x29,0x2e,0x78,0x79,
    0x7a,0x3b,0x0a,0x20,0x20,0x20,0x20,0x76,0x65,0x63,0x34,0x20,0x70,0x61,0x72,0x61,
    0x6d,0x5f,0x31,0x37,0x20,0x3d,0x20,0x74,0x65,0x78,0x65,0x6c,0x28,0x70,0x61,0x72,
    0x61,0x6d,0x5f,0x38,0x2c,0x20,0x70,0x61,0x72,0x61,0x6d,0x5f,0x39,0x29,0x3b,0x0a,
    0x20,0x20,0x20,0x20,0x76,0x65,0x63,0x34,0x20,0x70,0x61,0x72,0x61,0x6d,0x5f,0x31,
    0x38,0x20,0x3d,0x20,0x74,0x65,0x78,0x65,0x6c,0x28,0x70,0x61,0x72,0x61,0x6d,0x5f,
    0x31,0x30,0x2c,0x20,0x70,0x61,0x72,0x61,0x6d,0x5f,0x31,0x31,0x29,0x3b,0x0a,0x20,
    0x20,0x20,0x20,0x70,0x6c,0x61,0x63,0x65,0x28,0x70,0x61,0x72,0x61,0x6d,0x5f,0x31,
    0x32,0x2c,0x20,0x70,0x61,0x72,0x61,0x6d,0x5f,0x31,0x33,0x2c,0x20,0x70,0x61,0x72,
    0x61,0x6d,0x5f,0x31,0x34,0x2c,0x20,0x70,0x61,0x72,0x61,0x6d,0x5f,0x31,0x35,0x2c,
    0x20,0x70,0x61,0x72,0x61,0x6d,0x5f,0x31,0x36,0x2c,0x20,0x70,0x61,0x72,0x61,0x6d,
    0x5f,0x31,0x37,0x2c,0x20,0x70,0x61,0x72,0x61,0x6d,0x5f,0x31,0x38,0x29,0x3b,0x0a,
    0x7d,0x0a,0x0a,0x00,
};
#endif
/*
    #version 300 es

    vec4 _626;

    uniform vec4 particle_params[33];
    layout(location = 1) in vec4 born;
    layout(location = 2) in vec4 motion;
    out vec2 uv;
    out vec4 color;
    out float alpha_mode;
    layout(location = 3) in vec4 shape;
    layout(location = 0) in vec2 corner;

    float size_value(int i)
    {
        vec4 q = particle_params[(i / 4) * 1 + 13];
        return q[i % 4];
    }

    float size_time(int i)
    {
        vec4 q = particle_params[(i / 4) * 1 + 11];
        return q[i % 4];
    }

    float size_at(float t)
    {
        int _85 = int(particle_params[7].x);
        int param = 0;
        float value = size_value(param);
        int param_1 = 0;
        float prev_t = size_time(param_1);
        float _124;
        for (int i = 1; i < 8; i++)
        {
            if ((i >= _85) || (t <= prev_t))
            {
                break;
            }
            int param_2 = i;
            float _116 = size_time(param_2);
            int param_3 = i;
            float _120 = size_value(param_3);
            if (t >= _116)
            {
                _124 = _120;
            }
            else
            {
                _124 = mix(value, _120, (t - prev_t) / max(_116 - prev_t, 9.9999999747524270787835121154785e-07));
            }
            value = _124;
            prev_t = _116;
        }
        return value;
    }

    float color_time(int i)
    {
        vec4 q = particle_params[(i / 4) * 1 + 15];
        return q[i % 4];
    }

    vec4 color_at(float t)
    {
        int _152 = int(particle_params[7].y);
        vec4 value = particle_params[17];
        int param = 0;
        float prev_t = color_time(param);
        vec4 _185;
        for (int i = 1; i < 8; i++)
        {
            if ((i >= _152) || (t <= prev_t))
            {
                break;
            }
            int param_1 = i;
            float _181 = color_time(param_1);
            if (t >= _181)
            {
                _185 = particle_params[i * 1 + 17];
            }
            else
            {
                _185 = mix(value, particle_params[i * 1 + 17], vec4((t - prev_t) / max(_181 - prev_t, 9.9999999747524270787835121154785e-07)));
            }
            value = _185;
            prev_t = _181;
        }
        return value;
    }

    void main()
    {
        float _223 = particle_params[6].w - born.w;
        float _229 = _223 / motion.w;
        if ((_223 < 0.0) || (_229 >= 1.0))
        {
            gl_Position = vec4(2.0, 2.0, 2.0, 1.0);
            uv = vec2(0.0);
            color = vec4(0.0);
            alpha_mode = 0.0;
            return;
        }
        vec3 pos;
        vec3 vel;
        if (particle_params[9].x > 9.9999997473787516355514526367188e-05)
        {
            vec3 _273 = particle_params[6].xyz / vec3(particle_params[9].x);
            float _279 = exp((-particle_params[9].x) * _223);
            vec3 _290 = motion.xyz - _273;
            pos = (born.xyz + (_273 * _223)) + (_290 * ((1.0 - _279) / particle_params[9].x));
            vel = _273 + (_290 * _279);
        }
        else
        {
            pos = (born.xyz + (motion.xyz * _223)) + (((particle_params[6].xyz * 0.5) * _223) * _223);
            vel = motion.xyz + (particle_params[6].xyz * _223);
        }
        float param = _229;
        float _339 = size_at(param) * shape.x;
        float along = _339;
        vec2 _355 = vec2(dot(vel, particle_params[4].xyz), dot(vel, particle_params[5].xyz));
        float _358 = length(_355);
        vec3 up;
        vec3 right;
        if ((particle_params[9].y > 0.0) && (_358 > 9.9999997473787516355514526367188e-06))
        {
            vec2 _372 = _355 / vec2(_358);
            float _378 = _372.x;
            float _384 = _372.y;
            vec3 _386 = (particle_params[4].xyz * _378) + (particle_params[5].xyz * _384);
            up = _386;
            right = (particle_params[4].xyz * _384) - (particle_params[5].xyz * _378);
            float _405 = _358 * particle_params[9].y;
            along = _339 + _405;
            pos -= (_386 * (_405 * 0.5));
        }
        else
        {
            float _423 = shape.z + (shape.y * _223);
            float _426 = cos(_423);
            float _429 = sin(_423);
            right = (particle_params[4].xyz * _426) - (particle_params[5].xyz * _429);
            up = (particle_params[4].xyz * _429) + (particle_params[5].xyz * _426);
        }
        gl_Position = mat4(particle_params[0], particle_params[1], particle_params[2], particle_params[3]) * vec4((pos + (right * (corner.x * _339))) + (up * (corner.y * along)), 1.0);
        vec4 cell = particle_params[8];
        if (particle_params[10].z > 1.5)
        {
            float _493;
            if (particle_params[10].w > 0.0)
            {
                _493 = mod(floor((_223 * particle_params[10].w) + (fract(shape.w * 7.309999942779541015625) * particle_params[10].z)), particle_params[10].z);
            }
            else
            {
                _493 = min(floor(_229 * particle_params[10].z), particle_params[10].z - 1.0);
            }
            vec2 _535 = (particle_params[8].zw - particle_params[8].xy) / particle_params[10].xy;
            vec2 _551 = particle_params[8].xy + (_535 * vec2(mod(_493, particle_params[10].x), floor(_493 / particle_params[10].x)));
            float _553 = _551.x;
            vec4 _613;
            _613.x = _553;
            _613.y = _551.y;
            cell = vec4(_553, _551.y, _613.xy + _535);
        }
        uv = vec2(mix(cell.x, cell.z, corner.x + 0.5), mix(cell.y, cell.w, 0.5 - corner.y));
        float param_1 = _229;
        color = color_at(param_1);
        int _587 = int(particle_params[7].w);
        if (_587 > 0)
        {
            color *= particle_params[min(int(shape.w * float(_587)), (_587 - 1)) * 1 + 25];
        }
        alpha_mode = particle_params[7].z;
    }

*/
#if defined(SOKOL_GLES3)
static const uint8_t sprite_vs_particle_source_glsl300es[5246] = {
    0x23,0x76,0x65,0x72,0x73,0x69,0x6f,0x6e,0x20,0x33,0x30,0x30,0x20,0x65,0x73,0x0a,
    0x0a,0x76,0x65,0x63,0x34,0x20,0x5f,0x36,0x32,0x36,0x3b,0x0a,0x0a,0x75,0x6e,0x69,
    0x66,0x6f,0x72,0x6d,0x20,0x76,0x65,0x63,0x34,0x20,0x70,0x61,0x72,0x74,0x69,0x63,
    0x6c,0x65,0x5f,0x70,0x61,0x72,0x61,0x6d,0x73,0x5b,0x33,0x33,0x5d,0x3b,0x0a,0x6c,
    0x61,0x79,0x6f,0x75,0x74,0x28,0x6c,0x6f,0x63,0x61,0x74,0x69,0x6f,0x6e,0x20,0x3d,
    0x20,0x31,0x29,0x20,0x69,0x6e,0x20,0x76,0x65,0x63,0x34,0x20,0x62,0x6f,0x72,0x6e,
    0x3b,0x0a,0x6c,0x61,0x79,0x6f,0x75,0x74,0x28,0x6c,0x6f,0x63,0x61,0x74,0x69,0x6f,
    0x6e,0x20,0x3d,0x20,0x32,0x29,0x20,0x69,0x6e,0x20,0x76,0x65,0x63,0x34,0x20,0x6d,
    0x6f,0x74,0x69,0x6f,0x6e,0x3b,0x0a,0x6f,0x75,0x74,0x20,0x76,0x65,0x63,0x32,0x20,
    0x75,0x76,0x3b,0x0a,0x6f,0x75,0x74,0x20,0x76,0x65,0x63,0x34,0x20,0x63,0x6f,0x6c,
    0x6f,0x72,0x3b,0x0a,0x6f,0x75,0x74,0x20,0x66,0x6c,0x6f,0x61,0x74,0x20,0x61,0x6c,
    0x70,0x68,0x61,0x5f,0x6d,0x6f,0x64,0x65,0x3b,0x0a,0x6c,0x61,0x79,0x6f,0x75,0x74,
    0x28,0x6c,0x6f,0x63,0x61,0x74,0x69,0x6f,0x6e,0x20,0x3d,0x20,0x33,0x29,0x20,0x69,
    0x6e,0x20,0x76,0x65,0x63,0x34,0x20,0x73,0x68,0x61,0x70,0x65,0x3b,0x0a,0x6c,0x61,
    0x79,0x6f,0x75,0x74,0x28,0x6c,0x6f,0x63,0x61,0x74,0x69,0x6f,0x6e,0x20,0x3d,0x20,
    0x30,0x29,0x20,0x69,0x6e,0x20,0x76,0x65,0x63,0x32,0x20,0x63,0x6f,0x72,0x6e,0x65,
    0x72,0x3b,0x0a,0x0a,0x66,0x6c,0x6f,0x61,0x74,0x20,0x73,0x69,0x7a,0x65,0x5f,0x76,
    0x61,0x6c,0x75,0x65,0x28,0x69,0x6e,0x74,0x20,0x69,0x29,0x0a,0x7b,0x0a,0x20,0x20,
    0x20,0x20,0x76,0x65,0x63,0x34,0x20,0x71,0x20,0x3d,0x20,0x70,0x61,0x72,0x74,0x69,
    0x63,0x6c,0x65,0x5f,0x70,0x61,0x72,0x61,0x6d,0x73,0x5b,0x28,0x69,0x20,0x2f,0x20,
    0x34,0x29,0x20,0x2a,0x20,0x31,0x20,0x2b,0x20,0x31,0x33,0x5d,0x3b,0x0a,0x20,0x20,
    0x20,0x20,0x72,0x65,0x74,0x75,0x72,0x6e,0x20,0x71,0x5b,0x69,0x20,0x25,0x20,0x34,
    0x5d,0x3b,0x0a,0x7d,0x0a,0x0a,0x66,0x6c,0x6f,0x61,0x74,0x20,0x73,0x69,0x7a,0x65,
    0x5f,0x74,0x69,0x6d,0x65,0x28,0x69,0x6e,0x74,0x20,0x69,0x29,0x0a,0x7b,0x0a,0x20,
    0x20,0x20,0x20,0x76,0x65,0x63,0x34,0x20,0x71,0x20,0x3d,0x20,0x70,0x61,0x72,0x74,
    0x69,0x63,0x6c,0x65,0x5f,0x70,0x61,0x72,0x61,0x6d,0x73,0x5b,0x28,0x69,0x20,0x2f,
    0x20,0x34,0x29,0x20,0x2a,0x20,0x31,0x20,0x2b,0x20,0x31,0x31,0x5d,0x3b,0x0a,0x20,
    0x20,0x20,0x20,0x72,0x65,0x74,0x75,0x72,0x6e,0x20,0x71,0x5b,0x69,0x20,0x25,0x20,
    0x34,0x5d,0x3b,0x0a,0x7d,0x0a,0x0a,0x66,0x6c,0x6f,0x61,0x74,0x20,0x73,0x69,0x7a,
    0x65,0x5f,0x61,0x74,0x28,0x66,0x6c,0x6f,0x61,0x74,0x20,0x74,0x29,0x0a,0x7b,0x0a,
    0x20,0x20,0x20,0x20,0x69,0x6e,0x74,0x20,0x5f,0x38,0x35,0x20,0x3d,0x20,0x69,0x6e,
    0x74,0x28,0x70,0x61,0x72,0x74,0x69,0x63,0x6c,0x65,0x5f,0x70,0x61,0x72,0x61,0x6d,
    0x73,0x5b,0x37,0x5d,0x2e,0x78,0x29,0x3b,0x0a,0x20,0x20,0x20,0x20,0x69,0x6e,0x74,
    0x20,0x70,0x61,0x72,0x61,0x6d,0x20,0x3d,0x20,0x30,0x3b,0x0a,0x20,0x20,0x20,0x20,
    0x66,0x6c,0x6f,0x61,0x74,0x20,0x76,0x61,0x6c,0x75,0x65,0x20,0x3d,0x20,0x73,0x69,
    0x7a,0x65,0x5f,0x76,0x61,0x6c,0x75,0x65,0x28,0x70,0x61,0x72,0x61,0x6d,0x29,0x3b,
    0x0a,0x20,0x20,0x20,0x20,0x69,0x6e,0x74,0x20,0x70,0x61,0x72,0x61,0x6d,0x5f,0x31,
    0x20,0x3d,0x20,0x30,0x3b,0x0a,0x20,0x20,0x20,0x20,0x66,0x6c,0x6f,0x61,0x74,0x20,
    0x70,0x72,0x65,0x76,0x5f,0x74,0x20,0x3d,0x20,0x73,0x69,0x7a,0x65,0x5f,0x74,0x69,
    0x6d,0x65,0x28,0x70,0x61,0x72,0x61,0x6d,0x5f,0x31,0x29,0x3b,0x0a,0x20,0x20,0x20,
    0x20,0x66,0x6c,0x6f,0x61,0x74,0x20,0x5f,0x31,0x32,0x34,0x3b,0x0a,0x20,0x20,0x20,
    0x20,0x66,0x6f,0x72,0x20,0x28,0x69,0x6e,0x74,0x20,0x69,0x20,0x3d,0x20,0x31,0x3b,
    0x20,0x69,0x20,0x3c,0x20,0x38,0x3b,0x20,0x69,0x2b,0x2b,0x29,0x0a,0x20,0x20,0x20,
    0x20,0x7b,0x0a,0x20,0x20,0x20,0x20,0x20,0x20,0x20,0x20,0x69,0x66,0x20,0x28,0x28,
    0x69,0x20,0x3e,0x3d,0x20,0x5f,0x38,0x35,0x29,0x20,0x7c,0x7c,0x20,0x28,0x74,0x20,
    0x3c,0x3d,0x20,0x70,0x72,0x65,0x76,0x5f,0x74,0x29,0x29,0x0a,0x20,0x20,0x20,0x20,
    0x20,0x20,0x20,0x20,0x7b,0x0a,0x20,0x20,0x20,0x20,0x20,0x20,0x20,0x20,0x20,0x20,
    0x20,0x20,0x62,0x72,0x65,0x61,0x6b,0x3b,0x0a,0x20,0x20,0x20,0x20,0x20,0x20,0x20,
    0x20,0x7d,0x0a,0x20,0x20,0x20,0x20,0x20,0x20,0x20,0x20,0x69,0x6e,0x74,0x20,0x70,
    0x61,0x72,0x61,0x6d,0x5f,0x32,0x20,0x3d,0x20,0x69,0x3b,0x0a,0x20,0x20,0x20,0x20,
    0x20,0x20,0x20,0x20,0x66,0x6c,0x6f,0x61,0x74,0x20,0x5f,0x31,0x31,0x36,0x20,0x3d,
    0x20,0x73,0x69,0x7a,0x65,0x5f,0x74,0x69,0x6d,0x65,0x28,0x70,0x61,0x72,0x61,0x6d,
    0x5f,0x32,0x29,0x3b,0x0a,0x20,0x20,0x20,0x20,0x20,0x20,0x20,0x20,0x69,0x6e,0x74,
    0x20,0x70,0x61,0x72,0x61,0x6d,0x5f,0x33,0x20,0x3d,0x20,0x69,0x3b,0x0a,0x20,0x20,
    0x20,0x20,0x20,0x20,0x20,0x20,0x66,0x6c,0x6f,0x61,0x74,0x20,0x5f,0x31,0x32,0x30,
    0x20,0x3d,0x20,0x73,0x69,0x7a,0x65,0x5f,0x76,0x61,0x6c,0x75,0x65,0x28,0x70,0x61,
    0x72,0x61,0x6d,0x5f,0x33,0x29,0x3b,0x0a,0x20,0x20,0x20,0x20,0x20,0x20,0x20,0x20,
    0x69,0x66,0x20,0x28,0x74,0x20,0x3e,0x3d,0x20,0x5f,0x31,0x31,0x36,0x29,0x0a,0x20,
    0x20,0x20,0x20,0x20,0x20,0x20,0x20,0x7b,0x0a,0x20,0x20,0x20,0x20,0x20,0x20,0x20,
    0x20,0x20,0x20,0x20,0x20,0x5f,0x31,0x32,0x34,0x20,0x3d,0x20,0x5f,0x31,0x32,0x30,
    0x3b,0x0a,0x20,0x20,0x20,0x20,0x20,0x20,0x20,0x20,0x7d,0x0a,0x20,0x20,0x20,0x20,
    0x20,0x20,0x20,0x20,0x65,0x6c,0x73,0x65,0x0a,0x20,0x20,0x20,0x20,0x20,0x20,0x20,
    0x20,0x7b,0x0a,0x20,0x20,0x20,0x20,0x20,0x20,0x20,0x20,0x20,0x20,0x20,0x20,0x5f,
    0x31,0x32,0x34,0x20,0x3d,0x20,0x6d,0x69,0x78,0x28,0x76,0x61,0x6c,0x75,0x65,0x2c,
    0x20,0x5f,0x31,0x32,0x30,0x2c,0x20,0x28,0x74,0x20,0x2d,0x20,0x70,0x72,0x65,0x76,
    0x5f,0x74,0x29,0x20,0x2f,0x20,0x6d,0x61,0x78,0x28,0x5f,0x31,0x31,0x36,0x20,0x2d,
    0x20,0x70,0x72,0x65,0x76,0x5f,0x74,0x2c,0x20,0x39,0x2e,0x39,0x39,0x39,0x39,0x39,
    0x39,0x39,0x37,0x34,0x37,0x35,0x32,0x34,0x32,0x37,0x30,0x37,0x38,0x37,0x38,0x33,
    0x35,0x31,0x32,0x31,0x31,0x35,0x34,0x37,0x38,0x35,0x65,0x2d,0x30,0x37,0x29,0x29,
    0x3b,0x0a,0x20,0x20,0x20,0x20,0x20,0x20,0x20,0x20,0x7d,0x0a,0x20,0x20,0x20,0x20,
    0x20,0x20,0x20,0x20,0x76,0x61,0x6c,0x75,0x65,0x20,0x3d,0x20,0x5f,0x31,0x32,0x34,
    0x3b,0x0a,0x20,0x20,0x20,0x20,0x20,0x20,0x20,0x20,0x70,0x72,0x65,0x76,0x5f,0x74,
    0x20,0x3d,0x20,0x5f,0x31,0x31,0x36,0x3b,0x0a,0x20,0x20,0x20,0x20,0x7d,0x0a,0x20,
    0x20,0x20,0x20,0x72,0x65,0x74,0x75,0x72,0x6e,0x20,0x76,0x61,0x6c,0x75,0x65,0x3b,
    0x0a,0x7d,0x0a,0x0a,0x66,0x6c,0x6f,0x61,0x74,0x20,0x63,0x6f,0x6c,0x6f,0x72,0x5f,
    0x74,0x69,0x6d,0x65,0x28,0x69,0x6e,0x74,0x20,0x69,0x29,0x0a,0x7b,0x0a,0x20,0x20,
    0x20,0x20,0x76,0x65,0x63,0x34,0x20,0x71,0x20,0x3d,0x20,0x70,0x61,0x72,0x74,0x69,
    0x63,0x6c,0x65,0x5f,0x70,0x61,0x72,0x61,0x6d,0x73,0x5b,0x28,0x69,0x20,0x2f,0x20,
    0x34,0x29,0x20,0x2a,0x20,0x31,0x20,0x2b,0x20,0x31,0x35,0x5d,0x3b,0x0a,0x20,0x20,
    0x20,0x20,0x72,0x65,0x74,0x75,0x72,0x6e,0x20,0x71,0x5b,0x69,0x20,0x25,0x20,0x34,
    0x5d,0x3b,0x0a,0x7d,0x0a,0x0a,0x76,0x65,0x63,0x34,0x20,0x63,0x6f,0x6c,0x6f,0x72,
    0x5f,0x61,0x74,0x28,0x66,0x6c,0x6f,0x61,0x74,0x20,0x74,0x29,0x0a,0x7b,0x0a,0x20,
    0x20,0x20,0x20,0x69,0x6e,0x74,0x20,0x5f,0x31,0x35,0x32,0x20,0x3d,0x20,0x69,0x6e,
    0x74,0x28,0x70,0x61,0x72,0x74,0x69,0x63,0x6c,0x65,0x5f,0x70,0x61,0x72,0x61,0x6d,
    0x73,0x5b,0x37,0x5d,0x2e,0x79,0x29,0x3b,0x0a,0x20,0x20,0x20,0x20,0x76,0x65,0x63,
    0x34,0x20,0x76,0x61,0x6c,0x75,0x65,0x20,0x3d,0x20,0x70,0x61,0x72,0x74,0x69,0x63,
    0x6c,0x65,0x5f,0x70,0x61,0x72,0x61,0x6d,0x73,0x5b,0x31,0x37,0x5d,0x3b,0x0a,0x20,
    0x20,0x20,0x20,0x69,0x6e,0x74,0x20,0x70,0x61,0x72,0x61,0x6d,0x20,0x3d,0x20,0x30,
    0x3b,0x0a,0x20,0x20,0x20,0x20,0x66,0x6c,0x6f,0x61,0x74,0x20,0x70,0x72,0x65,0x76,
    0x5f,0x74,0x20,0x3d,0x20,0x63,0x6f,0x6c,0x6f,0x72,0x5f,0x74,0x69,0x6d,0x65,0x28,
    0x70,0x61,0x72,0x61,0x6d,0x29,0x3b,0x0a,0x20,0x20,0x20,0x20,0x76,0x65,0x63,0x34,
    0x20,0x5f,0x31,0x38,0x35,0x3b,0x0a,0x20,0x20,0x20,0x20,0x66,0x6f,0x72,0x20,0x28,
    0x69,0x6e,0x74,0x20,0x69,0x20,0x3d,0x20,0x31,0x3b,0x20,0x69,0x20,0x3c,0x20,0x38,
    0x3b,0x20,0x69,0x2b,0x2b,0x29,0x0a,0x20,0x20,0x20,0x20,0x7b,0x0a,0x20,0x20,0x20,
    0x20,0x20,0x20,0x20,0x20,0x69,0x66,0x20,0x28,0x28,0x69,0x20,0x3e,0x3d,0x20,0x5f,
    0x31,0x35,0x32,0x29,0x20,0x7c,0x7c,0x20,0x28,0x74,0x20,0x3c,0x3d,0x20,0x70,0x72,
    0x65,0x76,0x5f,0x74,0x29,0x29,0x0a,0x20,0x20,0x20,0x20,0x20,0x20,0x20,0x20,0x7b,
    0x0a,0x20,0x20,0x20,0x20,0x20,0x20,0x20,0x20,0x20,0x20,0x20,0x20,0x62,0x72,0x65,
    0x61,0x6b,0x3b,0x0a,0x20,0x20,0x20,0x20,0x20,0x20,0x20,0x20,0x7d,0x0a,0x20,0x20,
    0x20,0x20,0x20,0x20,0x20,0x20,0x69,0x6e,0x74,0x20,0x70,0x61,0x72,0x61,0x6d,0x5f,
    0x31,0x20,0x3d,0x20,0x69,0x3b,0x0a,0x20,0x20,0x20,0x20,0x20,0x20,0x20,0x20,0x66,
    0x6c,0x6f,0x61,0x74,0x20,0x5f,0x31,0x38,0x31,0x20,0x3d,0x20,0x63,0x6f,0x6c,0x6f,
    0x72,0x5f,0x74,0x69,0x6d,0x65,0x28,0x70,0x61,0x72,0x61,0x6d,0x5f,0x31,0x29,0x3b,
    0x0a,0x20,0x20,0x20,0x20,0x20,0x20,0x20,0x20,0x69,0x66,0x20,0x28,0x74,0x20,0x3e,
    0x3d,0x20,0x5f,0x31,0x38,0x31,0x29,0x0a,0x20,0x20,0x20,0x20,0x20,0x20,0x20,0x20,
    0x7b,0x0a,0x20,0x20,0x20,0x20,0x20,0x20,0x20,0x20,0x20,0x20,0x20,0x20,0x5f,0x31,
    0x38,0x35,0x20,0x3d,0x20,0x70,0x61,0x72,0x74,0x69,0x63,0x6c,0x65,0x5f,0x70,0x61,
    0x72,0x61,0x6d,0x73,0x5b,0x69,0x20,0x2a,0x20,0x31,0x20,0x2b,0x20,0x31,0x37,0x5d,
    0x3b,0x0a,0x20,0x20,0x20,0x20,0x20,0x20,0x20,0x20,0x7d,0x0a,0x20,0x20,0x20,0x20,
    0x20,0x20,0x20,0x20,0x65,0x6c,0x73,0x65,0x0a,0x20,0x20,0x20,0x20,0x20,0x20,0x20,
    0x20,0x7b,0x0a,0x20,0x20,0x20,0x20,0x20,0x20,0x20,0x20,0x20,0x20,0x20,0x20,0x5f,
    0x31,0x38,0x35,0x20,0x3d,0x20,0x6d,0x69,0x78,0x28,0x76,0x61,0x6c,0x75,0x65,0x2c,
    0x20,0x70,0x61,0x72,0x74,0x69,0x63,0x6c,0x65,0x5f,0x70,0x61,0x72,0x61,0x6d,0x73,
    0x5b,0x69,0x20,0x2a,0x20,0x31,0x20,0x2b,0x20,0x31,0x37,0x5d,0x2c,0x20,0x76,0x65,
    0x63,0x34,0x28,0x28,0x74,0x20,0x2d,0x20,0x70,0x72,0x65,0x76,0x5f,0x74,0x29,0x20,
    0x2f,0x20,0x6d,0x61,0x78,0x28,0x5f,0x31,0x38,0x31,0x20,0x2d,0x20,0x70,0x72,0x65,
    0x76,0x5f,0x74,0x2c,0x20,0x39,0x2e,0x39,0x39,0x39,0x39,0x39,0x39,0x39,0x37,0x34,
    0x37,0x35,0x32,0x34,0x32,0x37,0x30,0x37,0x38,0x37,0x38,0x33,0x35,0x31,0x32,0x31,
    0x31,0x35,0x34,0x37,0x38,0x35,0x65,0x2d,0x30,0x37,0x29,0x29,0x29,0x3b,0x0a,0x20,
    0x20,0x20,0x20,0x20,0x20,0x20,0x20,0x7d,0x0a,0x20,0x20,0x20,0x20,0x20,0x20,0x20,
    0x20,0x76,0x61,0x6c,0x75,0x65,0x20,0x3d,0x20,0x5f,0x31,0x38,0x35,0x3b,0x0a,0x20,
    0x20,0x20,0x20,0x20,0x20,0x20,0x20,0x70,0x72,0x65,0x76,0x5f,0x74,0x20,0x3d,0x20,
    0x5f,0x31,0x38,0x31,0x3b,0x0a,0x20,0x20,0x20,0x20,0x7d,0x0a,0x20,0x20,0x20,0x20,
    0x72,0x65,0x74,0x75,0x72,0x6e,0x20,0x76,0x61,0x6c,0x75,0x65,0x3b,0x0a,0x7d,0x0a,
    0x0a,0x76,0x6f,0x69,0x64,0x20,0x6d,0x61,0x69,0x6e,0x28,0x29,0x0a,0x7b,0x0a,0x20,
    0x20,0x20,0x20,0x66,0x6c,0x6f,0x61,0x74,0x20,0x5f,0x32,0x32,0x33,0x20,0x3d,0x20,
    0x70,0x61,0x72,0x74,0x69,0x63,0x6c,0x65,0x5f,0x70,0x61,0x72,0x61,0x6d,0x73,0x5b,
    0x36,0x5d,0x2e,0x77,0x20,0x2d,0x20,0x62,0x6f,0x72,0x6e,0x2e,0x77,0x3b,0x0a,0x20,
    0x20,0x20,0x20,0x66,0x6c,0x6f,0x61,0x74,0x20,0x5f,0x32,0x32,0x39,0x20,0x3d,0x20,
    0x5f,0x32,0x32,0x33,0x20,0x2f,0x20,0x6d,0x6f,0x74,0x69,0x6f,0x6e,0x2e,0x77,0x3b,
    0x0a,0x20,0x20,0x20,0x20,0x69,0x66,0x20,0x28,0x28,0x5f,0x32,0x32,0x33,0x20,0x3c,
    0x20,0x30,0x2e,0x30,0x29,0x20,0x7c,0x7c,0x20,0x28,0x5f,0x32,0x32,0x39,0x20,0x3e,
    0x3d,0x20,0x31,0x2e,0x30,0x29,0x29,0x0a,0x20,0x20,0x20,0x20,0x7b,0x0a,0x20,0x20,
    0x20,0x20,0x20,0x20,0x20,0x20,0x67,0x6c,0x5f,0x50,0x6f,0x73,0x69,0x74,0x69,0x6f,
    0x6e,0x20,0x3d,0x20,0x76,0x65,0x63,0x34,0x28,0x32,0x2e,0x30,0x2c,0x20,0x32,0x2e,
    0x30,0x2c,0x20,0x32,0x2e,0x30,0x2c,0x20,0x31,0x2e,0x30,0x29,0x3b,0x0a,0x20,0x20,
    0x20,0x20,0x20,0x20,0x20,0x20,0x75,0x76,0x20,0x3d,0x20,0x76,0x65,0x63,0x32,0x28,
    0x30,0x2e,0x30,0x29,0x3b,0x0a,0x20,0x20,0x20,0x20,0x20,0x20,0x20,0x20,0x63,0x6f,
    0x6c,0x6f,0x72,0x20,0x3d,0x20,0x76,0x65,0x63,0x34,0x28,0x30,0x2e,0x30,0x29,0x3b,
    0x0a,0x20,0x20,0x20,0x20,0x20,0x20,0x20,0x20,0x61,0x6c,0x70,0x68,0x61,0x5f,0x6d,
    0x6f,0x64,0x65,0x20,0x3d,0x20,0x30,0x2e,0x30,0x3b,0x0a,0x20,0x20,0x20,0x20,0x20,
    0x20,0x20,0x20,0x72,0x65,0x74,0x75,0x72,0x6e,0x3b,0x0a,0x20,0x20,0x20,0x20,0x7d,
    0x0a,0x20,0x20,0x20,0x20,0x76,0x65,0x63,0x33,0x20,0x70,0x6f,0x73,0x3b,0x0a,0x20,
    0x20,0x20,0x20,0x76,0x65,0x63,0x33,0x20,0x76,0x65,0x6c,0x3b,0x0a,0x20,0x20,0x20,
    0x20,0x69,0x66,0x20,0x28,0x70,0x61,0x72,0x74,0x69,0x63,0x6c,0x65,0x5f,0x70,0x61,
    0x72,0x61,0x6d,0x73,0x5b,0x39,0x5d,0x2e,0x78,0x20,0x3e,0x20,0x39,0x2e,0x39,0x39,
    0x39,0x39,0x39,0x39,0x37,0x34,0x37,0x33,0x37,0x38,0x37,0x35,0x31,0x36,0x33,0x35,
    0x35,0x35,0x31,0x34,0x35,0x32,0x36,0x33,0x36,0x37,0x31,0x38,0x38,0x65,0x2d,0x30,
    0x35,0x29,0x0a,0x20,0x20,0x20,0x20,0x7b,0x0a,0x20,0x20,0x20,0x20,0x20,0x20,0x20,
    0x20,0x76,0x65,0x63,0x33,0x20,0x5f,0x32,0x37,0x33,0x20,0x3d,0x20,0x70,0x61,0x72,
    0x74,0x69,0x63,0x6c,0x65,0x5f,0x70,0x61,0x72,0x61,0x6d,0x73,0x5b,0x36,0x5d,0x2e,
    0x78,0x79,0x7a,0x20,0x2f,0x20,0x76,0x65,0x63,0x33,0x28,0x70,0x61,0x72,0x74,0x69,
    0x63,0x6c,0x65,0x5f,0x70,0x61,0x72,0x61,0x6d,0x73,0x5b,0x39,0x5d,0x2e,0x78,0x29,
    0x3b,0x0a,0x20,0x20,0x20,0x20,0x20,0x20,0x20,0x20,0x66,0x6c,0x6f,0x61,0x74,0x20,
    0x5f,0x32,0x37,0x39,0x20,0x3d,0x20,0x65,0x78,0x70,0x28,0x28,0x2d,0x70,0x61,0x72,
    0x74,0x69,0x63,0x6c,0x65,0x5f,0x70,0x61,0x72,0x61,0x6d,0x73,0x5b,0x39,0x5d,0x2e,
    0x78,0x29,0x20,0x2a,0x20,0x5f,0x32,0x32,0x33,0x29,0x3b,0x0a,0x20,0x20,0x20,0x20,
    0x20,0x20,0x20,0x20,0x76,0x65,0x63,0x33,0x20,0x5f,0x32,0x39,0x30,0x20,0x3d,0x20,
    0x6d,0x6f,0x74,0x69,0x6f,0x6e,0x2e,0x78,0x79,0x7a,0x20,0x2d,0x20,0x5f,0x32,0x37,
    0x33,0x3b,0x0a,0x20,0x20,0x20,0x20,0x20,0x20,0x20,0x20,0x70,0x6f,0x73,0x20,0x3d,
    0x20,0x28,0x62,0x6f,0x72,0x6e,0x2e,0x78,0x79,0x7a,0x20,0x2b,0x20,0x28,0x5f,0x32,
    0x37,0x33,0x20,0x2a,0x20,0x5f,0x32,0x32,0x33,0x29,0x29,0x20,0x2b,0x20,0x28,0x5f,
    0x32,0x39,0x30,0x20,0x2a,0x20,0x28,0x28,0x31,0x2e,0x30,0x20,0x2d,0x20,0x5f,0x32,
    0x37,0x39,0x29,0x20,0x2f,0x20,0x70,0x61,0x72,0x74,0x69,0x63,0x6c,0x65,0x5f,0x70,
    0x61,0x72,0x61,0x6d,0x73,0x5b,0x39,0x5d,0x2e,0x78,0x29,0x29,0x3b,0x0a,0x20,0x20,
    0x20,0x20,0x20,0x20,0x20,0x20,0x76,0x65,0x6c,0x20,0x3d,0x20,0x5f,0x32,0x37,0x33,
    0x20,0x2b,0x20,0x28,0x5f,0x32,0x39,0x30,0x20,0x2a,0x20,0x5f,0x32,0x37,0x39,0x29,
    0x3b,0x0a,0x20,0x20,0x20,0x20,0x7d,0x0a,0x20,0x20,0x20,0x20,0x65,0x6c,0x73,0x65,
    0x0a,0x20,0x20,0x20,0x20,0x7b,0x0a,0x20,0x20,0x20,0x20,0x20,0x20,0x20,0x20,0x70,
    0x6f,0x73,0x20,0x3d,0x20,0x28,0x62,0x6f,0x72,0x6e,0x2e,0x78,0x79,0x7a,0x20,0x2b,
    0x20,0x28,0x6d,0x6f,0x74,0x69,0x6f,0x6e,0x2e,0x78,0x79,0x7a,0x20,0x2a,0x20,0x5f,
    0x32,0x32,0x33,0x29,0x29,0x20,0x2b,0x20,0x28,0x28,0x28,0x70,0x61,0x72,0x74,0x69,
    0x63,0x6c,0x65,0x5f,0x70,0x61,0x72,0x61,0x6d,0x73,0x5b,0x36,0x5d,0x2e,0x78,0x79,
    0x7a,0x20,0x2a,0x20,0x30,0x2e,0x35,0x29,0x20,0x2a,0x20,0x5f,0x32,0x32,0x33,0x29,
    0x20,0x2a,0x20,0x5f,0x32,0x32,0x33,0x29,0x3b,0x0a,0x20,0x20,0x20,0x20,0x20,0x20,
    0x20,0x20,0x76,0x65,0x6c,0x20,0x3d,0x20,0x6d,0x6f,0x74,0x69,0x6f,0x6e,0x2e,0x78,
    0x79,0x7a,0x20,0x2b,0x20,0x28,0x70,0x61,0x72,0x74,0x69,0x63,0x6c,0x65,0x5f,0x70,
    0x61,0x72,0x61,0x6d,0x73,0x5b,0x36,0x5d,0x2e,0x78,0x79,0x7a,0x20,0x2a,0x20,0x5f,
    0x32,0x32,0x33,0x29,0x3b,0x0a,0x20,0x20,0x20,0x20,0x7d,0x0a,0x20,0x20,0x20,0x20,
    0x66,0x6c,0x6f,0x61,0x74,0x20,0x70,0x61,0x72,0x61,0x6d,0x20,0x3d,0x20,0x5f,0x32,
    0x32,0x39,0x3b,0x0a,0x20,0x20,0x20,0x20,0x66,0x6c,0x6f,0x61,0x74,0x20,0x5f,0x33,
    0x33,0x39,0x20,0x3d,0x20,0x73,0x69,0x7a,0x65,0x5f,0x61,0x74,0x28,0x70,0x61,0x72,
    0x61,0x6d,0x29,0x20,0x2a,0x20,0x73,0x68,0x61,0x70,0x65,0x2e,0x78,0x3b,0x0a,0x20,
    0x20,0x20,0x20,0x66,0x6c,0x6f,0x61,0x74,0x20,0x61,0x6c,0x6f,0x6e,0x67,0x20,0x3d,
    0x20,0x5f,0x33,0x33,0x39,0x3b,0x0a,0x20,0x20,0x20,0x20,0x76,0x65,0x63,0x32,0x20,
    0x5f,0x33,0x35,0x35,0x20,0x3d,0x20,0x76,0x65,0x63,0x32,0x28,0x64,0x6f,0x74,0x28,
    0x76,0x65,0x6c,0x2c,0x20,0x70,0x61,0x72,0x74,0x69,0x63,0x6c,0x65,0x5f,0x70,0x61,
    0x72,0x61,0x6d,0x73,0x5b,0x34,0x5d,0x2e,0x78,0x79,0x7a,0x29,0x2c,0x20,0x64,0x6f,
    0x74,0x28,0x76,0x65,0x6c,0x2c,0x20,0x70,0x61,0x72,0x74,0x69,0x63,0x6c,0x65,0x5f,
    0x70,0x61,0x72,0x61,0x6d,0x73,0x5b,0x35,0x5d,0x2e,0x78,0x79,0x7a,0x29,0x29,0x3b,
    0x0a,0x20,0x20,0x20,0x20,0x66,0x6c,0x6f,0x61,0x74,0x20,0x5f,0x33,0x35,0x38,0x20,
    0x3d,0x20,0x6c,0x65,0x6e,0x67,0x74,0x68,0x28,0x5f,0x33,0x35,0x35,0x29,0x3b,0x0a,
    0x20,0x20,0x20,0x20,0x76,0x65,0x63,0x33,0x20,0x75,0x70,0x3b,0x0a,0x20,0x20,0x20,
    0x20,0x76,0x65,0x63,0x33,0x20,0x72,0x69,0x67,0x68,0x74,0x3b,0x0a,0x20,0x20,0x20,
    0x20,0x69,0x66,0x20,0x28,0x28,0x70,0x61,0x72,0x74,0x69,0x63,0x6c,0x65,0x5f,0x70,
    0x61,0x72,0x61,0x6d,0x73,0x5b,0x39,0x5d,0x2e,0x79,0x20,0x3e,0x20,0x30,0x2e,0x30,
    0x29,0x20,0x26,0x26,0x20,0x28,0x5f,0x33,0x35,0x38,0x20,0x3e,0x20,0x39,0x2e,0x39,
    0x39,0x39,0x39,0x39,0x39,0x37,0x34,0x37,0x33,0x37,0x38,0x37,0x35,0x31,0x36,0x33,
    0x35,0x35,0x35,0x31,0x34,0x35,0x32,0x36,0x33,0x36,0x37,0x31,0x38,0x38,0x65,0x2d,
    0x30,0x36,0x29,0x29,0x0a,0x20,0x20,0x20,0x20,0x7b,0x0a,0x20,0x20,0x20,0x20,0x20,
    0x20,0x20,0x20,0x76,0x65,0x63,0x32,0x20,0x5f,0x33,0x37,0x32,0x20,0x3d,0x20,0x5f,
    0x33,0x35,0x35,0x20,0x2f,0x20,0x76,0x65,0x63,0x32,0x28,0x5f,0x33,0x35,0x38,0x29,
    0x3b,0x0a,0x20,0x20,0x20,0x20,0x20,0x20,0x20,0x20,0x66,0x6c,0x6f,0x61,0x74,0x20,
    0x5f,0x33,0x37,0x38,0x20,0x3d,0x20,0x5f,0x33,0x37,0x32,0x2e,0x78,0x3b,0x0a,0x20,
    0x20,0x20,0x20,0x20,0x20,0x20,0x20,0x66,0x6c,0x6f,0x61,0x74,0x20,0x5f,0x33,0x38,
    0x34,0x20,0x3d,0x20,0x5f,0x33,0x37,0x32,0x2e,0x79,0x3b,0x0a,0x20,0x20,0x20,0x20,
    0x20,0x20,0x20,0x20,0x76,0x65,0x63,0x33,0x20,0x5f,0x33,0x38,0x36,0x20,0x3d,0x20,
    0x28,0x70,0x61,0x72,0x74,0x69,0x63,0x6c,0x65,0x5f,0x70,0x61,0x72,0x61,0x6d,0x73,
    0x5b,0x34,0x5d,0x2e,0x78,0x79,0x7a,0x20,0x2a,0x20,0x5f,0x33,0x37,0x38,0x29,0x20,
    0x2b,0x20,0x28,0x70,0x61,0x72,0x74,0x69,0x63,0x6c,0x65,0x5f,0x70,0x61,0x72,0x61,
    0x6d,0x73,0x5b,0x35,0x5d,0x2e,0x78,0x79,0x7a,0x20,0x2a,0x20,0x5f,0x33,0x38,0x34,
    0x29,0x3b,0x0a,0x20,0x20,0x20,0x20,0x20,0x20,0x20,0x20,0x75,0x70,0x20,0x3d,0x20,
    0x5f,0x33,0x38,0x36,0x3b,0x0a,0x20,0x20,0x20,0x20,0x20,0x20,0x20,0x20,0x72,0x69,
    0x67,0x68,0x74,0x20,0x3d,0x20,0x28,0x70,0x61,0x72,0x74,0x69,0x63,0x6c,0x65,0x5f,
    0x70,0x61,0x72,0x61,0x6d,0x73,0x5b,0x34,0x5d,0x2e,0x78,0x79,0x7a,0x20,0x2a,0x20,
    0x5f,0x33,0x38,0x34,0x29,0x20,0x2d,0x20,0x28,0x70,0x61,0x72,0x74,0x69,0x63,0x6c,
    0x65,0x5f,0x70,0x61,0x72,0x61,0x6d,0x73,0x5b,0x35,0x5d,0x2e,0x78,0x79,0x7a,0x20,
    0x2a,0x20,0x5f,0x33,0x37,0x38,0x29,0x3b,0x0a,0x20,0x20,0x20,0x20,0x20,0x20,0x20,
    0x20,0x66,0x6c,0x6f,0x61,0x74,0x20,0x5f,0x34,0x30,0x35,0x20,0x3d,0x20,0x5f,0x33,
    0x35,0x38,0x20,0x2a,0x20,0x70,0x61,0x72,0x74,0x69,0x63,0x6c,0x65,0x5f,0x70,0x61,
    0x72,0x61,0x6d,0x73,0x5b,0x39,0x5d,0x2e,0x79,0x3b,0x0a,0x20,0x20,0x20,0x20,0x20,
    0x20,0x20,0x20,0x61,0x6c,0x6f,0x6e,0x67,0x20,0x3d,0x20,0x5f,0x33,0x33,0x39,0x20,
    0x2b,0x20,0x5f,0x34,0x30,0x35,0x3b,0x0a,0x20,0x20,0x20,0x20,0x20,0x20,0x20,0x20,
    0x70,0x6f,0x73,0x20,0x2d,0x3d,0x20,0x28,0x5f,0x33,0x38,0x36,0x20,0x2a,0x20,0x28,
    0x5f,0x34,0x30,0x35,0x20,0x2a,0x20,0x30,0x2e,0x35,0x29,0x29,0x3b,0x0a,0x20,0x20,
    0x20,0x20,0x7d,0x0a,0x20,0x20,0x20,0x20,0x65,0x6c,0x73,0x65,0x0a,0x20,0x20,0x20,
    0x20,0x7b,0x0a,0x20,0x20,0x20,0x20,0x20,0x20,0x20,0x20,0x66,0x6c,0x6f,0x61,0x74,
    0x20,0x5f,0x34,0x32,0x33,0x20,0x3d,0x20,0x73,0x68,0x61,0x70,0x65,0x2e,0x7a,0x20,
    0x2b,0x20,0x28,0x73,0x68,0x61,0x70,0x65,0x2e,0x79,0x20,0x2a,0x20,0x5f,0x32,0x32,
    0x33,0x29,0x3b,0x0a,0x20,0x20,0x20,0x20,0x20,0x20,0x20,0x20,0x66,0x6c,0x6f,0x61,
    0x74,0x20,0x5f,0x34,0x32,0x36,0x20,0x3d,0x20,0x63,0x6f,0x73,0x28,0x5f,0x34,0x32,
    0x33,0x29,0x3b,0x0a,0x20,0x20,0x20,0x20,0x20,0x20,0x20,0x20,0x66,0x6c,0x6f,0x61,
    0x74,0x20,0x5f,0x34,0x32,0x39,0x20,0x3d,0x20,0x73,0x69,0x6e,0x28,0x5f,0x34,0x32,
    0x33,0x29,0x3b,0x0a,0x20,0x20,0x20,0x20,0x20,0x20,0x20,0x20,0x72,0x69,0x67,0x68,
    0x74,0x20,0x3d,0x20,0x28,0x70,0x61,0x72,0x74,0x69,0x63,0x6c,0x65,0x5f,0x70,0x61,
    0x72,0x61,0x6d,0x73,0x5b,0x34,0x5d,0x2e,0x78,0x79,0x7a,0x20,0x2a,0x20,0x5f,0x34,
    0x32,0x36,0x29,0x20,0x2d,0x20,0x28,0x70,0x61,0x72,0x74,0x69,0x63,0x6c,0x65,0x5f,
    0x70,0x61,0x72,0x61,0x6d,0x73,0x5b,0x35,0x5d,0x2e,0x78,0x79,0x7a,0x20,0x2a,0x20,
    0x5f,0x34,0x32,0x39,0x29,0x3b,0x0a,0x20,0x20,0x20,0x20,0x20,0x20,0x20,0x20,0x75,
    0x70,0x20,0x3d,0x20,0x28,0x70,0x61,0x72,0x74,0x69,0x63,0x6c,0x65,0x5f,0x70,0x61,
    0x72,0x61,0x6d,0x73,0x5b,0x34,0x5d,0x2e,0x78,0x79,0x7a,0x20,0x2a,0x20,0x5f,0x34,
    0x32,0x39,0x29,0x20,0x2b,0x20,0x28,0x70,0x61,0x72,0x74,0x69,0x63,0x6c,0x65,0x5f,
    0x70,0x61,0x72,0x61,0x6d,0x73,0x5b,0x35,0x5d,0x2e,0x78,0x79,0x7a,0x20,0x2a,0x20,
    0x5f,0x34,0x32,0x36,0x29,0x3b,0x0a,0x20,0x20,0x20,0x20,0x7d,0x0a,0x20,0x20,0x20,
    0x20,0x67,0x6c,0x5f,0x50,0x6f,0x73,0x69,0x74,0x69,0x6f,0x6e,0x20,0x3d,0x20,0x6d,
    0x61,0x74,0x34,0x28,0x70,0x61,0x72,0x74,0x69,0x63,0x6c,0x65,0x5f,0x70,0x61,0x72,
    0x61,0x6d,0x73,0x5b,0x30,0x5d,0x2c,0x20,0x70,0x61,0x72,0x74,0x69,0x63,0x6c,0x65,
    0x5f,0x70,0x61,0x72,0x61,0x6d,0x73,0x5b,0x31,0x5d,0x2c,0x20,0x70,0x61,0x72,0x74,
    0x69,0x63,0x6c,0x65,0x5f,0x70,0x61,0x72,0x61,0x6d,0x73,0x5b,0x32,0x5d,0x2c,0x20,
    0x70,0x61,0x72,0x74,0x69,0x63,0x6c,0x65,0x5f,0x70,0x61,0x72,0x61,0x6d,0x73,0x5b,
    0x33,0x5d,0x29,0x20,0x2a,0x20,0x76,0x65,0x63,0x34,0x28,0x28,0x70,0x6f,0x73,0x20,
    0x2b,0x20,0x28,0x72,0x69,0x67,0x68,0x74,0x20,0x2a,0x20,0x28,0x63,0x6f,0x72,0x6e,
    0x65,0x72,0x2e,0x78,0x20,0x2a,0x20,0x5f,0x33,0x33,0x39,0x29,0x29,0x29,0x20,0x2b,
    0x20,0x28,0x75,0x70,0x20,0x2a,0x20,0x28,0x63,0x6f,0x72,0x6e,0x65,0x72,0x2e,0x79,
    0x20,0x2a,0x20,0x61,0x6c,0x6f,0x6e,0x67,0x29,0x29,0x2c,0x20,0x31,0x2e,0x30,0x29,
    0x3b,0x0a,0x20,0x20,0x20,0x20,0x76,0x65,0x63,0x34,0x20,0x63,0x65,0x6c,0x6c,0x20,
    0x3d,0x20,0x70,0x61,0x72,0x74,0x69,0x63,0x6c,0x65,0x5f,0x70,0x61,0x72,0x61,0x6d,
    0x73,0x5b,0x38,0x5d,0x3b,0x0a,0x20,0x20,0x20,0x20,0x69,0x66,0x20,0x28,0x70,0x61,
    0x72,0x74,0x69,0x63,0x6c,0x65,0x5f,0x70,0x61,0x72,0x61,0x6d,0x73,0x5b,0x31,0x30,
    0x5d,0x2e,0x7a,0x20,0x3e,0x20,0x31,0x2e,0x35,0x29,0x0a,0x20,0x20,0x20,0x20,0x7b,
    0x0a,0x20,0x20,0x20,0x20,0x20,0x20,0x20,0x20,0x66,0x6c,0x6f,0x61,0x74,0x20,0x5f,
    0x34,0x39,0x33,0x3b,0x0a,0x20,0x20,0x20,0x20,0x20,0x20,0x20,0x20,0x69,0x66,0x20,
    0x28,0x70,0x61,0x72,0x74,0x69,0x63,0x6c,0x65,0x5f,0x70,0x61,0x72,0x61,0x6d,0x73,
    0x5b,0x31,0x30,0x5d,0x2e,0x77,0x20,0x3e,0x20,0x30,0x2e,0x30,0x29,0x0a,0x20,0x20,
    0x20,0x20,0x20,0x20,0x20,0x20,0x7b,0x0a,0x20,0x20,0x20,0x20,0x20,0x20,0x20,0x20,
    0x20,0x20,0x20,0x20,0x5f,0x34,0x39,0x33,0x20,0x3d,0x20,0x6d,0x6f,0x64,0x28,0x66,
    0x6c,0x6f,0x6f,0x72,0x28,0x28,0x5f,0x32,0x32,0x33,0x20,0x2a,0x20,0x70,0x61,0x72,
    0x74,0x69,0x63,0x6c,0x65,0x5f,0x70,0x61,0x72,0x61,0x6d,0x73,0x5b,0x31,0x30,0x5d,
    0x2e,0x77,0x29,0x20,0x2b,0x20,0x28,0x66,0x72,0x61,0x63,0x74,0x28,0x73,0x68,0x61,
    0x70,0x65,0x2e,0x77,0x20,0x2a,0x20,0x37,0x2e,0x33,0x30,0x39,0x39,0x39,0x39,0x39,
    0x34,0x32,0x37,0x37,0x39,0x35,0x34,0x31,0x30,0x31,0x35,0x36,0x32,0x35,0x29,0x20,
    0x2a,0x20,0x70,0x61,0x72,0x74,0x69,0x63,0x6c,0x65,0x5f,0x70,0x61,0x72,0x61,0x6d,
    0x73,0x5b,0x31,0x30,0x5d,0x2e,0x7a,0x29,0x29,0x2c,0x20,0x70,0x61,0x72,0x74,0x69,
    0x63,0x6c,0x65,0x5f,0x70,0x61,0x72,0x61,0x6d,0x73,0x5b,0x31,0x30,0x5d,0x2e,0x7a,
    0x29,0x3b,0x0a,0x20,0x20,0x20,0x20,0x20,0x20,0x20,0x20,0x7d,0x0a,0x20,0x20,0x20,
    0x20,0x20,0x20,0x20,0x20,0x65,0x6c,0x73,0x65,0x0a,0x20,0x20,0x20,0x20,0x20,0x20,
    0x20,0x20,0x7b,0x0a,0x20,0x20,0x20,0x20,0x20,0x20,0x20,0x20,0x20,0x20,0x20,0x20,
    0x5f,0x34,0x39,0x33,0x20,0x3d,0x20,0x6d,0x69,0x6e,0x28,0x66,0x6c,0x6f,0x6f,0x72,
    0x28,0x5f,0x32,0x32,0x39,0x20,0x2a,0x20,0x70,0x61,0x72,0x74,0x69,0x63,0x6c,0x65,
    0x5f,0x70,0x61,0x72,0x61,0x6d,0x73,0x5b,0x31,0x30,0x5d,0x2e,0x7a,0x29,0x2c,0x20,
    0x70,0x61,0x72,0x74,0x69,0x63,0x6c,0x65,0x5f,0x70,0x61,0x72,0x61,0x6d,0x73,0x5b,
    0x31,0x30,0x5d,0x2e,0x7a,0x20,0x2d,0x20,0x31,0x2e,0x30,0x29,0x3b,0x0a,0x20,0x20,
    0x20,0x20,0x20,0x20,0x20,0x20,0x7d,0x0a,0x20,0x20,0x20,0x20,0x20,0x20,0x20,0x20,
    0x76,0x65,0x63,0x32,0x20,0x5f,0x35,0x33,0x35,0x20,0x3d,0x20,0x28,0x70,0x61,0x72,
    0x74,0x69,0x63,0x6c,0x65,0x5f,0x70,0x61,0x72,0x61,0x6d,0x73,0x5b,0x38,0x5d,0x2e,
    0x7a,0x77,0x20,0x2d,0x20,0x70,0x61,0x72,0x74,0x69,0x63,0x6c,0x65,0x5f,0x70,0x61,
    0x72,0x61,0x6d,0x73,0x5b,0x38,0x5d,0x2e,0x78,0x79,0x29,0x20,0x2f,0x20,0x70,0x61,
    0x72,0x74,0x69,0x63,0x6c,0x65,0x5f,0x70,0x61,0x72,0x61,0x6d,0x73,0x5b,0x31,0x30,
    0x5d,0x2e,0x78,0x79,0x3b,0x0a,0x20,0x20,0x20,0x20,0x20,0x20,0x20,0x20,0x76,0x65,
    0x63,0x32,0x20,0x5f,0x35,0x35,0x31,0x20,0x3d,0x20,0x70,0x61,0x72,0x74,0x69,0x63,
    0x6c,0x65,0x5f,0x70,0x61,0x72,0x61,0x6d,0x73,0x5b,0x38,0x5d,0x2e,0x78,0x79,0x20,
    0x2b,0x20,0x28,0x5f,0x35,0x33,0x35,0x20,0x2a,0x20,0x76,0x65,0x63,0x32,0x28,0x6d,
    0x6f,0x64,0x28,0x5f,0x34,0x39,0x33,0x2c,0x20,0x70,0x61,0x72,0x74,0x69,0x63,0x6c,
    0x65,0x5f,0x70,0x61,0x72,0x61,0x6d,0x73,0x5b,0x31,0x30,0x5d,0x2e,0x78,0x29,0x2c,
    0x20,0x66,0x6c,0x6f,0x6f,0x72,0x28,0x5f,0x34,0x39,0x33,0x20,0x2f,0x20,0x70,0x61,
    0x72,0x74,0x69,0x63,0x6c,0x65,0x5f,0x70,0x61,0x72,0x61,0x6d,0x73,0x5b,0x31,0x30,
    0x5d,0x2e,0x78,0x29,0x29,0x29,0x3b,0x0a,0x20,0x20,0x20,0x20,0x20,0x20,0x20,0x20,
    0x66,0x6c,0x6f,0x61,0x74,0x20,0x5f,0x35,0x35,0x33,0x20,0x3d,0x20,0x5f,0x35,0x35,
    0x31,0x2e,0x78,0x3b,0x0a,0x20,0x20,0x20,0x20,0x20,0x20,0x20,0x20,0x76,0x65,0x63,
    0x34,0x20,0x5f,0x36,0x31,0x33,0x3b,0x0a,0x20,0x20,0x20,0x20,0x20,0x20,0x20,0x20,
    0x5f,0x36,0x31,0x33,0x2e,0x78,0x20,0x3d,0x20,0x5f,0x35,0x35,0x33,0x3b,0x0a,0x20,
    0x20,0x20,0x20,0x20,0x20,0x20,0x20,0x5f,0x36,0x31,0x33,0x2e,0x79,0x20,0x3d,0x20,
    0x5f,0x35,0x35,0x31,0x2e,0x79,0x3b,0x0a,0x20,0x20,0x20,0x20,0x20,0x20,0x20,0x20,
    0x63,0x65,0x6c,0x6c,0x20,0x3d,0x20,0x76,0x65,0x63,0x34,0x28,0x5f,0x35,0x35,0x33,
    0x2c,0x20,0x5f,0x35,0x35,0x31,0x2e,0x79,0x2c,0x20,0x5f,0x36,0x31,0x33,0x2e,0x78,
    0x79,0x20,0x2b,0x20,0x5f,0x35,0x33,0x35,0x29,0x3b,0x0a,0x20,0x20,0x20,0x20,0x7d,
    0x0a,0x20,0x20,0x20,0x20,0x75,0x76,0x20,0x3d,0x20,0x76,0x65,0x63,0x32,0x28,0x6d,
    0x69,0x78,0x28,0x63,0x65,0x6c,0x6c,0x2e,0x78,0x2c,0x20,0x63,0x65,0x6c,0x6c,0x2e,
    0x7a,0x2c,0x20,0x63,0x6f,0x72,0x6e,0x65,0x72,0x2e,0x78,0x20,0x2b,0x20,0x30,0x2e,
    0x35,0x29,0x2c,0x20,0x6d,0x69,0x78,0x28,0x63,0x65,0x6c,0x6c,0x2e,0x79,0x2c,0x20,
    0x63,0x65,0x6c,0x6c,0x2e,0x77,0x2c,0x20,0x30,0x2e,0x35,0x20,0x2d,0x20,0x63,0x6f,
    0x72,0x6e,0x65,0x72,0x2e,0x79,0x29,0x29,0x3b,0x0a,0x20,0x20,0x20,0x20,0x66,0x6c,
    0x6f,0x61,0x74,0x20,0x70,0x61,0x72,0x61,0x6d,0x5f,0x31,0x20,0x3d,0x20,0x5f,0x32,
    0x32,0x39,0x3b,0x0a,0x20,0x20,0x20,0x20,0x63,0x6f,0x6c,0x6f,0x72,0x20,0x3d,0x20,
    0x63,0x6f,0x6c,0x6f,0x72,0x5f,0x61,0x74,0x28,0x70,0x61,0x72,0x61,0x6d,0x5f,0x31,
    0x29,0x3b,0x0a,0x20,0x20,0x20,0x20,0x69,0x6e,0x74,0x20,0x5f,0x35,0x38,0x37,0x20,
    0x3d,0x20,0x69,0x6e,0x74,0x28,0x70,0x61,0x72,0x74,0x69,0x63,0x6c,0x65,0x5f,0x70,
    0x61,0x72,0x61,0x6d,0x73,0x5b,0x37,0x5d,0x2e,0x77,0x29,0x3b,0x0a,0x20,0x20,0x20,
    0x20,0x69,0x66,0x20,0x28,0x5f,0x35,0x38,0x37,0x20,0x3e,0x20,0x30,0x29,0x0a,0x20,
    0x20,0x20,0x20,0x7b,0x0a,0x20,0x20,0x20,0x20,0x20,0x20,0x20,0x20,0x63,0x6f,0x6c,
    0x6f,0x72,0x20,0x2a,0x3d,0x20,0x70,0x61,0x72,0x74,0x69,0x63,0x6c,0x65,0x5f,0x70,
    0x61,0x72,0x61,0x6d,0x73,0x5b,0x6d,0x69,0x6e,0x28,0x69,0x6e,0x74,0x28,0x73,0x68,
    0x61,0x70,0x65,0x2e,0x77,0x20,0x2a,0x20,0x66,0x6c,0x6f,0x61,0x74,0x28,0x5f,0x35,
    0x38,0x37,0x29,0x29,0x2c,0x20,0x28,0x5f,0x35,0x38,0x37,0x20,0x2d,0x20,0x31,0x29,
    0x29,0x20,0x2a,0x20,0x31,0x20,0x2b,0x20,0x32,0x35,0x5d,0x3b,0x0a,0x20,0x20,0x20,
    0x20,0x7d,0x0a,0x20,0x20,0x20,0x20,0x61,0x6c,0x70,0x68,0x61,0x5f,0x6d,0x6f,0x64,
    0x65,0x20,0x3d,0x20,0x70,0x61,0x72,0x74,0x69,0x63,0x6c,0x65,0x5f,0x70,0x61,0x72,
    0x61,0x6d,0x73,0x5b,0x37,0x5d,0x2e,0x7a,0x3b,0x0a,0x7d,0x0a,0x0a,0x00,
};
#endif
/*
    #version 300 es
    precision mediump float;
    precision highp int;

    uniform highp sampler2D tex_smp;

    layout(location = 0) out highp vec4 frag_color;
    in highp vec2 uv;
    in highp vec4 color;
    in highp float alpha_mode;

    void main()
    {
        frag_color = texture(tex_smp, uv) * color;
        bool _34 = alpha_mode > 0.0;
        bool _44;
        if (_34)
        {
            _44 = frag_color.w < alpha_mode;
        }
        else
        {
            _44 = _34;
        }
        if (_44)
        {
            discard;
        }
        if (alpha_mode != 0.0)
        {
            frag_color.w = 1.0;
        }
    }

*/
#if defined(SOKOL_GLES3)
static const uint8_t sprite_fs_source_glsl300es[539] = {
    0x23,0x76,0x65,0x72,0x73,0x69,0x6f,0x6e,0x20,0x33,0x30,0x30,0x20,0x65,0x73,0x0a,
    0x70,0x72,0x65,0x63,0x69,0x73,0x69,0x6f,0x6e,0x20,0x6d,0x65,0x64,0x69,0x75,0x6d,
    0x70,0x20,0x66,0x6c,0x6f,0x61,0x74,0x3b,0x0a,0x70,0x72,0x65,0x63,0x69,0x73,0x69,
    0x6f,0x6e,0x20,0x68,0x69,0x67,0x68,0x70,0x20,0x69,0x6e,0x74,0x3b,0x0a,0x0a,0x75,
    0x6e,0x69,0x66,0x6f,0x72,0x6d,0x20,0x68,0x69,0x67,0x68,0x70,0x20,0x73,0x61,0x6d,
    0x70,0x6c,0x65,0x72,0x32,0x44,0x20,0x74,0x65,0x78,0x5f,0x73,0x6d,0x70,0x3b,0x0a,
    0x0a,0x6c,0x61,0x79,0x6f,0x75,0x74,0x28,0x6c,0x6f,0x63,0x61,0x74,0x69,0x6f,0x6e,
    0x20,0x3d,0x20,0x30,0x29,0x20,0x6f,0x75,0x74,0x20,0x68,0x69,0x67,0x68,0x70,0x20,
    0x76,0x65,0x63,0x34,0x20,0x66,0x72,0x61,0x67,0x5f,0x63,0x6f,0x6c,0x6f,0x72,0x3b,
    0x0a,0x69,0x6e,0x20,0x68,0x69,0x67,0x68,0x70,0x20,0x76,0x65,0x63,0x32,0x20,0x75,
    0x76,0x3b,0x0a,0x69,0x6e,0x20,0x68,0x69,0x67,0x68,0x70,0x20,0x76,0x65,0x63,0x34,
    0x20,0x63,0x6f,0x6c,0x6f,0x72,0x3b,0x0a,0x69,0x6e,0x20,0x68,0x69,0x67,0x68,0x70,
    0x20,0x66,0x6c,0x6f,0x61,0x74,0x20,0x61,0x6c,0x70,0x68,0x61,0x5f,0x6d,0x6f,0x64,
    0x65,0x3b,0x0a,0x0a,0x76,0x6f,0x69,0x64,0x20,0x6d,0x61,0x69,0x6e,0x28,0x29,0x0a,
    0x7b,0x0a,0x20,0x20,0x20,0x20,0x66,0x72,0x61,0x67,0x5f,0x63,0x6f,0x6c,0x6f,0x72,
    0x20,0x3d,0x20,0x74,0x65,0x78,0x74,0x75,0x72,0x65,0x28,0x74,0x65,0x78,0x5f,0x73,
    0x6d,0x70,0x2c,0x20,0x75,0x76,0x29,0x20,0x2a,0x20,0x63,0x6f,0x6c,0x6f,0x72,0x3b,
    0x0a,0x20,0x20,0x20,0x20,0x62,0x6f,0x6f,0x6c,0x20,0x5f,0x33,0x34,0x20,0x3d,0x20,
    0x61,0x6c,0x70,0x68,0x61,0x5f,0x6d,0x6f,0x64,0x65,0x20,0x3e,0x20,0x30,0x2e,0x30,
    0x3b,0x0a,0x20,0x20,0x20,0x20,0x62,0x6f,0x6f,0x6c,0x20,0x5f,0x34,0x34,0x3b,0x0a,
    0x20,0x20,0x20,0x20,0x69,0x66,0x20,0x28,0x5f,0x33,0x34,0x29,0x0a,0x20,0x20,0x20,
    0x20,0x7b,0x0a,0x20,0x20,0x20,0x20,0x20,0x20,0x20,0x20,0x5f,0x34,0x34,0x20,0x3d,
    0x20,0x66,0x72,0x61,0x67,0x5f,0x63,0x6f,0x6c,0x6f,0x72,0x2e,0x77,0x20,0x3c,0x20,
    0x61,0x6c,0x70,0x68,0x61,0x5f,0x6d,0x6f,0x64,0x65,0x3b,0x0a,0x20,0x20,0x20,0x20,
    0x7d,0x0a,0x20,0x20,0x20,0x20,0x65,0x6c,0x73,0x65,0x0a,0x20,0x20,0x20,0x20,0x7b,
    0x0a,0x20,0x20,0x20,0x20,0x20,0x20,0x20,0x20,0x5f,0x34,0x34,0x20,0x3d,0x20,0x5f,
    0x33,0x34,0x3b,0x0a,0x20,0x20,0x20,0x20,0x7d,0x0a,0x20,0x20,0x20,0x20,0x69,0x66,
    0x20,0x28,0x5f,0x34,0x34,0x29,0x0a,0x20,0x20,0x20,0x20,0x7b,0x0a,0x20,0x20,0x20,
    0x20,0x20,0x20,0x20,0x20,0x64,0x69,0x73,0x63,0x61,0x72,0x64,0x3b,0x0a,0x20,0x20,
    0x20,0x20,0x7d,0x0a,0x20,0x20,0x20,0x20,0x69,0x66,0x20,0x28,0x61,0x6c,0x70,0x68,
    0x61,0x5f,0x6d,0x6f,0x64,0x65,0x20,0x21,0x3d,0x20,0x30,0x2e,0x30,0x29,0x0a,0x20,
    0x20,0x20,0x20,0x7b,0x0a,0x20,0x20,0x20,0x20,0x20,0x20,0x20,0x20,0x66,0x72,0x61,
    0x67,0x5f,0x63,0x6f,0x6c,0x6f,0x72,0x2e,0x77,0x20,0x3d,0x20,0x31,0x2e,0x30,0x3b,
    0x0a,0x20,0x20,0x20,0x20,0x7d,0x0a,0x7d,0x0a,0x0a,0x00,
};
#endif
/*
    diagnostic(off, derivative_uniformity);

    struct vs_params {
      /_ @offset(0) _/
      view_proj : mat4x4f,
      /_ @offset(64) _/
      camera_right : vec4f,
      /_ @offset(80) _/
      camera_up : vec4f,
      /_ @offset(96) _/
      upright : vec4f,
    }

    @binding(0) @group(0) var<uniform> x_41 : vs_params;

    var<private> uv : vec2f;

    var<private> color : vec4f;

    var<private> alpha_mode : f32;

    var<private> corner_1 : vec2f;

    var<private> inst_pos : vec4f;

    var<private> inst_size : vec4f;

    var<private> inst_uv : vec4f;

    var<private> inst_right : vec3f;

    var<private> inst_up : vec4f;

    var<private> inst_color : vec4f;

    var<private> gl_Position : vec4f;

    fn place_vf2_vf4_vf4_vf4_vf3_vf4_vf4_(corner : ptr<function, vec2f>, pos : ptr<function, vec4f>, size : ptr<function, vec4f>, source : ptr<function, vec4f>, right_axis : ptr<function, vec3f>, up_axis : ptr<function, vec4f>, tint : ptr<function, vec4f>) {
      var right : vec3f;
      var up : vec3f;
      right = *(right_axis);
      up = (*(up_axis)).xyz;
      if (((*(pos)).w < 0.5f)) {
        right = x_41.camera_right.xyz;
        up = x_41.camera_up.xyz;
      } else {
        if (((*(pos)).w < 1.5f)) {
          right = x_41.upright.xyz;
          up = vec3f(0.0f, 1.0f, 0.0f);
        }
      }
      let x_101 = (((*(pos)).xyz + (right * ((((*(corner)).x + 0.5f) - (*(size)).z) * (*(size)).x))) + (up * ((((*(corner)).y - 0.5f) + (*(size)).w) * (*(size)).y)));
      gl_Position = (x_41.view_proj * vec4f(x_101.x, x_101.y, x_101.z, 1.0f));
      uv = vec2f(mix((*(source)).x, (*(source)).z, ((*(corner)).x + 0.5f)), mix((*(source)).y, (*(source)).w, (0.5f - (*(corner)).y)));
      color = *(tint);
      alpha_mode = (*(up_axis)).w;
      return;
    }

    fn main_1() {
      var param : vec2f;
      var param_1 : vec4f;
      var param_2 : vec4f;
      var param_3 : vec4f;
      var param_4 : vec3f;
      var param_5 : vec4f;
      var param_6 : vec4f;
      param = corner_1;
      param_1 = inst_pos;
      param_2 = inst_size;
      param_3 = inst_uv;
      param_4 = inst_right;
      param_5 = inst_up;
      param_6 = inst_color;
      place_vf2_vf4_vf4_vf4_vf3_vf4_vf4_(&(param), &(param_1), &(param_2), &(param_3), &(param_4), &(param_5), &(param_6));
      return;
    }

    struct main_out {
      @builtin(position)
      gl_Position : vec4f,
      @location(0)
      uv_1 : vec2f,
      @location(1)
      color_1 : vec4f,
      @location(2)
      alpha_mode_1 : f32,
    }

    @vertex
    fn main(@location(0) corner_1_param : vec2f, @location(1) inst_pos_param : vec4f, @location(2) inst_size_param : vec4f, @location(3) inst_uv_param : vec4f, @location(4) inst_right_param : vec3f, @location(5) inst_up_param : vec4f, @location(6) inst_color_param : vec4f) -> main_out {
      corner_1 = corner_1_param;
      inst_pos = inst_pos_param;
      inst_size = inst_size_param;
      inst_uv = inst_uv_param;
      inst_right = inst_right_param;
      inst_up = inst_up_param;
      inst_color = inst_color_param;
      main_1();
      return main_out(gl_Position, uv, color, alpha_mode);
    }
*/
#if defined(SOKOL_WGPU)
static const uint8_t sprite_vs_source_wgsl[2821] = {
    0x64,0x69,0x61,0x67,0x6e,0x6f,0x73,0x74,0x69,0x63,0x28,0x6f,0x66,0x66,0x2c,0x20,
    0x64,0x65,0x72,0x69,0x76,0x61,0x74,0x69,0x76,0x65,0x5f,0x75,0x6e,0x69,0x66,0x6f,
    0x72,0x6d,0x69,0x74,0x79,0x29,0x3b,0x0a,0x0a,0x73,0x74,0x72,0x75,0x63,0x74,0x20,
    0x76,0x73,0x5f,0x70,0x61,0x72,0x61,0x6d,0x73,0x20,0x7b,0x0a,0x20,0x20,0x2f,0x2a,
    0x20,0x40,0x6f,0x66,0x66,0x73,0x65,0x74,0x28,0x30,0x29,0x20,0x2a,0x2f,0x0a,0x20,
    0x20,0x76,0x69,0x65,0x77,0x5f,0x70,0x72,0x6f,0x6a,0x20,0x3a,0x20,0x6d,0x61,0x74,
    0x34,0x78,0x34,0x66,0x2c,0x0a,0x20,0x20,0x2f,0x2a,0x20,0x40,0x6f,0x66,0x66,0x73,
    0x65,0x74,0x28,0x36,0x34,0x29,0x20,0x2a,0x2f,0x0a,0x20,0x20,0x63,0x61,0x6d,0x65,
    0x72,0x61,0x5f,0x72,0x69,0x67,0x68,0x74,0x20,0x3a,0x20,0x76,0x65,0x63,0x34,0x66,
    0x2c,0x0a,0x20,0x20,0x2f,0x2a,0x20,0x40,0x6f,0x66,0x66,0x73,0x65,0x74,0x28,0x38,
    0x30,0x29,0x20,0x2a,0x2f,0x0a,0x20,0x20,0x63,0x61,0x6d,0x65,0x72,0x61,0x5f,0x75,
    0x70,0x20,0x3a,0x20,0x76,0x65,0x63,0x34,0x66,0x2c,0x0a,0x20,0x20,0x2f,0x2a,0x20,
    0x40,0x6f,0x66,0x66,0x73,0x65,0x74,0x28,0x39,0x36,0x29,0x20,0x2a,0x2f,0x0a,0x20,
    0x20,0x75,0x70,0x72,0x69,0x67,0x68,0x74,0x20,0x3a,0x20,0x76,0x65,0x63,0x34,0x66,
    0x2c,0x0a,0x7d,0x0a,0x0a,0x40,0x62,0x69,0x6e,0x64,0x69,0x6e,0x67,0x28,0x30,0x29,
    0x20,0x40,0x67,0x72,0x6f,0x75,0x70,0x28,0x30,0x29,0x20,0x76,0x61,0x72,0x3c,0x75,
    0x6e,0x69,0x66,0x6f,0x72,0x6d,0x3e,0x20,0x78,0x5f,0x34,0x31,0x20,0x3a,0x20,0x76,
    0x73,0x5f,0x70,0x61,0x72,0x61,0x6d,0x73,0x3b,0x0a,0x0a,0x76,0x61,0x72,0x3c,0x70,
    0x72,0x69,0x76,0x61,0x74,0x65,0x3e,0x20,0x75,0x76,0x20,0x3a,0x20,0x76,0x65,0x63,
    0x32,0x66,0x3b,0x0a,0x0a,0x76,0x61,0x72,0x3c,0x70,0x72,0x69,0x76,0x61,0x74,0x65,
    0x3e,0x20,0x63,0x6f,0x6c,0x6f,0x72,0x20,0x3a,0x20,0x76,0x65,0x63,0x34,0x66,0x3b,
    0x0a,0x0a,0x76,0x61,0x72,0x3c,0x70,0x72,0x69,0x76,0x61,0x74,0x65,0x3e,0x20,0x61,
    0x6c,0x70,0x68,0x61,0x5f,0x6d,0x6f,0x64,0x65,0x20,0x3a,0x20,0x66,0x33,0x32,0x3b,
    0x0a,0x0a,0x76,0x61,0x72,0x3c,0x70,0x72,0x69,0x76,0x61,0x74,0x65,0x3e,0x20,0x63,
    0x6f,0x72,0x6e,0x65,0x72,0x5f,0x31,0x20,0x3a,0x20,0x76,0x65,0x63,0x32,0x66,0x3b,
    0x0a,0x0a,0x76,0x61,0x72,0x3c,0x70,0x72,0x69,0x76,0x61,0x74,0x65,0x3e,0x20,0x69,
    0x6e,0x73,0x74,0x5f,0x70,0x6f,0x73,0x20,0x3a,0x20,0x76,0x65,0x63,0x34,0x66,0x3b,
    0x0a,0x0a,0x76,0x61,0x72,0x3c,0x70,0x72,0x69,0x76,0x61,0x74,0x65,0x3e,0x20,0x69,
    0x6e,0x73,0x74,0x5f,0x73,0x69,0x7a,0x65,0x20,0x3a,0x20,0x76,0x65,0x63,0x34,0x66,
    0x3b,0x0a,0x0a,0x76,0x61,0x72,0x3c,0x70,0x72,0x69,0x76,0x61,0x74,0x65,0x3e,0x20,
    0x69,0x6e,0x73,0x74,0x5f,0x75,0x76,0x20,0x3a,0x20,0x76,0x65,0x63,0x34,0x66,0x3b,
    0x0a,0x0a,0x76,0x61,0x72,0x3c,0x70,0x72,0x69,0x76,0x61,0x74,0x65,0x3e,0x20,0x69,
    0x6e,0x73,0x74,0x5f,0x72,0x69,0x67,0x68,0x74,0x20,0x3a,0x20,0x76,0x65,0x63,0x33,
    0x66,0x3b,0x0a,0x0a,0x76,0x61,0x72,0x3c,0x70,0x72,0x69,0x76,0x61,0x74,0x65,0x3e,
    0x20,0x69,0x6e,0x73,0x74,0x5f,0x75,0x70,0x20,0x3a,0x20,0x76,0x65,0x63,0x34,0x66,
    0x3b,0x0a,0x0a,0x76,0x61,0x72,0x3c,0x70,0x72,0x69,0x76,0x61,0x74,0x65,0x3e,0x20,
    0x69,0x6e,0x73,0x74,0x5f,0x63,0x6f,0x6c,0x6f,0x72,0x20,0x3a,0x20,0x76,0x65,0x63,
    0x34,0x66,0x3b,0x0a,0x0a,0x76,0x61,0x72,0x3c,0x70,0x72,0x69,0x76,0x61,0x74,0x65,
    0x3e,0x20,0x67,0x6c,0x5f,0x50,0x6f,0x73,0x69,0x74,0x69,0x6f,0x6e,0x20,0x3a,0x20,
    0x76,0x65,0x63,0x34,0x66,0x3b,0x0a,0x0a,0x66,0x6e,0x20,0x70,0x6c,0x61,0x63,0x65,
    0x5f,0x76,0x66,0x32,0x5f,0x76,0x66,0x34,0x5f,0x76,0x66,0x34,0x5f,0x76,0x66,0x34,
    0x5f,0x76,0x66,0x33,0x5f,0x76,0x66,0x34,0x5f,0x76,0x66,0x34,0x5f,0x28,0x63,0x6f,
    0x72,0x6e,0x65,0x72,0x20,0x3a,0x20,0x70,0x74,0x72,0x3c,0x66,0x75,0x6e,0x63,0x74,
    0x69,0x6f,0x6e,0x2c,0x20,0x76,0x65,0x63,0x32,0x66,0x3e,0x2c,0x20,0x70,0x6f,0x73,
    0x20,0x3a,0x20,0x70,0x74,0x72,0x3c,0x66,0x75,0x6e,0x63,0x74,0x69,0x6f,0x6e,0x2c,
    0x20,0x76,0x65,0x63,0x34,0x66,0x3e,0x2c,0x20,0x73,0x69,0x7a,0x65,0x20,0x3a,0x20,
    0x70,0x74,0x72,0x3c,0x66,0x75,0x6e,0x63,0x74,0x69,0x6f,0x6e,0x2c,0x20,0x76,0x65,
    0x63,0x34,0x66,0x3e,0x2c,0x20,0x73,0x6f,0x75,0x72,0x63,0x65,0x20,0x3a,0x20,0x70,
    0x74,0x72,0x3c,0x66,0x75,0x6e,0x63,0x74,0x69,0x6f,0x6e,0x2c,0x20,0x76,0x65,0x63,
    0x34,0x66,0x3e,0x2c,0x20,0x72,0x69,0x67,0x68,0x74,0x5f,0x61,0x78,0x69,0x73,0x20,
    0x3a,0x20,0x70,0x74,0x72,0x3c,0x66,0x75,0x6e,0x63,0x74,0x69,0x6f,0x6e,0x2c,0x20,
    0x76,0x65,0x63,0x33,0x66,0x3e,0x2c,0x20,0x75,0x70,0x5f,0x61,0x78,0x69,0x73,0x20,
    0x3a,0x20,0x70,0x74,0x72,0x3c,0x66,0x75,0x6e,0x63,0x74,0x69,0x6f,0x6e,0x2c,0x20,
    0x76,0x65,0x63,0x34,0x66,0x3e,0x2c,0x20,0x74,0x69,0x6e,0x74,0x20,0x3a,0x20,0x70,
    0x74,0x72,0x3c,0x66,0x75,0x6e,0x63,0x74,0x69,0x6f,0x6e,0x2c,0x20,0x76,0x65,0x63,
    0x34,0x66,0x3e,0x29,0x20,0x7b,0x0a,0x20,0x20,0x76,0x61,0x72,0x20,0x72,0x69,0x67,
    0x68,0x74,0x20,0x3a,0x20,0x76,0x65,0x63,0x33,0x66,0x3b,0x0a,0x20,0x20,0x76,0x61,
    0x72,0x20,0x75,0x70,0x20,0x3a,0x20,0x76,0x65,0x63,0x33,0x66,0x3b,0x0a,0x20,0x20,
    0x72,0x69,0x67,0x68,0x74,0x20,0x3d,0x20,0x2a,0x28,0x72,0x69,0x67,0x68,0x74,0x5f,
    0x61,0x78,0x69,0x73,0x29,0x3b,0x0a,0x20,0x20,0x75,0x70,0x20,0x3d,0x20,0x28,0x2a,
    0x28,0x75,0x70,0x5f,0x61,0x78,0x69,0x73,0x29,0x29,0x2e,0x78,0x79,0x7a,0x3b,0x0a,
    0x20,0x20,0x69,0x66,0x20,0x28,0x28,0x28,0x2a,0x28,0x70,0x6f,0x73,0x29,0x29,0x2e,
    0x77,0x20,0x3c,0x20,0x30,0x2e,0x35,0x66,0x29,0x29,0x20,0x7b,0x0a,0x20,0x20,0x20,
    0x20,0x72,0x69,0x67,0x68,0x74,0x20,0x3d,0x20,0x78,0x5f,0x34,0x31,0x2e,0x63,0x61,
    0x6d,0x65,0x72,0x61,0x5f,0x72,0x69,0x67,0x68,0x74,0x2e,0x78,0x79,0x7a,0x3b,0x0a,
    0x20,0x20,0x20,0x20,0x75,0x70,0x20,0x3d,0x20,0x78,0x5f,0x34,0x31,0x2e,0x63,0x61,
    0x6d,0x65,0x72,0x61,0x5f,0x75,0x70,0x2e,0x78,0x79,0x7a,0x3b,0x0a,0x20,0x20,0x7d,
    0x20,0x65,0x6c,0x73,0x65,0x20,0x7b,0x0a,0x20,0x20,0x20,0x20,0x69,0x66,0x20,0x28,
    0x28,0x28,0x2a,0x28,0x70,0x6f,0x73,0x29,0x29,0x2e,0x77,0x20,0x3c,0x20,0x31,0x2e,
    0x35,0x66,0x29,0x29,0x20,0x7b,0x0a,0x20,0x20,0x20,0x20,0x20,0x20,0x72,0x69,0x67,
    0x68,0x74,0x20,0x3d,0x20,0x78,0x5f,0x34,0x31,0x2e,0x75,0x70,0x72,0x69,0x67,0x68,
    0x74,0x2e,0x78,0x79,0x7a,0x3b,0x0a,0x20,0x20,0x20,0x20,0x20,0x20,0x75,0x70,0x20,
    0x3d,0x20,0x76,0x65,0x63,0x33,0x66,0x28,0x30,0x2e,0x30,0x66,0x2c,0x20,0x31,0x2e,
    0x30,0x66,0x2c,0x20,0x30,0x2e,0x30,0x66,0x29,0x3b,0x0a,0x20,0x20,0x20,0x20,0x7d,
    0x0a,0x20,0x20,0x7d,0x0a,0x20,0x20,0x6c,0x65,0x74,0x20,0x78,0x5f,0x31,0x30,0x31,
    0x20,0x3d,0x20,0x28,0x28,0x28,0x2a,0x28,0x70,0x6f,0x73,0x29,0x29,0x2e,0x78,0x79,
    0x7a,0x20,0x2b,0x20,0x28,0x72,0x69,0x67,0x68,0x74,0x20,0x2a,0x20,0x28,0x28,0x28,
    0x28,0x2a,0x28,0x63,0x6f,0x72,0x6e,0x65,0x72,0x29,0x29,0x2e,0x78,0x20,0x2b,0x20,
    0x30,0x2e,0x35,0x66,0x29,0x20,0x2d,0x20,0x28,0x2a,0x28,0x73,0x69,0x7a,0x65,0x29,
    0x29,0x2e,0x7a,0x29,0x20,0x2a,0x20,0x28,0x2a,0x28,0x73,0x69,0x7a,0x65,0x29,0x29,
    0x2e,0x78,0x29,0x29,0x29,0x20,0x2b,0x20,0x28,0x75,0x70,0x20,0x2a,0x20,0x28,0x28,
    0x28,0x28,0x2a,0x28,0x63,0x6f,0x72,0x6e,0x65,0x72,0x29,0x29,0x2e,0x79,0x20,0x2d,
    0x20,0x30,0x2e,0x35,0x66,0x29,0x20,0x2b,0x20,0x28,0x2a,0x28,0x73,0x69,0x7a,0x65,
    0x29,0x29,0x2e,0x77,0x29,0x20,0x2a,0x20,0x28,0x2a,0x28,0x73,0x69,0x7a,0x65,0x29,
    0x29,0x2e,0x79,0x29,0x29,0x29,0x3b,0x0a,0x20,0x20,0x67,0x6c,0x5f,0x50,0x6f,0x73,
    0x69,0x74,0x69,0x6f,0x6e,0x20,0x3d,0x20,0x28,0x78,0x5f,0x34,0x31,0x2e,0x76,0x69,
    0x65,0x77,0x5f,0x70,0x72,0x6f,0x6a,0x20,0x2a,0x20,0x76,0x65,0x63,0x34,0x66,0x28,
    0x78,0x5f,0x31,0x30,0x31,0x2e,0x78,0x2c,0x20,0x78,0x5f,0x31,0x30,0x31,0x2e,0x79,
    0x2c,0x20,0x78,0x5f,0x31,0x30,0x31,0x2e,0x7a,0x2c,0x20,0x31,0x2e,0x30,0x66,0x29,
    0x29,0x3b,0x0a,0x20,0x20,0x75,0x76,0x20,0x3d,0x20,0x76,0x65,0x63,0x32,0x66,0x28,
    0x6d,0x69,0x78,0x28,0x28,0x2a,0x28,0x73,0x6f,0x75,0x72,0x63,0x65,0x29,0x29,0x2e,
    0x78,0x2c,0x20,0x28,0x2a,0x28,0x73,0x6f,0x75,0x72,0x63,0x65,0x29,0x29,0x2e,0x7a,
    0x2c,0x20,0x28,0x28,0x2a,0x28,0x63,0x6f,0x72,0x6e,0x65,0x72,0x29,0x29,0x2e,0x78,
    0x20,0x2b,0x20,0x30,0x2e,0x35,0x66,0x29,0x29,0x2c,0x20,0x6d,0x69,0x78,0x28,0x28,
    0x2a,0x28,0x73,0x6f,0x75,0x72,0x63,0x65,0x29,0x29,0x2e,0x79,0x2c,0x20,0x28,0x2a,
    0x28,0x73,0x6f,0x75,0x72,0x63,0x65,0x29,0x29,0x2e,0x77,0x2c,0x20,0x28,0x30,0x2e,
    0x35,0x66,0x20,0x2d,0x20,0x28,0x2a,0x28,0x63,0x6f,0x72,0x6e,0x65,0x72,0x29,0x29,
    0x2e,0x79,0x29,0x29,0x29,0x3b,0x0a,0x20,0x20,0x63,0x6f,0x6c,0x6f,0x72,0x20,0x3d,
    0x20,0x2a,0x28,0x74,0x69,0x6e,0x74,0x29,0x3b,0x0a,0x20,0x20,0x61,0x6c,0x70,0x68,
    0x61,0x5f,0x6d,0x6f,0x64,0x65,0x20,0x3d,0x20,0x28,0x2a,0x28,0x75,0x70,0x5f,0x61,
    0x78,0x69,0x73,0x29,0x29,0x2e,0x77,0x3b,0x0a,0x20,0x20,0x72,0x65,0x74,0x75,0x72,
    0x6e,0x3b,0x0a,0x7d,0x0a,0x0a,0x66,0x6e,0x20,0x6d,0x61,0x69,0x6e,0x5f,0x31,0x28,
    0x29,0x20,0x7b,0x0a,0x20,0x20,0x76,0x61,0x72,0x20,0x70,0x61,0x72,0x61,0x6d,0x20,
    0x3a,0x20,0x76,0x65,0x63,0x32,0x66,0x3b,0x0a,0x20,0x20,0x76,0x61,0x72,0x20,0x70,
    0x61,0x72,0x61,0x6d,0x5f,0x31,0x20,0x3a,0x20,0x76,0x65,0x63,0x34,0x66,0x3b,0x0a,
    0x20,0x20,0x76,0x61,0x72,0x20,0x70,0x61,0x72,0x61,0x6d,0x5f,0x32,0x20,0x3a,0x20,
    0x76,0x65,0x63,0x34,0x66,0x3b,0x0a,0x20,0x20,0x76,0x61,0x72,0x20,0x70,0x61,0x72,
    0x61,0x6d,0x5f,0x33,0x20,0x3a,0x20,0x76,0x65,0x63,0x34,0x66,0x3b,0x0a,0x20,0x20,
    0x76,0x61,0x72,0x20,0x70,0x61,0x72,0x61,0x6d,0x5f,0x34,0x20,0x3a,0x20,0x76,0x65,
    0x63,0x33,0x66,0x3b,0x0a,0x20,0x20,0x76,0x61,0x72,0x20,0x70,0x61,0x72,0x61,0x6d,
    0x5f,0x35,0x20,0x3a,0x20,0x76,0x65,0x63,0x34,0x66,0x3b,0x0a,0x20,0x20,0x76,0x61,
    0x72,0x20,0x70,0x61,0x72,0x61,0x6d,0x5f,0x36,0x20,0x3a,0x20,0x76,0x65,0x63,0x34,
    0x66,0x3b,0x0a,0x20,0x20,0x70,0x61,0x72,0x61,0x6d,0x20,0x3d,0x20,0x63,0x6f,0x72,
    0x6e,0x65,0x72,0x5f,0x31,0x3b,0x0a,0x20,0x20,0x70,0x61,0x72,0x61,0x6d,0x5f,0x31,
    0x20,0x3d,0x20,0x69,0x6e,0x73,0x74,0x5f,0x70,0x6f,0x73,0x3b,0x0a,0x20,0x20,0x70,
    0x61,0x72,0x61,0x6d,0x5f,0x32,0x20,0x3d,0x20,0x69,0x6e,0x73,0x74,0x5f,0x73,0x69,
    0x7a,0x65,0x3b,0x0a,0x20,0x20,0x70,0x61,0x72,0x61,0x6d,0x5f,0x33,0x20,0x3d,0x20,
    0x69,0x6e,0x73,0x74,0x5f,0x75,0x76,0x3b,0x0a,0x20,0x20,0x70,0x61,0x72,0x61,0x6d,
    0x5f,0x34,0x20,0x3d,0x20,0x69,0x6e,0x73,0x74,0x5f,0x72,0x69,0x67,0x68,0x74,0x3b,
    0x0a,0x20,0x20,0x70,0x61,0x72,0x61,0x6d,0x5f,0x35,0x20,0x3d,0x20,0x69,0x6e,0x73,
    0x74,0x5f,0x75,0x70,0x3b,0x0a,0x20,0x20,0x70,0x61,0x72,0x61,0x6d,0x5f,0x36,0x20,
    0x3d,0x20,0x69,0x6e,0x73,0x74,0x5f,0x63,0x6f,0x6c,0x6f,0x72,0x3b,0x0a,0x20,0x20,
    0x70,0x6c,0x61,0x63,0x65,0x5f,0x76,0x66,0x32,0x5f,0x76,0x66,0x34,0x5f,0x76,0x66,
    0x34,0x5f,0x76,0x66,0x34,0x5f,0x76,0x66,0x33,0x5f,0x76,0x66,0x34,0x5f,0x76,0x66,
    0x34,0x5f,0x28,0x26,0x28,0x70,0x61,0x72,0x61,0x6d,0x29,0x2c,0x20,0x26,0x28,0x70,
    0x61,0x72,0x61,0x6d,0x5f,0x31,0x29,0x2c,0x20,0x26,0x28,0x70,0x61,0x72,0x61,0x6d,
    0x5f,0x32,0x29,0x2c,0x20,0x26,0x28,0x70,0x61,0x72,0x61,0x6d,0x5f,0x33,0x29,0x2c,
    0x20,0x26,0x28,0x70,0x61,0x72,0x61,0x6d,0x5f,0x34,0x29,0x2c,0x20,0x26,0x28,0x70,
    0x61,0x72,0x61,0x6d,0x5f,0x35,0x29,0x2c,0x20,0x26,0x28,0x70,0x61,0x72,0x61,0x6d,
    0x5f,0x36,0x29,0x29,0x3b,0x0a,0x20,0x20,0x72,0x65,0x74,0x75,0x72,0x6e,0x3b,0x0a,
    0x7d,0x0a,0x0a,0x73,0x74,0x72,0x75,0x63,0x74,0x20,0x6d,0x61,0x69,0x6e,0x5f,0x6f,
    0x75,0x74,0x20,0x7b,0x0a,0x20,0x20,0x40,0x62,0x75,0x69,0x6c,0x74,0x69,0x6e,0x28,
    0x70,0x6f,0x73,0x69,0x74,0x69,0x6f,0x6e,0x29,0x0a,0x20,0x20,0x67,0x6c,0x5f,0x50,
    0x6f,0x73,0x69,0x74,0x69,0x6f,0x6e,0x20,0x3a,0x20,0x76,0x65,0x63,0x34,0x66,0x2c,
    0x0a,0x20,0x20,0x40,0x6c,0x6f,0x63,0x61,0x74,0x69,0x6f,0x6e,0x28,0x30,0x29,0x0a,
    0x20,0x20,0x75,0x76,0x5f,0x31,0x20,0x3a,0x20,0x76,0x65,0x63,0x32,0x66,0x2c,0x0a,
    0x20,0x20,0x40,0x6c,0x6f,0x63,0x61,0x74,0x69,0x6f,0x6e,0x28,0x31,0x29,0x0a,0x20,
    0x20,0x63,0x6f,0x6c,0x6f,0x72,0x5f,0x31,0x20,0x3a,0x20,0x76,0x65,0x63,0x34,0x66,
    0x2c,0x0a,0x20,0x20,0x40,0x6c,0x6f,0x63,0x61,0x74,0x69,0x6f,0x6e,0x28,0x32,0x29,
    0x0a,0x20,0x20,0x61,0x6c,0x70,0x68,0x61,0x5f,0x6d,0x6f,0x64,0x65,0x5f,0x31,0x20,
    0x3a,0x20,0x66,0x33,0x32,0x2c,0x0a,0x7d,0x0a,0x0a,0x40,0x76,0x65,0x72,0x74,0x65,
    0x78,0x0a,0x66,0x6e,0x20,0x6d,0x61,0x69,0x6e,0x28,0x40,0x6c,0x6f,0x63,0x61,0x74,
    0x69,0x6f,0x6e,0x28,0x30,0x29,0x20,0x63,0x6f,0x72,0x6e,0x65,0x72,0x5f,0x31,0x5f,
    0x70,0x61,0x72,0x61,0x6d,0x20,0x3a,0x20,0x76,0x65,0x63,0x32,0x66,0x2c,0x20,0x40,
    0x6c,0x6f,0x63,0x61,0x74,0x69,0x6f,0x6e,0x28,0x31,0x29,0x20,0x69,0x6e,0x73,0x74,
    0x5f,0x70,0x6f,0x73,0x5f,0x70,0x61,0x72,0x61,0x6d,0x20,0x3a,0x20,0x76,0x65,0x63,
    0x34,0x66,0x2c,0x20,0x40,0x6c,0x6f,0x63,0x61,0x74,0x69,0x6f,0x6e,0x28,0x32,0x29,
    0x20,0x69,0x6e,0x73,0x74,0x5f,0x73,0x69,0x7a,0x65,0x5f,0x70,0x61,0x72,0x61,0x6d,
    0x20,0x3a,0x20,0x76,0x65,0x63,0x34,0x66,0x2c,0x20,0x40,0x6c,0x6f,0x63,0x61,0x74,
    0x69,0x6f,0x6e,0x28,0x33,0x29,0x20,0x69,0x6e,0x73,0x74,0x5f,0x75,0x76,0x5f,0x70,
    0x61,0x72,0x61,0x6d,0x20,0x3a,0x20,0x76,0x65,0x63,0x34,0x66,0x2c,0x20,0x40,0x6c,
    0x6f,0x63,0x61,0x74,0x69,0x6f,0x6e,0x28,0x34,0x29,0x20,0x69,0x6e,0x73,0x74,0x5f,
    0x72,0x69,0x67,0x68,0x74,0x5f,0x70,0x61,0x72,0x61,0x6d,0x20,0x3a,0x20,0x76,0x65,
    0x63,0x33,0x66,0x2c,0x20,0x40,0x6c,0x6f,0x63,0x61,0x74,0x69,0x6f,0x6e,0x28,0x35,
    0x29,0x20,0x69,0x6e,0x73,0x74,0x5f,0x75,0x70,0x5f,0x70,0x61,0x72,0x61,0x6d,0x20,
    0x3a,0x20,0x76,0x65,0x63,0x34,0x66,0x2c,0x20,0x40,0x6c,0x6f,0x63,0x61,0x74,0x69,
    0x6f,0x6e,0x28,0x36,0x29,0x20,0x69,0x6e,0x73,0x74,0x5f,0x63,0x6f,0x6c,0x6f,0x72,
    0x5f,0x70,0x61,0x72,0x61,0x6d,0x20,0x3a,0x20,0x76,0x65,0x63,0x34,0x66,0x29,0x20,
    0x2d,0x3e,0x20,0x6d,0x61,0x69,0x6e,0x5f,0x6f,0x75,0x74,0x20,0x7b,0x0a,0x20,0x20,
    0x63,0x6f,0x72,0x6e,0x65,0x72,0x5f,0x31,0x20,0x3d,0x20,0x63,0x6f,0x72,0x6e,0x65,
    0x72,0x5f,0x31,0x5f,0x70,0x61,0x72,0x61,0x6d,0x3b,0x0a,0x20,0x20,0x69,0x6e,0x73,
    0x74,0x5f,0x70,0x6f,0x73,0x20,0x3d,0x20,0x69,0x6e,0x73,0x74,0x5f,0x70,0x6f,0x73,
    0x5f,0x70,0x61,0x72,0x61,0x6d,0x3b,0x0a,0x20,0x20,0x69,0x6e,0x73,0x74,0x5f,0x73,
    0x69,0x7a,0x65,0x20,0x3d,0x20,0x69,0x6e,0x73,0x74,0x5f,0x73,0x69,0x7a,0x65,0x5f,
    0x70,0x61,0x72,0x61,0x6d,0x3b,0x0a,0x20,0x20,0x69,0x6e,0x73,0x74,0x5f,0x75,0x76,
    0x20,0x3d,0x20,0x69,0x6e,0x73,0x74,0x5f,0x75,0x76,0x5f,0x70,0x61,0x72,0x61,0x6d,
    0x3b,0x0a,0x20,0x20,0x69,0x6e,0x73,0x74,0x5f,0x72,0x69,0x67,0x68,0x74,0x20,0x3d,
    0x20,0x69,0x6e,0x73,0x74,0x5f,0x72,0x69,0x67,0x68,0x74,0x5f,0x70,0x61,0x72,0x61,
    0x6d,0x3b,0x0a,0x20,0x20,0x69,0x6e,0x73,0x74,0x5f,0x75,0x70,0x20,0x3d,0x20,0x69,
    0x6e,0x73,0x74,0x5f,0x75,0x70,0x5f,0x70,0x61,0x72,0x61,0x6d,0x3b,0x0a,0x20,0x20,
    0x69,0x6e,0x73,0x74,0x5f,0x63,0x6f,0x6c,0x6f,0x72,0x20,0x3d,0x20,0x69,0x6e,0x73,
    0x74,0x5f,0x63,0x6f,0x6c,0x6f,0x72,0x5f,0x70,0x61,0x72,0x61,0x6d,0x3b,0x0a,0x20,
    0x20,0x6d,0x61,0x69,0x6e,0x5f,0x31,0x28,0x29,0x3b,0x0a,0x20,0x20,0x72,0x65,0x74,
    0x75,0x72,0x6e,0x20,0x6d,0x61,0x69,0x6e,0x5f,0x6f,0x75,0x74,0x28,0x67,0x6c,0x5f,
    0x50,0x6f,0x73,0x69,0x74,0x69,0x6f,0x6e,0x2c,0x20,0x75,0x76,0x2c,0x20,0x63,0x6f,
    0x6c,0x6f,0x72,0x2c,0x20,0x61,0x6c,0x70,0x68,0x61,0x5f,0x6d,0x6f,0x64,0x65,0x29,
    0x3b,0x0a,0x7d,0x0a,0x00,
};
#endif
/*
    diagnostic(off, derivative_uniformity);

    struct vs_params {
      /_ @offset(0) _/
      view_proj : mat4x4f,
      /_ @offset(64) _/
      camera_right : vec4f,
      /_ @offset(80) _/
      camera_up : vec4f,
      /_ @offset(96) _/
      upright : vec4f,
    }

    struct vs_batch {
      /_ @offset(0) _/
      batch : vec4f,
    }

    @binding(0) @group(0) var<uniform> x_48 : vs_params;

    var<private> uv : vec2f;

    var<private> color : vec4f;

    var<private> alpha_mode : f32;

    @binding(1) @group(1) var sprite_data : texture_2d<f32>;

    @binding(33) @group(1) var sprite_data_smp : sampler;

    @binding(1) @group(0) var<uniform> x_177 : vs_batch;

    var<private> gl_InstanceIndex : i32;

    var<private> corner_1 : vec2f;

    var<private> gl_Position : vec4f;

    fn texel_i1_i1_(sprite : ptr<function, i32>, k : ptr<function, i32>) -> vec4f {
      let x_171 = textureLoad(sprite_data, vec2i((((*(sprite) % 256i) * 6i) + *(k)), (*(sprite) / 256i)), 0i);
      return x_171;
    }

    fn place_vf2_vf4_vf4_vf4_vf3_vf4_vf4_(corner : ptr<function, vec2f>, pos : ptr<function, vec4f>, size : ptr<function, vec4f>, source : ptr<function, vec4f>, right_axis : ptr<function, vec3f>, up_axis : ptr<function, vec4f>, tint : ptr<function, vec4f>) {
      var right : vec3f;
      var up : vec3f;
      right = *(right_axis);
      up = (*(up_axis)).xyz;
      if (((*(pos)).w < 0.5f)) {
        right = x_48.camera_right.xyz;
        up = x_48.camera_up.xyz;
      } else {
        if (((*(pos)).w < 1.5f)) {
          right = x_48.upright.xyz;
          up = vec3f(0.0f, 1.0f, 0.0f);
        }
      }
      let x_107 = (((*(pos)).xyz + (right * ((((*(corner)).x + 0.5f) - (*(size)).z) * (*(size)).x))) + (up * ((((*(corner)).y - 0.5f) + (*(size)).w) * (*(size)).y)));
      gl_Position = (x_48.view_proj * vec4f(x_107.x, x_107.y, x_107.z, 1.0f));
      uv = vec2f(mix((*(source)).x, (*(source)).z, ((*(corner)).x + 0.5f)), mix((*(source)).y, (*(source)).w, (0.5f - (*(corner)).y)));
      color = *(tint);
      alpha_mode = (*(up_axis)).w;
      return;
    }

    fn main_1() {
      var param : i32;
      var param_1 : i32;
      var param_2 : i32;
      var param_3 : i32;
      var param_4 : i32;
      var param_5 : i32;
      var param_6 : i32;
      var param_7 : i32;
      var param_8 : i32;
      var param_9 : i32;
      var param_10 : i32;
      var param_11 : i32;
      var param_12 : vec2f;
      var param_13 : vec4f;
      var param_14 : vec4f;
      var param_15 : vec4f;
      var param_16 : vec3f;
      var param_17 : vec4f;
      var param_18 : vec4f;
      let x_185 = (i32(x_177.batch.x) + gl_InstanceIndex);
      param = x_185;
      param_1 = 0i;
      let x_191 = texel_i1_i1_(&(param), &(param_1));
      param_2 = x_185;
      param_3 = 1i;
      let x_195 = texel_i1_i1_(&(param_2), &(param_3));
      param_4 = x_185;
      param_5 = 2i;
      let x_199 = texel_i1_i1_(&(param_4), &(param_5));
      param_6 = x_185;
      param_7 = 3i;
      let x_203 = texel_i1_i1_(&(param_6), &(param_7));
      param_8 = x_185;
      param_9 = 4i;
      let x_208 = texel_i1_i1_(&(param_8), &(param_9));
      param_10 = x_185;
      param_11 = 5i;
      let x_213 = texel_i1_i1_(&(param_10), &(param_11));
      param_12 = corner_1;
      param_13 = x_191;
      param_14 = x_195;
      param_15 = x_199;
      param_16 = x_203.xyz;
      param_17 = x_208;
      param_18 = x_213;
      place_vf2_vf4_vf4_vf4_vf3_vf4_vf4_(&(param_12), &(param_13), &(param_14), &(param_15), &(param_16), &(param_17), &(param_18));
      return;
    }

    struct main_out {
      @builtin(position)
      gl_Position : vec4f,
      @location(0)
      uv_1 : vec2f,
      @location(1)
      color_1 : vec4f,
      @location(2)
      alpha_mode_1 : f32,
    }

    @vertex
    fn main(@builtin(instance_index) gl_InstanceIndex_param : u32, @location(0) corner_1_param : vec2f) -> main_out {
      gl_InstanceIndex = bitcast<i32>(gl_InstanceIndex_param);
      corner_1 = corner_1_param;
      main_1();
      return main_out(gl_Position, uv, color, alpha_mode);
    }
*/
#if defined(SOKOL_WGPU)
static const uint8_t sprite_vs_pulled_source_wgsl[3642] = {
    0x64,0x69,0x61,0x67,0x6e,0x6f,0x73,0x74,0x69,0x63,0x28,0x6f,0x66,0x66,0x2c,0x20,
    0x64,0x65,0x72,0x69,0x76,0x61,0x74,0x69,0x76,0x65,0x5f,0x75,0x6e,0x69,0x66,0x6f,
    0x72,0x6d,0x69,0x74,0x79,0x29,0x3b,0x0a,0x0a,0x73,0x74,0x72,0x75,0x63,0x74,0x20,
    0x76,0x73,0x5f,0x70,0x61,0x72,0x61,0x6d,0x73,0x20,0x7b,0x0a,0x20,0x20,0x2f,0x2a,
    0x20,0x40,0x6f,0x66,0x66,0x73,0x65,0x74,0x28,0x30,0x29,0x20,0x2a,0x2f,0x0a,0x20,
    0x20,0x76,0x69,0x65,0x77,0x5f,0x70,0x72,0x6f,0x6a,0x20,0x3a,0x20,0x6d,0x61,0x74,
    0x34,0x78,0x34,0x66,0x2c,0x0a,0x20,0x20,0x2f,0x2a,0x20,0x40,0x6f,0x66,0x66,0x73,
    0x65,0x74,0x28,0x36,0x34,0x29,0x20,0x2a,0x2f,0x0a,0x20,0x20,0x63,0x61,0x6d,0x65,
    0x72,0x61,0x5f,0x72,0x69,0x67,0x68,0x74,0x20,0x3a,0x20,0x76,0x65,0x63,0x34,0x66,
    0x2c,0x0a,0x20,0x20,0x2f,0x2a,0x20,0x40,0x6f,0x66,0x66,0x73,0x65,0x74,0x28,0x38,
    0x30,0x29,0x20,0x2a,0x2f,0x0a,0x20,0x20,0x63,0x61,0x6d,0x65,0x72,0x61,0x5f,0x75,
    0x70,0x20,0x3a,0x20,0x76,0x65,0x63,0x34,0x66,0x2c,0x0a,0x20,0x20,0x2f,0x2a,0x20,
    0x40,0x6f,0x66,0x66,0x73,0x65,0x74,0x28,0x39,0x36,0x29,0x20,0x2a,0x2f,0x0a,0x20,
    0x20,0x75,0x70,0x72,0x69,0x67,0x68,0x74,0x20,0x3a,0x20,0x76,0x65,0x63,0x34,0x66,
    0x2c,0x0a,0x7d,0x0a,0x0a,0x73,0x74,0x72,0x75,0x63,0x74,0x20,0x76,0x73,0x5f,0x62,
    0x61,0x74,0x63,0x68,0x20,0x7b,0x0a,0x20,0x20,0x2f,0x2a,0x20,0x40,0x6f,0x66,0x66,
    0x73,0x65,0x74,0x28,0x30,0x29,0x20,0x2a,0x2f,0x0a,0x20,0x20,0x62,0x61,0x74,0x63,
    0x68,0x20,0x3a,0x20,0x76,0x65,0x63,0x34,0x66,0x2c,0x0a,0x7d,0x0a,0x0a,0x40,0x62,
    0x69,0x6e,0x64,0x69,0x6e,0x67,0x28,0x30,0x29,0x20,0x40,0x67,0x72,0x6f,0x75,0x70,
    0x28,0x30,0x29,0x20,0x76,0x61,0x72,0x3c,0x75,0x6e,0x69,0x66,0x6f,0x72,0x6d,0x3e,
    0x20,0x78,0x5f,0x34,0x38,0x20,0x3a,0x20,0x76,0x73,0x5f,0x70,0x61,0x72,0x61,0x6d,
    0x73,0x3b,0x0a,0x0a,0x76,0x61,0x72,0x3c,0x70,0x72,0x69,0x76,0x61,0x74,0x65,0x3e,
    0x20,0x75,0x76,0x20,0x3a,0x20,0x76,0x65,0x63,0x32,0x66,0x3b,0x0a,0x0a,0x76,0x61,
    0x72,0x3c,0x70,0x72,0x69,0x76,0x61,0x74,0x65,0x3e,0x20,0x63,0x6f,0x6c,0x6f,0x72,
    0x20,0x3a,0x20,0x76,0x65,0x63,0x34,0x66,0x3b,0x0a,0x0a,0x76,0x61,0x72,0x3c,0x70,
    0x72,0x69,0x76,0x61,0x74,0x65,0x3e,0x20,0x61,0x6c,0x70,0x68,0x61,0x5f,0x6d,0x6f,
    0x64,0x65,0x20,0x3a,0x20,0x66,0x33,0x32,0x3b,0x0a,0x0a,0x40,0x62,0x69,0x6e,0x64,
    0x69,0x6e,0x67,0x28,0x31,0x29,0x20,0x40,0x67,0x72,0x6f,0x75,0x70,0x28,0x31,0x29,
    0x20,0x76,0x61,0x72,0x20,0x73,0x70,0x72,0x69,0x74,0x65,0x5f,0x64,0x61,0x74,0x61,
    0x20,0x3a,0x20,0x74,0x65,0x78,0x74,0x75,0x72,0x65,0x5f,0x32,0x64,0x3c,0x66,0x33,
    0x32,0x3e,0x3b,0x0a,0x0a,0x40,0x62,0x69,0x6e,0x64,0x69,0x6e,0x67,0x28,0x33,0x33,
    0x29,0x20,0x40,0x67,0x72,0x6f,0x75,0x70,0x28,0x31,0x29,0x20,0x76,0x61,0x72,0x20,
    0x73,0x70,0x72,0x69,0x74,0x65,0x5f,0x64,0x61,0x74,0x61,0x5f,0x73,0x6d,0x70,0x20,
    0x3a,0x20,0x73,0x61,0x6d,0x70,0x6c,0x65,0x72,0x3b,0x0a,0x0a,0x40,0x62,0x69,0x6e,
    0x64,0x69,0x6e,0x67,0x28,0x31,0x29,0x20,0x40,0x67,0x72,0x6f,0x75,0x70,0x28,0x30,
    0x29,0x20,0x76,0x61,0x72,0x3c,0x75,0x6e,0x69,0x66,0x6f,0x72,0x6d,0x3e,0x20,0x78,
    0x5f,0x31,0x37,0x37,0x20,0x3a,0x20,0x76,0x73,0x5f,0x62,0x61,0x74,0x63,0x68,0x3b,
    0x0a,0x0a,0x76,0x61,0x72,0x3c,0x70,0x72,0x69,0x76,0x61,0x74,0x65,0x3e,0x20,0x67,
    0x6c,0x5f,0x49,0x6e,0x73,0x74,0x61,0x6e,0x63,0x65,0x49,0x6e,0x64,0x65,0x78,0x20,
    0x3a,0x20,0x69,0x33,0x32,0x3b,0x0a,0x0a,0x76,0x61,0x72,0x3c,0x70,0x72,0x69,0x76,
    0x61,0x74,0x65,0x3e,0x20,0x63,0x6f,0x72,0x6e,0x65,0x72,0x5f,0x31,0x20,0x3a,0x20,
    0x76,0x65,0x63,0x32,0x66,0x3b,0x0a,0x0a,0x76,0x61,0x72,0x3c,0x70,0x72,0x69,0x76,
    0x61,0x74,0x65,0x3e,0x20,0x67,0x6c,0x5f,0x50,0x6f,0x73,0x69,0x74,0x69,0x6f,0x6e,
    0x20,0x3a,0x20,0x76,0x65,0x63,0x34,0x66,0x3b,0x0a,0x0a,0x66,0x6e,0x20,0x74,0x65,
    0x78,0x65,0x6c,0x5f,0x69,0x31,0x5f,0x69,0x31,0x5f,0x28,0x73,0x70,0x72,0x69,0x74,
    0x65,0x20,0x3a,0x20,0x70,0x74,0x72,0x3c,0x66,0x75,0x6e,0x63,0x74,0x69,0x6f,0x6e,
    0x2c,0x20,0x69,0x33,0x32,0x3e,0x2c,0x20,0x6b,0x20,0x3a,0x20,0x70,0x74,0x72,0x3c,
    0x66,0x75,0x6e,0x63,0x74,0x69,0x6f,0x6e,0x2c,0x20,0x69,0x33,0x32,0x3e,0x29,0x20,
    0x2d,0x3e,0x20,0x76,0x65,0x63,0x34,0x66,0x20,0x7b,0x0a,0x20,0x20,0x6c,0x65,0x74,
    0x20,0x78,0x5f,0x31,0x37,0x31,0x20,0x3d,0x20,0x74,0x65,0x78,0x74,0x75,0x72,0x65,
    0x4c,0x6f,0x61,0x64,0x28,0x73,0x70,0x72,0x69,0x74,0x65,0x5f,0x64,0x61,0x74,0x61,
    0x2c,0x20,0x76,0x65,0x63,0x32,0x69,0x28,0x28,0x28,0x28,0x2a,0x28,0x73,0x70,0x72,
    0x69,0x74,0x65,0x29,0x20,0x25,0x20,0x32,0x35,0x36,0x69,0x29,0x20,0x2a,0x20,0x36,
    0x69,0x29,0x20,0x2b,0x20,0x2a,0x28,0x6b,0x29,0x29,0x2c,0x20,0x28,0x2a,0x28,0x73,
    0x70,0x72,0x69,0x74,0x65,0x29,0x20,0x2f,0x20,0x32,0x35,0x36,0x69,0x29,0x29,0x2c,
    0x20,0x30,0x69,0x29,0x3b,0x0a,0x20,0x20,0x72,0x65,0x74,0x75,0x72,0x6e,0x20,0x78,
    0x5f,0x31,0x37,0x31,0x3b,0x0a,0x7d,0x0a,0x0a,0x66,0x6e,0x20,0x70,0x6c,0x61,0x63,
    0x65,0x5f,0x76,0x66,0x32,0x5f,0x76,0x66,0x34,0x5f,0x76,0x66,0x34,0x5f,0x76,0x66,
    0x34,0x5f,0x76,0x66,0x33,0x5f,0x76,0x66,0x34,0x5f,0x76,0x66,0x34,0x5f,0x28,0x63,
    0x6f,0x72,0x6e,0x65,0x72,0x20,0x3a,0x20,0x70,0x74,0x72,0x3c,0x66,0x75,0x6e,0x63,
    0x74,0x69,0x6f,0x6e,0x2c,0x20,0x76,0x65,0x63,0x32,0x66,0x3e,0x2c,0x20,0x70,0x6f,
    0x73,0x20,0x3a,0x20,0x70,0x74,0x72,0x3c,0x66,0x75,0x6e,0x63,0x74,0x69,0x6f,0x6e,
    0x2c,0x20,0x76,0x65,0x63,0x34,0x66,0x3e,0x2c,0x20,0x73,0x69,0x7a,0x65,0x20,0x3a,
    0x20,0x70,0x74,0x72,0x3c,0x66,0x75,0x6e,0x63,0x74,0x69,0x6f,0x6e,0x2c,0x20,0x76,
    0x65,0x63,0x34,0x66,0x3e,0x2c,0x20,0x73,0x6f,0x75,0x72,0x63,0x65,0x20,0x3a,0x20,
    0x70,0x74,0x72,0x3c,0x66,0x75,0x6e,0x63,0x74,0x69,0x6f,0x6e,0x2c,0x20,0x76,0x65,
    0x63,0x34,0x66,0x3e,0x2c,0x20,0x72,0x69,0x67,0x68,0x74,0x5f,0x61,0x78,0x69,0x73,
    0x20,0x3a,0x20,0x70,0x74,0x72,0x3c,0x66,0x75,0x6e,0x63,0x74,0x69,0x6f,0x6e,0x2c,
    0x20,0x76,0x65,0x63,0x33,0x66,0x3e,0x2c,0x20,0x75,0x70,0x5f,0x61,0x78,0x69,0x73,
    0x20,0x3a,0x20,0x70,0x74,0x72,0x3c,0x66,0x75,0x6e,0x63,0x74,0x69,0x6f,0x6e,0x2c,
    0x20,0x76,0x65,0x63,0x34,0x66,0x3e,0x2c,0x20,0x74,0x69,0x6e,0x74,0x20,0x3a,0x20,
    0x70,0x74,0x72,0x3c,0x66,0x75,0x6e,0x63,0x74,0x69,0x6f,0x6e,0x2c,0x20,0x76,0x65,
    0x63,0x34,0x66,0x3e,0x29,0x20,0x7b,0x0a,0x20,0x20,0x76,0x61,0x72,0x20,0x72,0x69,
    0x67,0x68,0x74,0x20,0x3a,0x20,0x76,0x65,0x63,0x33,0x66,0x3b,0x0a,0x20,0x20,0x76,
    0x61,0x72,0x20,0x75,0x70,0x20,0x3a,0x20,0x76,0x65,0x63,0x33,0x66,0x3b,0x0a,0x20,
    0x20,0x72,0x69,0x67,0x68,0x74,0x20,0x3d,0x20,0x2a,0x28,0x72,0x69,0x67,0x68,0x74,
    0x5f,0x61,0x78,0x69,0x73,0x29,0x3b,0x0a,0x20,0x20,0x75,0x70,0x20,0x3d,0x20,0x28,
    0x2a,0x28,0x75,0x70,0x5f,0x61,0x78,0x69,0x73,0x29,0x29,0x2e,0x78,0x79,0x7a,0x3b,
    0x0a,0x20,0x20,0x69,0x66,0x20,0x28,0x28,0x28,0x2a,0x28,0x70,0x6f,0x73,0x29,0x29,
    0x2e,0x77,0x20,0x3c,0x20,0x30,0x2e,0x35,0x66,0x29,0x29,0x20,0x7b,0x0a,0x20,0x20,
    0x20,0x20,0x72,0x69,0x67,0x68,0x74,0x20,0x3d,0x20,0x78,0x5f,0x34,0x38,0x2e,0x63,
    0x61,0x6d,0x65,0x72,0x61,0x5f,0x72,0x69,0x67,0x68,0x74,0x2e,0x78,0x79,0x7a,0x3b,
    0x0a,0x20,0x20,0x20,0x20,0x75,0x70,0x20,0x3d,0x20,0x78,0x5f,0x34,0x38,0x2e,0x63,
    0x61,0x6d,0x65,0x72,0x61,0x5f,0x75,0x70,0x2e,0x78,0x79,0x7a,0x3b,0x0a,0x20,0x20,
    0x7d,0x20,0x65,0x6c,0x73,0x65,0x20,0x7b,0x0a,0x20,0x20,0x20,0x20,0x69,0x66,0x20,
    0x28,0x28,0x28,0x2a,0x28,0x70,0x6f,0x73,0x29,0x29,0x2e,0x77,0x20,0x3c,0x20,0x31,
    0x2e,0x35,0x66,0x29,0x29,0x20,0x7b,0x0a,0x20,0x20,0x20,0x20,0x20,0x20,0x72,0x69,
    0x67,0x68,0x74,0x20,0x3d,0x20,0x78,0x5f,0x34,0x38,0x2e,0x75,0x70,0x72,0x69,0x67,
    0x68,0x74,0x2e,0x78,0x79,0x7a,0x3b,0x0a,0x20,0x20,0x20,0x20,0x20,0x20,0x75,0x70,
    0x20,0x3d,0x20,0x76,0x65,0x63,0x33,0x66,0x28,0x30,0x2e,0x30,0x66,0x2c,0x20,0x31,
    0x2e,0x30,0x66,0x2c,0x20,0x30,0x2e,0x30,0x66,0x29,0x3b,0x0a,0x20,0x20,0x20,0x20,
    0x7d,0x0a,0x20,0x20,0x7d,0x0a,0x20,0x20,0x6c,0x65,0x74,0x20,0x78,0x5f,0x31,0x30,
    0x37,0x20,0x3d,0x20,0x28,0x28,0x28,0x2a,0x28,0x70,0x6f,0x73,0x29,0x29,0x2e,0x78,
    0x79,0x7a,0x20,0x2b,0x20,0x28,0x72,0x69,0x67,0x68,0x74,0x20,0x2a,0x20,0x28,0x28,
    0x28,0x28,0x2a,0x28,0x63,0x6f,0x72,0x6e,0x65,0x72,0x29,0x29,0x2e,0x78,0x20,0x2b,
    0x20,0x30,0x2e,0x35,0x66,0x29,0x20,0x2d,0x20,0x28,0x2a,0x28,0x73,0x69,0x7a,0x65,
    0x29,0x29,0x2e,0x7a,0x29,0x20,0x2a,0x20,0x28,0x2a,0x28,0x73,0x69,0x7a,0x65,0x29,
    0x29,0x2e,0x78,0x29,0x29,0x29,0x20,0x2b,0x20,0x28,0x75,0x70,0x20,0x2a,0x20,0x28,
    0x28,0x28,0x28,0x2a,0x28,0x63,0x6f,0x72,0x6e,0x65,0x72,0x29,0x29,0x2e,0x79,0x20,
    0x2d,0x20,0x30,0x2e,0x35,0x66,0x29,0x20,0x2b,0x20,0x28,0x2a,0x28,0x73,0x69,0x7a,
    0x65,0x29,0x29,0x2e,0x77,0x29,0x20,0x2a,0x20,0x28,0x2a,0x28,0x73,0x69,0x7a,0x65,
    0x29,0x29,0x2e,0x79,0x29,0x29,0x29,0x3b,0x0a,0x20,0x20,0x67,0x6c,0x5f,0x50,0x6f,
    0x73,0x69,0x74,0x69,0x6f,0x6e,0x20,0x3d,0x20,0x28,0x78,0x5f,0x34,0x38,0x2e,0x76,
    0x69,0x65,0x77,0x5f,0x70,0x72,0x6f,0x6a,0x20,0x2a,0x20,0x76,0x65,0x63,0x34,0x66,
    0x28,0x78,0x5f,0x31,0x30,0x37,0x2e,0x78,0x2c,0x20,0x78,0x5f,0x31,0x30,0x37,0x2e,
    0x79,0x2c,0x20,0x78,0x5f,0x31,0x30,0x37,0x2e,0x7a,0x2c,0x20,0x31,0x2e,0x30,0x66,
    0x29,0x29,0x3b,0x0a,0x20,0x20,0x75,0x76,0x20,0x3d,0x20,0x76,0x65,0x63,0x32,0x66,
    0x28,0x6d,0x69,0x78,0x28,0x28,0x2a,0x28,0x73,0x6f,0x75,0x72,0x63,0x65,0x29,0x29,
    0x2e,0x78,0x2c,0x20,0x28,0x2a,0x28,0x73,0x6f,0x75,0x72,0x63,0x65,0x29,0x29,0x2e,
    0x7a,0x2c,0x20,0x28,0x28,0x2a,0x28,0x63,0x6f,0x72,0x6e,0x65,0x72,0x29,0x29,0x2e,
    0x78,0x20,0x2b,0x20,0x30,0x2e,0x35,0x66,0x29,0x29,0x2c,0x20,0x6d,0x69,0x78,0x28,
    0x28,0x2a,0x28,0x73,0x6f,0x75,0x72,0x63,0x65,0x29,0x29,0x2e,0x79,0x2c,0x20,0x28,
    0x2a,0x28,0x73,0x6f,0x75,0x72,0x63,0x65,0x29,0x29,0x2e,0x77,0x2c,0x20,0x28,0x30,
    0x2e,0x35,0x66,0x20,0x2d,0x20,0x28,0x2a,0x28,0x63,0x6f,0x72,0x6e,0x65,0x72,0x29,
    0x29,0x2e,0x79,0x29,0x29,0x29,0x3b,0x0a,0x20,0x20,0x63,0x6f,0x6c,0x6f,0x72,0x20,
    0x3d,0x20,0x2a,0x28,0x74,0x69,0x6e,0x74,0x29,0x3b,0x0a,0x20,0x20,0x61,0x6c,0x70,
    0x68,0x61,0x5f,0x6d,0x6f,0x64,0x65,0x20,0x3d,0x20,0x28,0x2a,0x28,0x75,0x70,0x5f,
    0x61,0x78,0x69,0x73,0x29,0x29,0x2e,0x77,0x3b,0x0a,0x20,0x20,0x72,0x65,0x74,0x75,
    0x72,0x6e,0x3b,0x0a,0x7d,0x0a,0x0a,0x66,0x6e,0x20,0x6d,0x61,0x69,0x6e,0x5f,0x31,
    0x28,0x29,0x20,0x7b,0x0a,0x20,0x20,0x76,0x61,0x72,0x20,0x70,0x61,0x72,0x61,0x6d,
    0x20,0x3a,0x20,0x69,0x33,0x32,0x3b,0x0a,0x20,0x20,0x76,0x61,0x72,0x20,0x70,0x61,
    0x72,0x61,0x6d,0x5f,0x31,0x20,0x3a,0x20,0x69,0x33,0x32,0x3b,0x0a,0x20,0x20,0x76,
    0x61,0x72,0x20,0x70,0x61,0x72,0x61,0x6d,0x5f,0x32,0x20,0x3a,0x20,0x69,0x33,0x32,
    0x3b,0x0a,0x20,0x20,0x76,0x61,0x72,0x20,0x70,0x61,0x72,0x61,0x6d,0x5f,0x33,0x20,
    0x3a,0x20,0x69,0x33,0x32,0x3b,0x0a,0x20,0x20,0x76,0x61,0x72,0x20,0x70,0x61,0x72,
    0x61,0x6d,0x5f,0x34,0x20,0x3a,0x20,0x69,0x33,0x32,0x3b,0x0a,0x20,0x20,0x76,0x61,
    0x72,0x20,0x70,0x61,0x72,0x61,0x6d,0x5f,0x35,0x20,0x3a,0x20,0x69,0x33,0x32,0x3b,
    0x0a,0x20,0x20,0x76,0x61,0x72,0x20,0x70,0x61,0x72,0x61,0x6d,0x5f,0x36,0x20,0x3a,
    0x20,0x69,0x33,0x32,0x3b,0x0a,0x20,0x20,0x76,0x61,0x72,0x20,0x70,0x61,0x72,0x61,
    0x6d,0x5f,0x37,0x20,0x3a,0x20,0x69,0x33,0x32,0x3b,0x0a,0x20,0x20,0x76,0x61,0x72,
    0x20,0x70,0x61,0x72,0x61,0x6d,0x5f,0x38,0x20,0x3a,0x20,0x69,0x33,0x32,0x3b,0x0a,
    0x20,0x20,0x76,0x61,0x72,0x20,0x70,0x61,0x72,0x61,0x6d,0x5f,0x39,0x20,0x3a,0x20,
    0x69,0x33,0x32,0x3b,0x0a,0x20,0x20,0x76,0x61,0x72,0x20,0x70,0x61,0x72,0x61,0x6d,
    0x5f,0x31,0x30,0x20,0x3a,0x20,0x69,0x33,0x32,0x3b,0x0a,0x20,0x20,0x76,0x61,0x72,
    0x20,0x70,0x61,0x72,0x61,0x6d,0x5f,0x31,0x31,0x20,0x3a,0x20,0x69,0x33,0x32,0x3b,
    0x0a,0x20,0x20,0x76,0x61,0x72,0x20,0x70,0x61,0x72,0x61,0x6d,0x5f,0x31,0x32,0x20,
    0x3a,0x20,0x76,0x65,0x63,0x32,0x66,0x3b,0x0a,0x20,0x20,0x76,0x61,0x72,0x20,0x70,
    0x61,0x72,0x61,0x6d,0x5f,0x31,0x33,0x20,0x3a,0x20,0x76,0x65,0x63,0x34,0x66,0x3b,
    0x0a,0x20,0x20,0x76,0x61,0x72,0x20,0x70,0x61,0x72,0x61,0x6d,0x5f,0x31,0x34,0x20,
    0x3a,0x20,0x76,0x65,0x63,0x34,0x66,0x3b,0x0a,0x20,0x20,0x76,0x61,0x72,0x20,0x70,
    0x61,0x72,0x61,0x6d,0x5f,0x31,0x35,0x20,0x3a,0x20,0x76,0x65,0x63,0x34,0x66,0x3b,
    0x0a,0x20,0x20,0x76,0x61,0x72,0x20,0x70,0x61,0x72,0x61,0x6d,0x5f,0x31,0x36,0x20,
    0x3a,0x20,0x76,0x65,0x63,0x33,0x66,0x3b,0x0a,0x20,0x20,0x76,0x61,0x72,0x20,0x70,
    0x61,0x72,0x61,0x6d,0x5f,0x31,0x37,0x20,0x3a,0x20,0x76,0x65,0x63,0x34,0x66,0x3b,
    0x0a,0x20,0x20,0x76,0x61,0x72,0x20,0x70,0x61,0x72,0x61,0x6d,0x5f,0x31,0x38,0x20,
    0x3a,0x20,0x76,0x65,0x63,0x34,0x66,0x3b,0x0a,0x20,0x20,0x6c,0x65,0x74,0x20,0x78,
    0x5f,0x31,0x38,0x35,0x20,0x3d,0x20,0x28,0x69,0x33,0x32,0x28,0x78,0x5f,0x31,0x37,
    0x37,0x2e,0x62,0x61,0x74,0x63,0x68,0x2e,0x78,0x29,0x20,0x2b,0x20,0x67,0x6c,0x5f,
    0x49,0x6e,0x73,0x74,0x61,0x6e,0x63,0x65,0x49,0x6e,0x64,0x65,0x78,0x29,0x3b,0x0a,
    0x20,0x20,0x70,0x61,0x72,0x61,0x6d,0x20,0x3d,0x20,0x78,0x5f,0x31,0x38,0x35,0x3b,
    0x0a,0x20,0x20,0x70,0x61,0x72,0x61,0x6d,0x5f,0x31,0x20,0x3d,0x20,0x30,0x69,0x3b,
    0x0a,0x20,0x20,0x6c,0x65,0x74,0x20,0x78,0x5f,0x31,0x39,0x31,0x20,0x3d,0x20,0x74,
    0x65,0x78,0x65,0x6c,0x5f,0x69,0x31,0x5f,0x69,0x31,0x5f,0x28,0x26,0x28,0x70,0x61,
    0x72,0x61,0x6d,0x29,0x2c,0x20,0x26,0x28,0x70,0x61,0x72,0x61,0x6d,0x5f,0x31,0x29,
    0x29,0x3b,0x0a,0x20,0x20,0x70,0x61,0x72,0x61,0x6d,0x5f,0x32,0x20,0x3d,0x20,0x78,
    0x5f,0x31,0x38,0x35,0x3b,0x0a,0x20,0x20,0x70,0x61,0x72,0x61,0x6d,0x5f,0x33,0x20,
    0x3d,0x20,0x31,0x69,0x3b,0x0a,0x20,0x20,0x6c,0x65,0x74,0x20,0x78,0x5f,0x31,0x39,
    0x35,0x20,0x3d,0x20,0x74,0x65,0x78,0x65,0x6c,0x5f,0x69,0x31,0x5f,0x69,0x31,0x5f,
    0x28,0x26,0x28,0x70,0x61,0x72,0x61,0x6d,0x5f,0x32,0x29,0x2c,0x20,0x26,0x28,0x70,
    0x61,0x72,0x61,0x6d,0x5f,0x33,0x29,0x29,0x3b,0x0a,0x20,0x20,0x70,0x61,0x72,0x61,
    0x6d,0x5f,0x34,0x20,0x3d,0x20,0x78,0x5f,0x31,0x38,0x35,0x3b,0x0a,0x20,0x20,0x70,
    0x61,0x72,0x61,0x6d,0x5f,0x35,0x20,0x3d,0x20,0x32,0x69,0x3b,0x0a,0x20,0x20,0x6c,
    0x65,0x74,0x20,0x78,0x5f,0x31,0x39,0x39,0x20,0x3d,0x20,0x74,0x65,0x78,0x65,0x6c,
    0x5f,0x69,0x31,0x5f,0x69,0x31,0x5f,0x28,0x26,0x28,0x70,0x61,0x72,0x61,0x6d,0x5f,
    0x34,0x29,0x2c,0x20,0x26,0x28,0x70,0x61,0x72,0x61,0x6d,0x5f,0x35,0x29,0x29,0x3b,
    0x0a,0x20,0x20,0x70,0x61,0x72,0x61,0x6d,0x5f,0x36,0x20,0x3d,0x20,0x78,0x5f,0x31,
    0x38,0x35,0x3b,0x0a,0x20,0x20,0x70,0x61,0x72,0x61,0x6d,0x5f,0x37,0x20,0x3d,0x20,
    0x33,0x69,0x3b,0x0a,0x20,0x20,0x6c,0x65,0x74,0x20,0x78,0x5f,0x32,0x30,0x33,0x20,
    0x3d,0x20,0x74,0x65,0x78,0x65,0x6c,0x5f,0x69,0x31,0x5f,0x69,0x31,0x5f,0x28,0x26,
    0x28,0x70,0x61,0x72,0x61,0x6d,0x5f,0x36,0x29,0x2c,0x20,0x26,0x28,0x70,0x61,0x72,
    0x61,0x6d,0x5f,0x37,0x29,0x29,0x3b,0x0a,0x20,0x20,0x70,0x61,0x72,0x61,0x6d,0x5f,
    0x38,0x20,0x3d,0x20,0x78,0x5f,0x31,0x38,0x35,0x3b,0x0a,0x20,0x20,0x70,0x61,0x72,
    0x61,0x6d,0x5f,0x39,0x20,0x3d,0x20,0x34,0x69,0x3b,0x0a,0x20,0x20,0x6c,0x65,0x74,
    0x20,0x78,0x5f,0x32,0x30,0x38,0x20,0x3d,0x20,0x74,0x65,0x78,0x65,0x6c,0x5f,0x69,
    0x31,0x5f,0x69,0x31,0x5f,0x28,0x26,0x28,0x70,0x61,0x72,0x61,0x6d,0x5f,0x38,0x29,
    0x2c,0x20,0x26,0x28,0x70,0x61,0x72,0x61,0x6d,0x5f,0x39,0x29,0x29,0x3b,0x0a,0x20,
    0x20,0x70,0x61,0x72,0x61,0x6d,0x5f,0x31,0x30,0x20,0x3d,0x20,0x78,0x5f,0x31,0x38,
    0x35,0x3b,0x0a,0x20,0x20,0x70,0x61,0x72,0x61,0x6d,0x5f,0x31,0x31,0x20,0x3d,0x20,
    0x35,0x69,0x3b,0x0a,0x20,0x20,0x6c,0x65,0x74,0x20,0x78,0x5f,0x32,0x31,0x33,0x20,
    0x3d,0x20,0x74,0x65,0x78,0x65,0x6c,0x5f,0x69,0x31,0x5f,0x69,0x31,0x5f,0x28,0x26,
    0x28,0x70,0x61,0x72,0x61,0x6d,0x5f,0x31,0x30,0x29,0x2c,0x20,0x26,0x28,0x70,0x61,
    0x72,0x61,0x6d,0x5f,0x31,0x31,0x29,0x29,0x3b,0x0a,0x20,0x20,0x70,0x61,0x72,0x61,
    0x6d,0x5f,0x31,0x32,0x20,0x3d,0x20,0x63,0x6f,0x72,0x6e,0x65,0x72,0x5f,0x31,0x3b,
    0x0a,0x20,0x20,0x70,0x61,0x72,0x61,0x6d,0x5f,0x31,0x33,0x20,0x3d,0x20,0x78,0x5f,
    0x31,0x39,0x31,0x3b,0x0a,0x20,0x20,0x70,0x61,0x72,0x61,0x6d,0x5f,0x31,0x34,0x20,
    0x3d,0x20,0x78,0x5f,0x31,0x39,0x35,0x3b,0x0a,0x20,0x20,0x70,0x61,0x72,0x61,0x6d,
    0x5f,0x31,0x35,0x20,0x3d,0x20,0x78,0x5f,0x31,0x39,0x39,0x3b,0x0a,0x20,0x20,0x70,
    0x61,0x72,0x61,0x6d,0x5f,0x31,0x36,0x20,0x3d,0x20,0x78,0x5f,0x32,0x30,0x33,0x2e,
    0x78,0x79,0x7a,0x3b,0x0a,0x20,0x20,0x70,0x61,0x72,0x61,0x6d,0x5f,0x31,0x37,0x20,
    0x3d,0x20,0x78,0x5f,0x32,0x30,0x38,0x3b,0x0a,0x20,0x20,0x70,0x61,0x72,0x61,0x6d,
    0x5f,0x31,0x38,0x20,0x3d,0x20,0x78,0x5f,0x32,0x31,0x33,0x3b,0x0a,0x20,0x20,0x70,
    0x6c,0x61,0x63,0x65,0x5f,0x76,0x66,0x32,0x5f,0x76,0x66,0x34,0x5f,0x76,0x66,0x34,
    0x5f,0x76,0x66,0x34,0x5f,0x76,0x66,0x33,0x5f,0x76,0x66,0x34,0x5f,0x76,0x66,0x34,
    0x5f,0x28,0x26,0x28,0x70,0x61,0x72,0x61,0x6d,0x5f,0x31,0x32,0x29,0x2c,0x20,0x26,
    0x28,0x70,0x61,0x72,0x61,0x6d,0x5f,0x31,0x33,0x29,0x2c,0x20,0x26,0x28,0x70,0x61,
    0x72,0x61,0x6d,0x5f,0x31,0x34,0x29,0x2c,0x20,0x26,0x28,0x70,0x61,0x72,0x61,0x6d,
    0x5f,0x31,0x35,0x29,0x2c,0x20,0x26,0x28,0x70,0x61,0x72,0x61,0x6d,0x5f,0x31,0x36,
    0x29,0x2c,0x20,0x26,0x28,0x70,0x61,0x72,0x61,0x6d,0x5f,0x31,0x37,0x29,0x2c,0x20,
    0x26,0x28,0x70,0x61,0x72,0x61,0x6d,0x5f,0x31,0x38,0x29,0x29,0x3b,0x0a,0x20,0x20,
    0x72,0x65,0x74,0x75,0x72,0x6e,0x3b,0x0a,0x7d,0x0a,0x0a,0x73,0x74,0x72,0x75,0x63,
    0x74,0x20,0x6d,0x61,0x69,0x6e,0x5f,0x6f,0x75,0x74,0x20,0x7b,0x0a,0x20,0x20,0x40,
    0x62,0x75,0x69,0x6c,0x74,0x69,0x6e,0x28,0x70,0x6f,0x73,0x69,0x74,0x69,0x6f,0x6e,
    0x29,0x0a,0x20,0x20,0x67,0x6c,0x5f,0x50,0x6f,0x73,0x69,0x74,0x69,0x6f,0x6e,0x20,
    0x3a,0x20,0x76,0x65,0x63,0x34,0x66,0x2c,0x0a,0x20,0x20,0x40,0x6c,0x6f,0x63,0x61,
    0x74,0x69,0x6f,0x6e,0x28,0x30,0x29,0x0a,0x20,0x20,0x75,0x76,0x5f,0x31,0x20,0x3a,
    0x20,0x76,0x65,0x63,0x32,0x66,0x2c,0x0a,0x20,0x20,0x40,0x6c,0x6f,0x63,0x61,0x74,
    0x69,0x6f,0x6e,0x28,0x31,0x29,0x0a,0x20,0x20,0x63,0x6f,0x6c,0x6f,0x72,0x5f,0x31,
    0x20,0x3a,0x20,0x76,0x65,0x63,0x34,0x66,0x2c,0x0a,0x20,0x20,0x40,0x6c,0x6f,0x63,
    0x61,0x74,0x69,0x6f,0x6e,0x28,0x32,0x29,0x0a,0x20,0x20,0x61,0x6c,0x70,0x68,0x61,
    0x5f,0x6d,0x6f,0x64,0x65,0x5f,0x31,0x20,0x3a,0x20,0x66,0x33,0x32,0x2c,0x0a,0x7d,
    0x0a,0x0a,0x40,0x76,0x65,0x72,0x74,0x65,0x78,0x0a,0x66,0x6e,0x20,0x6d,0x61,0x69,
    0x6e,0x28,0x40,0x62,0x75,0x69,0x6c,0x74,0x69,0x6e,0x28,0x69,0x6e,0x73,0x74,0x61,
    0x6e,0x63,0x65,0x5f,0x69,0x6e,0x64,0x65,0x78,0x29,0x20,0x67,0x6c,0x5f,0x49,0x6e,
    0x73,0x74,0x61,0x6e,0x63,0x65,0x49,0x6e,0x64,0x65,0x78,0x5f,0x70,0x61,0x72,0x61,
    0x6d,0x20,0x3a,0x20,0x75,0x33,0x32,0x2c,0x20,0x40,0x6c,0x6f,0x63,0x61,0x74,0x69,
    0x6f,0x6e,0x28,0x30,0x29,0x20,0x63,0x6f,0x72,0x6e,0x65,0x72,0x5f,0x31,0x5f,0x70,
    0x61,0x72,0x61,0x6d,0x20,0x3a,0x20,0x76,0x65,0x63,0x32,0x66,0x29,0x20,0x2d,0x3e,
    0x20,0x6d,0x61,0x69,0x6e,0x5f,0x6f,0x75,0x74,0x20,0x7b,0x0a,0x20,0x20,0x67,0x6c,
    0x5f,0x49,0x6e,0x73,0x74,0x61,0x6e,0x63,0x65,0x49,0x6e,0x64,0x65,0x78,0x20,0x3d,
    0x20,0x62,0x69,0x74,0x63,0x61,0x73,0x74,0x3c,0x69,0x33,0x32,0x3e,0x28,0x67,0x6c,
    0x5f,0x49,0x6e,0x73,0x74,0x61,0x6e,0x63,0x65,0x49,0x6e,0x64,0x65,0x78,0x5f,0x70,
    0x61,0x72,0x61,0x6d,0x29,0x3b,0x0a,0x20,0x20,0x63,0x6f,0x72,0x6e,0x65,0x72,0x5f,
    0x31,0x20,0x3d,0x20,0x63,0x6f,0x72,0x6e,0x65,0x72,0x5f,0x31,0x5f,0x70,0x61,0x72,
    0x61,0x6d,0x3b,0x0a,0x20,0x20,0x6d,0x61,0x69,0x6e,0x5f,0x31,0x28,0x29,0x3b,0x0a,
    0x20,0x20,0x72,0x65,0x74,0x75,0x72,0x6e,0x20,0x6d,0x61,0x69,0x6e,0x5f,0x6f,0x75,
    0x74,0x28,0x67,0x6c,0x5f,0x50,0x6f,0x73,0x69,0x74,0x69,0x6f,0x6e,0x2c,0x20,0x75,
    0x76,0x2c,0x20,0x63,0x6f,0x6c,0x6f,0x72,0x2c,0x20,0x61,0x6c,0x70,0x68,0x61,0x5f,
    0x6d,0x6f,0x64,0x65,0x29,0x3b,0x0a,0x7d,0x0a,0x00,
};
#endif
/*
    diagnostic(off, derivative_uniformity);

    alias Arr = array<vec4f, 2u>;

    alias Arr_1 = array<vec4f, 2u>;

    alias Arr_2 = array<vec4f, 2u>;

    alias Arr_3 = array<vec4f, 8u>;

    alias Arr_4 = array<vec4f, 8u>;

    struct particle_params {
      /_ @offset(0) _/
      view_proj : mat4x4f,
      /_ @offset(64) _/
      axis_x : vec4f,
      /_ @offset(80) _/
      axis_y : vec4f,
      /_ @offset(96) _/
      gravity_now : vec4f,
      /_ @offset(112) _/
      counts : vec4f,
      /_ @offset(128) _/
      source : vec4f,
      /_ @offset(144) _/
      dynamics : vec4f,
      /_ @offset(160) _/
      frames : vec4f,
      /_ @offset(176) _/
      size_times : Arr,
      /_ @offset(208) _/
      size_values : Arr_1,
      /_ @offset(240) _/
      color_times : Arr_2,
      /_ @offset(272) _/
      color_values : Arr_3,
      /_ @offset(400) _/
      palette : Arr_4,
    }

    @binding(0) @group(0) var<uniform> x_42 : particle_params;

    var<private> born : vec4f;

    var<private> motion : vec4f;

    var<private> uv : vec2f;

    var<private> color : vec4f;

    var<private> alpha_mode : f32;

    var<private> shape : vec4f;

    var<private> corner : vec2f;

    var<private> gl_Position : vec4f;

    fn size_value_i1_(i_1 : ptr<function, i32>) -> f32 {
      var q_1 : vec4f;
      q_1 = x_42.size_values[(*(i_1) / 4i)];
      let x_65 = q_1[(*(i_1) % 4i)];
      return x_65;
    }

    fn size_time_i1_(i : ptr<function, i32>) -> f32 {
      var q : vec4f;
      q = x_42.size_times[(*(i) / 4i)];
      let x_53 = q[(*(i) % 4i)];
      return x_53;
    }

    fn size_at_f1_(t : ptr<function, f32>) -> f32 {
      var value : f32;
      var param : i32;
      var prev_t : f32;
      var param_1 : i32;
      var i_3 : i32;
      var param_2 : i32;
      var param_3 : i32;
      var x_124 : f32;
      let x_85 = i32(x_42.counts.x);
      param = 0i;
      let x_89 = size_value_i1_(&(param));
      value = x_89;
      param_1 = 0i;
      let x_92 = size_time_i1_(&(param_1));
      prev_t = x_92;
      i_3 = 1i;
      loop {
        if ((i_3 < 8i)) {
        } else {
          break;
        }
        if (((i_3 >= x_85) | (*(t) <= prev_t))) {
          break;
        }
        param_2 = i_3;
        let x_116 = size_time_i1_(&(param_2));
        param_3 = i_3;
        let x_120 = size_value_i1_(&(param_3));
        if ((*(t) >= x_116)) {
          x_124 = x_120;
        } else {
          x_124 = mix(value, x_120, ((*(t) - prev_t) / max((x_116 - prev_t), 0.00000099999999747524f)));
        }
        value = x_124;
        prev_t = x_116;

        continuing {
          i_3 = (i_3 + 1i);
        }
      }
      let x_145 = value;
      return x_145;
    }

    fn color_time_i1_(i_2 : ptr<function, i32>) -> f32 {
      var q_2 : vec4f;
      q_2 = x_42.color_times[(*(i_2) / 4i)];
      let x_77 = q_2[(*(i_2) % 4i)];
      return x_77;
    }

    fn color_at_f1_(t_1 : ptr<function, f32>) -> vec4f {
      var value_1 : vec4f;
      var prev_t_1 : f32;
      var param_4 : i32;
      var i_4 : i32;
      var param_5 : i32;
      var x_185 : vec4f;
      let x_152 = i32(x_42.counts.y);
      value_1 = x_42.color_values[0i];
      param_4 = 0i;
      let x_159 = color_time_i1_(&(param_4));
      prev_t_1 = x_159;
      i_4 = 1i;
      loop {
        if ((i_4 < 8i)) {
        } else {
          break;
        }
        if (((i_4 >= x_152) | (*(t_1) <= prev_t_1))) {
          break;
        }
        param_5 = i_4;
        let x_181 = color_time_i1_(&(param_5));
        if ((*(t_1) >= x_181)) {
          x_185 = x_42.color_values[i_4];
        } else {
          x_185 = mix(value_1, x_42.color_values[i_4], vec4f(((*(t_1) - prev_t_1) / max((x_181 - prev_t_1), 0.00000099999999747524f))));
        }
        value_1 = x_185;
        prev_t_1 = x_181;

        continuing {
          i_4 = (i_4 + 1i);
        }
      }
      let x_210 = value_1;
      return x_210;
    }

    fn main_1() {
      var pos : vec3f;
      var vel : vec3f;
      var param_6 : f32;
      var along : f32;
      var up : vec3f;
      var right : vec3f;
      var cell : vec4f;
      var x_493 : f32;
      var param_7 : f32;
      let x_223 = (x_42.gravity_now.w - born.w);
      let x_229 = (x_223 / motion.w);
      if (((x_223 < 0.0f) | (x_229 >= 1.0f))) {
        gl_Position = vec4f(2.0f, 2.0f, 2.0f, 1.0f);
        uv = vec2f();
        color = vec4f();
        alpha_mode = 0.0f;
        return;
      }
      let x_259 = x_42.dynamics.x;
      if ((x_259 > 0.00009999999747378752f)) {
        let x_273 = (x_42.gravity_now.xyz / vec3f(x_259));
        let x_279 = exp((-(x_259) * x_223));
        let x_290 = (motion.xyz - x_273);
        pos = ((born.xyz + (x_273 * x_223)) + (x_290 * ((1.0f - x_279) / x_259)));
        vel = (x_273 + (x_290 * x_279));
      } else {
        let x_310 = motion.xyz;
        let x_317 = x_42.gravity_now.xyz;
        pos = ((born.xyz + (x_310 * x_223)) + (((x_317 * 0.5f) * x_223) * x_223));
        vel = (x_310 + (x_317 * x_223));
      }
      param_6 = x_229;
      let x_335 = size_at_f1_(&(param_6));
      let x_339 = (x_335 * shape.x);
      along = x_339;
      let x_347 = x_42.axis_x.xyz;
      let x_353 = x_42.axis_y.xyz;
      let x_355 = vec2f(dot(vel, x_347), dot(vel, x_353));
      let x_358 = length(x_355);
      let x_360 = x_42.dynamics.y;
      if (((x_360 > 0.0f) & (x_358 > 0.00000999999974737875f))) {
        let x_372 = (x_355 / vec2f(x_358));
        let x_378 = x_372.x;
        let x_384 = x_372.y;
        let x_386 = ((x_347 * x_378) + (x_353 * x_384));
        up = x_386;
        right = ((x_347 * x_384) - (x_353 * x_378));
        let x_405 = (x_358 * x_360);
        along = (x_339 + x_405);
        pos = (pos - (x_386 * (x_405 * 0.5f)));
      } else {
        let x_423 = (shape.z + (shape.y * x_223));
        let x_426 = cos(x_423);
        let x_429 = sin(x_423);
        right = ((x_347 * x_426) - (x_353 * x_429));
        up = ((x_347 * x_429) + (x_353 * x_426));
      }
      var x_484 : f32;
      let x_460 = corner.x;
      let x_467 = corner.y;
      let x_471 = ((pos + (right * (x_460 * x_339))) + (up * (x_467 * along)));
      gl_Position = (x_42.view_proj * vec4f(x_471.x, x_471.y, x_471.z, 1.0f));
      let x_481 = x_42.source;
      cell = x_481;
      x_484 = x_42.frames.z;
      if ((x_484 > 1.5f)) {
        let x_491 = x_42.frames.w;
        if ((x_491 > 0.0f)) {
          let x_501 = shape.w;
          x_493 = (floor(((x_223 * x_491) + (fract((x_501 * 7.30999994277954101562f)) * x_484))) - (x_484 * floor((floor(((x_223 * x_491) + (fract((x_501 * 7.30999994277954101562f)) * x_484))) / x_484))));
        } else {
          x_493 = min(floor((x_229 * x_484)), (x_484 - 1.0f));
        }
        let x_530 = x_481.xy;
        let x_535 = ((x_481.zw - x_530) / x_42.frames.xy);
        let x_542 = x_42.frames.x;
        let x_551 = (x_530 + (x_535 * vec2f((x_493 - (x_542 * floor((x_493 / x_542)))), floor((x_493 / x_542)))));
        let x_553 = x_551.x;
        var x_613_1 = vec4f();
        x_613_1.x = x_553;
        let x_613 = x_613_1;
        let x_555 = x_551.y;
        var x_615_1 = x_613;
        x_615_1.y = x_555;
        let x_559 = (x_615_1.xy + x_535);
        cell = vec4f(x_553, x_555, x_559.x, x_559.y);
      }
      uv = vec2f(mix(cell.x, cell.z, (x_460 + 0.5f)), mix(cell.y, cell.w, (0.5f - x_467)));
      param_7 = x_229;
      let x_583 = color_at_f1_(&(param_7));
      color = x_583;
      let x_587 = i32(x_42.counts.w);
      if ((x_587 > 0i)) {
        color = (color * x_42.palette[min(i32((shape.w * f32(x_587))), (x_587 - 1i))]);
      }
      alpha_mode = x_42.counts.z;
      return;
    }

    struct main_out {
      @builtin(position)
      gl_Position : vec4f,
      @location(0)
      uv_1 : vec2f,
      @location(1)
      color_1 : vec4f,
      @location(2)
      alpha_mode_1 : f32,
    }

    @vertex
    fn main(@location(1) born_param : vec4f, @location(2) motion_param : vec4f, @location(3) shape_param : vec4f, @location(0) corner_param : vec2f) -> main_out {
      born = born_param;
      motion = motion_param;
      shape = shape_param;
      corner = corner_param;
      main_1();
      return main_out(gl_Position, uv, color, alpha_mode);
    }
*/
#if defined(SOKOL_WGPU)
static const uint8_t sprite_vs_particle_source_wgsl[7222] = {
    0x64,0x69,0x61,0x67,0x6e,0x6f,0x73,0x74,0x69,0x63,0x28,0x6f,0x66,0x66,0x2c,0x20,
    0x64,0x65,0x72,0x69,0x76,0x61,0x74,0x69,0x76,0x65,0x5f,0x75,0x6e,0x69,0x66,0x6f,
    0x72,0x6d,0x69,0x74,0x79,0x29,0x3b,0x0a,0x0a,0x61,0x6c,0x69,0x61,0x73,0x20,0x41,
    0x72,0x72,0x20,0x3d,0x20,0x61,0x72,0x72,0x61,0x79,0x3c,0x76,0x65,0x63,0x34,0x66,
    0x2c,0x20,0x32,0x75,0x3e,0x3b,0x0a,0x0a,0x61,0x6c,0x69,0x61,0x73,0x20,0x41,0x72,
    0x72,0x5f,0x31,0x20,0x3d,0x20,0x61,0x72,0x72,0x61,0x79,0x3c,0x76,0x65,0x63,0x34,
    0x66,0x2c,0x20,0x32,0x75,0x3e,0x3b,0x0a,0x0a,0x61,0x6c,0x69,0x61,0x73,0x20,0x41,
    0x72,0x72,0x5f,0x32,0x20,0x3d,0x20,0x61,0x72,0x72,0x61,0x79,0x3c,0x76,0x65,0x63,
    0x34,0x66,0x2c,0x20,0x32,0x75,0x3e,0x3b,0x0a,0x0a,0x61,0x6c,0x69,0x61,0x73,0x20,
    0x41,0x72,0x72,0x5f,0x33,0x20,0x3d,0x20,0x61,0x72,0x72,0x61,0x79,0x3c,0x76,0x65,
    0x63,0x34,0x66,0x2c,0x20,0x38,0x75,0x3e,0x3b,0x0a,0x0a,0x61,0x6c,0x69,0x61,0x73,
    0x20,0x41,0x72,0x72,0x5f,0x34,0x20,0x3d,0x20,0x61,0x72,0x72,0x61,0x79,0x3c,0x76,
    0x65,0x63,0x34,0x66,0x2c,0x20,0x38,0x75,0x3e,0x3b,0x0a,0x0a,0x73,0x74,0x72,0x75,
    0x63,0x74,0x20,0x70,0x61,0x72,0x74,0x69,0x63,0x6c,0x65,0x5f,0x70,0x61,0x72,0x61,
    0x6d,0x73,0x20,0x7b,0x0a,0x20,0x20,0x2f,0x2a,0x20,0x40,0x6f,0x66,0x66,0x73,0x65,
    0x74,0x28,0x30,0x29,0x20,0x2a,0x2f,0x0a,0x20,0x20,0x76,0x69,0x65,0x77,0x5f,0x70,
    0x72,0x6f,0x6a,0x20,0x3a,0x20,0x6d,0x61,0x74,0x34,0x78,0x34,0x66,0x2c,0x0a,0x20,
    0x20,0x2f,0x2a,0x20,0x40,0x6f,0x66,0x66,0x73,0x65,0x74,0x28,0x36,0x34,0x29,0x20,
    0x2a,0x2f,0x0a,0x20,0x20,0x61,0x78,0x69,0x73,0x5f,0x78,0x20,0x3a,0x20,0x76,0x65,
    0x63,0x34,0x66,0x2c,0x0a,0x20,0x20,0x2f,0x2a,0x20,0x40,0x6f,0x66,0x66,0x73,0x65,
    0x74,0x28,0x38,0x30,0x29,0x20,0x2a,0x2f,0x0a,0x20,0x20,0x61,0x78,0x69,0x73,0x5f,
    0x79,0x20,0x3a,0x20,0x76,0x65,0x63,0x34,0x66,0x2c,0x0a,0x20,0x20,0x2f,0x2a,0x20,
    0x40,0x6f,0x66,0x66,0x73,0x65,0x74,0x28,0x39,0x36,0x29,0x20,0x2a,0x2f,0x0a,0x20,
    0x20,0x67,0x72,0x61,0x76,0x69,0x74,0x79,0x5f,0x6e,0x6f,0x77,0x20,0x3a,0x20,0x76,
    0x65,0x63,0x34,0x66,0x2c,0x0a,0x20,0x20,0x2f,0x2a,0x20,0x40,0x6f,0x66,0x66,0x73,
    0x65,0x74,0x28,0x31,0x31,0x32,0x29,0x20,0x2a,0x2f,0x0a,0x20,0x20,0x63,0x6f,0x75,
    0x6e,0x74,0x73,0x20,0x3a,0x20,0x76,0x65,0x63,0x34,0x66,0x2c,0x0a,0x20,0x20,0x2f,
    0x2a,0x20,0x40,0x6f,0x66,0x66,0x73,0x65,0x74,0x28,0x31,0x32,0x38,0x29,0x20,0x2a,
    0x2f,0x0a,0x20,0x20,0x73,0x6f,0x75,0x72,0x63,0x65,0x20,0x3a,0x20,0x76,0x65,0x63,
    0x34,0x66,0x2c,0x0a,0x20,0x20,0x2f,0x2a,0x20,0x40,0x6f,0x66,0x66,0x73,0x65,0x74,
    0x28,0x31,0x34,0x34,0x29,0x20,0x2a,0x2f,0x0a,0x20,0x20,0x64,0x79,0x6e,0x61,0x6d,
    0x69,0x63,0x73,0x20,0x3a,0x20,0x76,0x65,0x63,0x34,0x66,0x2c,0x0a,0x20,0x20,0x2f,
    0x2a,0x20,0x40,0x6f,0x66,0x66,0x73,0x65,0x74,0x28,0x31,0x36,0x30,0x29,0x20,0x2a,
    0x2f,0x0a,0x20,0x20,0x66,0x72,0x61,0x6d,0x65,0x73,0x20,0x3a,0x20,0x76,0x65,0x63,
    0x34,0x66,0x2c,0x0a,0x20,0x20,0x2f,0x2a,0x20,0x40,0x6f,0x66,0x66,0x73,0x65,0x74,
    0x28,0x31,0x37,0x36,0x29,0x20,0x2a,0x2f,0x0a,0x20,0x20,0x73,0x69,0x7a,0x65,0x5f,
    0x74,0x69,0x6d,0x65,0x73,0x20,0x3a,0x20,0x41,0x72,0x72,0x2c,0x0a,0x20,0x20,0x2f,
    0x2a,0x20,0x40,0x6f,0x66,0x66,0x73,0x65,0x74,0x28,0x32,0x30,0x38,0x29,0x20,0x2a,
    0x2f,0x0a,0x20,0x20,0x73,0x69,0x7a,0x65,0x5f,0x76,0x61,0x6c,0x75,0x65,0x73,0x20,
    0x3a,0x20,0x41,0x72,0x72,0x5f,0x31,0x2c,0x0a,0x20,0x20,0x2f,0x2a,0x20,0x40,0x6f,
    0x66,0x66,0x73,0x65,0x74,0x28,0x32,0x34,0x30,0x29,0x20,0x2a,0x2f,0x0a,0x20,0x20,
    0x63,0x6f,0x6c,0x6f,0x72,0x5f,0x74,0x69,0x6d,0x65,0x73,0x20,0x3a,0x20,0x41,0x72,
    0x72,0x5f,0x32,0x2c,0x0a,0x20,0x20,0x2f,0x2a,0x20,0x40,0x6f,0x66,0x66,0x73,0x65,
    0x74,0x28,0x32,0x37,0x32,0x29,0x20,0x2a,0x2f,0x0a,0x20,0x20,0x63,0x6f,0x6c,0x6f,
    0x72,0x5f,0x76,0x61,0x6c,0x75,0x65,0x73,0x20,0x3a,0x20,0x41,0x72,0x72,0x5f,0x33,
    0x2c,0x0a,0x20,0x20,0x2f,0x2a,0x20,0x40,0x6f,0x66,0x66,0x73,0x65,0x74,0x28,0x34,
    0x30,0x30,0x29,0x20,0x2a,0x2f,0x0a,0x20,0x20,0x70,0x61,0x6c,0x65,0x74,0x74,0x65,
    0x20,0x3a,0x20,0x41,0x72,0x72,0x5f,0x34,0x2c,0x0a,0x7d,0x0a,0x0a,0x40,0x62,0x69,
    0x6e,0x64,0x69,0x6e,0x67,0x28,0x30,0x29,0x20,0x40,0x67,0x72,0x6f,0x75,0x70,0x28,
    0x30,0x29,0x20,0x76,0x61,0x72,0x3c,0x75,0x6e,0x69,0x66,0x6f,0x72,0x6d,0x3e,0x20,
    0x78,0x5f,0x34,0x32,0x20,0x3a,0x20,0x70,0x61,0x72,0x74,0x69,0x63,0x6c,0x65,0x5f,
    0x70,0x61,0x72,0x61,0x6d,0x73,0x3b,0x0a,0x0a,0x76,0x61,0x72,0x3c,0x70,0x72,0x69,
    0x76,0x61,0x74,0x65,0x3e,0x20,0x62,0x6f,0x72,0x6e,0x20,0x3a,0x20,0x76,0x65,0x63,
    0x34,0x66,0x3b,0x0a,0x0a,0x76,0x61,0x72,0x3c,0x70,0x72,0x69,0x76,0x61,0x74,0x65,
    0x3e,0x20,0x6d,0x6f,0x74,0x69,0x6f,0x6e,0x20,0x3a,0x20,0x76,0x65,0x63,0x34,0x66,
    0x3b,0x0a,0x0a,0x76,0x61,0x72,0x3c,0x70,0x72,0x69,0x76,0x61,0x74,0x65,0x3e,0x20,
    0x75,0x76,0x20,0x3a,0x20,0x76,0x65,0x63,0x32,0x66,0x3b,0x0a,0x0a,0x76,0x61,0x72,
    0x3c,0x70,0x72,0x69,0x76,0x61,0x74,0x65,0x3e,0x20,0x63,0x6f,0x6c,0x6f,0x72,0x20,
    0x3a,0x20,0x76,0x65,0x63,0x34,0x66,0x3b,0x0a,0x0a,0x76,0x61,0x72,0x3c,0x70,0x72,
    0x69,0x76,0x61,0x74,0x65,0x3e,0x20,0x61,0x6c,0x70,0x68,0x61,0x5f,0x6d,0x6f,0x64,
    0x65,0x20,0x3a,0x20,0x66,0x33,0x32,0x3b,0x0a,0x0a,0x76,0x61,0x72,0x3c,0x70,0x72,
    0x69,0x76,0x61,0x74,0x65,0x3e,0x20,0x73,0x68,0x61,0x70,0x65,0x20,0x3a,0x20,0x76,
    0x65,0x63,0x34,0x66,0x3b,0x0a,0x0a,0x76,0x61,0x72,0x3c,0x70,0x72,0x69,0x76,0x61,
    0x74,0x65,0x3e,0x20,0x63,0x6f,0x72,0x6e,0x65,0x72,0x20,0x3a,0x20,0x76,0x65,0x63,
    0x32,0x66,0x3b,0x0a,0x0a,0x76,0x61,0x72,0x3c,0x70,0x72,0x69,0x76,0x61,0x74,0x65,
    0x3e,0x20,0x67,0x6c,0x5f,0x50,0x6f,0x73,0x69,0x74,0x69,0x6f,0x6e,0x20,0x3a,0x20,
    0x76,0x65,0x63,0x34,0x66,0x3b,0x0a,0x0a,0x66,0x6e,0x20,0x73,0x69,0x7a,0x65,0x5f,
    0x76,0x61,0x6c,0x75,0x65,0x5f,0x69,0x31,0x5f,0x28,0x69,0x5f,0x31,0x20,0x3a,0x20,
    0x70,0x74,0x72,0x3c,0x66,0x75,0x6e,0x63,0x74,0x69,0x6f,0x6e,0x2c,0x20,0x69,0x33,
    0x32,0x3e,0x29,0x20,0x2d,0x3e,0x20,0x66,0x33,0x32,0x20,0x7b,0x0a,0x20,0x20,0x76,
    0x61,0x72,0x20,0x71,0x5f,0x31,0x20,0x3a,0x20,0x76,0x65,0x63,0x34,0x66,0x3b,0x0a,
    0x20,0x20,0x71,0x5f,0x31,0x20,0x3d,0x20,0x78,0x5f,0x34,0x32,0x2e,0x73,0x69,0x7a,
    0x65,0x5f,0x76,0x61,0x6c,0x75,0x65,0x73,0x5b,0x28,0x2a,0x28,0x69,0x5f,0x31,0x29,
    0x20,0x2f,0x20,0x34,0x69,0x29,0x5d,0x3b,0x0a,0x20,0x20,0x6c,0x65,0x74,0x20,0x78,
    0x5f,0x36,0x35,0x20,0x3d,0x20,0x71,0x5f,0x31,0x5b,0x28,0x2a,0x28,0x69,0x5f,0x31,
    0x29,0x20,0x25,0x20,0x34,0x69,0x29,0x5d,0x3b,0x0a,0x20,0x20,0x72,0x65,0x74,0x75,
    0x72,0x6e,0x20,0x78,0x5f,0x36,0x35,0x3b,0x0a,0x7d,0x0a,0x0a,0x66,0x6e,0x20,0x73,
    0x69,0x7a,0x65,0x5f,0x74,0x69,0x6d,0x65,0x5f,0x69,0x31,0x5f,0x28,0x69,0x20,0x3a,
    0x20,0x70,0x74,0x72,0x3c,0x66,0x75,0x6e,0x63,0x74,0x69,0x6f,0x6e,0x2c,0x20,0x69,
    0x33,0x32,0x3e,0x29,0x20,0x2d,0x3e,0x20,0x66,0x33,0x32,0x20,0x7b,0x0a,0x20,0x20,
    0x76,0x61,0x72,0x20,0x71,0x20,0x3a,0x20,0x76,0x65,0x63,0x34,0x66,0x3b,0x0a,0x20,
    0x20,0x71,0x20,0x3d,0x20,0x78,0x5f,0x34,0x32,0x2e,0x73,0x69,0x7a,0x65,0x5f,0x74,
    0x69,0x6d,0x65,0x73,0x5b,0x28,0x2a,0x28,0x69,0x29,0x20,0x2f,0x20,0x34,0x69,0x29,
    0x5d,0x3b,0x0a,0x20,0x20,0x6c,0x65,0x74,0x20,0x78,0x5f,0x35,0x33,0x20,0x3d,0x20,
    0x71,0x5b,0x28,0x2a,0x28,0x69,0x29,0x20,0x25,0x20,0x34,0x69,0x29,0x5d,0x3b,0x0a,
    0x20,0x20,0x72,0x65,0x74,0x75,0x72,0x6e,0x20,0x78,0x5f,0x35,0x33,0x3b,0x0a,0x7d,
    0x0a,0x0a,0x66,0x6e,0x20,0x73,0x69,0x7a,0x65,0x5f,0x61,0x74,0x5f,0x66,0x31,0x5f,
    0x28,0x74,0x20,0x3a,0x20,0x70,0x74,0x72,0x3c,0x66,0x75,0x6e,0x63,0x74,0x69,0x6f,
    0x6e,0x2c,0x20,0x66,0x33,0x32,0x3e,0x29,0x20,0x2d,0x3e,0x20,0x66,0x33,0x32,0x20,
    0x7b,0x0a,0x20,0x20,0x76,0x61,0x72,0x20,0x76,0x61,0x6c,0x75,0x65,0x20,0x3a,0x20,
    0x66,0x33,0x32,0x3b,0x0a,0x20,0x20,0x76,0x61,0x72,0x20,0x70,0x61,0x72,0x61,0x6d,
    0x20,0x3a,0x20,0x69,0x33,0x32,0x3b,0x0a,0x20,0x20,0x76,0x61,0x72,0x20,0x70,0x72,
    0x65,0x76,0x5f,0x74,0x20,0x3a,0x20,0x66,0x33,0x32,0x3b,0x0a,0x20,0x20,0x76,0x61,
    0x72,0x20,0x70,0x61,0x72,0x61,0x6d,0x5f,0x31,0x20,0x3a,0x20,0x69,0x33,0x32,0x3b,
    0x0a,0x20,0x20,0x76,0x61,0x72,0x20,0x69,0x5f,0x33,0x20,0x3a,0x20,0x69,0x33,0x32,
    0x3b,0x0a,0x20,0x20,0x76,0x61,0x72,0x20,0x70,0x61,0x72,0x61,0x6d,0x5f,0x32,0x20,
    0x3a,0x20,0x69,0x33,0x32,0x3b,0x0a,0x20,0x20,0x76,0x61,0x72,0x20,0x70,0x61,0x72,
    0x61,0x6d,0x5f,0x33,0x20,0x3a,0x20,0x69,0x33,0x32,0x3b,0x0a,0x20,0x20,0x76,0x61,
    0x72,0x20,0x78,0x5f,0x31,0x32,0x34,0x20,0x3a,0x20,0x66,0x33,0x32,0x3b,0x0a,0x20,
    0x20,0x6c,0x65,0x74,0x20,0x78,0x5f,0x38,0x35,0x20,0x3d,0x20,0x69,0x33,0x32,0x28,
    0x78,0x5f,0x34,0x32,0x2e,0x63,0x6f,0x75,0x6e,0x74,0x73,0x2e,0x78,0x29,0x3b,0x0a,
    0x20,0x20,0x70,0x61,0x72,0x61,0x6d,0x20,0x3d,0x20,0x30,0x69,0x3b,0x0a,0x20,0x20,
    0x6c,0x65,0x74,0x20,0x78,0x5f,0x38,0x39,0x20,0x3d,0x20,0x73,0x69,0x7a,0x65,0x5f,
    0x76,0x61,0x6c,0x75,0x65,0x5f,0x69,0x31,0x5f,0x28,0x26,0x28,0x70,0x61,0x72,0x61,
    0x6d,0x29,0x29,0x3b,0x0a,0x20,0x20,0x76,0x61,0x6c,0x75,0x65,0x20,0x3d,0x20,0x78,
    0x5f,0x38,0x39,0x3b,0x0a,0x20,0x20,0x70,0x61,0x72,0x61,0x6d,0x5f,0x31,0x20,0x3d,
    0x20,0x30,0x69,0x3b,0x0a,0x20,0x20,0x6c,0x65,0x74,0x20,0x78,0x5f,0x39,0x32,0x20,
    0x3d,0x20,0x73,0x69,0x7a,0x65,0x5f,0x74,0x69,0x6d,0x65,0x5f,0x69,0x31,0x5f,0x28,
    0x26,0x28,0x70,0x61,0x72,0x61,0x6d,0x5f,0x31,0x29,0x29,0x3b,0x0a,0x20,0x20,0x70,
    0x72,0x65,0x76,0x5f,0x74,0x20,0x3d,0x20,0x78,0x5f,0x39,0x32,0x3b,0x0a,0x20,0x20,
    0x69,0x5f,0x33,0x20,0x3d,0x20,0x31,0x69,0x3b,0x0a,0x20,0x20,0x6c,0x6f,0x6f,0x70,
    0x20,0x7b,0x0a,0x20,0x20,0x20,0x20,0x69,0x66,0x20,0x28,0x28,0x69,0x5f,0x33,0x20,
    0x3c,0x20,0x38,0x69,0x29,0x29,0x20,0x7b,0x0a,0x20,0x20,0x20,0x20,0x7d,0x20,0x65,
    0x6c,0x73,0x65,0x20,0x7b,0x0a,0x20,0x20,0x20,0x20,0x20,0x20,0x62,0x72,0x65,0x61,
    0x6b,0x3b,0x0a,0x20,0x20,0x20,0x20,0x7d,0x0a,0x20,0x20,0x20,0x20,0x69,0x66,0x20,
    0x28,0x28,0x28,0x69,0x5f,0x33,0x20,0x3e,0x3d,0x20,0x78,0x5f,0x38,0x35,0x29,0x20,
    0x7c,0x20,0x28,0x2a,0x28,0x74,0x29,0x20,0x3c,0x3d,0x20,0x70,0x72,0x65,0x76,0x5f,
    0x74,0x29,0x29,0x29,0x20,0x7b,0x0a,0x20,0x20,0x20,0x20,0x20,0x20,0x62,0x72,0x65,
    0x61,0x6b,0x3b,0x0a,0x20,0x20,0x20,0x20,0x7d,0x0a,0x20,0x20,0x20,0x20,0x70,0x61,
    0x72,0x61,0x6d,0x5f,0x32,0x20,0x3d,0x20,0x69,0x5f,0x33,0x3b,0x0a,0x20,0x20,0x20,
    0x20,0x6c,0x65,0x74,0x20,0x78,0x5f,0x31,0x31,0x36,0x20,0x3d,0x20,0x73,0x69,0x7a,
    0x65,0x5f,0x74,0x69,0x6d,0x65,0x5f,0x69,0x31,0x5f,0x28,0x26,0x28,0x70,0x61,0x72,
    0x61,0x6d,0x5f,0x32,0x29,0x29,0x3b,0x0a,0x20,0x20,0x20,0x20,0x70,0x61,0x72,0x61,
    0x6d,0x5f,0x33,0x20,0x3d,0x20,0x69,0x5f,0x33,0x3b,0x0a,0x20,0x20,0x20,0x20,0x6c,
    0x65,0x74,0x20,0x78,0x5f,0x31,0x32,0x30,0x20,0x3d,0x20,0x73,0x69,0x7a,0x65,0x5f,
    0x76,0x61,0x6c,0x75,0x65,0x5f,0x69,0x31,0x5f,0x28,0x26,0x28,0x70,0x61,0x72,0x61,
    0x6d,0x5f,0x33,0x29,0x29,0x3b,0x0a,0x20,0x20,0x20,0x20,0x69,0x66,0x20,0x28,0x28,
    0x2a,0x28,0x74,0x29,0x20,0x3e,0x3d,0x20,0x78,0x5f,0x31,0x31,0x36,0x29,0x29,0x20,
    0x7b,0x0a,0x20,0x20,0x20,0x20,0x20,0x20,0x78,0x5f,0x31,0x32,0x34,0x20,0x3d,0x20,
    0x78,0x5f,0x31,0x32,0x30,0x3b,0x0a,0x20,0x20,0x20,0x20,0x7d,0x20,0x65,0x6c,0x73,
    0x65,0x20,0x7b,0x0a,0x20,0x20,0x20,0x20,0x20,0x20,0x78,0x5f,0x31,0x32,0x34,0x20,
    0x3d,0x20,0x6d,0x69,0x78,0x28,0x76,0x61,0x6c,0x75,0x65,0x2c,0x20,0x78,0x5f,0x31,
    0x32,0x30,0x2c,0x20,0x28,0x28,0x2a,0x28,0x74,0x29,0x20,0x2d,0x20,0x70,0x72,0x65,
    0x76,0x5f,0x74,0x29,0x20,0x2f,0x20,0x6d,0x61,0x78,0x28,0x28,0x78,0x5f,0x31,0x31,
    0x36,0x20,0x2d,0x20,0x70,0x72,0x65,0x76,0x5f,0x74,0x29,0x2c,0x20,0x30,0x2e,0x30,
    0x30,0x30,0x30,0x30,0x30,0x39,0x39,0x39,0x39,0x39,0x39,0x39,0x39,0x37,0x34,0x37,
    0x35,0x32,0x34,0x66,0x29,0x29,0x29,0x3b,0x0a,0x20,0x20,0x20,0x20,0x7d,0x0a,0x20,
    0x20,0x20,0x20,0x76,0x61,0x6c,0x75,0x65,0x20,0x3d,0x20,0x78,0x5f,0x31,0x32,0x34,
    0x3b,0x0a,0x20,0x20,0x20,0x20,0x70,0x72,0x65,0x76,0x5f,0x74,0x20,0x3d,0x20,0x78,
    0x5f,0x31,0x31,0x36,0x3b,0x0a,0x0a,0x20,0x20,0x20,0x20,0x63,0x6f,0x6e,0x74,0x69,
    0x6e,0x75,0x69,0x6e,0x67,0x20,0x7b,0x0a,0x20,0x20,0x20,0x20,0x20,0x20,0x69,0x5f,
    0x33,0x20,0x3d,0x20,0x28,0x69,0x5f,0x33,0x20,0x2b,0x20,0x31,0x69,0x29,0x3b,0x0a,
    0x20,0x20,0x20,0x20,0x7d,0x0a,0x20,0x20,0x7d,0x0a,0x20,0x20,0x6c,0x65,0x74,0x20,
    0x78,0x5f,0x31,0x34,0x35,0x20,0x3d,0x20,0x76,0x61,0x6c,0x75,0x65,0x3b,0x0a,0x20,
    0x20,0x72,0x65,0x74,0x75,0x72,0x6e,0x20,0x78,0x5f,0x31,0x34,0x35,0x3b,0x0a,0x7d,
    0x0a,0x0a,0x66,0x6e,0x20,0x63,0x6f,0x6c,0x6f,0x72,0x5f,0x74,0x69,0x6d,0x65,0x5f,
    0x69,0x31,0x5f,0x28,0x69,0x5f,0x32,0x20,0x3a,0x20,0x70,0x74,0x72,0x3c,0x66,0x75,
    0x6e,0x63,0x74,0x69,0x6f,0x6e,0x2c,0x20,0x69,0x33,0x32,0x3e,0x29,0x20,0x2d,0x3e,
    0x20,0x66,0x33,0x32,0x20,0x7b,0x0a,0x20,0x20,0x76,0x61,0x72,0x20,0x71,0x5f,0x32,
    0x20,0x3a,0x20,0x76,0x65,0x63,0x34,0x66,0x3b,0x0a,0x20,0x20,0x71,0x5f,0x32,0x20,
    0x3d,0x20,0x78,0x5f,0x34,0x32,0x2e,0x63,0x6f,0x6c,0x6f,0x72,0x5f,0x74,0x69,0x6d,
    0x65,0x73,0x5b,0x28,0x2a,0x28,0x69,0x5f,0x32,0x29,0x20,0x2f,0x20,0x34,0x69,0x29,
    0x5d,0x3b,0x0a,0x20,0x20,0x6c,0x65,0x74,0x20,0x78,0x5f,0x37,0x37,0x20,0x3d,0x20,
    0x71,0x5f,0x32,0x5b,0x28,0x2a,0x28,0x69,0x5f,0x32,0x29,0x20,0x25,0x20,0x34,0x69,
    0x29,0x5d,0x3b,0x0a,0x20,0x20,0x72,0x65,0x74,0x75,0x72,0x6e,0x20,0x78,0x5f,0x37,
    0x37,0x3b,0x0a,0x7d,0x0a,0x0a,0x66,0x6e,0x20,0x63,0x6f,0x6c,0x6f,0x72,0x5f,0x61,
    0x74,0x5f,0x66,0x31,0x5f,0x28,0x74,0x5f,0x31,0x20,0x3a,0x20,0x70,0x74,0x72,0x3c,
    0x66,0x75,0x6e,0x63,0x74,0x69,0x6f,0x6e,0x2c,0x20,0x66,0x33,0x32,0x3e,0x29,0x20,
    0x2d,0x3e,0x20,0x76,0x65,0x63,0x34,0x66,0x20,0x7b,0x0a,0x20,0x20,0x76,0x61,0x72,
    0x20,0x76,0x61,0x6c,0x75,0x65,0x5f,0x31,0x20,0x3a,0x20,0x76,0x65,0x63,0x34,0x66,
    0x3b,0x0a,0x20,0x20,0x76,0x61,0x72,0x20,0x70,0x72,0x65,0x76,0x5f,0x74,0x5f,0x31,
    0x20,0x3a,0x20,0x66,0x33,0x32,0x3b,0x0a,0x20,0x20,0x76,0x61,0x72,0x20,0x70,0x61,
    0x72,0x61,0x6d,0x5f,0x34,0x20,0x3a,0x20,0x69,0x33,0x32,0x3b,0x0a,0x20,0x20,0x76,
    0x61,0x72,0x20,0x69,0x5f,0x34,0x20,0x3a,0x20,0x69,0x33,0x32,0x3b,0x0a,0x20,0x20,
    0x76,0x61,0x72,0x20,0x70,0x61,0x72,0x61,0x6d,0x5f,0x35,0x20,0x3a,0x20,0x69,0x33,
    0x32,0x3b,0x0a,0x20,0x20,0x76,0x61,0x72,0x20,0x78,0x5f,0x31,0x38,0x35,0x20,0x3a,
    0x20,0x76,0x65,0x63,0x34,0x66,0x3b,0x0a,0x20,0x20,0x6c,0x65,0x74,0x20,0x78,0x5f,
    0x31,0x35,0x32,0x20,0x3d,0x20,0x69,0x33,0x32,0x28,0x78,0x5f,0x34,0x32,0x2e,0x63,
    0x6f,0x75,0x6e,0x74,0x73,0x2e,0x79,0x29,0x3b,0x0a,0x20,0x20,0x76,0x61,0x6c,0x75,
    0x65,0x5f,0x31,0x20,0x3d,0x20,0x78,0x5f,0x34,0x32,0x2e,0x63,0x6f,0x6c,0x6f,0x72,
    0x5f,0x76,0x61,0x6c,0x75,0x65,0x73,0x5b,0x30,0x69,0x5d,0x3b,0x0a,0x20,0x20,0x70,
    0x61,0x72,0x61,0x6d,0x5f,0x34,0x20,0x3d,0x20,0x30,0x69,0x3b,0x0a,0x20,0x20,0x6c,
    0x65,0x74,0x20,0x78,0x5f,0x31,0x35,0x39,0x20,0x3d,0x20,0x63,0x6f,0x6c,0x6f,0x72,
    0x5f,0x74,0x69,0x6d,0x65,0x5f,0x69,0x31,0x5f,0x28,0x26,0x28,0x70,0x61,0x72,0x61,
    0x6d,0x5f,0x34,0x29,0x29,0x3b,0x0a,0x20,0x20,0x70,0x72,0x65,0x76,0x5f,0x74,0x5f,
    0x31,0x20,0x3d,0x20,0x78,0x5f,0x31,0x35,0x39,0x3b,0x0a,0x20,0x20,0x69,0x5f,0x34,
    0x20,0x3d,0x20,0x31,0x69,0x3b,0x0a,0x20,0x20,0x6c,0x6f,0x6f,0x70,0x20,0x7b,0x0a,
    0x20,0x20,0x20,0x20,0x69,0x66,0x20,0x28,0x28,0x69,0x5f,0x34,0x20,0x3c,0x20,0x38,
    0x69,0x29,0x29,0x20,0x7b,0x0a,0x20,0x20,0x20,0x20,0x7d,0x20,0x65,0x6c,0x73,0x65,
    0x20,0x7b,0x0a,0x20,0x20,0x20,0x20,0x20,0x20,0x62,0x72,0x65,0x61,0x6b,0x3b,0x0a,
    0x20,0x20,0x20,0x20,0x7d,0x0a,0x20,0x20,0x20,0x20,0x69,0x66,0x20,0x28,0x28,0x28,
    0x69,0x5f,0x34,0x20,0x3e,0x3d,0x20,0x78,0x5f,0x31,0x35,0x32,0x29,0x20,0x7c,0x20,
    0x28,0x2a,0x28,0x74,0x5f,0x31,0x29,0x20,0x3c,0x3d,0x20,0x70,0x72,0x65,0x76,0x5f,
    0x74,0x5f,0x31,0x29,0x29,0x29,0x20,0x7b,0x0a,0x20,0x20,0x20,0x20,0x20,0x20,0x62,
    0x72,0x65,0x61,0x6b,0x3b,0x0a,0x20,0x20,0x20,0x20,0x7d,0x0a,0x20,0x20,0x20,0x20,
    0x70,0x61,0x72,0x61,0x6d,0x5f,0x35,0x20,0x3d,0x20,0x69,0x5f,0x34,0x3b,0x0a,0x20,
    0x20,0x20,0x20,0x6c,0x65,0x74,0x20,0x78,0x5f,0x31,0x38,0x31,0x20,0x3d,0x20,0x63,
    0x6f,0x6c,0x6f,0x72,0x5f,0x74,0x69,0x6d,0x65,0x5f,0x69,0x31,0x5f,0x28,0x26,0x28,
    0x70,0x61,0x72,0x61,0x6d,0x5f,0x35,0x29,0x29,0x3b,0x0a,0x20,0x20,0x20,0x20,0x69,
    0x66,0x20,0x28,0x28,0x2a,0x28,0x74,0x5f,0x31,0x29,0x20,0x3e,0x3d,0x20,0x78,0x5f,
    0x31,0x38,0x31,0x29,0x29,0x20,0x7b,0x0a,0x20,0x20,0x20,0x20,0x20,0x20,0x78,0x5f,
    0x31,0x38,0x35,0x20,0x3d,0x20,0x78,0x5f,0x34,0x32,0x2e,0x63,0x6f,0x6c,0x6f,0x72,
    0x5f,0x76,0x61,0x6c,0x75,0x65,0x73,0x5b,0x69,0x5f,0x34,0x5d,0x3b,0x0a,0x20,0x20,
    0x20,0x20,0x7d,0x20,0x65,0x6c,0x73,0x65,0x20,0x7b,0x0a,0x20,0x20,0x20,0x20,0x20,
    0x20,0x78,0x5f,0x31,0x38,0x35,0x20,0x3d,0x20,0x6d,0x69,0x78,0x28,0x76,0x61,0x6c,
    0x75,0x65,0x5f,0x31,0x2c,0x20,0x78,0x5f,0x34,0x32,0x2e,0x63,0x6f,0x6c,0x6f,0x72,
    0x5f,0x76,0x61,0x6c,0x75,0x65,0x73,0x5b,0x69,0x5f,0x34,0x5d,0x2c,0x20,0x76,0x65,
    0x63,0x34,0x66,0x28,0x28,0x28,0x2a,0x28,0x74,0x5f,0x31,0x29,0x20,0x2d,0x20,0x70,
    0x72,0x65,0x76,0x5f,0x74,0x5f,0x31,0x29,0x20,0x2f,0x20,0x6d,0x61,0x78,0x28,0x28,
    0x78,0x5f,0x31,0x38,0x31,0x20,0x2d,0x20,0x70,0x72,0x65,0x76,0x5f,0x74,0x5f,0x31,
    0x29,0x2c,0x20,0x30,0x2e,0x30,0x30,0x30,0x30,0x30,0x30,0x39,0x39,0x39,0x39,0x39,
    0x39,0x39,0x39,0x37,0x34,0x37,0x35,0x32,0x34,0x66,0x29,0x29,0x29,0x29,0x3b,0x0a,
    0x20,0x20,0x20,0x20,0x7d,0x0a,0x20,0x20,0x20,0x20,0x76,0x61,0x6c,0x75,0x65,0x5f,
    0x31,0x20,0x3d,0x20,0x78,0x5f,0x31,0x38,0x35,0x3b,0x0a,0x20,0x20,0x20,0x20,0x70,
    0x72,0x65,0x76,0x5f,0x74,0x5f,0x31,0x20,0x3d,0x20,0x78,0x5f,0x31,0x38,0x31,0x3b,
    0x0a,0x0a,0x20,0x20,0x20,0x20,0x63,0x6f,0x6e,0x74,0x69,0x6e,0x75,0x69,0x6e,0x67,
    0x20,0x7b,0x0a,0x20,0x20,0x20,0x20,0x20,0x20,0x69,0x5f,0x34,0x20,0x3d,0x20,0x28,
    0x69,0x5f,0x34,0x20,0x2b,0x20,0x31,0x69,0x29,0x3b,0x0a,0x20,0x20,0x20,0x20,0x7d,
    0x0a,0x20,0x20,0x7d,0x0a,0x20,0x20,0x6c,0x65,0x74,0x20,0x78,0x5f,0x32,0x31,0x30,
    0x20,0x3d,0x20,0x76,0x61,0x6c,0x75,0x65,0x5f,0x31,0x3b,0x0a,0x20,0x20,0x72,0x65,
    0x74,0x75,0x72,0x6e,0x20,0x78,0x5f,0x32,0x31,0x30,0x3b,0x0a,0x7d,0x0a,0x0a,0x66,
    0x6e,0x20,0x6d,0x61,0x69,0x6e,0x5f,0x31,0x28,0x29,0x20,0x7b,0x0a,0x20,0x20,0x76,
    0x61,0x72,0x20,0x70,0x6f,0x73,0x20,0x3a,0x20,0x76,0x65,0x63,0x33,0x66,0x3b,0x0a,
    0x20,0x20,0x76,0x61,0x72,0x20,0x76,0x65,0x6c,0x20,0x3a,0x20,0x76,0x65,0x63,0x33,
    0x66,0x3b,0x0a,0x20,0x20,0x76,0x61,0x72,0x20,0x70,0x61,0x72,0x61,0x6d,0x5f,0x36,
    0x20,0x3a,0x20,0x66,0x33,0x32,0x3b,0x0a,0x20,0x20,0x76,0x61,0x72,0x20,0x61,0x6c,
    0x6f,0x6e,0x67,0x20,0x3a,0x20,0x66,0x33,0x32,0x3b,0x0a,0x20,0x20,0x76,0x61,0x72,
    0x20,0x75,0x70,0x20,0x3a,0x20,0x76,0x65,0x63,0x33,0x66,0x3b,0x0a,0x20,0x20,0x76,
    0x61,0x72,0x20,0x72,0x69,0x67,0x68,0x74,0x20,0x3a,0x20,0x76,0x65,0x63,0x33,0x66,
    0x3b,0x0a,0x20,0x20,0x76,0x61,0x72,0x20,0x63,0x65,0x6c,0x6c,0x20,0x3a,0x20,0x76,
    0x65,0x63,0x34,0x66,0x3b,0x0a,0x20,0x20,0x76,0x61,0x72,0x20,0x78,0x5f,0x34,0x39,
    0x33,0x20,0x3a,0x20,0x66,0x33,0x32,0x3b,0x0a,0x20,0x20,0x76,0x61,0x72,0x20,0x70,
    0x61,0x72,0x61,0x6d,0x5f,0x37,0x20,0x3a,0x20,0x66,0x33,0x32,0x3b,0x0a,0x20,0x20,
    0x6c,0x65,0x74,0x20,0x78,0x5f,0x32,0x32,0x33,0x20,0x3d,0x20,0x28,0x78,0x5f,0x34,
    0x32,0x2e,0x67,0x72,0x61,0x76,0x69,0x74,0x79,0x5f,0x6e,0x6f,0x77,0x2e,0x77,0x20,
    0x2d,0x20,0x62,0x6f,0x72,0x6e,0x2e,0x77,0x29,0x3b,0x0a,0x20,0x20,0x6c,0x65,0x74,
    0x20,0x78,0x5f,0x32,0x32,0x39,0x20,0x3d,0x20,0x28,0x78,0x5f,0x32,0x32,0x33,0x20,
    0x2f,0x20,0x6d,0x6f,0x74,0x69,0x6f,0x6e,0x2e,0x77,0x29,0x3b,0x0a,0x20,0x20,0x69,
    0x66,0x20,0x28,0x28,0x28,0x78,0x5f,0x32,0x32,0x33,0x20,0x3c,0x20,0x30,0x2e,0x30,
    0x66,0x29,0x20,0x7c,0x20,0x28,0x78,0x5f,0x32,0x32,0x39,0x20,0x3e,0x3d,0x20,0x31,
    0x2e,0x30,0x66,0x29,0x29,0x29,0x20,0x7b,0x0a,0x20,0x20,0x20,0x20,0x67,0x6c,0x5f,
    0x50,0x6f,0x73,0x69,0x74,0x69,0x6f,0x6e,0x20,0x3d,0x20,0x76,0x65,0x63,0x34,0x66,
    0x28,0x32,0x2e,0x30,0x66,0x2c,0x20,0x32,0x2e,0x30,0x66,0x2c,0x20,0x32,0x2e,0x30,
    0x66,0x2c,0x20,0x31,0x2e,0x30,0x66,0x29,0x3b,0x0a,0x20,0x20,0x20,0x20,0x75,0x76,
    0x20,0x3d,0x20,0x76,0x65,0x63,0x32,0x66,0x28,0x29,0x3b,0x0a,0x20,0x20,0x20,0x20,
    0x63,0x6f,0x6c,0x6f,0x72,0x20,0x3d,0x20,0x76,0x65,0x63,0x34,0x66,0x28,0x29,0x3b,
    0x0a,0x20,0x20,0x20,0x20,0x61,0x6c,0x70,0x68,0x61,0x5f,0x6d,0x6f,0x64,0x65,0x20,
    0x3d,0x20,0x30,0x2e,0x30,0x66,0x3b,0x0a,0x20,0x20,0x20,0x20,0x72,0x65,0x74,0x75,
    0x72,0x6e,0x3b,0x0a,0x20,0x20,0x7d,0x0a,0x20,0x20,0x6c,0x65,0x74,0x20,0x78,0x5f,
    0x32,0x35,0x39,0x20,0x3d,0x20,0x78,0x5f,0x34,0x32,0x2e,0x64,0x79,0x6e,0x61,0x6d,
    0x69,0x63,0x73,0x2e,0x78,0x3b,0x0a,0x20,0x20,0x69,0x66,0x20,0x28,0x28,0x78,0x5f,
    0x32,0x35,0x39,0x20,0x3e,0x20,0x30,0x2e,0x30,0x30,0x30,0x30,0x39,0x39,0x39,0x39,
    0x39,0x39,0x39,0x37,0x34,0x37,0x33,0x37,0x38,0x37,0x35,0x32,0x66,0x29,0x29,0x20,
    0x7b,0x0a,0x20,0x20,0x20,0x20,0x6c,0x65,0x74,0x20,0x78,0x5f,0x32,0x37,0x33,0x20,
    0x3d,0x20,0x28,0x78,0x5f,0x34,0x32,0x2e,0x67,0x72,0x61,0x76,0x69,0x74,0x79,0x5f,
    0x6e,0x6f,0x77,0x2e,0x78,0x79,0x7a,0x20,0x2f,0x20,0x76,0x65,0x63,0x33,0x66,0x28,
    0x78,0x5f,0x32,0x35,0x39,0x29,0x29,0x3b,0x0a,0x20,0x20,0x20,0x20,0x6c,0x65,0x74,
    0x20,0x78,0x5f,0x32,0x37,0x39,0x20,0x3d,0x20,0x65,0x78,0x70,0x28,0x28,0x2d,0x28,
    0x78,0x5f,0x32,0x35,0x39,0x29,0x20,0x2a,0x20,0x78,0x5f,0x32,0x32,0x33,0x29,0x29,
    0x3b,0x0a,0x20,0x20,0x20,0x20,0x6c,0x65,0x74,0x20,0x78,0x5f,0x32,0x39,0x30,0x20,
    0x3d,0x20,0x28,0x6d,0x6f,0x74,0x69,0x6f,0x6e,0x2e,0x78,0x79,0x7a,0x20,0x2d,0x20,
    0x78,0x5f,0x32,0x37,0x33,0x29,0x3b,0x0a,0x20,0x20,0x20,0x20,0x70,0x6f,0x73,0x20,
    0x3d,0x20,0x28,0x28,0x62,0x6f,0x72,0x6e,0x2e,0x78,0x79,0x7a,0x20,0x2b,0x20,0x28,
    0x78,0x5f,0x32,0x37,0x33,0x20,0x2a,0x20,0x78,0x5f,0x32,0x32,0x33,0x29,0x29,0x20,
    0x2b,0x20,0x28,0x78,0x5f,0x32,0x39,0x30,0x20,0x2a,0x20,0x28,0x28,0x31,0x2e,0x30,
    0x66,0x20,0x2d,0x20,0x78,0x5f,0x32,0x37,0x39,0x29,0x20,0x2f,0x20,0x78,0x5f,0x32,
    0x35,0x39,0x29,0x29,0x29,0x3b,0x0a,0x20,0x20,0x20,0x20,0x76,0x65,0x6c,0x20,0x3d,
    0x20,0x28,0x78,0x5f,0x32,0x37,0x33,0x20,0x2b,0x20,0x28,0x78,0x5f,0x32,0x39,0x30,
    0x20,0x2a,0x20,0x78,0x5f,0x32,0x37,0x39,0x29,0x29,0x3b,0x0a,0x20,0x20,0x7d,0x20,
    0x65,0x6c,0x73,0x65,0x20,0x7b,0x0a,0x20,0x20,0x20,0x20,0x6c,0x65,0x74,0x20,0x78,
    0x5f,0x33,0x31,0x30,0x20,0x3d,0x20,0x6d,0x6f,0x74,0x69,0x6f,0x6e,0x2e,0x78,0x79,
    0x7a,0x3b,0x0a,0x20,0x20,0x20,0x20,0x6c,0x65,0x74,0x20,0x78,0x5f,0x33,0x31,0x37,
    0x20,0x3d,0x20,0x78,0x5f,0x34,0x32,0x2e,0x67,0x72,0x61,0x76,0x69,0x74,0x79,0x5f,
    0x6e,0x6f,0x77,0x2e,0x78,0x79,0x7a,0x3b,0x0a,0x20,0x20,0x20,0x20,0x70,0x6f,0x73,
    0x20,0x3d,0x20,0x28,0x28,0x62,0x6f,0x72,0x6e,0x2e,0x78,0x79,0x7a,0x20,0x2b,0x20,
    0x28,0x78,0x5f,0x33,0x31,0x30,0x20,0x2a,0x20,0x78,0x5f,0x32,0x32,0x33,0x29,0x29,
    0x20,0x2b,0x20,0x28,0x28,0x28,0x78,0x5f,0x33,0x31,0x37,0x20,0x2a,0x20,0x30,0x2e,
    0x35,0x66,0x29,0x20,0x2a,0x20,0x78,0x5f,0x32,0x32,0x33,0x29,0x20,0x2a,0x20,0x78,
    0x5f,0x32,0x32,0x33,0x29,0x29,0x3b,0x0a,0x20,0x20,0x20,0x20,0x76,0x65,0x6c,0x20,
    0x3d,0x20,0x28,0x78,0x5f,0x33,0x31,0x30,0x20,0x2b,0x20,0x28,0x78,0x5f,0x33,0x31,
    0x37,0x20,0x2a,0x20,0x78,0x5f,0x32,0x32,0x33,0x29,0x29,0x3b,0x0a,0x20,0x20,0x7d,
    0x0a,0x20,0x20,0x70,0x61,0x72,0x61,0x6d,0x5f,0x36,0x20,0x3d,0x20,0x78,0x5f,0x32,
    0x32,0x39,0x3b,0x0a,0x20,0x20,0x6c,0x65,0x74,0x20,0x78,0x5f,0x33,0x33,0x35,0x20,
    0x3d,0x20,0x73,0x69,0x7a,0x65,0x5f,0x61,0x74,0x5f,0x66,0x31,0x5f,0x28,0x26,0x28,
    0x70,0x61,0x72,0x61,0x6d,0x5f,0x36,0x29,0x29,0x3b,0x0a,0x20,0x20,0x6c,0x65,0x74,
    0x20,0x78,0x5f,0x33,0x33,0x39,0x20,0x3d,0x20,0x28,0x78,0x5f,0x33,0x33,0x35,0x20,
    0x2a,0x20,0x73,0x68,0x61,0x70,0x65,0x2e,0x78,0x29,0x3b,0x0a,0x20,0x20,0x61,0x6c,
    0x6f,0x6e,0x67,0x20,0x3d,0x20,0x78,0x5f,0x33,0x33,0x39,0x3b,0x0a,0x20,0x20,0x6c,
    0x65,0x74,0x20,0x78,0x5f,0x33,0x34,0x37,0x20,0x3d,0x20,0x78,0x5f,0x34,0x32,0x2e,
    0x61,0x78,0x69,0x73,0x5f,0x78,0x2e,0x78,0x79,0x7a,0x3b,0x0a,0x20,0x20,0x6c,0x65,
    0x74,0x20,0x78,0x5f,0x33,0x35,0x33,0x20,0x3d,0x20,0x78,0x5f,0x34,0x32,0x2e,0x61,
    0x78,0x69,0x73,0x5f,0x79,0x2e,0x78,0x79,0x7a,0x3b,0x0a,0x20,0x20,0x6c,0x65,0x74,
    0x20,0x78,0x5f,0x33,0x35,0x35,0x20,0x3d,0x20,0x76,0x65,0x63,0x32,0x66,0x28,0x64,
    0x6f,0x74,0x28,0x76,0x65,0x6c,0x2c,0x20,0x78,0x5f,0x33,0x34,0x37,0x29,0x2c,0x20,
    0x64,0x6f,0x74,0x28,0x76,0x65,0x6c,0x2c,0x20,0x78,0x5f,0x33,0x35,0x33,0x29,0x29,
    0x3b,0x0a,0x20,0x20,0x6c,0x65,0x74,0x20,0x78,0x5f,0x33,0x35,0x38,0x20,0x3d,0x20,
    0x6c,0x65,0x6e,0x67,0x74,0x68,0x28,0x78,0x5f,0x33,0x35,0x35,0x29,0x3b,0x0a,0x20,
    0x20,0x6c,0x65,0x74,0x20,0x78,0x5f,0x33,0x36,0x30,0x20,0x3d,0x20,0x78,0x5f,0x34,
    0x32,0x2e,0x64,0x79,0x6e,0x61,0x6d,0x69,0x63,0x73,0x2e,0x79,0x3b,0x0a,0x20,0x20,
    0x69,0x66,0x20,0x28,0x28,0x28,0x78,0x5f,0x33,0x36,0x30,0x20,0x3e,0x20,0x30,0x2e,
    0x30,0x66,0x29,0x20,0x26,0x20,0x28,0x78,0x5f,0x33,0x35,0x38,0x20,0x3e,0x20,0x30,
    0x2e,0x30,0x30,0x30,0x30,0x30,0x39,0x39,0x39,0x39,0x39,0x39,0x39,0x37,0x34,0x37,
    0x33,0x37,0x38,0x37,0x35,0x66,0x29,0x29,0x29,0x20,0x7b,0x0a,0x20,0x20,0x20,0x20,
    0x6c,0x65,0x74,0x20,0x78,0x5f,0x33,0x37,0x32,0x20,0x3d,0x20,0x28,0x78,0x5f,0x33,
    0x35,0x35,0x20,0x2f,0x20,0x76,0x65,0x63,0x32,0x66,0x28,0x78,0x5f,0x33,0x35,0x38,
    0x29,0x29,0x3b,0x0a,0x20,0x20,0x20,0x20,0x6c,0x65,0x74,0x20,0x78,0x5f,0x33,0x37,
    0x38,0x20,0x3d,0x20,0x78,0x5f,0x33,0x37,0x32,0x2e,0x78,0x3b,0x0a,0x20,0x20,0x20,
    0x20,0x6c,0x65,0x74,0x20,0x78,0x5f,0x33,0x38,0x34,0x20,0x3d,0x20,0x78,0x5f,0x33,
    0x37,0x32,0x2e,0x79,0x3b,0x0a,0x20,0x20,0x20,0x20,0x6c,0x65,0x74,0x20,0x78,0x5f,
    0x33,0x38,0x36,0x20,0x3d,0x20,0x28,0x28,0x78,0x5f,0x33,0x34,0x37,0x20,0x2a,0x20,
    0x78,0x5f,0x33,0x37,0x38,0x29,0x20,0x2b,0x20,0x28,0x78,0x5f,0x33,0x35,0x33,0x20,
    0x2a,0x20,0x78,0x5f,0x33,0x38,0x34,0x29,0x29,0x3b,0x0a,0x20,0x20,0x20,0x20,0x75,
    0x70,0x20,0x3d,0x20,0x78,0x5f,0x33,0x38,0x36,0x3b,0x0a,0x20,0x20,0x20,0x20,0x72,
    0x69,0x67,0x68,0x74,0x20,0x3d,0x20,0x28,0x28,0x78,0x5f,0x33,0x34,0x37,0x20,0x2a,
    0x20,0x78,0x5f,0x33,0x38,0x34,0x29,0x20,0x2d,0x20,0x28,0x78,0x5f,0x33,0x35,0x33,
    0x20,0x2a,0x20,0x78,0x5f,0x33,0x37,0x38,0x29,0x29,0x3b,0x0a,0x20,0x20,0x20,0x20,
    0x6c,0x65,0x74,0x20,0x78,0x5f,0x34,0x30,0x35,0x20,0x3d,0x20,0x28,0x78,0x5f,0x33,
    0x35,0x38,0x20,0x2a,0x20,0x78,0x5f,0x33,0x36,0x30,0x29,0x3b,0x0a,0x20,0x20,0x20,
    0x20,0x61,0x6c,0x6f,0x6e,0x67,0x20,0x3d,0x20,0x28,0x78,0x5f,0x33,0x33,0x39,0x20,
    0x2b,0x20,0x78,0x5f,0x34,0x30,0x35,0x29,0x3b,0x0a,0x20,0x20,0x20,0x20,0x70,0x6f,
    0x73,0x20,0x3d,0x20,0x28,0x70,0x6f,0x73,0x20,0x2d,0x20,0x28,0x78,0x5f,0x33,0x38,
    0x36,0x20,0x2a,0x20,0x28,0x78,0x5f,0x34,0x30,0x35,0x20,0x2a,0x20,0x30,0x2e,0x35,
    0x66,0x29,0x29,0x29,0x3b,0x0a,0x20,0x20,0x7d,0x20,0x65,0x6c,0x73,0x65,0x20,0x7b,
    0x0a,0x20,0x20,0x20,0x20,0x6c,0x65,0x74,0x20,0x78,0x5f,0x34,0x32,0x33,0x20,0x3d,
    0x20,0x28,0x73,0x68,0x61,0x70,0x65,0x2e,0x7a,0x20,0x2b,0x20,0x28,0x73,0x68,0x61,
    0x70,0x65,0x2e,0x79,0x20,0x2a,0x20,0x78,0x5f,0x32,0x32,0x33,0x29,0x29,0x3b,0x0a,
    0x20,0x20,0x20,0x20,0x6c,0x65,0x74,0x20,0x78,0x5f,0x34,0x32,0x36,0x20,0x3d,0x20,
    0x63,0x6f,0x73,0x28,0x78,0x5f,0x34,0x32,0x33,0x29,0x3b,0x0a,0x20,0x20,0x20,0x20,
    0x6c,0x65,0x74,0x20,0x78,0x5f,0x34,0x32,0x39,0x20,0x3d,0x20,0x73,0x69,0x6e,0x28,
    0x78,0x5f,0x34,0x32,0x33,0x29,0x3b,0x0a,0x20,0x20,0x20,0x20,0x72,0x69,0x67,0x68,
    0x74,0x20,0x3d,0x20,0x28,0x28,0x78,0x5f,0x33,0x34,0x37,0x20,0x2a,0x20,0x78,0x5f,
    0x34,0x32,0x36,0x29,0x20,0x2d,0x20,0x28,0x78,0x5f,0x33,0x35,0x33,0x20,0x2a,0x20,
    0x78,0x5f,0x34,0x32,0x39,0x29,0x29,0x3b,0x0a,0x20,0x20,0x20,0x20,0x75,0x70,0x20,
    0x3d,0x20,0x28,0x28,0x78,0x5f,0x33,0x34,0x37,0x20,0x2a,0x20,0x78,0x5f,0x34,0x32,
    0x39,0x29,0x20,0x2b,0x20,0x28,0x78,0x5f,0x33,0x35,0x33,0x20,0x2a,0x20,0x78,0x5f,
    0x34,0x32,0x36,0x29,0x29,0x3b,0x0a,0x20,0x20,0x7d,0x0a,0x20,0x20,0x76,0x61,0x72,
    0x20,0x78,0x5f,0x34,0x38,0x34,0x20,0x3a,0x20,0x66,0x33,0x32,0x3b,0x0a,0x20,0x20,
    0x6c,0x65,0x74,0x20,0x78,0x5f,0x34,0x36,0x30,0x20,0x3d,0x20,0x63,0x6f,0x72,0x6e,
    0x65,0x72,0x2e,0x78,0x3b,0x0a,0x20,0x20,0x6c,0x65,0x74,0x20,0x78,0x5f,0x34,0x36,
    0x37,0x20,0x3d,0x20,0x63,0x6f,0x72,0x6e,0x65,0x72,0x2e,0x79,0x3b,0x0a,0x20,0x20,
    0x6c,0x65,0x74,0x20,0x78,0x5f,0x34,0x37,0x31,0x20,0x3d,0x20,0x28,0x28,0x70,0x6f,
    0x73,0x20,0x2b,0x20,0x28,0x72,0x69,0x67,0x68,0x74,0x20,0x2a,0x20,0x28,0x78,0x5f,
    0x34,0x36,0x30,0x20,0x2a,0x20,0x78,0x5f,0x33,0x33,0x39,0x29,0x29,0x29,0x20,0x2b,
    0x20,0x28,0x75,0x70,0x20,0x2a,0x20,0x28,0x78,0x5f,0x34,0x36,0x37,0x20,0x2a,0x20,
    0x61,0x6c,0x6f,0x6e,0x67,0x29,0x29,0x29,0x3b,0x0a,0x20,0x20,0x67,0x6c,0x5f,0x50,
    0x6f,0x73,0x69,0x74,0x69,0x6f,0x6e,0x20,0x3d,0x20,0x28,0x78,0x5f,0x34,0x32,0x2e,
    0x76,0x69,0x65,0x77,0x5f,0x70,0x72,0x6f,0x6a,0x20,0x2a,0x20,0x76,0x65,0x63,0x34,
    0x66,0x28,0x78,0x5f,0x34,0x37,0x31,0x2e,0x78,0x2c,0x20,0x78,0x5f,0x34,0x37,0x31,
    0x2e,0x79,0x2c,0x20,0x78,0x5f,0x34,0x37,0x31,0x2e,0x7a,0x2c,0x20,0x31,0x2e,0x30,
    0x66,0x29,0x29,0x3b,0x0a,0x20,0x20,0x6c,0x65,0x74,0x20,0x78,0x5f,0x34,0x38,0x31,
    0x20,0x3d,0x20,0x78,0x5f,0x34,0x32,0x2e,0x73,0x6f,0x75,0x72,0x63,0x65,0x3b,0x0a,
    0x20,0x20,0x63,0x65,0x6c,0x6c,0x20,0x3d,0x20,0x78,0x5f,0x34,0x38,0x31,0x3b,0x0a,
    0x20,0x20,0x78,0x5f,0x34,0x38,0x34,0x20,0x3d,0x20,0x78,0x5f,0x34,0x32,0x2e,0x66,
    0x72,0x61,0x6d,0x65,0x73,0x2e,0x7a,0x3b,0x0a,0x20,0x20,0x69,0x66,0x20,0x28,0x28,
    0x78,0x5f,0x34,0x38,0x34,0x20,0x3e,0x20,0x31,0x2e,0x35,0x66,0x29,0x29,0x20,0x7b,
    0x0a,0x20,0x20,0x20,0x20,0x6c,0x65,0x74,0x20,0x78,0x5f,0x34,0x39,0x31,0x20,0x3d,
    0x20,0x78,0x5f,0x34,0x32,0x2e,0x66,0x72,0x61,0x6d,0x65,0x73,0x2e,0x77,0x3b,0x0a,
    0x20,0x20,0x20,0x20,0x69,0x66,0x20,0x28,0x28,0x78,0x5f,0x34,0x39,0x31,0x20,0x3e,
    0x20,0x30,0x2e,0x30,0x66,0x29,0x29,0x20,0x7b,0x0a,0x20,0x20,0x20,0x20,0x20,0x20,
    0x6c,0x65,0x74,0x20,0x78,0x5f,0x35,0x30,0x31,0x20,0x3d,0x20,0x73,0x68,0x61,0x70,
    0x65,0x2e,0x77,0x3b,0x0a,0x20,0x20,0x20,0x20,0x20,0x20,0x78,0x5f,0x34,0x39,0x33,
    0x20,0x3d,0x20,0x28,0x66,0x6c,0x6f,0x6f,0x72,0x28,0x28,0x28,0x78,0x5f,0x32,0x32,
    0x33,0x20,0x2a,0x20,0x78,0x5f,0x34,0x39,0x31,0x29,0x20,0x2b,0x20,0x28,0x66,0x72,
    0x61,0x63,0x74,0x28,0x28,0x78,0x5f,0x35,0x30,0x31,0x20,0x2a,0x20,0x37,0x2e,0x33,
    0x30,0x39,0x39,0x39,0x39,0x39,0x34,0x32,0x37,0x37,0x39,0x35,0x34,0x31,0x30,0x31,
    0x35,0x36,0x32,0x66,0x29,0x29,0x20,0x2a,0x20,0x78,0x5f,0x34,0x38,0x34,0x29,0x29,
    0x29,0x20,0x2d,0x20,0x28,0x78,0x5f,0x34,0x38,0x34,0x20,0x2a,0x20,0x66,0x6c,0x6f,
    0x6f,0x72,0x28,0x28,0x66,0x6c,0x6f,0x6f,0x72,0x28,0x28,0x28,0x78,0x5f,0x32,0x32,
    0x33,0x20,0x2a,0x20,0x78,0x5f,0x34,0x39,0x31,0x29,0x20,0x2b,0x20,0x28,0x66,0x72,
    0x61,0x63,0x74,0x28,0x28,0x78,0x5f,0x35,0x30,0x31,0x20,0x2a,0x20,0x37,0x2e,0x33,
    0x30,0x39,0x39,0x39,0x39,0x39,0x34,0x32,0x37,0x37,0x39,0x35,0x34,0x31,0x30,0x31,
    0x35,0x36,0x32,0x66,0x29,0x29,0x20,0x2a,0x20,0x78,0x5f,0x34,0x38,0x34,0x29,0x29,
    0x29,0x20,0x2f,0x20,0x78,0x5f,0x34,0x38,0x34,0x29,0x29,0x29,0x29,0x3b,0x0a,0x20,
    0x20,0x20,0x20,0x7d,0x20,0x65,0x6c,0x73,0x65,0x20,0x7b,0x0a,0x20,0x20,0x20,0x20,
    0x20,0x20,0x78,0x5f,0x34,0x39,0x33,0x20,0x3d,0x20,0x6d,0x69,0x6e,0x28,0x66,0x6c,
    0x6f,0x6f,0x72,0x28,0x28,0x78,0x5f,0x32,0x32,0x39,0x20,0x2a,0x20,0x78,0x5f,0x34,
    0x38,0x34,0x29,0x29,0x2c,0x20,0x28,0x78,0x5f,0x34,0x38,0x34,0x20,0x2d,0x20,0x31,
    0x2e,0x30,0x66,0x29,0x29,0x3b,0x0a,0x20,0x20,0x20,0x20,0x7d,0x0a,0x20,0x20,0x20,
    0x20,0x6c,0x65,0x74,0x20,0x78,0x5f,0x35,0x33,0x30,0x20,0x3d,0x20,0x78,0x5f,0x34,
    0x38,0x31,0x2e,0x78,0x79,0x3b,0x0a,0x20,0x20,0x20,0x20,0x6c,0x65,0x74,0x20,0x78,
    0x5f,0x35,0x33,0x35,0x20,0x3d,0x20,0x28,0x28,0x78,0x5f,0x34,0x38,0x31,0x2e,0x7a,
    0x77,0x20,0x2d,0x20,0x78,0x5f,0x35,0x33,0x30,0x29,0x20,0x2f,0x20,0x78,0x5f,0x34,
    0x32,0x2e,0x66,0x72,0x61,0x6d,0x65,0x73,0x2e,0x78,0x79,0x29,0x3b,0x0a,0x20,0x20,
    0x20,0x20,0x6c,0x65,0x74,0x20,0x78,0x5f,0x35,0x34,0x32,0x20,0x3d,0x20,0x78,0x5f,
    0x34,0x32,0x2e,0x66,0x72,0x61,0x6d,0x65,0x73,0x2e,0x78,0x3b,0x0a,0x20,0x20,0x20,
    0x20,0x6c,0x65,0x74,0x20,0x78,0x5f,0x35,0x35,0x31,0x20,0x3d,0x20,0x28,0x78,0x5f,
    0x35,0x33,0x30,0x20,0x2b,0x20,0x28,0x78,0x5f,0x35,0x33,0x35,0x20,0x2a,0x20,0x76,
    0x65,0x63,0x32,0x66,0x28,0x28,0x78,0x5f,0x34,0x39,0x33,0x20,0x2d,0x20,0x28,0x78,
    0x5f,0x35,0x34,0x32,0x20,0x2a,0x20,0x66,0x6c,0x6f,0x6f,0x72,0x28,0x28,0x78,0x5f,
    0x34,0x39,0x33,0x20,0x2f,0x20,0x78,0x5f,0x35,0x34,0x32,0x29,0x29,0x29,0x29,0x2c,
    0x20,0x66,0x6c,0x6f,0x6f,0x72,0x28,0x28,0x78,0x5f,0x34,0x39,0x33,0x20,0x2f,0x20,
    0x78,0x5f,0x35,0x34,0x32,0x29,0x29,0x29,0x29,0x29,0x3b,0x0a,0x20,0x20,0x20,0x20,
    0x6c,0x65,0x74,0x20,0x78,0x5f,0x35,0x35,0x33,0x20,0x3d,0x20,0x78,0x5f,0x35,0x35,
    0x31,0x2e,0x78,0x3b,0x0a,0x20,0x20,0x20,0x20,0x76,0x61,0x72,0x20,0x78,0x5f,0x36,
    0x31,0x33,0x5f,0x31,0x20,0x3d,0x20,0x76,0x65,0x63,0x34,0x66,0x28,0x29,0x3b,0x0a,
    0x20,0x20,0x20,0x20,0x78,0x5f,0x36,0x31,0x33,0x5f,0x31,0x2e,0x78,0x20,0x3d,0x20,
    0x78,0x5f,0x35,0x35,0x33,0x3b,0x0a,0x20,0x20,0x20,0x20,0x6c,0x65,0x74,0x20,0x78,
    0x5f,0x36,0x31,0x33,0x20,0x3d,0x20,0x78,0x5f,0x36,0x31,0x33,0x5f,0x31,0x3b,0x0a,
    0x20,0x20,0x20,0x20,0x6c,0x65,0x74,0x20,0x78,0x5f,0x35,0x35,0x35,0x20,0x3d,0x20,
    0x78,0x5f,0x35,0x35,0x31,0x2e,0x79,0x3b,0x0a,0x20,0x20,0x20,0x20,0x76,0x61,0x72,
    0x20,0x78,0x5f,0x36,0x31,0x35,0x5f,0x31,0x20,0x3d,0x20,0x78,0x5f,0x36,0x31,0x33,
    0x3b,0x0a,0x20,0x20,0x20,0x20,0x78,0x5f,0x36,0x31,0x35,0x5f,0x31,0x2e,0x79,0x20,
    0x3d,0x20,0x78,0x5f,0x35,0x35,0x35,0x3b,0x0a,0x20,0x20,0x20,0x20,0x6c,0x65,0x74,
    0x20,0x78,0x5f,0x35,0x35,0x39,0x20,0x3d,0x20,0x28,0x78,0x5f,0x36,0x31,0x35,0x5f,
    0x31,0x2e,0x78,0x79,0x20,0x2b,0x20,0x78,0x5f,0x35,0x33,0x35,0x29,0x3b,0x0a,0x20,
    0x20,0x20,0x20,0x63,0x65,0x6c,0x6c,0x20,0x3d,0x20,0x76,0x65,0x63,0x34,0x66,0x28,
    0x78,0x5f,0x35,0x35,0x33,0x2c,0x20,0x78,0x5f,0x35,0x35,0x35,0x2c,0x20,0x78,0x5f,
    0x35,0x35,0x39,0x2e,0x78,0x2c,0x20,0x78,0x5f,0x35,0x35,0x39,0x2e,0x79,0x29,0x3b,
    0x0a,0x20,0x20,0x7d,0x0a,0x20,0x20,0x75,0x76,0x20,0x3d,0x20,0x76,0x65,0x63,0x32,
    0x66,0x28,0x6d,0x69,0x78,0x28,0x63,0x65,0x6c,0x6c,0x2e,0x78,0x2c,0x20,0x63,0x65,
    0x6c,0x6c,0x2e,0x7a,0x2c,0x20,0x28,0x78,0x5f,0x34,0x36,0x30,0x20,0x2b,0x20,0x30,
    0x2e,0x35,0x66,0x29,0x29,0x2c,0x20,0x6d,0x69,0x78,0x28,0x63,0x65,0x6c,0x6c,0x2e,
    0x79,0x2c,0x20,0x63,0x65,0x6c,0x6c,0x2e,0x77,0x2c,0x20,0x28,0x30,0x2e,0x35,0x66,
    0x20,0x2d,0x20,0x78,0x5f,0x34,0x36,0x37,0x29,0x29,0x29,0x3b,0x0a,0x20,0x20,0x70,
    0x61,0x72,0x61,0x6d,0x5f,0x37,0x20,0x3d,0x20,0x78,0x5f,0x32,0x32,0x39,0x3b,0x0a,
    0x20,0x20,0x6c,0x65,0x74,0x20,0x78,0x5f,0x35,0x38,0x33,0x20,0x3d,0x20,0x63,0x6f,
    0x6c,0x6f,0x72,0x5f,0x61,0x74,0x5f,0x66,0x31,0x5f,0x28,0x26,0x28,0x70,0x61,0x72,
    0x61,0x6d,0x5f,0x37,0x29,0x29,0x3b,0x0a,0x20,0x20,0x63,0x6f,0x6c,0x6f,0x72,0x20,
    0x3d,0x20,0x78,0x5f,0x35,0x38,0x33,0x3b,0x0a,0x20,0x20,0x6c,0x65,0x74,0x20,0x78,
    0x5f,0x35,0x38,0x37,0x20,0x3d,0x20,0x69,0x33,0x32,0x28,0x78,0x5f,0x34,0x32,0x2e,
    0x63,0x6f,0x75,0x6e,0x74,0x73,0x2e,0x77,0x29,0x3b,0x0a,0x20,0x20,0x69,0x66,0x20,
    0x28,0x28,0x78,0x5f,0x35,0x38,0x37,0x20,0x3e,0x20,0x30,0x69,0x29,0x29,0x20,0x7b,
    0x0a,0x20,0x20,0x20,0x20,0x63,0x6f,0x6c,0x6f,0x72,0x20,0x3d,0x20,0x28,0x63,0x6f,
    0x6c,0x6f,0x72,0x20,0x2a,0x20,0x78,0x5f,0x34,0x32,0x2e,0x70,0x61,0x6c,0x65,0x74,
    0x74,0x65,0x5b,0x6d,0x69,0x6e,0x28,0x69,0x33,0x32,0x28,0x28,0x73,0x68,0x61,0x70,
    0x65,0x2e,0x77,0x20,0x2a,0x20,0x66,0x33,0x32,0x28,0x78,0x5f,0x35,0x38,0x37,0x29,
    0x29,0x29,0x2c,0x20,0x28,0x78,0x5f,0x35,0x38,0x37,0x20,0x2d,0x20,0x31,0x69,0x29,
    0x29,0x5d,0x29,0x3b,0x0a,0x20,0x20,0x7d,0x0a,0x20,0x20,0x61,0x6c,0x70,0x68,0x61,
    0x5f,0x6d,0x6f,0x64,0x65,0x20,0x3d,0x20,0x78,0x5f,0x34,0x32,0x2e,0x63,0x6f,0x75,
    0x6e,0x74,0x73,0x2e,0x7a,0x3b,0x0a,0x20,0x20,0x72,0x65,0x74,0x75,0x72,0x6e,0x3b,
    0x0a,0x7d,0x0a,0x0a,0x73,0x74,0x72,0x75,0x63,0x74,0x20,0x6d,0x61,0x69,0x6e,0x5f,
    0x6f,0x75,0x74,0x20,0x7b,0x0a,0x20,0x20,0x40,0x62,0x75,0x69,0x6c,0x74,0x69,0x6e,
    0x28,0x70,0x6f,0x73,0x69,0x74,0x69,0x6f,0x6e,0x29,0x0a,0x20,0x20,0x67,0x6c,0x5f,
    0x50,0x6f,0x73,0x69,0x74,0x69,0x6f,0x6e,0x20,0x3a,0x20,0x76,0x65,0x63,0x34,0x66,
    0x2c,0x0a,0x20,0x20,0x40,0x6c,0x6f,0x63,0x61,0x74,0x69,0x6f,0x6e,0x28,0x30,0x29,
    0x0a,0x20,0x20,0x75,0x76,0x5f,0x31,0x20,0x3a,0x20,0x76,0x65,0x63,0x32,0x66,0x2c,
    0x0a,0x20,0x20,0x40,0x6c,0x6f,0x63,0x61,0x74,0x69,0x6f,0x6e,0x28,0x31,0x29,0x0a,
    0x20,0x20,0x63,0x6f,0x6c,0x6f,0x72,0x5f,0x31,0x20,0x3a,0x20,0x76,0x65,0x63,0x34,
    0x66,0x2c,0x0a,0x20,0x20,0x40,0x6c,0x6f,0x63,0x61,0x74,0x69,0x6f,0x6e,0x28,0x32,
    0x29,0x0a,0x20,0x20,0x61,0x6c,0x70,0x68,0x61,0x5f,0x6d,0x6f,0x64,0x65,0x5f,0x31,
    0x20,0x3a,0x20,0x66,0x33,0x32,0x2c,0x0a,0x7d,0x0a,0x0a,0x40,0x76,0x65,0x72,0x74,
    0x65,0x78,0x0a,0x66,0x6e,0x20,0x6d,0x61,0x69,0x6e,0x28,0x40,0x6c,0x6f,0x63,0x61,
    0x74,0x69,0x6f,0x6e,0x28,0x31,0x29,0x20,0x62,0x6f,0x72,0x6e,0x5f,0x70,0x61,0x72,
    0x61,0x6d,0x20,0x3a,0x20,0x76,0x65,0x63,0x34,0x66,0x2c,0x20,0x40,0x6c,0x6f,0x63,
    0x61,0x74,0x69,0x6f,0x6e,0x28,0x32,0x29,0x20,0x6d,0x6f,0x74,0x69,0x6f,0x6e,0x5f,
    0x70,0x61,0x72,0x61,0x6d,0x20,0x3a,0x20,0x76,0x65,0x63,0x34,0x66,0x2c,0x20,0x40,
    0x6c,0x6f,0x63,0x61,0x74,0x69,0x6f,0x6e,0x28,0x33,0x29,0x20,0x73,0x68,0x61,0x70,
    0x65,0x5f,0x70,0x61,0x72,0x61,0x6d,0x20,0x3a,0x20,0x76,0x65,0x63,0x34,0x66,0x2c,
    0x20,0x40,0x6c,0x6f,0x63,0x61,0x74,0x69,0x6f,0x6e,0x28,0x30,0x29,0x20,0x63,0x6f,
    0x72,0x6e,0x65,0x72,0x5f,0x70,0x61,0x72,0x61,0x6d,0x20,0x3a,0x20,0x76,0x65,0x63,
    0x32,0x66,0x29,0x20,0x2d,0x3e,0x20,0x6d,0x61,0x69,0x6e,0x5f,0x6f,0x75,0x74,0x20,
    0x7b,0x0a,0x20,0x20,0x62,0x6f,0x72,0x6e,0x20,0x3d,0x20,0x62,0x6f,0x72,0x6e,0x5f,
    0x70,0x61,0x72,0x61,0x6d,0x3b,0x0a,0x20,0x20,0x6d,0x6f,0x74,0x69,0x6f,0x6e,0x20,
    0x3d,0x20,0x6d,0x6f,0x74,0x69,0x6f,0x6e,0x5f,0x70,0x61,0x72,0x61,0x6d,0x3b,0x0a,
    0x20,0x20,0x73,0x68,0x61,0x70,0x65,0x20,0x3d,0x20,0x73,0x68,0x61,0x70,0x65,0x5f,
    0x70,0x61,0x72,0x61,0x6d,0x3b,0x0a,0x20,0x20,0x63,0x6f,0x72,0x6e,0x65,0x72,0x20,
    0x3d,0x20,0x63,0x6f,0x72,0x6e,0x65,0x72,0x5f,0x70,0x61,0x72,0x61,0x6d,0x3b,0x0a,
    0x20,0x20,0x6d,0x61,0x69,0x6e,0x5f,0x31,0x28,0x29,0x3b,0x0a,0x20,0x20,0x72,0x65,
    0x74,0x75,0x72,0x6e,0x20,0x6d,0x61,0x69,0x6e,0x5f,0x6f,0x75,0x74,0x28,0x67,0x6c,
    0x5f,0x50,0x6f,0x73,0x69,0x74,0x69,0x6f,0x6e,0x2c,0x20,0x75,0x76,0x2c,0x20,0x63,
    0x6f,0x6c,0x6f,0x72,0x2c,0x20,0x61,0x6c,0x70,0x68,0x61,0x5f,0x6d,0x6f,0x64,0x65,
    0x29,0x3b,0x0a,0x7d,0x0a,0x00,
};
#endif
/*
    diagnostic(off, derivative_uniformity);

    var<private> frag_color : vec4f;

    @binding(0) @group(1) var tex : texture_2d<f32>;

    @binding(32) @group(1) var smp : sampler;

    var<private> uv : vec2f;

    var<private> color : vec4f;

    var<private> alpha_mode : f32;

    fn main_1() {
      var x_43 : bool;
      var x_44 : bool;
      let x_23 = uv;
      let x_24 = textureSample(tex, smp, x_23);
      frag_color = (x_24 * color);
      let x_32 = alpha_mode;
      let x_34 = (alpha_mode > 0.0f);
      x_44 = x_34;
      if (x_34) {
        x_43 = (frag_color.w < x_32);
        x_44 = x_43;
      }
      if (x_44) {
        discard;
      }
      if (!((x_32 == 0.0f))) {
        frag_color.w = 1.0f;
      }
      return;
    }

    struct main_out {
      @location(0)
      frag_color_1 : vec4f,
    }

    @fragment
    fn main(@location(0) uv_param : vec2f, @location(1) color_param : vec4f, @location(2) alpha_mode_param : f32) -> main_out {
      uv = uv_param;
      color = color_param;
      alpha_mode = alpha_mode_param;
      main_1();
      return main_out(frag_color);
    }
*/
#if defined(SOKOL_WGPU)
static const uint8_t sprite_fs_source_wgsl[955] = {
    0x64,0x69,0x61,0x67,0x6e,0x6f,0x73,0x74,0x69,0x63,0x28,0x6f,0x66,0x66,0x2c,0x20,
    0x64,0x65,0x72,0x69,0x76,0x61,0x74,0x69,0x76,0x65,0x5f,0x75,0x6e,0x69,0x66,0x6f,
    0x72,0x6d,0x69,0x74,0x79,0x29,0x3b,0x0a,0x0a,0x76,0x61,0x72,0x3c,0x70,0x72,0x69,
    0x76,0x61,0x74,0x65,0x3e,0x20,0x66,0x72,0x61,0x67,0x5f,0x63,0x6f,0x6c,0x6f,0x72,
    0x20,0x3a,0x20,0x76,0x65,0x63,0x34,0x66,0x3b,0x0a,0x0a,0x40,0x62,0x69,0x6e,0x64,
    0x69,0x6e,0x67,0x28,0x30,0x29,0x20,0x40,0x67,0x72,0x6f,0x75,0x70,0x28,0x31,0x29,
    0x20,0x76,0x61,0x72,0x20,0x74,0x65,0x78,0x20,0x3a,0x20,0x74,0x65,0x78,0x74,0x75,
    0x72,0x65,0x5f,0x32,0x64,0x3c,0x66,0x33,0x32,0x3e,0x3b,0x0a,0x0a,0x40,0x62,0x69,
    0x6e,0x64,0x69,0x6e,0x67,0x28,0x33,0x32,0x29,0x20,0x40,0x67,0x72,0x6f,0x75,0x70,
    0x28,0x31,0x29,0x20,0x76,0x61,0x72,0x20,0x73,0x6d,0x70,0x20,0x3a,0x20,0x73,0x61,
    0x6d,0x70,0x6c,0x65,0x72,0x3b,0x0a,0x0a,0x76,0x61,0x72,0x3c,0x70,0x72,0x69,0x76,
    0x61,0x74,0x65,0x3e,0x20,0x75,0x76,0x20,0x3a,0x20,0x76,0x65,0x63,0x32,0x66,0x3b,
    0x0a,0x0a,0x76,0x61,0x72,0x3c,0x70,0x72,0x69,0x76,0x61,0x74,0x65,0x3e,0x20,0x63,
    0x6f,0x6c,0x6f,0x72,0x20,0x3a,0x20,0x76,0x65,0x63,0x34,0x66,0x3b,0x0a,0x0a,0x76,
    0x61,0x72,0x3c,0x70,0x72,0x69,0x76,0x61,0x74,0x65,0x3e,0x20,0x61,0x6c,0x70,0x68,
    0x61,0x5f,0x6d,0x6f,0x64,0x65,0x20,0x3a,0x20,0x66,0x33,0x32,0x3b,0x0a,0x0a,0x66,
    0x6e,0x20,0x6d,0x61,0x69,0x6e,0x5f,0x31,0x28,0x29,0x20,0x7b,0x0a,0x20,0x20,0x76,
    0x61,0x72,0x20,0x78,0x5f,0x34,0x33,0x20,0x3a,0x20,0x62,0x6f,0x6f,0x6c,0x3b,0x0a,
    0x20,0x20,0x76,0x61,0x72,0x20,0x78,0x5f,0x34,0x34,0x20,0x3a,0x20,0x62,0x6f,0x6f,
    0x6c,0x3b,0x0a,0x20,0x20,0x6c,0x65,0x74,0x20,0x78,0x5f,0x32,0x33,0x20,0x3d,0x20,
    0x75,0x76,0x3b,0x0a,0x20,0x20,0x6c,0x65,0x74,0x20,0x78,0x5f,0x32,0x34,0x20,0x3d,
    0x20,0x74,0x65,0x78,0x74,0x75,0x72,0x65,0x53,0x61,0x6d,0x70,0x6c,0x65,0x28,0x74,
    0x65,0x78,0x2c,0x20,0x73,0x6d,0x70,0x2c,0x20,0x78,0x5f,0x32,0x33,0x29,0x3b,0x0a,
    0x20,0x20,0x66,0x72,0x61,0x67,0x5f,0x63,0x6f,0x6c,0x6f,0x72,0x20,0x3d,0x20,0x28,
    0x78,0x5f,0x32,0x34,0x20,0x2a,0x20,0x63,0x6f,0x6c,0x6f,0x72,0x29,0x3b,0x0a,0x20,
    0x20,0x6c,0x65,0x74,0x20,0x78,0x5f,0x33,0x32,0x20,0x3d,0x20,0x61,0x6c,0x70,0x68,
    0x61,0x5f,0x6d,0x6f,0x64,0x65,0x3b,0x0a,0x20,0x20,0x6c,0x65,0x74,0x20,0x78,0x5f,
    0x33,0x34,0x20,0x3d,0x20,0x28,0x61,0x6c,0x70,0x68,0x61,0x5f,0x6d,0x6f,0x64,0x65,
    0x20,0x3e,0x20,0x30,0x2e,0x30,0x66,0x29,0x3b,0x0a,0x20,0x20,0x78,0x5f,0x34,0x34,
    0x20,0x3d,0x20,0x78,0x5f,0x33,0x34,0x3b,0x0a,0x20,0x20,0x69,0x66,0x20,0x28,0x78,
    0x5f,0x33,0x34,0x29,0x20,0x7b,0x0a,0x20,0x20,0x20,0x20,0x78,0x5f,0x34,0x33,0x20,
    0x3d,0x20,0x28,0x66,0x72,0x61,0x67,0x5f,0x63,0x6f,0x6c,0x6f,0x72,0x2e,0x77,0x20,
    0x3c,0x20,0x78,0x5f,0x33,0x32,0x29,0x3b,0x0a,0x20,0x20,0x20,0x20,0x78,0x5f,0x34,
    0x34,0x20,0x3d,0x20,0x78,0x5f,0x34,0x33,0x3b,0x0a,0x20,0x20,0x7d,0x0a,0x20,0x20,
    0x69,0x66,0x20,0x28,0x78,0x5f,0x34,0x34,0x29,0x20,0x7b,0x0a,0x20,0x20,0x20,0x20,
    0x64,0x69,0x73,0x63,0x61,0x72,0x64,0x3b,0x0a,0x20,0x20,0x7d,0x0a,0x20,0x20,0x69,
    0x66,0x20,0x28,0x21,0x28,0x28,0x78,0x5f,0x33,0x32,0x20,0x3d,0x3d,0x20,0x30,0x2e,
    0x30,0x66,0x29,0x29,0x29,0x20,0x7b,0x0a,0x20,0x20,0x20,0x20,0x66,0x72,0x61,0x67,
    0x5f,0x63,0x6f,0x6c,0x6f,0x72,0x2e,0x77,0x20,0x3d,0x20,0x31,0x2e,0x30,0x66,0x3b,
    0x0a,0x20,0x20,0x7d,0x0a,0x20,0x20,0x72,0x65,0x74,0x75,0x72,0x6e,0x3b,0x0a,0x7d,
    0x0a,0x0a,0x73,0x74,0x72,0x75,0x63,0x74,0x20,0x6d,0x61,0x69,0x6e,0x5f,0x6f,0x75,
    0x74,0x20,0x7b,0x0a,0x20,0x20,0x40,0x6c,0x6f,0x63,0x61,0x74,0x69,0x6f,0x6e,0x28,
    0x30,0x29,0x0a,0x20,0x20,0x66,0x72,0x61,0x67,0x5f,0x63,0x6f,0x6c,0x6f,0x72,0x5f,
    0x31,0x20,0x3a,0x20,0x76,0x65,0x63,0x34,0x66,0x2c,0x0a,0x7d,0x0a,0x0a,0x40,0x66,
    0x72,0x61,0x67,0x6d,0x65,0x6e,0x74,0x0a,0x66,0x6e,0x20,0x6d,0x61,0x69,0x6e,0x28,
    0x40,0x6c,0x6f,0x63,0x61,0x74,0x69,0x6f,0x6e,0x28,0x30,0x29,0x20,0x75,0x76,0x5f,
    0x70,0x61,0x72,0x61,0x6d,0x20,0x3a,0x20,0x76,0x65,0x63,0x32,0x66,0x2c,0x20,0x40,
    0x6c,0x6f,0x63,0x61,0x74,0x69,0x6f,0x6e,0x28,0x31,0x29,0x20,0x63,0x6f,0x6c,0x6f,
    0x72,0x5f,0x70,0x61,0x72,0x61,0x6d,0x20,0x3a,0x20,0x76,0x65,0x63,0x34,0x66,0x2c,
    0x20,0x40,0x6c,0x6f,0x63,0x61,0x74,0x69,0x6f,0x6e,0x28,0x32,0x29,0x20,0x61,0x6c,
    0x70,0x68,0x61,0x5f,0x6d,0x6f,0x64,0x65,0x5f,0x70,0x61,0x72,0x61,0x6d,0x20,0x3a,
    0x20,0x66,0x33,0x32,0x29,0x20,0x2d,0x3e,0x20,0x6d,0x61,0x69,0x6e,0x5f,0x6f,0x75,
    0x74,0x20,0x7b,0x0a,0x20,0x20,0x75,0x76,0x20,0x3d,0x20,0x75,0x76,0x5f,0x70,0x61,
    0x72,0x61,0x6d,0x3b,0x0a,0x20,0x20,0x63,0x6f,0x6c,0x6f,0x72,0x20,0x3d,0x20,0x63,
    0x6f,0x6c,0x6f,0x72,0x5f,0x70,0x61,0x72,0x61,0x6d,0x3b,0x0a,0x20,0x20,0x61,0x6c,
    0x70,0x68,0x61,0x5f,0x6d,0x6f,0x64,0x65,0x20,0x3d,0x20,0x61,0x6c,0x70,0x68,0x61,
    0x5f,0x6d,0x6f,0x64,0x65,0x5f,0x70,0x61,0x72,0x61,0x6d,0x3b,0x0a,0x20,0x20,0x6d,
    0x61,0x69,0x6e,0x5f,0x31,0x28,0x29,0x3b,0x0a,0x20,0x20,0x72,0x65,0x74,0x75,0x72,
    0x6e,0x20,0x6d,0x61,0x69,0x6e,0x5f,0x6f,0x75,0x74,0x28,0x66,0x72,0x61,0x67,0x5f,
    0x63,0x6f,0x6c,0x6f,0x72,0x29,0x3b,0x0a,0x7d,0x0a,0x00,
};
#endif
static inline const sg_shader_desc* sprite_particle_shader_desc(sg_backend backend) {
    #if defined(SOKOL_GLCORE)
    if (backend == SG_BACKEND_GLCORE) {
        static sg_shader_desc desc;
        static bool valid;
        if (!valid) {
            valid = true;
            desc.vertex_func.source = (const char*)sprite_vs_particle_source_glsl410;
            desc.vertex_func.entry = "main";
            desc.fragment_func.source = (const char*)sprite_fs_source_glsl410;
            desc.fragment_func.entry = "main";
            desc.attrs[0].base_type = SG_SHADERATTRBASETYPE_FLOAT;
            desc.attrs[0].glsl_name = "corner";
            desc.attrs[1].base_type = SG_SHADERATTRBASETYPE_FLOAT;
            desc.attrs[1].glsl_name = "born";
            desc.attrs[2].base_type = SG_SHADERATTRBASETYPE_FLOAT;
            desc.attrs[2].glsl_name = "motion";
            desc.attrs[3].base_type = SG_SHADERATTRBASETYPE_FLOAT;
            desc.attrs[3].glsl_name = "shape";
            desc.uniform_blocks[0].stage = SG_SHADERSTAGE_VERTEX;
            desc.uniform_blocks[0].layout = SG_UNIFORMLAYOUT_STD140;
            desc.uniform_blocks[0].size = 528;
            desc.uniform_blocks[0].glsl_uniforms[0].type = SG_UNIFORMTYPE_FLOAT4;
            desc.uniform_blocks[0].glsl_uniforms[0].array_count = 33;
            desc.uniform_blocks[0].glsl_uniforms[0].glsl_name = "particle_params";
            desc.views[0].texture.stage = SG_SHADERSTAGE_FRAGMENT;
            desc.views[0].texture.image_type = SG_IMAGETYPE_2D;
            desc.views[0].texture.sample_type = SG_IMAGESAMPLETYPE_FLOAT;
            desc.views[0].texture.multisampled = false;
            desc.samplers[0].stage = SG_SHADERSTAGE_FRAGMENT;
            desc.samplers[0].sampler_type = SG_SAMPLERTYPE_FILTERING;
            desc.texture_sampler_pairs[0].stage = SG_SHADERSTAGE_FRAGMENT;
            desc.texture_sampler_pairs[0].view_slot = 0;
            desc.texture_sampler_pairs[0].sampler_slot = 0;
            desc.texture_sampler_pairs[0].glsl_name = "tex_smp";
            desc.label = "sprite_particle_shader";
        }
        return &desc;
    }
    #endif /* SOKOL_GLCORE */
    #if defined(SOKOL_GLES3)
    if (backend == SG_BACKEND_GLES3) {
        static sg_shader_desc desc;
        static bool valid;
        if (!valid) {
            valid = true;
            desc.vertex_func.source = (const char*)sprite_vs_particle_source_glsl300es;
            desc.vertex_func.entry = "main";
            desc.fragment_func.source = (const char*)sprite_fs_source_glsl300es;
            desc.fragment_func.entry = "main";
            desc.attrs[0].base_type = SG_SHADERATTRBASETYPE_FLOAT;
            desc.attrs[0].glsl_name = "corner";
            desc.attrs[1].base_type = SG_SHADERATTRBASETYPE_FLOAT;
            desc.attrs[1].glsl_name = "born";
            desc.attrs[2].base_type = SG_SHADERATTRBASETYPE_FLOAT;
            desc.attrs[2].glsl_name = "motion";
            desc.attrs[3].base_type = SG_SHADERATTRBASETYPE_FLOAT;
            desc.attrs[3].glsl_name = "shape";
            desc.uniform_blocks[0].stage = SG_SHADERSTAGE_VERTEX;
            desc.uniform_blocks[0].layout = SG_UNIFORMLAYOUT_STD140;
            desc.uniform_blocks[0].size = 528;
            desc.uniform_blocks[0].glsl_uniforms[0].type = SG_UNIFORMTYPE_FLOAT4;
            desc.uniform_blocks[0].glsl_uniforms[0].array_count = 33;
            desc.uniform_blocks[0].glsl_uniforms[0].glsl_name = "particle_params";
            desc.views[0].texture.stage = SG_SHADERSTAGE_FRAGMENT;
            desc.views[0].texture.image_type = SG_IMAGETYPE_2D;
            desc.views[0].texture.sample_type = SG_IMAGESAMPLETYPE_FLOAT;
            desc.views[0].texture.multisampled = false;
            desc.samplers[0].stage = SG_SHADERSTAGE_FRAGMENT;
            desc.samplers[0].sampler_type = SG_SAMPLERTYPE_FILTERING;
            desc.texture_sampler_pairs[0].stage = SG_SHADERSTAGE_FRAGMENT;
            desc.texture_sampler_pairs[0].view_slot = 0;
            desc.texture_sampler_pairs[0].sampler_slot = 0;
            desc.texture_sampler_pairs[0].glsl_name = "tex_smp";
            desc.label = "sprite_particle_shader";
        }
        return &desc;
    }
    #endif /* SOKOL_GLES3 */
    #if defined(SOKOL_WGPU)
    if (backend == SG_BACKEND_WGPU) {
        static sg_shader_desc desc;
        static bool valid;
        if (!valid) {
            valid = true;
            desc.vertex_func.source = (const char*)sprite_vs_particle_source_wgsl;
            desc.vertex_func.entry = "main";
            desc.fragment_func.source = (const char*)sprite_fs_source_wgsl;
            desc.fragment_func.entry = "main";
            desc.attrs[0].base_type = SG_SHADERATTRBASETYPE_FLOAT;
            desc.attrs[1].base_type = SG_SHADERATTRBASETYPE_FLOAT;
            desc.attrs[2].base_type = SG_SHADERATTRBASETYPE_FLOAT;
            desc.attrs[3].base_type = SG_SHADERATTRBASETYPE_FLOAT;
            desc.uniform_blocks[0].stage = SG_SHADERSTAGE_VERTEX;
            desc.uniform_blocks[0].layout = SG_UNIFORMLAYOUT_STD140;
            desc.uniform_blocks[0].size = 528;
            desc.uniform_blocks[0].wgsl_group0_binding_n = 0;
            desc.views[0].texture.stage = SG_SHADERSTAGE_FRAGMENT;
            desc.views[0].texture.image_type = SG_IMAGETYPE_2D;
            desc.views[0].texture.sample_type = SG_IMAGESAMPLETYPE_FLOAT;
            desc.views[0].texture.multisampled = false;
            desc.views[0].texture.wgsl_group1_binding_n = 0;
            desc.samplers[0].stage = SG_SHADERSTAGE_FRAGMENT;
            desc.samplers[0].sampler_type = SG_SAMPLERTYPE_FILTERING;
            desc.samplers[0].wgsl_group1_binding_n = 32;
            desc.texture_sampler_pairs[0].stage = SG_SHADERSTAGE_FRAGMENT;
            desc.texture_sampler_pairs[0].view_slot = 0;
            desc.texture_sampler_pairs[0].sampler_slot = 0;
            desc.label = "sprite_particle_shader";
        }
        return &desc;
    }
    #endif /* SOKOL_WGPU */
    return 0;
}
static inline const sg_shader_desc* sprite_quad_shader_desc(sg_backend backend) {
    #if defined(SOKOL_GLCORE)
    if (backend == SG_BACKEND_GLCORE) {
        static sg_shader_desc desc;
        static bool valid;
        if (!valid) {
            valid = true;
            desc.vertex_func.source = (const char*)sprite_vs_source_glsl410;
            desc.vertex_func.entry = "main";
            desc.fragment_func.source = (const char*)sprite_fs_source_glsl410;
            desc.fragment_func.entry = "main";
            desc.attrs[0].base_type = SG_SHADERATTRBASETYPE_FLOAT;
            desc.attrs[0].glsl_name = "corner";
            desc.attrs[1].base_type = SG_SHADERATTRBASETYPE_FLOAT;
            desc.attrs[1].glsl_name = "inst_pos";
            desc.attrs[2].base_type = SG_SHADERATTRBASETYPE_FLOAT;
            desc.attrs[2].glsl_name = "inst_size";
            desc.attrs[3].base_type = SG_SHADERATTRBASETYPE_FLOAT;
            desc.attrs[3].glsl_name = "inst_uv";
            desc.attrs[4].base_type = SG_SHADERATTRBASETYPE_FLOAT;
            desc.attrs[4].glsl_name = "inst_right";
            desc.attrs[5].base_type = SG_SHADERATTRBASETYPE_FLOAT;
            desc.attrs[5].glsl_name = "inst_up";
            desc.attrs[6].base_type = SG_SHADERATTRBASETYPE_FLOAT;
            desc.attrs[6].glsl_name = "inst_color";
            desc.uniform_blocks[0].stage = SG_SHADERSTAGE_VERTEX;
            desc.uniform_blocks[0].layout = SG_UNIFORMLAYOUT_STD140;
            desc.uniform_blocks[0].size = 112;
            desc.uniform_blocks[0].glsl_uniforms[0].type = SG_UNIFORMTYPE_FLOAT4;
            desc.uniform_blocks[0].glsl_uniforms[0].array_count = 7;
            desc.uniform_blocks[0].glsl_uniforms[0].glsl_name = "vs_params";
            desc.views[0].texture.stage = SG_SHADERSTAGE_FRAGMENT;
            desc.views[0].texture.image_type = SG_IMAGETYPE_2D;
            desc.views[0].texture.sample_type = SG_IMAGESAMPLETYPE_FLOAT;
            desc.views[0].texture.multisampled = false;
            desc.samplers[0].stage = SG_SHADERSTAGE_FRAGMENT;
            desc.samplers[0].sampler_type = SG_SAMPLERTYPE_FILTERING;
            desc.texture_sampler_pairs[0].stage = SG_SHADERSTAGE_FRAGMENT;
            desc.texture_sampler_pairs[0].view_slot = 0;
            desc.texture_sampler_pairs[0].sampler_slot = 0;
            desc.texture_sampler_pairs[0].glsl_name = "tex_smp";
            desc.label = "sprite_quad_shader";
        }
        return &desc;
    }
    #endif /* SOKOL_GLCORE */
    #if defined(SOKOL_GLES3)
    if (backend == SG_BACKEND_GLES3) {
        static sg_shader_desc desc;
        static bool valid;
        if (!valid) {
            valid = true;
            desc.vertex_func.source = (const char*)sprite_vs_source_glsl300es;
            desc.vertex_func.entry = "main";
            desc.fragment_func.source = (const char*)sprite_fs_source_glsl300es;
            desc.fragment_func.entry = "main";
            desc.attrs[0].base_type = SG_SHADERATTRBASETYPE_FLOAT;
            desc.attrs[0].glsl_name = "corner";
            desc.attrs[1].base_type = SG_SHADERATTRBASETYPE_FLOAT;
            desc.attrs[1].glsl_name = "inst_pos";
            desc.attrs[2].base_type = SG_SHADERATTRBASETYPE_FLOAT;
            desc.attrs[2].glsl_name = "inst_size";
            desc.attrs[3].base_type = SG_SHADERATTRBASETYPE_FLOAT;
            desc.attrs[3].glsl_name = "inst_uv";
            desc.attrs[4].base_type = SG_SHADERATTRBASETYPE_FLOAT;
            desc.attrs[4].glsl_name = "inst_right";
            desc.attrs[5].base_type = SG_SHADERATTRBASETYPE_FLOAT;
            desc.attrs[5].glsl_name = "inst_up";
            desc.attrs[6].base_type = SG_SHADERATTRBASETYPE_FLOAT;
            desc.attrs[6].glsl_name = "inst_color";
            desc.uniform_blocks[0].stage = SG_SHADERSTAGE_VERTEX;
            desc.uniform_blocks[0].layout = SG_UNIFORMLAYOUT_STD140;
            desc.uniform_blocks[0].size = 112;
            desc.uniform_blocks[0].glsl_uniforms[0].type = SG_UNIFORMTYPE_FLOAT4;
            desc.uniform_blocks[0].glsl_uniforms[0].array_count = 7;
            desc.uniform_blocks[0].glsl_uniforms[0].glsl_name = "vs_params";
            desc.views[0].texture.stage = SG_SHADERSTAGE_FRAGMENT;
            desc.views[0].texture.image_type = SG_IMAGETYPE_2D;
            desc.views[0].texture.sample_type = SG_IMAGESAMPLETYPE_FLOAT;
            desc.views[0].texture.multisampled = false;
            desc.samplers[0].stage = SG_SHADERSTAGE_FRAGMENT;
            desc.samplers[0].sampler_type = SG_SAMPLERTYPE_FILTERING;
            desc.texture_sampler_pairs[0].stage = SG_SHADERSTAGE_FRAGMENT;
            desc.texture_sampler_pairs[0].view_slot = 0;
            desc.texture_sampler_pairs[0].sampler_slot = 0;
            desc.texture_sampler_pairs[0].glsl_name = "tex_smp";
            desc.label = "sprite_quad_shader";
        }
        return &desc;
    }
    #endif /* SOKOL_GLES3 */
    #if defined(SOKOL_WGPU)
    if (backend == SG_BACKEND_WGPU) {
        static sg_shader_desc desc;
        static bool valid;
        if (!valid) {
            valid = true;
            desc.vertex_func.source = (const char*)sprite_vs_source_wgsl;
            desc.vertex_func.entry = "main";
            desc.fragment_func.source = (const char*)sprite_fs_source_wgsl;
            desc.fragment_func.entry = "main";
            desc.attrs[0].base_type = SG_SHADERATTRBASETYPE_FLOAT;
            desc.attrs[1].base_type = SG_SHADERATTRBASETYPE_FLOAT;
            desc.attrs[2].base_type = SG_SHADERATTRBASETYPE_FLOAT;
            desc.attrs[3].base_type = SG_SHADERATTRBASETYPE_FLOAT;
            desc.attrs[4].base_type = SG_SHADERATTRBASETYPE_FLOAT;
            desc.attrs[5].base_type = SG_SHADERATTRBASETYPE_FLOAT;
            desc.attrs[6].base_type = SG_SHADERATTRBASETYPE_FLOAT;
            desc.uniform_blocks[0].stage = SG_SHADERSTAGE_VERTEX;
            desc.uniform_blocks[0].layout = SG_UNIFORMLAYOUT_STD140;
            desc.uniform_blocks[0].size = 112;
            desc.uniform_blocks[0].wgsl_group0_binding_n = 0;
            desc.views[0].texture.stage = SG_SHADERSTAGE_FRAGMENT;
            desc.views[0].texture.image_type = SG_IMAGETYPE_2D;
            desc.views[0].texture.sample_type = SG_IMAGESAMPLETYPE_FLOAT;
            desc.views[0].texture.multisampled = false;
            desc.views[0].texture.wgsl_group1_binding_n = 0;
            desc.samplers[0].stage = SG_SHADERSTAGE_FRAGMENT;
            desc.samplers[0].sampler_type = SG_SAMPLERTYPE_FILTERING;
            desc.samplers[0].wgsl_group1_binding_n = 32;
            desc.texture_sampler_pairs[0].stage = SG_SHADERSTAGE_FRAGMENT;
            desc.texture_sampler_pairs[0].view_slot = 0;
            desc.texture_sampler_pairs[0].sampler_slot = 0;
            desc.label = "sprite_quad_shader";
        }
        return &desc;
    }
    #endif /* SOKOL_WGPU */
    return 0;
}
static inline const sg_shader_desc* sprite_quad_pulled_shader_desc(sg_backend backend) {
    #if defined(SOKOL_GLCORE)
    if (backend == SG_BACKEND_GLCORE) {
        static sg_shader_desc desc;
        static bool valid;
        if (!valid) {
            valid = true;
            desc.vertex_func.source = (const char*)sprite_vs_pulled_source_glsl410;
            desc.vertex_func.entry = "main";
            desc.fragment_func.source = (const char*)sprite_fs_source_glsl410;
            desc.fragment_func.entry = "main";
            desc.attrs[0].base_type = SG_SHADERATTRBASETYPE_FLOAT;
            desc.attrs[0].glsl_name = "corner";
            desc.uniform_blocks[0].stage = SG_SHADERSTAGE_VERTEX;
            desc.uniform_blocks[0].layout = SG_UNIFORMLAYOUT_STD140;
            desc.uniform_blocks[0].size = 112;
            desc.uniform_blocks[0].glsl_uniforms[0].type = SG_UNIFORMTYPE_FLOAT4;
            desc.uniform_blocks[0].glsl_uniforms[0].array_count = 7;
            desc.uniform_blocks[0].glsl_uniforms[0].glsl_name = "vs_params";
            desc.uniform_blocks[1].stage = SG_SHADERSTAGE_VERTEX;
            desc.uniform_blocks[1].layout = SG_UNIFORMLAYOUT_STD140;
            desc.uniform_blocks[1].size = 16;
            desc.uniform_blocks[1].glsl_uniforms[0].type = SG_UNIFORMTYPE_FLOAT4;
            desc.uniform_blocks[1].glsl_uniforms[0].array_count = 1;
            desc.uniform_blocks[1].glsl_uniforms[0].glsl_name = "vs_batch";
            desc.views[0].texture.stage = SG_SHADERSTAGE_FRAGMENT;
            desc.views[0].texture.image_type = SG_IMAGETYPE_2D;
            desc.views[0].texture.sample_type = SG_IMAGESAMPLETYPE_FLOAT;
            desc.views[0].texture.multisampled = false;
            desc.views[1].texture.stage = SG_SHADERSTAGE_VERTEX;
            desc.views[1].texture.image_type = SG_IMAGETYPE_2D;
            desc.views[1].texture.sample_type = SG_IMAGESAMPLETYPE_UNFILTERABLE_FLOAT;
            desc.views[1].texture.multisampled = false;
            desc.samplers[0].stage = SG_SHADERSTAGE_FRAGMENT;
            desc.samplers[0].sampler_type = SG_SAMPLERTYPE_FILTERING;
            desc.samplers[1].stage = SG_SHADERSTAGE_VERTEX;
            desc.samplers[1].sampler_type = SG_SAMPLERTYPE_NONFILTERING;
            desc.texture_sampler_pairs[0].stage = SG_SHADERSTAGE_VERTEX;
            desc.texture_sampler_pairs[0].view_slot = 1;
            desc.texture_sampler_pairs[0].sampler_slot = 1;
            desc.texture_sampler_pairs[0].glsl_name = "sprite_data_sprite_data_smp";
            desc.texture_sampler_pairs[1].stage = SG_SHADERSTAGE_FRAGMENT;
            desc.texture_sampler_pairs[1].view_slot = 0;
            desc.texture_sampler_pairs[1].sampler_slot = 0;
            desc.texture_sampler_pairs[1].glsl_name = "tex_smp";
            desc.label = "sprite_quad_pulled_shader";
        }
        return &desc;
    }
    #endif /* SOKOL_GLCORE */
    #if defined(SOKOL_GLES3)
    if (backend == SG_BACKEND_GLES3) {
        static sg_shader_desc desc;
        static bool valid;
        if (!valid) {
            valid = true;
            desc.vertex_func.source = (const char*)sprite_vs_pulled_source_glsl300es;
            desc.vertex_func.entry = "main";
            desc.fragment_func.source = (const char*)sprite_fs_source_glsl300es;
            desc.fragment_func.entry = "main";
            desc.attrs[0].base_type = SG_SHADERATTRBASETYPE_FLOAT;
            desc.attrs[0].glsl_name = "corner";
            desc.uniform_blocks[0].stage = SG_SHADERSTAGE_VERTEX;
            desc.uniform_blocks[0].layout = SG_UNIFORMLAYOUT_STD140;
            desc.uniform_blocks[0].size = 112;
            desc.uniform_blocks[0].glsl_uniforms[0].type = SG_UNIFORMTYPE_FLOAT4;
            desc.uniform_blocks[0].glsl_uniforms[0].array_count = 7;
            desc.uniform_blocks[0].glsl_uniforms[0].glsl_name = "vs_params";
            desc.uniform_blocks[1].stage = SG_SHADERSTAGE_VERTEX;
            desc.uniform_blocks[1].layout = SG_UNIFORMLAYOUT_STD140;
            desc.uniform_blocks[1].size = 16;
            desc.uniform_blocks[1].glsl_uniforms[0].type = SG_UNIFORMTYPE_FLOAT4;
            desc.uniform_blocks[1].glsl_uniforms[0].array_count = 1;
            desc.uniform_blocks[1].glsl_uniforms[0].glsl_name = "vs_batch";
            desc.views[0].texture.stage = SG_SHADERSTAGE_FRAGMENT;
            desc.views[0].texture.image_type = SG_IMAGETYPE_2D;
            desc.views[0].texture.sample_type = SG_IMAGESAMPLETYPE_FLOAT;
            desc.views[0].texture.multisampled = false;
            desc.views[1].texture.stage = SG_SHADERSTAGE_VERTEX;
            desc.views[1].texture.image_type = SG_IMAGETYPE_2D;
            desc.views[1].texture.sample_type = SG_IMAGESAMPLETYPE_UNFILTERABLE_FLOAT;
            desc.views[1].texture.multisampled = false;
            desc.samplers[0].stage = SG_SHADERSTAGE_FRAGMENT;
            desc.samplers[0].sampler_type = SG_SAMPLERTYPE_FILTERING;
            desc.samplers[1].stage = SG_SHADERSTAGE_VERTEX;
            desc.samplers[1].sampler_type = SG_SAMPLERTYPE_NONFILTERING;
            desc.texture_sampler_pairs[0].stage = SG_SHADERSTAGE_VERTEX;
            desc.texture_sampler_pairs[0].view_slot = 1;
            desc.texture_sampler_pairs[0].sampler_slot = 1;
            desc.texture_sampler_pairs[0].glsl_name = "sprite_data_sprite_data_smp";
            desc.texture_sampler_pairs[1].stage = SG_SHADERSTAGE_FRAGMENT;
            desc.texture_sampler_pairs[1].view_slot = 0;
            desc.texture_sampler_pairs[1].sampler_slot = 0;
            desc.texture_sampler_pairs[1].glsl_name = "tex_smp";
            desc.label = "sprite_quad_pulled_shader";
        }
        return &desc;
    }
    #endif /* SOKOL_GLES3 */
    #if defined(SOKOL_WGPU)
    if (backend == SG_BACKEND_WGPU) {
        static sg_shader_desc desc;
        static bool valid;
        if (!valid) {
            valid = true;
            desc.vertex_func.source = (const char*)sprite_vs_pulled_source_wgsl;
            desc.vertex_func.entry = "main";
            desc.fragment_func.source = (const char*)sprite_fs_source_wgsl;
            desc.fragment_func.entry = "main";
            desc.attrs[0].base_type = SG_SHADERATTRBASETYPE_FLOAT;
            desc.uniform_blocks[0].stage = SG_SHADERSTAGE_VERTEX;
            desc.uniform_blocks[0].layout = SG_UNIFORMLAYOUT_STD140;
            desc.uniform_blocks[0].size = 112;
            desc.uniform_blocks[0].wgsl_group0_binding_n = 0;
            desc.uniform_blocks[1].stage = SG_SHADERSTAGE_VERTEX;
            desc.uniform_blocks[1].layout = SG_UNIFORMLAYOUT_STD140;
            desc.uniform_blocks[1].size = 16;
            desc.uniform_blocks[1].wgsl_group0_binding_n = 1;
            desc.views[0].texture.stage = SG_SHADERSTAGE_FRAGMENT;
            desc.views[0].texture.image_type = SG_IMAGETYPE_2D;
            desc.views[0].texture.sample_type = SG_IMAGESAMPLETYPE_FLOAT;
            desc.views[0].texture.multisampled = false;
            desc.views[0].texture.wgsl_group1_binding_n = 0;
            desc.views[1].texture.stage = SG_SHADERSTAGE_VERTEX;
            desc.views[1].texture.image_type = SG_IMAGETYPE_2D;
            desc.views[1].texture.sample_type = SG_IMAGESAMPLETYPE_UNFILTERABLE_FLOAT;
            desc.views[1].texture.multisampled = false;
            desc.views[1].texture.wgsl_group1_binding_n = 1;
            desc.samplers[0].stage = SG_SHADERSTAGE_FRAGMENT;
            desc.samplers[0].sampler_type = SG_SAMPLERTYPE_FILTERING;
            desc.samplers[0].wgsl_group1_binding_n = 32;
            desc.samplers[1].stage = SG_SHADERSTAGE_VERTEX;
            desc.samplers[1].sampler_type = SG_SAMPLERTYPE_NONFILTERING;
            desc.samplers[1].wgsl_group1_binding_n = 33;
            desc.texture_sampler_pairs[0].stage = SG_SHADERSTAGE_VERTEX;
            desc.texture_sampler_pairs[0].view_slot = 1;
            desc.texture_sampler_pairs[0].sampler_slot = 1;
            desc.texture_sampler_pairs[1].stage = SG_SHADERSTAGE_FRAGMENT;
            desc.texture_sampler_pairs[1].view_slot = 0;
            desc.texture_sampler_pairs[1].sampler_slot = 0;
            desc.label = "sprite_quad_pulled_shader";
        }
        return &desc;
    }
    #endif /* SOKOL_WGPU */
    return 0;
}
