#pragma once
/*
    #version:1# (machine generated, don't edit!)

    Generated by sokol-shdc (https://github.com/floooh/sokol-tools)

    Cmdline:
        sokol-shdc -i src/shaders/wgr_depth.glsl -o src/shaders/wgr_depth.glsl.h -l glsl410:glsl300es:wgsl --ifdef

    Overview:
    =========
    Shader program: 'depth_skinned':
        Get shader desc: depth_skinned_shader_desc(sg_query_backend());
        Vertex Shader: vs_depth_skinned
        Fragment Shader: fs_depth
        Attributes:
            ATTR_depth_skinned_position => 0
            ATTR_depth_skinned_texcoord0 => 1
            ATTR_depth_skinned_joints => 2
            ATTR_depth_skinned_weights => 3
    Shader program: 'depth_static':
        Get shader desc: depth_static_shader_desc(sg_query_backend());
        Vertex Shader: vs_depth_static
        Fragment Shader: fs_depth
        Attributes:
            ATTR_depth_static_position => 0
            ATTR_depth_static_texcoord0 => 1
    Bindings:
        Uniform block 'vs_depth_skin_params':
            C struct: vs_depth_skin_params_t
            Bind slot: UB_vs_depth_skin_params => 0
        Uniform block 'fs_depth_params':
            C struct: fs_depth_params_t
            Bind slot: UB_fs_depth_params => 1
        Uniform block 'vs_depth_params':
            C struct: vs_depth_params_t
            Bind slot: UB_vs_depth_params => 0
        Texture 'instance_tex':
            Image type: SG_IMAGETYPE_2D
            Sample type: SG_IMAGESAMPLETYPE_UNFILTERABLE_FLOAT
            Multisampled: false
            Bind slot: VIEW_instance_tex => 9
        Texture 'joint_tex':
            Image type: SG_IMAGETYPE_2D
            Sample type: SG_IMAGESAMPLETYPE_UNFILTERABLE_FLOAT
            Multisampled: false
            Bind slot: VIEW_joint_tex => 7
        Texture 'base_color_tex':
            Image type: SG_IMAGETYPE_2D
            Sample type: SG_IMAGESAMPLETYPE_FLOAT
            Multisampled: false
            Bind slot: VIEW_base_color_tex => 0
        Sampler 'instance_smp':
            Type: SG_SAMPLERTYPE_NONFILTERING
            Bind slot: SMP_instance_smp => 9
        Sampler 'joint_smp':
            Type: SG_SAMPLERTYPE_NONFILTERING
            Bind slot: SMP_joint_smp => 7
        Sampler 'base_color_smp':
            Type: SG_SAMPLERTYPE_FILTERING
            Bind slot: SMP_base_color_smp => 0
*/
#if !defined(SOKOL_GFX_INCLUDED)
#error "Please include sokol_gfx.h before wgr_depth.glsl.h"
#endif
#if !defined(SOKOL_SHDC_ALIGN)
#if defined(_MSC_VER)
#define SOKOL_SHDC_ALIGN(a) __declspec(align(a))
#else
#define SOKOL_SHDC_ALIGN(a) __attribute__((aligned(a)))
#endif
#endif
#define ATTR_depth_skinned_position (0)
#define ATTR_depth_skinned_texcoord0 (1)
#define ATTR_depth_skinned_joints (2)
#define ATTR_depth_skinned_weights (3)
#define ATTR_depth_static_position (0)
#define ATTR_depth_static_texcoord0 (1)
#define UB_vs_depth_skin_params (0)
#define UB_fs_depth_params (1)
#define UB_vs_depth_params (0)
#define VIEW_instance_tex (9)
#define VIEW_joint_tex (7)
#define VIEW_base_color_tex (0)
#define SMP_instance_smp (9)
#define SMP_joint_smp (7)
#define SMP_base_color_smp (0)
#pragma pack(push,1)
SOKOL_SHDC_ALIGN(16) typedef struct vs_depth_skin_params_t {
    wgri_mat4_t light_view_proj;
    float instance_base[4];
} vs_depth_skin_params_t;
#pragma pack(pop)
#pragma pack(push,1)
SOKOL_SHDC_ALIGN(16) typedef struct fs_depth_params_t {
    float cutoff[4];
} fs_depth_params_t;
#pragma pack(pop)
#pragma pack(push,1)
SOKOL_SHDC_ALIGN(16) typedef struct vs_depth_params_t {
    wgri_mat4_t light_view_proj;
    float instance_base[4];
} vs_depth_params_t;
#pragma pack(pop)
/*
    #version 410

    uniform vec4 vs_depth_params[5];
    uniform sampler2D instance_tex_instance_smp;

    layout(location = 0) in vec3 position;
    layout(location = 0) out vec2 v_uv0;
    layout(location = 1) in vec2 texcoord0;

    vec4 instance_texel(int record, int texel)
    {
        return texelFetch(instance_tex_instance_smp, ivec2(((record % 128) * 8) + texel, record / 128), 0);
    }

    mat4 instance_model(int r)
    {
        int param = r;
        int param_1 = 0;
        vec4 _51 = instance_texel(param, param_1);
        int param_2 = r;
        int param_3 = 1;
        vec4 _57 = instance_texel(param_2, param_3);
        int param_4 = r;
        int param_5 = 2;
        vec4 _63 = instance_texel(param_4, param_5);
        return mat4(vec4(_51.x, _57.x, _63.x, 0.0), vec4(_51.y, _57.y, _63.y, 0.0), vec4(_51.z, _57.z, _63.z, 0.0), vec4(_51.w, _57.w, _63.w, 1.0));
    }

    void main()
    {
        int param = int(vs_depth_params[4].x) + gl_InstanceID;
        gl_Position = mat4(vs_depth_params[0], vs_depth_params[1], vs_depth_params[2], vs_depth_params[3]) * (instance_model(param) * vec4(position, 1.0));
        v_uv0 = texcoord0;
    }

*/
#if defined(SOKOL_GLCORE)
static const uint8_t vs_depth_static_source_glsl410[1060] = {
    0x23,0x76,0x65,0x72,0x73,0x69,0x6f,0x6e,0x20,0x34,0x31,0x30,0x0a,0x0a,0x75,0x6e,
    0x69,0x66,0x6f,0x72,0x6d,0x20,0x76,0x65,0x63,0x34,0x20,0x76,0x73,0x5f,0x64,0x65,
    0x70,0x74,0x68,0x5f,0x70,0x61,0x72,0x61,0x6d,0x73,0x5b,0x35,0x5d,0x3b,0x0a,0x75,
    0x6e,0x69,0x66,0x6f,0x72,0x6d,0x20,0x73,0x61,0x6d,0x70,0x6c,0x65,0x72,0x32,0x44,
    0x20,0x69,0x6e,0x73,0x74,0x61,0x6e,0x63,0x65,0x5f,0x74,0x65,0x78,0x5f,0x69,0x6e,
    0x73,0x74,0x61,0x6e,0x63,0x65,0x5f,0x73,0x6d,0x70,0x3b,0x0a,0x0a,0x6c,0x61,0x79,
    0x6f,0x75,0x74,0x28,0x6c,0x6f,0x63,0x61,0x74,0x69,0x6f,0x6e,0x20,0x3d,0x20,0x30,
    0x29,0x20,0x69,0x6e,0x20,0x76,0x65,0x63,0x33,0x20,0x70,0x6f,0x73,0x69,0x74,0x69,
    0x6f,0x6e,0x3b,0x0a,0x6c,0x61,0x79,0x6f,0x75,0x74,0x28,0x6c,0x6f,0x63,0x61,0x74,
    0x69,0x6f,0x6e,0x20,0x3d,0x20,0x30,0x29,0x20,0x6f,0x75,0x74,0x20,0x76,0x65,0x63,
    0x32,0x20,0x76,0x5f,0x75,0x76,0x30,0x3b,0x0a,0x6c,0x61,0x79,0x6f,0x75,0x74,0x28,
    0x6c,0x6f,0x63,0x61,0x74,0x69,0x6f,0x6e,0x20,0x3d,0x20,0x31,0x29,0x20,0x69,0x6e,
    0x20,0x76,0x65,0x63,0x32,0x20,0x74,0x65,0x78,0x63,0x6f,0x6f,0x72,0x64,0x30,0x3b,
    0x0a,0x0a,0x76,0x65,0x63,0x34,0x20,0x69,0x6e,0x73,0x74,0x61,0x6e,0x63,0x65,0x5f,
    0x74,0x65,0x78,0x65,0x6c,0x28,0x69,0x6e,0x74,0x20,0x72,0x65,0x63,0x6f,0x72,0x64,
    0x2c,0x20,0x69,0x6e,0x74,0x20,0x74,0x65,0x78,0x65,0x6c,0x29,0x0a,0x7b,0x0a,0x20,
    0x20,0x20,0x20,0x72,0x65,0x74,0x75,0x72,0x6e,0x20,0x74,0x65,0x78,0x65,0x6c,0x46,
    0x65,0x74,0x63,0x68,0x28,0x69,0x6e,0x73,0x74,0x61,0x6e,0x63,0x65,0x5f,0x74,0x65,
    0x78,0x5f,0x69,0x6e,0x73,0x74,0x61,0x6e,0x63,0x65,0x5f,0x73,0x6d,0x70,0x2c,0x20,
    0x69,0x76,0x65,0x63,0x32,0x28,0x28,0x28,0x72,0x65,0x63,0x6f,0x72,0x64,0x20,0x25,
    0x20,0x31,0x32,0x38,0x29,0x20,0x2a,0x20,0x38,0x29,0x20,0x2b,0x20,0x74,0x65,0x78,
    0x65,0x6c,0x2c,0x20,0x72,0x65,0x63,0x6f,0x72,0x64,0x20,0x2f,0x20,0x31,0x32,0x38,
    0x29,0x2c,0x20,0x30,0x29,0x3b,0x0a,0x7d,0x0a,0x0a,0x6d,0x61,0x74,0x34,0x20,0x69,
    0x6e,0x73,0x74,0x61,0x6e,0x63,0x65,0x5f,0x6d,0x6f,0x64,0x65,0x6c,0x28,0x69,0x6e,
    0x74,0x20,0x72,0x29,0x0a,0x7b,0x0a,0x20,0x20,0x20,0x20,0x69,0x6e,0x74,0x20,0x70,
    0x61,0x72,0x61,0x6d,0x20,0x3d,0x20,0x72,0x3b,0x0a,0x20,0x20,0x20,0x20,0x69,0x6e,
    0x74,0x20,0x70,0x61,0x72,0x61,0x6d,0x5f,0x31,0x20,0x3d,0x20,0x30,0x3b,0x0a,0x20,
    0x20,0x20,0x20,0x76,0x65,0x63,0x34,0x20,0x5f,0x35,0x31,0x20,0x3d,0x20,0x69,0x6e,
    0x73,0x74,0x61,0x6e,0x63,0x65,0x5f,0x74,0x65,0x78,0x65,0x6c,0x28,0x70,0x61,0x72,
    0x61,0x6d,0x2c,0x20,0x70,0x61,0x72,0x61,0x6d,0x5f,0x31,0x29,0x3b,0x0a,0x20,0x20,
    0x20,0x20,0x69,0x6e,0x74,0x20,0x70,0x61,0x72,0x61,0x6d,0x5f,0x32,0x20,0x3d,0x20,
    0x72,0x3b,0x0a,0x20,0x20,0x20,0x20,0x69,0x6e,0x74,0x20,0x70,0x61,0x72,0x61,0x6d,
    0x5f,0x33,0x20,0x3d,0x20,0x31,0x3b,0x0a,0x20,0x20,0x20,0x20,0x76,0x65,0x63,0x34,
    0x20,0x5f,0x35,0x37,0x20,0x3d,0x20,0x69,0x6e,0x73,0x74,0x61,0x6e,0x63,0x65,0x5f,
    0x74,0x65,0x78,0x65,0x6c,0x28,0x70,0x61,0x72,0x61,0x6d,0x5f,0x32,0x2c,0x20,0x70,
    0x61,0x72,0x61,0x6d,0x5f,0x33,0x29,0x3b,0x0a,0x20,0x20,0x20,0x20,0x69,0x6e,0x74,
    0x20,0x70,0x61,0x72,0x61,0x6d,0x5f,0x34,0x20,0x3d,0x20,0x72,0x3b,0x0a,0x20,0x20,
    0x20,0x20,0x69,0x6e,0x74,0x20,0x70,0x61,0x72,0x61,0x6d,0x5f,0x35,0x20,0x3d,0x20,
    0x32,0x3b,0x0a,0x20,0x20,0x20,0x20,0x76,0x65,0x63,0x34,0x20,0x5f,0x36,0x33,0x20,
    0x3d,0x20,0x69,0x6e,0x73,0x74,0x61,0x6e,0x63,0x65,0x5f,0x74,0x65,0x78,0x65,0x6c,
    0x28,0x70,0x61,0x72,0x61,0x6d,0x5f,0x34,0x2c,0x20,0x70,0x61,0x72,0x61,0x6d,0x5f,
    0x35,0x29,0x3b,0x0a,0x20,0x20,0x20,0x20,0x72,0x65,0x74,0x75,0x72,0x6e,0x20,0x6d,
    0x61,0x74,0x34,0x28,0x76,0x65,0x63,0x34,0x28,0x5f,0x35,0x31,0x2e,0x78,0x2c,0x20,
    0x5f,0x35,0x37,0x2e,0x78,0x2c,0x20,0x5f,0x36,0x33,0x2e,0x78,0x2c,0x20,0x30,0x2e,
    0x30,0x29,0x2c,0x20,0x76,0x65,0x63,0x34,0x28,0x5f,0x35,0x31,0x2e,0x79,0x2c,0x20,
    0x5f,0x35,0x37,0x2e,0x79,0x2c,0x20,0x5f,0x36,0x33,0x2e,0x79,0x2c,0x20,0x30,0x2e,
    0x30,0x29,0x2c,0x20,0x76,0x65,0x63,0x34,0x28,0x5f,0x35,0x31,0x2e,0x7a,0x2c,0x20,
    0x5f,0x35,0x37,0x2e,0x7a,0x2c,0x20,0x5f,0x36,0x33,0x2e,0x7a,0x2c,0x20,0x30,0x2e,
    0x30,0x29,0x2c,0x20,0x76,0x65,0x63,0x34,0x28,0x5f,0x35,0x31,0x2e,0x77,0x2c,0x20,
    0x5f,0x35,0x37,0x2e,0x77,0x2c,0x20,0x5f,0x36,0x33,0x2e,0x77,0x2c,0x20,0x31,0x2e,
    0x30,0x29,0x29,0x3b,0x0a,0x7d,0x0a,0x0a,0x76,0x6f,0x69,0x64,0x20,0x6d,0x61,0x69,
    0x6e,0x28,0x29,0x0a,0x7b,0x0a,0x20,0x20,0x20,0x20,0x69,0x6e,0x74,0x20,0x70,0x61,
    0x72,0x61,0x6d,0x20,0x3d,0x20,0x69,0x6e,0x74,0x28,0x76,0x73,0x5f,0x64,0x65,0x70,
    0x74,0x68,0x5f,0x70,0x61,0x72,0x61,0x6d,0x73,0x5b,0x34,0x5d,0x2e,0x78,0x29,0x20,
    0x2b,0x20,0x67,0x6c,0x5f,0x49,0x6e,0x73,0x74,0x61,0x6e,0x63,0x65,0x49,0x44,0x3b,
    0x0a,0x20,0x20,0x20,0x20,0x67,0x6c,0x5f,0x50,0x6f,0x73,0x69,0x74,0x69,0x6f,0x6e,
    0x20,0x3d,0x20,0x6d,0x61,0x74,0x34,0x28,0x76,0x73,0x5f,0x64,0x65,0x70,0x74,0x68,
    0x5f,0x70,0x61,0x72,0x61,0x6d,0x73,0x5b,0x30,0x5d,0x2c,0x20,0x76,0x73,0x5f,0x64,
    0x65,0x70,0x74,0x68,0x5f,0x70,0x61,0x72,0x61,0x6d,0x73,0x5b,0x31,0x5d,0x2c,0x20,
    0x76,0x73,0x5f,0x64,0x65,0x70,0x74,0x68,0x5f,0x70,0x61,0x72,0x61,0x6d,0x73,0x5b,
    0x32,0x5d,0x2c,0x20,0x76,0x73,0x5f,0x64,0x65,0x70,0x74,0x68,0x5f,0x70,0x61,0x72,
    0x61,0x6d,0x73,0x5b,0x33,0x5d,0x29,0x20,0x2a,0x20,0x28,0x69,0x6e,0x73,0x74,0x61,
    0x6e,0x63,0x65,0x5f,0x6d,0x6f,0x64,0x65,0x6c,0x28,0x70,0x61,0x72,0x61,0x6d,0x29,
    0x20,0x2a,0x20,0x76,0x65,0x63,0x34,0x28,0x70,0x6f,0x73,0x69,0x74,0x69,0x6f,0x6e,
    0x2c,0x20,0x31,0x2e,0x30,0x29,0x29,0x3b,0x0a,0x20,0x20,0x20,0x20,0x76,0x5f,0x75,
    0x76,0x30,0x20,0x3d,0x20,0x74,0x65,0x78,0x63,0x6f,0x6f,0x72,0x64,0x30,0x3b,0x0a,
    0x7d,0x0a,0x0a,0x00,
};
#endif
/*
    #version 410

    uniform vec4 vs_depth_skin_params[5];
    uniform sampler2D instance_tex_instance_smp;
    uniform sampler2D joint_tex_joint_smp;

    layout(location = 3) in vec4 weights;
    layout(location = 2) in vec4 joints;
    layout(location = 0) in vec3 position;
    layout(location = 0) out vec2 v_uv0;
    layout(location = 1) in vec2 texcoord0;

    vec4 instance_texel(int record, int texel)
    {
        return texelFetch(instance_tex_instance_smp, ivec2(((record % 128) * 8) + texel, record / 128), 0);
    }

    vec4 instance_extra(int r)
    {
        int param = r;
        int param_1 = 7;
        return instance_texel(param, param_1);
    }

    mat4 joint_at(int base, int index)
    {
        int _142 = base + index;
        ivec2 _152 = ivec2((_142 % 256) * 4, _142 / 256);
        return mat4(texelFetch(joint_tex_joint_smp, _152, 0), texelFetch(joint_tex_joint_smp, _152 + ivec2(1, 0), 0), texelFetch(joint_tex_joint_smp, _152 + ivec2(2, 0), 0), texelFetch(joint_tex_joint_smp, _152 + ivec2(3, 0), 0));
    }

    mat4 instance_model(int r)
    {
        int param = r;
        int param_1 = 0;
        vec4 _60 = instance_texel(param, param_1);
        int param_2 = r;
        int param_3 = 1;
        vec4 _66 = instance_texel(param_2, param_3);
        int param_4 = r;
        int param_5 = 2;
        vec4 _72 = instance_texel(param_4, param_5);
        return mat4(vec4(_60.x, _66.x, _72.x, 0.0), vec4(_60.y, _66.y, _72.y, 0.0), vec4(_60.z, _66.z, _72.z, 0.0), vec4(_60.w, _66.w, _72.w, 1.0));
    }

    void main()
    {
        int _220 = int(vs_depth_skin_params[4].x) + gl_InstanceID;
        int param = _220;
        int _226 = int(instance_extra(param).x);
        int param_1 = _226;
        int param_2 = int(joints.x);
        mat4 _242 = joint_at(param_1, param_2) * weights.x;
        int param_3 = _226;
        int param_4 = int(joints.y);
        mat4 _252 = joint_at(param_3, param_4) * weights.y;
        int param_5 = _226;
        int param_6 = int(joints.z);
        mat4 _275 = joint_at(param_5, param_6) * weights.z;
        int param_7 = _226;
        int param_8 = int(joints.w);
        mat4 _298 = joint_at(param_7, param_8) * weights.w;
        int param_9 = _220;
        gl_Position = mat4(vs_depth_skin_params[0], vs_depth_skin_params[1], vs_depth_skin_params[2], vs_depth_skin_params[3]) * (instance_model(param_9) * (mat4(((_242[0] + _252[0]) + _275[0]) + _298[0], ((_242[1] + _252[1]) + _275[1]) + _298[1], ((_242[2] + _252[2]) + _275[2]) + _298[2], ((_242[3] + _252[3]) + _275[3]) + _298[3]) * vec4(position, 1.0)));
        v_uv0 = texcoord0;
    }

*/
#if defined(SOKOL_GLCORE)
static const uint8_t vs_depth_skinned_source_glsl410[2394] = {
    0x23,0x76,0x65,0x72,0x73,0x69,0x6f,0x6e,0x20,0x34,0x31,0x30,0x0a,0x0a,0x75,0x6e,
    0x69,0x66,0x6f,0x72,0x6d,0x20,0x76,0x65,0x63,0x34,0x20,0x76,0x73,0x5f,0x64,0x65,
    0x70,0x74,0x68,0x5f,0x73,0x6b,0x69,0x6e,0x5f,0x70,0x61,0x72,0x61,0x6d,0x73,0x5b,
    0x35,0x5d,0x3b,0x0a,0x75,0x6e,0x69,0x66,0x6f,0x72,0x6d,0x20,0x73,0x61,0x6d,0x70,
    0x6c,0x65,0x72,0x32,0x44,0x20,0x69,0x6e,0x73,0x74,0x61,0x6e,0x63,0x65,0x5f,0x74,
    0x65,0x78,0x5f,0x69,0x6e,0x73,0x74,0x61,0x6e,0x63,0x65,0x5f,0x73,0x6d,0x70,0x3b,
    0x0a,0x75,0x6e,0x69,0x66,0x6f,0x72,0x6d,0x20,0x73,0x61,0x6d,0x70,0x6c,0x65,0x72,
    0x32,0x44,0x20,0x6a,0x6f,0x69,0x6e,0x74,0x5f,0x74,0x65,0x78,0x5f,0x6a,0x6f,0x69,
    0x6e,0x74,0x5f,0x73,0x6d,0x70,0x3b,0x0a,0x0a,0x6c,0x61,0x79,0x6f,0x75,0x74,0x28,
    0x6c,0x6f,0x63,0x61,0x74,0x69,0x6f,0x6e,0x20,0x3d,0x20,0x33,0x29,0x20,0x69,0x6e,
    0x20,0x76,0x65,0x63,0x34,0x20,0x77,0x65,0x69,0x67,0x68,0x74,0x73,0x3b,0x0a,0x6c,
    0x61,0x79,0x6f,0x75,0x74,0x28,0x6c,0x6f,0x63,0x61,0x74,0x69,0x6f,0x6e,0x20,0x3d,
    0x20,0x32,0x29,0x20,0x69,0x6e,0x20,0x76,0x65,0x63,0x34,0x20,0x6a,0x6f,0x69,0x6e,
    0x74,0x73,0x3b,0x0a,0x6c,0x61,0x79,0x6f,0x75,0x74,0x28,0x6c,0x6f,0x63,0x61,0x74,
    0x69,0x6f,0x6e,0x20,0x3d,0x20,0x30,0x29,0x20,0x69,0x6e,0x20,0x76,0x65,0x63,0x33,
    0x20,0x70,0x6f,0x73,0x69,0x74,0x69,0x6f,0x6e,0x3b,0x0a,0x6c,0x61,0x79,0x6f,0x75,
    0x74,0x28,0x6c,0x6f,0x63,0x61,0x74,0x69,0x6f,0x6e,0x20,0x3d,0x20,0x30,0x29,0x20,
    0x6f,0x75,0x74,0x20,0x76,0x65,0x63,0x32,0x20,0x76,0x5f,0x75,0x76,0x30,0x3b,0x0a,
    0x6c,0x61,0x79,0x6f,0x75,0x74,0x28,0x6c,0x6f,0x63,0x61,0x74,0x69,0x6f,0x6e,0x20,
    0x3d,0x20,0x31,0x29,0x20,0x69,0x6e,0x20,0x76,0x65,0x63,0x32,0x20,0x74,0x65,0x78,
    0x63,0x6f,0x6f,0x72,0x64,0x30,0x3b,0x0a,0x0a,0x76,0x65,0x63,0x34,0x20,0x69,0x6e,
    0x73,0x74,0x61,0x6e,0x63,0x65,0x5f,0x74,0x65,0x78,0x65,0x6c,0x28,0x69,0x6e,0x74,
    0x20,0x72,0x65,0x63,0x6f,0x72,0x64,0x2c,0x20,0x69,0x6e,0x74,0x20,0x74,0x65,0x78,
    0x65,0x6c,0x29,0x0a,0x7b,0x0a,0x20,0x20,0x20,0x20,0x72,0x65,0x74,0x75,0x72,0x6e,
    0x20,0x74,0x65,0x78,0x65,0x6c,0x46,0x65,0x74,0x63,0x68,0x28,0x69,0x6e,0x73,0x74,
    0x61,0x6e,0x63,0x65,0x5f,0x74,0x65,0x78,0x5f,0x69,0x6e,0x73,0x74,0x61,0x6e,0x63,
    0x65,0x5f,0x73,0x6d,0x70,0x2c,0x20,0x69,0x76,0x65,0x63,0x32,0x28,0x28,0x28,0x72,
    0x65,0x63,0x6f,0x72,0x64,0x20,0x25,0x20,0x31,0x32,0x38,0x29,0x20,0x2a,0x20,0x38,
    0x29,0x20,0x2b,0x20,0x74,0x65,0x78,0x65,0x6c,0x2c,0x20,0x72,0x65,0x63,0x6f,0x72,
    0x64,0x20,0x2f,0x20,0x31,0x32,0x38,0x29,0x2c,0x20,0x30,0x29,0x3b,0x0a,0x7d,0x0a,
    0x0a,0x76,0x65,0x63,0x34,0x20,0x69,0x6e,0x73,0x74,0x61,0x6e,0x63,0x65,0x5f,0x65,
    0x78,0x74,0x72,0x61,0x28,0x69,0x6e,0x74,0x20,0x72,0x29,0x0a,0x7b,0x0a,0x20,0x20,
    0x20,0x20,0x69,0x6e,0x74,0x20,0x70,0x61,0x72,0x61,0x6d,0x20,0x3d,0x20,0x72,0x3b,
    0x0a,0x20,0x20,0x20,0x20,0x69,0x6e,0x74,0x20,0x70,0x61,0x72,0x61,0x6d,0x5f,0x31,
    0x20,0x3d,0x20,0x37,0x3b,0x0a,0x20,0x20,0x20,0x20,0x72,0x65,0x74,0x75,0x72,0x6e,
    0x20,0x69,0x6e,0x73,0x74,0x61,0x6e,0x63,0x65,0x5f,0x74,0x65,0x78,0x65,0x6c,0x28,
    0x70,0x61,0x72,0x61,0x6d,0x2c,0x20,0x70,0x61,0x72,0x61,0x6d,0x5f,0x31,0x29,0x3b,
    0x0a,0x7d,0x0a,0x0a,0x6d,0x61,0x74,0x34,0x20,0x6a,0x6f,0x69,0x6e,0x74,0x5f,0x61,
    0x74,0x28,0x69,0x6e,0x74,0x20,0x62,0x61,0x73,0x65,0x2c,0x20,0x69,0x6e,0x74,0x20,
    0x69,0x6e,0x64,0x65,0x78,0x29,0x0a,0x7b,0x0a,0x20,0x20,0x20,0x20,0x69,0x6e,0x74,
    0x20,0x5f,0x31,0x34,0x32,0x20,0x3d,0x20,0x62,0x61,0x73,0x65,0x20,0x2b,0x20,0x69,
    0x6e,0x64,0x65,0x78,0x3b,0x0a,0x20,0x20,0x20,0x20,0x69,0x76,0x65,0x63,0x32,0x20,
    0x5f,0x31,0x35,0x32,0x20,0x3d,0x20,0x69,0x76,0x65,0x63,0x32,0x28,0x28,0x5f,0x31,
    0x34,0x32,0x20,0x25,0x20,0x32,0x35,0x36,0x29,0x20,0x2a,0x20,0x34,0x2c,0x20,0x5f,
    0x31,0x34,0x32,0x20,0x2f,0x20,0x32,0x35,0x36,0x29,0x3b,0x0a,0x20,0x20,0x20,0x20,
    0x72,0x65,0x74,0x75,0x72,0x6e,0x20,0x6d,0x61,0x74,0x34,0x28,0x74,0x65,0x78,0x65,
    0x6c,0x46,0x65,0x74,0x63,0x68,0x28,0x6a,0x6f,0x69,0x6e,0x74,0x5f,0x74,0x65,0x78,
    0x5f,0x6a,0x6f,0x69,0x6e,0x74,0x5f,0x73,0x6d,0x70,0x2c,0x20,0x5f,0x31,0x35,0x32,
    0x2c,0x20,0x30,0x29,0x2c,0x20,0x74,0x65,0x78,0x65,0x6c,0x46,0x65,0x74,0x63,0x68,
    0x28,0x6a,0x6f,0x69,0x6e,0x74,0x5f,0x74,0x65,0x78,0x5f,0x6a,0x6f,0x69,0x6e,0x74,
    0x5f,0x73,0x6d,0x70,0x2c,0x20,0x5f,0x31,0x35,0x32,0x20,0x2b,0x20,0x69,0x76,0x65,
    0x63,0x32,0x28,0x31,0x2c,0x20,0x30,0x29,0x2c,0x20,0x30,0x29,0x2c,0x20,0x74,0x65,
    0x78,0x65,0x6c,0x46,0x65,0x74,0x63,0x68,0x28,0x6a,0x6f,0x69,0x6e,0x74,0x5f,0x74,
    0x65,0x78,0x5f,0x6a,0x6f,0x69,0x6e,0x74,0x5f,0x73,0x6d,0x70,0x2c,0x20,0x5f,0x31,
    0x35,0x32,0x20,0x2b,0x20,0x69,0x76,0x65,0x63,0x32,0x28,0x32,0x2c,0x20,0x30,0x29,
    0x2c,0x20,0x30,0x29,0x2c,0x20,0x74,0x65,0x78,0x65,0x6c,0x46,0x65,0x74,0x63,0x68,
    0x28,0x6a,0x6f,0x69,0x6e,0x74,0x5f,0x74,0x65,0x78,0x5f,0x6a,0x6f,0x69,0x6e,0x74,
    0x5f,0x73,0x6d,0x70,0x2c,0x20,0x5f,0x31,0x35,0x32,0x20,0x2b,0x20,0x69,0x76,0x65,
    0x63,0x32,0x28,0x33,0x2c,0x20,0x30,0x29,0x2c,0x20,0x30,0x29,0x29,0x3b,0x0a,0x7d,
    0x0a,0x0a,0x6d,0x61,0x74,0x34,0x20,0x69,0x6e,0x73,0x74,0x61,0x6e,0x63,0x65,0x5f,
    0x6d,0x6f,0x64,0x65,0x6c,0x28,0x69,0x6e,0x74,0x20,0x72,0x29,0x0a,0x7b,0x0a,0x20,
    0x20,0x20,0x20,0x69,0x6e,0x74,0x20,0x70,0x61,0x72,0x61,0x6d,0x20,0x3d,0x20,0x72,
    0x3b,0x0a,0x20,0x20,0x20,0x20,0x69,0x6e,0x74,0x20,0x70,0x61,0x72,0x61,0x6d,0x5f,
    0x31,0x20,0x3d,0x20,0x30,0x3b,0x0a,0x20,0x20,0x20,0x20,0x76,0x65,0x63,0x34,0x20,
    0x5f,0x36,0x30,0x20,0x3d,0x20,0x69,0x6e,0x73,0x74,0x61,0x6e,0x63,0x65,0x5f,0x74,
    0x65,0x78,0x65,0x6c,0x28,0x70,0x61,0x72,0x61,0x6d,0x2c,0x20,0x70,0x61,0x72,0x61,
    0x6d,0x5f,0x31,0x29,0x3b,0x0a,0x20,0x20,0x20,0x20,0x69,0x6e,0x74,0x20,0x70,0x61,
    0x72,0x61,0x6d,0x5f,0x32,0x20,0x3d,0x20,0x72,0x3b,0x0a,0x20,0x20,0x20,0x20,0x69,
    0x6e,0x74,0x20,0x70,0x61,0x72,0x61,0x6d,0x5f,0x33,0x20,0x3d,0x20,0x31,0x3b,0x0a,
    0x20,0x20,0x20,0x20,0x76,0x65,0x63,0x34,0x20,0x5f,0x36,0x36,0x20,0x3d,0x20,0x69,
    0x6e,0x73,0x74,0x61,0x6e,0x63,0x65,0x5f,0x74,0x65,0x78,0x65,0x6c,0x28,0x70,0x61,
    0x72,0x61,0x6d,0x5f,0x32,0x2c,0x20,0x70,0x61,0x72,0x61,0x6d,0x5f,0x33,0x29,0x3b,
    0x0a,0x20,0x20,0x20,0x20,0x69,0x6e,0x74,0x20,0x70,0x61,0x72,0x61,0x6d,0x5f,0x34,
    0x20,0x3d,0x20,0x72,0x3b,0x0a,0x20,0x20,0x20,0x20,0x69,0x6e,0x74,0x20,0x70,0x61,
    0x72,0x61,0x6d,0x5f,0x35,0x20,0x3d,0x20,0x32,0x3b,0x0a,0x20,0x20,0x20,0x20,0x76,
    0x65,0x63,0x34,0x20,0x5f,0x37,0x32,0x20,0x3d,0x20,0x69,0x6e,0x73,0x74,0x61,0x6e,
    0x63,0x65,0x5f,0x74,0x65,0x78,0x65,0x6c,0x28,0x70,0x61,0x72,0x61,0x6d,0x5f,0x34,
    0x2c,0x20,0x70,0x61,0x72,0x61,0x6d,0x5f,0x35,0x29,0x3b,0x0a,0x20,0x20,0x20,0x20,
    0x72,0x65,0x74,0x75,0x72,0x6e,0x20,0x6d,0x61,0x74,0x34,0x28,0x76,0x65,0x63,0x34,
    0x28,0x5f,0x36,0x30,0x2e,0x78,0x2c,0x20,0x5f,0x36,0x36,0x2e,0x78,0x2c,0x20,0x5f,
    0x37,0x32,0x2e,0x78,0x2c,0x20,0x30,0x2e,0x30,0x29,0x2c,0x20,0x76,0x65,0x63,0x34,
    0x28,0x5f,0x36,0x30,0x2e,0x79,0x2c,0x20,0x5f,0x36,0x36,0x2e,0x79,0x2c,0x20,0x5f,
    0x37,0x32,0x2e,0x79,0x2c,0x20,0x30,0x2e,0x30,0x29,0x2c,0x20,0x76,0x65,0x63,0x34,
    0x28,0x5f,0x36,0x30,0x2e,0x7a,0x2c,0x20,0x5f,0x36,0x36,0x2e,0x7a,0x2c,0x20,0x5f,
    0x37,0x32,0x2e,0x7a,0x2c,0x20,0x30,0x2e,0x30,0x29,0x2c,0x20,0x76,0x65,0x63,0x34,
    0x28,0x5f,0x36,0x30,0x2e,0x77,0x2c,0x20,0x5f,0x36,0x36,0x2e,0x77,0x2c,0x20,0x5f,
    0x37,0x32,0x2e,0x77,0x2c,0x20,0x31,0x2e,0x30,0x29,0x29,0x3b,0x0a,0x7d,0x0a,0x0a,
    0x76,0x6f,0x69,0x64,0x20,0x6d,0x61,0x69,0x6e,0x28,0x29,0x0a,0x7b,0x0a,0x20,0x20,
    0x20,0x20,0x69,0x6e,0x74,0x20,0x5f,0x32,0x32,0x30,0x20,0x3d,0x20,0x69,0x6e,0x74,
    0x28,0x76,0x73,0x5f,0x64,0x65,0x70,0x74,0x68,0x5f,0x73,0x6b,0x69,0x6e,0x5f,0x70,
    0x61,0x72,0x61,0x6d,0x73,0x5b,0x34,0x5d,0x2e,0x78,0x29,0x20,0x2b,0x20,0x67,0x6c,
    0x5f,0x49,0x6e,0x73,0x74,0x61,0x6e,0x63,0x65,0x49,0x44,0x3b,0x0a,0x20,0x20,0x20,
    0x20,0x69,0x6e,0x74,0x20,0x70,0x61,0x72,0x61,0x6d,0x20,0x3d,0x20,0x5f,0x32,0x32,
    0x30,0x3b,0x0a,0x20,0x20,0x20,0x20,0x69,0x6e,0x74,0x20,0x5f,0x32,0x32,0x36,0x20,
    0x3d,0x20,0x69,0x6e,0x74,0x28,0x69,0x6e,0x73,0x74,0x61,0x6e,0x63,0x65,0x5f,0x65,
    0x78,0x74,0x72,0x61,0x28,0x70,0x61,0x72,0x61,0x6d,0x29,0x2e,0x78,0x29,0x3b,0x0a,
    0x20,0x20,0x20,0x20,0x69,0x6e,0x74,0x20,0x70,0x61,0x72,0x61,0x6d,0x5f,0x31,0x20,
    0x3d,0x20,0x5f,0x32,0x32,0x36,0x3b,0x0a,0x20,0x20,0x20,0x20,0x69,0x6e,0x74,0x20,
    0x70,0x61,0x72,0x61,0x6d,0x5f,0x32,0x20,0x3d,0x20,0x69,0x6e,0x74,0x28,0x6a,0x6f,
    0x69,0x6e,0x74,0x73,0x2e,0x78,0x29,0x3b,0x0a,0x20,0x20,0x20,0x20,0x6d,0x61,0x74,
    0x34,0x20,0x5f,0x32,0x34,0x32,0x20,0x3d,0x20,0x6a,0x6f,0x69,0x6e,0x74,0x5f,0x61,
    0x74,0x28,0x70,0x61,0x72,0x61,0x6d,0x5f,0x31,0x2c,0x20,0x70,0x61,0x72,0x61,0x6d,
    0x5f,0x32,0x29,0x20,0x2a,0x20,0x77,0x65,0x69,0x67,0x68,0x74,0x73,0x2e,0x78,0x3b,
    0x0a,0x20,0x20,0x20,0x20,0x69,0x6e,0x74,0x20,0x70,0x61,0x72,0x61,0x6d,0x5f,0x33,
    0x20,0x3d,0x20,0x5f,0x32,0x32,0x36,0x3b,0x0a,0x20,0x20,0x20,0x20,0x69,0x6e,0x74,
    0x20,0x70,0x61,0x72,0x61,0x6d,0x5f,0x34,0x20,0x3d,0x20,0x69,0x6e,0x74,0x28,0x6a,
    0x6f,0x69,0x6e,0x74,0x73,0x2e,0x79,0x29,0x3b,0x0a,0x20,0x20,0x20,0x20,0x6d,0x61,
    0x74,0x34,0x20,0x5f,0x32,0x35,0x32,0x20,0x3d,0x20,0x6a,0x6f,0x69,0x6e,0x74,0x5f,
    0x61,0x74,0x28,0x70,0x61,0x72,0x61,0x6d,0x5f,0x33,0x2c,0x20,0x70,0x61,0x72,0x61,
    0x6d,0x5f,0x34,0x29,0x20,0x2a,0x20,0x77,0x65,0x69,0x67,0x68,0x74,0x73,0x2e,0x79,
    0x3b,0x0a,0x20,0x20,0x20,0x20,0x69,0x6e,0x74,0x20,0x70,0x61,0x72,0x61,0x6d,0x5f,
    0x35,0x20,0x3d,0x20,0x5f,0x32,0x32,0x36,0x3b,0x0a,0x20,0x20,0x20,0x20,0x69,0x6e,
    0x74,0x20,0x70,0x61,0x72,0x61,0x6d,0x5f,0x36,0x20,0x3d,0x20,0x69,0x6e,0x74,0x28,
    0x6a,0x6f,0x69,0x6e,0x74,0x73,0x2e,0x7a,0x29,0x3b,0x0a,0x20,0x20,0x20,0x20,0x6d,
    0x61,0x74,0x34,0x20,0x5f,0x32,0x37,0x35,0x20,0x3d,0x20,0x6a,0x6f,0x69,0x6e,0x74,
    0x5f,0x61,0x74,0x28,0x70,0x61,0x72,0x61,0x6d,0x5f,0x35,0x2c,0x20,0x70,0x61,0x72,
    0x61,0x6d,0x5f,0x36,0x29,0x20,0x2a,0x20,0x77,0x65,0x69,0x67,0x68,0x74,0x73,0x2e,
    0x7a,0x3b,0x0a,0x20,0x20,0x20,0x20,0x69,0x6e,0x74,0x20,0x70,0x61,0x72,0x61,0x6d,
    0x5f,0x37,0x20,0x3d,0x20,0x5f,0x32,0x32,0x36,0x3b,0x0a,0x20,0x20,0x20,0x20,0x69,
    0x6e,0x74,0x20,0x70,0x61,0x72,0x61,0x6d,0x5f,0x38,0x20,0x3d,0x20,0x69,0x6e,0x74,
    0x28,0x6a,0x6f,0x69,0x6e,0x74,0x73,0x2e,0x77,0x29,0x3b,0x0a,0x20,0x20,0x20,0x20,
    0x6d,0x61,0x74,0x34,0x20,0x5f,0x32,0x39,0x38,0x20,0x3d,0x20,0x6a,0x6f,0x69,0x6e,
    0x74,0x5f,0x61,0x74,0x28,0x70,0x61,0x72,0x61,0x6d,0x5f,0x37,0x2c,0x20,0x70,0x61,
    0x72,0x61,0x6d,0x5f,0x38,0x29,0x20,0x2a,0x20,0x77,0x65,0x69,0x67,0x68,0x74,0x73,
    0x2e,0x77,0x3b,0x0a,0x20,0x20,0x20,0x20,0x69,0x6e,0x74,0x20,0x70,0x61,0x72,0x61,
    0x6d,0x5f,0x39,0x20,0x3d,0x20,0x5f,0x32,0x32,0x30,0x3b,0x0a,0x20,0x20,0x20,0x20,
    0x67,0x6c,0x5f,0x50,0x6f,0x73,0x69,0x74,0x69,0x6f,0x6e,0x20,0x3d,0x20,0x6d,0x61,
    0x74,0x34,0x28,0x76,0x73,0x5f,0x64,0x65,0x70,0x74,0x68,0x5f,0x73,0x6b,0x69,0x6e,
    0x5f,0x70,0x61,0x72,0x61,0x6d,0x73,0x5b,0x30,0x5d,0x2c,0x20,0x76,0x73,0x5f,0x64,
    0x65,0x70,0x74,0x68,0x5f,0x73,0x6b,0x69,0x6e,0x5f,0x70,0x61,0x72,0x61,0x6d,0x73,
    0x5b,0x31,0x5d,0x2c,0x20,0x76,0x73,0x5f,0x64,0x65,0x70,0x74,0x68,0x5f,0x73,0x6b,
    0x69,0x6e,0x5f,0x70,0x61,0x72,0x61,0x6d,0x73,0x5b,0x32,0x5d,0x2c,0x20,0x76,0x73,
    0x5f,0x64,0x65,0x70,0x74,0x68,0x5f,0x73,0x6b,0x69,0x6e,0x5f,0x70,0x61,0x72,0x61,
    0x6d,0x73,0x5b,0x33,0x5d,0x29,0x20,0x2a,0x20,0x28,0x69,0x6e,0x73,0x74,0x61,0x6e,
    0x63,0x65,0x5f,0x6d,0x6f,0x64,0x65,0x6c,0x28,0x70,0x61,0x72,0x61,0x6d,0x5f,0x39,
    0x29,0x20,0x2a,0x20,0x28,0x6d,0x61,0x74,0x34,0x28,0x28,0x28,0x5f,0x32,0x34,0x32,
    0x5b,0x30,0x5d,0x20,0x2b,0x20,0x5f,0x32,0x35,0x32,0x5b,0x30,0x5d,0x29,0x20,0x2b,
    0x20,0x5f,0x32,0x37,0x35,0x5b,0x30,0x5d,0x29,0x20,0x2b,0x20,0x5f,0x32,0x39,0x38,
    0x5b,0x30,0x5d,0x2c,0x20,0x28,0x28,0x5f,0x32,0x34,0x32,0x5b,0x31,0x5d,0x20,0x2b,
    0x20,0x5f,0x32,0x35,0x32,0x5b,0x31,0x5d,0x29,0x20,0x2b,0x20,0x5f,0x32,0x37,0x35,
    0x5b,0x31,0x5d,0x29,0x20,0x2b,0x20,0x5f,0x32,0x39,0x38,0x5b,0x31,0x5d,0x2c,0x20,
    0x28,0x28,0x5f,0x32,0x34,0x32,0x5b,0x32,0x5d,0x20,0x2b,0x20,0x5f,0x32,0x35,0x32,
    0x5b,0x32,0x5d,0x29,0x20,0x2b,0x20,0x5f,0x32,0x37,0x35,0x5b,0x32,0x5d,0x29,0x20,
    0x2b,0x20,0x5f,0x32,0x39,0x38,0x5b,0x32,0x5d,0x2c,0x20,0x28,0x28,0x5f,0x32,0x34,
    0x32,0x5b,0x33,0x5d,0x20,0x2b,0x20,0x5f,0x32,0x35,0x32,0x5b,0x33,0x5d,0x29,0x20,
    0x2b,0x20,0x5f,0x32,0x37,0x35,0x5b,0x33,0x5d,0x29,0x20,0x2b,0x20,0x5f,0x32,0x39,
    0x38,0x5b,0x33,0x5d,0x29,0x20,0x2a,0x20,0x76,0x65,0x63,0x34,0x28,0x70,0x6f,0x73,
    0x69,0x74,0x69,0x6f,0x6e,0x2c,0x20,0x31,0x2e,0x30,0x29,0x29,0x29,0x3b,0x0a,0x20,
    0x20,0x20,0x20,0x76,0x5f,0x75,0x76,0x30,0x20,0x3d,0x20,0x74,0x65,0x78,0x63,0x6f,
    0x6f,0x72,0x64,0x30,0x3b,0x0a,0x7d,0x0a,0x0a,0x00,
};
#endif
/*
    #version 410

    uniform vec4 fs_depth_params[1];
    uniform sampler2D base_color_tex_base_color_smp;

    layout(location = 0) in vec2 v_uv0;

    void main()
    {
        bool _20 = fs_depth_params[0].x > 0.0;
        bool _43;
        if (_20)
        {
            _43 = texture(base_color_tex_base_color_smp, v_uv0).w < fs_depth_params[0].x;
        }
        else
        {
            _43 = _20;
        }
        if (_43)
        {
            discard;
        }
    }

*/
#if defined(SOKOL_GLCORE)
static const uint8_t fs_depth_source_glsl410[402] = {
    0x23,0x76,0x65,0x72,0x73,0x69,0x6f,0x6e,0x20,0x34,0x31,0x30,0x0a,0x0a,0x75,0x6e,
    0x69,0x66,0x6f,0x72,0x6d,0x20,0x76,0x65,0x63,0x34,0x20,0x66,0x73,0x5f,0x64,0x65,
    0x70,0x74,0x68,0x5f,0x70,0x61,0x72,0x61,0x6d,0x73,0x5b,0x31,0x5d,0x3b,0x0a,0x75,
    0x6e,0x69,0x66,0x6f,0x72,0x6d,0x20,0x73,0x61,0x6d,0x70,0x6c,0x65,0x72,0x32,0x44,
    0x20,0x62,0x61,0x73,0x65,0x5f,0x63,0x6f,0x6c,0x6f,0x72,0x5f,0x74,0x65,0x78,0x5f,
    0x62,0x61,0x73,0x65,0x5f,0x63,0x6f,0x6c,0x6f,0x72,0x5f,0x73,0x6d,0x70,0x3b,0x0a,
    0x0a,0x6c,0x61,0x79,0x6f,0x75,0x74,0x28,0x6c,0x6f,0x63,0x61,0x74,0x69,0x6f,0x6e,
    0x20,0x3d,0x20,0x30,0x29,0x20,0x69,0x6e,0x20,0x76,0x65,0x63,0x32,0x20,0x76,0x5f,
    0x75,0x76,0x30,0x3b,0x0a,0x0a,0x76,0x6f,0x69,0x64,0x20,0x6d,0x61,0x69,0x6e,0x28,
    0x29,0x0a,0x7b,0x0a,0x20,0x20,0x20,0x20,0x62,0x6f,0x6f,0x6c,0x20,0x5f,0x32,0x30,
    0x20,0x3d,0x20,0x66,0x73,0x5f,0x64,0x65,0x70,0x74,0x68,0x5f,0x70,0x61,0x72,0x61,
    0x6d,0x73,0x5b,0x30,0x5d,0x2e,0x78,0x20,0x3e,0x20,0x30,0x2e,0x30,0x3b,0x0a,0x20,
    0x20,0x20,0x20,0x62,0x6f,0x6f,0x6c,0x20,0x5f,0x34,0x33,0x3b,0x0a,0x20,0x20,0x20,
    0x20,0x69,0x66,0x20,0x28,0x5f,0x32,0x30,0x29,0x0a,0x20,0x20,0x20,0x20,0x7b,0x0a,
    0x20,0x20,0x20,0x20,0x20,0x20,0x20,0x20,0x5f,0x34,0x33,0x20,0x3d,0x20,0x74,0x65,
    0x78,0x74,0x75,0x72,0x65,0x28,0x62,0x61,0x73,0x65,0x5f,0x63,0x6f,0x6c,0x6f,0x72,
    0x5f,0x74,0x65,0x78,0x5f,0x62,0x61,0x73,0x65,0x5f,0x63,0x6f,0x6c,0x6f,0x72,0x5f,
    0x73,0x6d,0x70,0x2c,0x20,0x76,0x5f,0x75,0x76,0x30,0x29,0x2e,0x77,0x20,0x3c,0x20,
    0x66,0x73,0x5f,0x64,0x65,0x70,0x74,0x68,0x5f,0x70,0x61,0x72,0x61,0x6d,0x73,0x5b,
    0x30,0x5d,0x2e,0x78,0x3b,0x0a,0x20,0x20,0x20,0x20,0x7d,0x0a,0x20,0x20,0x20,0x20,
    0x65,0x6c,0x73,0x65,0x0a,0x20,0x20,0x20,0x20,0x7b,0x0a,0x20,0x20,0x20,0x20,0x20,
    0x20,0x20,0x20,0x5f,0x34,0x33,0x20,0x3d,0x20,0x5f,0x32,0x30,0x3b,0x0a,0x20,0x20,
    0x20,0x20,0x7d,0x0a,0x20,0x20,0x20,0x20,0x69,0x66,0x20,0x28,0x5f,0x34,0x33,0x29,
    0x0a,0x20,0x20,0x20,0x20,0x7b,0x0a,0x20,0x20,0x20,0x20,0x20,0x20,0x20,0x20,0x64,
    0x69,0x73,0x63,0x61,0x72,0x64,0x3b,0x0a,0x20,0x20,0x20,0x20,0x7d,0x0a,0x7d,0x0a,
    0x0a,0x00,
};
#endif
/*
    #version 300 es

    uniform vec4 vs_depth_params[5];
    uniform highp sampler2D instance_tex_instance_smp;

    layout(location = 0) in vec3 position;
    out vec2 v_uv0;
    layout(location = 1) in vec2 texcoord0;

    vec4 instance_texel(int record, int texel)
    {
        return texelFetch(instance_tex_instance_smp, ivec2(((record % 128) * 8) + texel, record / 128), 0);
    }

    mat4 instance_model(int r)
    {
        int param = r;
        int param_1 = 0;
        vec4 _51 = instance_texel(param, param_1);
        int param_2 = r;
        int param_3 = 1;
        vec4 _57 = instance_texel(param_2, param_3);
        int param_4 = r;
        int param_5 = 2;
        vec4 _63 = instance_texel(param_4, param_5);
        return mat4(vec4(_51.x, _57.x, _63.x, 0.0), vec4(_51.y, _57.y, _63.y, 0.0), vec4(_51.z, _57.z, _63.z, 0.0), vec4(_51.w, _57.w, _63.w, 1.0));
    }

    void main()
    {
        int param = int(vs_depth_params[4].x) + gl_InstanceID;
        gl_Position = mat4(vs_depth_params[0], vs_depth_params[1], vs_depth_params[2], vs_depth_params[3]) * (instance_model(param) * vec4(position, 1.0));
        v_uv0 = texcoord0;
    }

*/
#if defined(SOKOL_GLES3)
static const uint8_t vs_depth_static_source_glsl300es[1048] = {
    0x23,0x76,0x65,0x72,0x73,0x69,0x6f,0x6e,0x20,0x33,0x30,0x30,0x20,0x65,0x73,0x0a,
    0x0a,0x75,0x6e,0x69,0x66,0x6f,0x72,0x6d,0x20,0x76,0x65,0x63,0x34,0x20,0x76,0x73,
    0x5f,0x64,0x65,0x70,0x74,0x68,0x5f,0x70,0x61,0x72,0x61,0x6d,0x73,0x5b,0x35,0x5d,
    0x3b,0x0a,0x75,0x6e,0x69,0x66,0x6f,0x72,0x6d,0x20,0x68,0x69,0x67,0x68,0x70,0x20,
    0x73,0x61,0x6d,0x70,0x6c,0x65,0x72,0x32,0x44,0x20,0x69,0x6e,0x73,0x74,0x61,0x6e,
    0x63,0x65,0x5f,0x74,0x65,0x78,0x5f,0x69,0x6e,0x73,0x74,0x61,0x6e,0x63,0x65,0x5f,
    0x73,0x6d,0x70,0x3b,0x0a,0x0a,0x6c,0x61,0x79,0x6f,0x75,0x74,0x28,0x6c,0x6f,0x63,
    0x61,0x74,0x69,0x6f,0x6e,0x20,0x3d,0x20,0x30,0x29,0x20,0x69,0x6e,0x20,0x76,0x65,
    0x63,0x33,0x20,0x70,0x6f,0x73,0x69,0x74,0x69,0x6f,0x6e,0x3b,0x0a,0x6f,0x75,0x74,
    0x20,0x76,0x65,0x63,0x32,0x20,0x76,0x5f,0x75,0x76,0x30,0x3b,0x0a,0x6c,0x61,0x79,
    0x6f,0x75,0x74,0x28,0x6c,0x6f,0x63,0x61,0x74,0x69,0x6f,0x6e,0x20,0x3d,0x20,0x31,
    0x29,0x20,0x69,0x6e,0x20,0x76,0x65,0x63,0x32,0x20,0x74,0x65,0x78,0x63,0x6f,0x6f,
    0x72,0x64,0x30,0x3b,0x0a,0x0a,0x76,0x65,0x63,0x34,0x20,0x69,0x6e,0x73,0x74,0x61,
    0x6e,0x63,0x65,0x5f,0x74,0x65,0x78,0x65,0x6c,0x28,0x69,0x6e,0x74,0x20,0x72,0x65,
    0x63,0x6f,0x72,0x64,0x2c,0x20,0x69,0x6e,0x74,0x20,0x74,0x65,0x78,0x65,0x6c,0x29,
    0x0a,0x7b,0x0a,0x20,0x20,0x20,0x20,0x72,0x65,0x74,0x75,0x72,0x6e,0x20,0x74,0x65,
    0x78,0x65,0x6c,0x46,0x65,0x74,0x63,0x68,0x28,0x69,0x6e,0x73,0x74,0x61,0x6e,0x63,
    0x65,0x5f,0x74,0x65,0x78,0x5f,0x69,0x6e,0x73,0x74,0x61,0x6e,0x63,0x65,0x5f,0x73,
    0x6d,0x70,0x2c,0x20,0x69,0x76,0x65,0x63,0x32,0x28,0x28,0x28,0x72,0x65,0x63,0x6f,
    0x72,0x64,0x20,0x25,0x20,0x31,0x32,0x38,0x29,0x20,0x2a,0x20,0x38,0x29,0x20,0x2b,
    0x20,0x74,0x65,0x78,0x65,0x6c,0x2c,0x20,0x72,0x65,0x63,0x6f,0x72,0x64,0x20,0x2f,
    0x20,0x31,0x32,0x38,0x29,0x2c,0x20,0x30,0x29,0x3b,0x0a,0x7d,0x0a,0x0a,0x6d,0x61,
    0x74,0x34,0x20,0x69,0x6e,0x73,0x74,0x61,0x6e,0x63,0x65,0x5f,0x6d,0x6f,0x64,0x65,
    0x6c,0x28,0x69,0x6e,0x74,0x20,0x72,0x29,0x0a,0x7b,0x0a,0x20,0x20,0x20,0x20,0x69,
    0x6e,0x74,0x20,0x70,0x61,0x72,0x61,0x6d,0x20,0x3d,0x20,0x72,0x3b,0x0a,0x20,0x20,
    0x20,0x20,0x69,0x6e,0x74,0x20,0x70,0x61,0x72,0x61,0x6d,0x5f,0x31,0x20,0x3d,0x20,
    0x30,0x3b,0x0a,0x20,0x20,0x20,0x20,0x76,0x65,0x63,0x34,0x20,0x5f,0x35,0x31,0x20,
    0x3d,0x20,0x69,0x6e,0x73,0x74,0x61,0x6e,0x63,0x65,0x5f,0x74,0x65,0x78,0x65,0x6c,
    0x28,0x70,0x61,0x72,0x61,0x6d,0x2c,0x20,0x70,0x61,0x72,0x61,0x6d,0x5f,0x31,0x29,
    0x3b,0x0a,0x20,0x20,0x20,0x20,0x69,0x6e,0x74,0x20,0x70,0x61,0x72,0x61,0x6d,0x5f,
    0x32,0x20,0x3d,0x20,0x72,0x3b,0x0a,0x20,0x20,0x20,0x20,0x69,0x6e,0x74,0x20,0x70,
    0x61,0x72,0x61,0x6d,0x5f,0x33,0x20,0x3d,0x20,0x31,0x3b,0x0a,0x20,0x20,0x20,0x20,
    0x76,0x65,0x63,0x34,0x20,0x5f,0x35,0x37,0x20,0x3d,0x20,0x69,0x6e,0x73,0x74,0x61,
    0x6e,0x63,0x65,0x5f,0x74,0x65,0x78,0x65,0x6c,0x28,0x70,0x61,0x72,0x61,0x6d,0x5f,
    0x32,0x2c,0x20,0x70,0x61,0x72,0x61,0x6d,0x5f,0x33,0x29,0x3b,0x0a,0x20,0x20,0x20,
    0x20,0x69,0x6e,0x74,0x20,0x70,0x61,0x72,0x61,0x6d,0x5f,0x34,0x20,0x3d,0x20,0x72,
    0x3b,0x0a,0x20,0x20,0x20,0x20,0x69,0x6e,0x74,0x20,0x70,0x61,0x72,0x61,0x6d,0x5f,
    0x35,0x20,0x3d,0x20,0x32,0x3b,0x0a,0x20,0x20,0x20,0x20,0x76,0x65,0x63,0x34,0x20,
    0x5f,0x36,0x33,0x20,0x3d,0x20,0x69,0x6e,0x73,0x74,0x61,0x6e,0x63,0x65,0x5f,0x74,
    0x65,0x78,0x65,0x6c,0x28,0x70,0x61,0x72,0x61,0x6d,0x5f,0x34,0x2c,0x20,0x70,0x61,
    0x72,0x61,0x6d,0x5f,0x35,0x29,0x3b,0x0a,0x20,0x20,0x20,0x20,0x72,0x65,0x74,0x75,
    0x72,0x6e,0x20,0x6d,0x61,0x74,0x34,0x28,0x76,0x65,0x63,0x34,0x28,0x5f,0x35,0x31,
    0x2e,0x78,0x2c,0x20,0x5f,0x35,0x37,0x2e,0x78,0x2c,0x20,0x5f,0x36,0x33,0x2e,0x78,
    0x2c,0x20,0x30,0x2e,0x30,0x29,0x2c,0x20,0x76,0x65,0x63,0x34,0x28,0x5f,0x35,0x31,
    0x2e,0x79,0x2c,0x20,0x5f,0x35,0x37,0x2e,0x79,0x2c,0x20,0x5f,0x36,0x33,0x2e,0x79,
    0x2c,0x20,0x30,0x2e,0x30,0x29,0x2c,0x20,0x76,0x65,0x63,0x34,0x28,0x5f,0x35,0x31,
    0x2e,0x7a,0x2c,0x20,0x5f,0x35,0x37,0x2e,0x7a,0x2c,0x20,0x5f,0x36,0x33,0x2e,0x7a,
    0x2c,0x20,0x30,0x2e,0x30,0x29,0x2c,0x20,0x76,0x65,0x63,0x34,0x28,0x5f,0x35,0x31,
    0x2e,0x77,0x2c,0x20,0x5f,0x35,0x37,0x2e,0x77,0x2c,0x20,0x5f,0x36,0x33,0x2e,0x77,
    0x2c,0x20,0x31,0x2e,0x30,0x29,0x29,0x3b,0x0a,0x7d,0x0a,0x0a,0x76,0x6f,0x69,0x64,
    0x20,0x6d,0x61,0x69,0x6e,0x28,0x29,0x0a,0x7b,0x0a,0x20,0x20,0x20,0x20,0x69,0x6e,
    0x74,0x20,0x70,0x61,0x72,0x61,0x6d,0x20,0x3d,0x20,0x69,0x6e,0x74,0x28,0x76,0x73,
    0x5f,0x64,0x65,0x70,0x74,0x68,0x5f,0x70,0x61,0x72,0x61,0x6d,0x73,0x5b,0x34,0x5d,
    0x2e,0x78,0x29,0x20,0x2b,0x20,0x67,0x6c,0x5f,0x49,0x6e,0x73,0x74,0x61,0x6e,0x63,
    0x65,0x49,0x44,0x3b,0x0a,0x20,0x20,0x20,0x20,0x67,0x6c,0x5f,0x50,0x6f,0x73,0x69,
    0x74,0x69,0x6f,0x6e,0x20,0x3d,0x20,0x6d,0x61,0x74,0x34,0x28,0x76,0x73,0x5f,0x64,
    0x65,0x70,0x74,0x68,0x5f,0x70,0x61,0x72,0x61,0x6d,0x73,0x5b,0x30,0x5d,0x2c,0x20,
    0x76,0x73,0x5f,0x64,0x65,0x70,0x74,0x68,0x5f,0x70,0x61,0x72,0x61,0x6d,0x73,0x5b,
    0x31,0x5d,0x2c,0x20,0x76,0x73,0x5f,0x64,0x65,0x70,0x74,0x68,0x5f,0x70,0x61,0x72,
    0x61,0x6d,0x73,0x5b,0x32,0x5d,0x2c,0x20,0x76,0x73,0x5f,0x64,0x65,0x70,0x74,0x68,
    0x5f,0x70,0x61,0x72,0x61,0x6d,0x73,0x5b,0x33,0x5d,0x29,0x20,0x2a,0x20,0x28,0x69,
    0x6e,0x73,0x74,0x61,0x6e,0x63,0x65,0x5f,0x6d,0x6f,0x64,0x65,0x6c,0x28,0x70,0x61,
    0x72,0x61,0x6d,0x29,0x20,0x2a,0x20,0x76,0x65,0x63,0x34,0x28,0x70,0x6f,0x73,0x69,
    0x74,0x69,0x6f,0x6e,0x2c,0x20,0x31,0x2e,0x30,0x29,0x29,0x3b,0x0a,0x20,0x20,0x20,
    0x20,0x76,0x5f,0x75,0x76,0x30,0x20,0x3d,0x20,0x74,0x65,0x78,0x63,0x6f,0x6f,0x72,
    0x64,0x30,0x3b,0x0a,0x7d,0x0a,0x0a,0x00,
};
#endif
/*
    #version 300 es

    uniform vec4 vs_depth_skin_params[5];
    uniform highp sampler2D instance_tex_instance_smp;
    uniform highp sampler2D joint_tex_joint_smp;

    layout(location = 3) in vec4 weights;
    layout(location = 2) in vec4 joints;
    layout(location = 0) in vec3 position;
    out vec2 v_uv0;
    layout(location = 1) in vec2 texcoord0;

    vec4 instance_texel(int record, int texel)
    {
        return texelFetch(instance_tex_instance_smp, ivec2(((record % 128) * 8) + texel, record / 128), 0);
    }

    vec4 instance_extra(int r)
    {
        int param = r;
        int param_1 = 7;
        return instance_texel(param, param_1);
    }

    mat4 joint_at(int base, int index)
    {
        int _142 = base + index;
        ivec2 _152 = ivec2((_142 % 256) * 4, _142 / 256);
        return mat4(texelFetch(joint_tex_joint_smp, _152, 0), texelFetch(joint_tex_joint_smp, _152 + ivec2(1, 0), 0), texelFetch(joint_tex_joint_smp, _152 + ivec2(2, 0), 0), texelFetch(joint_tex_joint_smp, _152 + ivec2(3, 0), 0));
    }

    mat4 instance_model(int r)
    {
        int param = r;
        int param_1 = 0;
        vec4 _60 = instance_texel(param, param_1);
        int param_2 = r;
        int param_3 = 1;
        vec4 _66 = instance_texel(param_2, param_3);
        int param_4 = r;
        int param_5 = 2;
        vec4 _72 = instance_texel(param_4, param_5);
        return mat4(vec4(_60.x, _66.x, _72.x, 0.0), vec4(_60.y, _66.y, _72.y, 0.0), vec4(_60.z, _66.z, _72.z, 0.0), vec4(_60.w, _66.w, _72.w, 1.0));
    }

    void main()
    {
        int _220 = int(vs_depth_skin_params[4].x) + gl_InstanceID;
        int param = _220;
        int _226 = int(instance_extra(param).x);
        int param_1 = _226;
        int param_2 = int(joints.x);
        mat4 _242 = joint_at(param_1, param_2) * weights.x;
        int param_3 = _226;
        int param_4 = int(joints.y);
        mat4 _252 = joint_at(param_3, param_4) * weights.y;
        int param_5 = _226;
        int param_6 = int(joints.z);
        mat4 _275 = joint_at(param_5, param_6) * weights.z;
        int param_7 = _226;
        int param_8 = int(joints.w);
        mat4 _298 = joint_at(param_7, param_8) * weights.w;
        int param_9 = _220;
        gl_Position = mat4(vs_depth_skin_params[0], vs_depth_skin_params[1], vs_depth_skin_params[2], vs_depth_skin_params[3]) * (instance_model(param_9) * (mat4(((_242[0] + _252[0]) + _275[0]) + _298[0], ((_242[1] + _252[1]) + _275[1]) + _298[1], ((_242[2] + _252[2]) + _275[2]) + _298[2], ((_242[3] + _252[3]) + _275[3]) + _298[3]) * vec4(position, 1.0)));
        v_uv0 = texcoord0;
    }

*/
#if defined(SOKOL_GLES3)
static const uint8_t vs_depth_skinned_source_glsl300es[2388] = {
    0x23,0x76,0x65,0x72,0x73,0x69,0x6f,0x6e,0x20,0x33,0x30,0x30,0x20,0x65,0x73,0x0a,
    0x0a,0x75,0x6e,0x69,0x66,0x6f,0x72,0x6d,0x20,0x76,0x65,0x63,0x34,0x20,0x76,0x73,
    0x5f,0x64,0x65,0x70,0x74,0x68,0x5f,0x73,0x6b,0x69,0x6e,0x5f,0x70,0x61,0x72,0x61,
    0x6d,0x73,0x5b,0x35,0x5d,0x3b,0x0a,0x75,0x6e,0x69,0x66,0x6f,0x72,0x6d,0x20,0x68,
    0x69,0x67,0x68,0x70,0x20,0x73,0x61,0x6d,0x70,0x6c,0x65,0x72,0x32,0x44,0x20,0x69,
    0x6e,0x73,0x74,0x61,0x6e,0x63,0x65,0x5f,0x74,0x65,0x78,0x5f,0x69,0x6e,0x73,0x74,
    0x61,0x6e,0x63,0x65,0x5f,0x73,0x6d,0x70,0x3b,0x0a,0x75,0x6e,0x69,0x66,0x6f,0x72,
    0x6d,0x20,0x68,0x69,0x67,0x68,0x70,0x20,0x73,0x61,0x6d,0x70,0x6c,0x65,0x72,0x32,
    0x44,0x20,0x6a,0x6f,0x69,0x6e,0x74,0x5f,0x74,0x65,0x78,0x5f,0x6a,0x6f,0x69,0x6e,
    0x74,0x5f,0x73,0x6d,0x70,0x3b,0x0a,0x0a,0x6c,0x61,0x79,0x6f,0x75,0x74,0x28,0x6c,
    0x6f,0x63,0x61,0x74,0x69,0x6f,0x6e,0x20,0x3d,0x20,0x33,0x29,0x20,0x69,0x6e,0x20,
    0x76,0x65,0x63,0x34,0x20,0x77,0x65,0x69,0x67,0x68,0x74,0x73,0x3b,0x0a,0x6c,0x61,
    0x79,0x6f,0x75,0x74,0x28,0x6c,0x6f,0x63,0x61,0x74,0x69,0x6f,0x6e,0x20,0x3d,0x20,
    0x32,0x29,0x20,0x69,0x6e,0x20,0x76,0x65,0x63,0x34,0x20,0x6a,0x6f,0x69,0x6e,0x74,
    0x73,0x3b,0x0a,0x6c,0x61,0x79,0x6f,0x75,0x74,0x28,0x6c,0x6f,0x63,0x61,0x74,0x69,
    0x6f,0x6e,0x20,0x3d,0x20,0x30,0x29,0x20,0x69,0x6e,0x20,0x76,0x65,0x63,0x33,0x20,
    0x70,0x6f,0x73,0x69,0x74,0x69,0x6f,0x6e,0x3b,0x0a,0x6f,0x75,0x74,0x20,0x76,0x65,
    0x63,0x32,0x20,0x76,0x5f,0x75,0x76,0x30,0x3b,0x0a,0x6c,0x61,0x79,0x6f,0x75,0x74,
    0x28,0x6c,0x6f,0x63,0x61,0x74,0x69,0x6f,0x6e,0x20,0x3d,0x20,0x31,0x29,0x20,0x69,
    0x6e,0x20,0x76,0x65,0x63,0x32,0x20,0x74,0x65,0x78,0x63,0x6f,0x6f,0x72,0x64,0x30,
    0x3b,0x0a,0x0a,0x76,0x65,0x63,0x34,0x20,0x69,0x6e,0x73,0x74,0x61,0x6e,0x63,0x65,
    0x5f,0x74,0x65,0x78,0x65,0x6c,0x28,0x69,0x6e,0x74,0x20,0x72,0x65,0x63,0x6f,0x72,
    0x64,0x2c,0x20,0x69,0x6e,0x74,0x20,0x74,0x65,0x78,0x65,0x6c,0x29,0x0a,0x7b,0x0a,
    0x20,0x20,0x20,0x20,0x72,0x65,0x74,0x75,0x72,0x6e,0x20,0x74,0x65,0x78,0x65,0x6c,
    0x46,0x65,0x74,0x63,0x68,0x28,0x69,0x6e,0x73,0x74,0x61,0x6e,0x63,0x65,0x5f,0x74,
    0x65,0x78,0x5f,0x69,0x6e,0x73,0x74,0x61,0x6e,0x63,0x65,0x5f,0x73,0x6d,0x70,0x2c,
    0x20,0x69,0x76,0x65,0x63,0x32,0x28,0x28,0x28,0x72,0x65,0x63,0x6f,0x72,0x64,0x20,
    0x25,0x20,0x31,0x32,0x38,0x29,0x20,0x2a,0x20,0x38,0x29,0x20,0x2b,0x20,0x74,0x65,
    0x78,0x65,0x6c,0x2c,0x20,0x72,0x65,0x63,0x6f,0x72,0x64,0x20,0x2f,0x20,0x31,0x32,
    0x38,0x29,0x2c,0x20,0x30,0x29,0x3b,0x0a,0x7d,0x0a,0x0a,0x76,0x65,0x63,0x34,0x20,
    0x69,0x6e,0x73,0x74,0x61,0x6e,0x63,0x65,0x5f,0x65,0x78,0x74,0x72,0x61,0x28,0x69,
    0x6e,0x74,0x20,0x72,0x29,0x0a,0x7b,0x0a,0x20,0x20,0x20,0x20,0x69,0x6e,0x74,0x20,
    0x70,0x61,0x72,0x61,0x6d,0x20,0x3d,0x20,0x72,0x3b,0x0a,0x20,0x20,0x20,0x20,0x69,
    0x6e,0x74,0x20,0x70,0x61,0x72,0x61,0x6d,0x5f,0x31,0x20,0x3d,0x20,0x37,0x3b,0x0a,
    0x20,0x20,0x20,0x20,0x72,0x65,0x74,0x75,0x72,0x6e,0x20,0x69,0x6e,0x73,0x74,0x61,
    0x6e,0x63,0x65,0x5f,0x74,0x65,0x78,0x65,0x6c,0x28,0x70,0x61,0x72,0x61,0x6d,0x2c,
    0x20,0x70,0x61,0x72,0x61,0x6d,0x5f,0x31,0x29,0x3b,0x0a,0x7d,0x0a,0x0a,0x6d,0x61,
    0x74,0x34,0x20,0x6a,0x6f,0x69,0x6e,0x74,0x5f,0x61,0x74,0x28,0x69,0x6e,0x74,0x20,
    0x62,0x61,0x73,0x65,0x2c,0x20,0x69,0x6e,0x74,0x20,0x69,0x6e,0x64,0x65,0x78,0x29,
    0x0a,0x7b,0x0a,0x20,0x20,0x20,0x20,0x69,0x6e,0x74,0x20,0x5f,0x31,0x34,0x32,0x20,
    0x3d,0x20,0x62,0x61,0x73,0x65,0x20,0x2b,0x20,0x69,0x6e,0x64,0x65,0x78,0x3b,0x0a,
    0x20,0x20,0x20,0x20,0x69,0x76,0x65,0x63,0x32,0x20,0x5f,0x31,0x35,0x32,0x20,0x3d,
    0x20,0x69,0x76,0x65,0x63,0x32,0x28,0x28,0x5f,0x31,0x34,0x32,0x20,0x25,0x20,0x32,
    0x35,0x36,0x29,0x20,0x2a,0x20,0x34,0x2c,0x20,0x5f,0x31,0x34,0x32,0x20,0x2f,0x20,
    0x32,0x35,0x36,0x29,0x3b,0x0a,0x20,0x20,0x20,0x20,0x72,0x65,0x74,0x75,0x72,0x6e,
    0x20,0x6d,0x61,0x74,0x34,0x28,0x74,0x65,0x78,0x65,0x6c,0x46,0x65,0x74,0x63,0x68,
    0x28,0x6a,0x6f,0x69,0x6e,0x74,0x5f,0x74,0x65,0x78,0x5f,0x6a,0x6f,0x69,0x6e,0x74,
    0x5f,0x73,0x6d,0x70,0x2c,0x20,0x5f,0x31,0x35,0x32,0x2c,0x20,0x30,0x29,0x2c,0x20,
    0x74,0x65,0x78,0x65,0x6c,0x46,0x65,0x74,0x63,0x68,0x28,0x6a,0x6f,0x69,0x6e,0x74,
    0x5f,0x74,0x65,0x78,0x5f,0x6a,0x6f,0x69,0x6e,0x74,0x5f,0x73,0x6d,0x70,0x2c,0x20,
    0x5f,0x31,0x35,0x32,0x20,0x2b,0x20,0x69,0x76,0x65,0x63,0x32,0x28,0x31,0x2c,0x20,
    0x30,0x29,0x2c,0x20,0x30,0x29,0x2c,0x20,0x74,0x65,0x78,0x65,0x6c,0x46,0x65,0x74,
    0x63,0x68,0x28,0x6a,0x6f,0x69,0x6e,0x74,0x5f,0x74,0x65,0x78,0x5f,0x6a,0x6f,0x69,
    0x6e,0x74,0x5f,0x73,0x6d,0x70,0x2c,0x20,0x5f,0x31,0x35,0x32,0x20,0x2b,0x20,0x69,
    0x76,0x65,0x63,0x32,0x28,0x32,0x2c,0x20,0x30,0x29,0x2c,0x20,0x30,0x29,0x2c,0x20,
    0x74,0x65,0x78,0x65,0x6c,0x46,0x65,0x74,0x63,0x68,0x28,0x6a,0x6f,0x69,0x6e,0x74,
    0x5f,0x74,0x65,0x78,0x5f,0x6a,0x6f,0x69,0x6e,0x74,0x5f,0x73,0x6d,0x70,0x2c,0x20,
    0x5f,0x31,0x35,0x32,0x20,0x2b,0x20,0x69,0x76,0x65,0x63,0x32,0x28,0x33,0x2c,0x20,
    0x30,0x29,0x2c,0x20,0x30,0x29,0x29,0x3b,0x0a,0x7d,0x0a,0x0a,0x6d,0x61,0x74,0x34,
    0x20,0x69,0x6e,0x73,0x74,0x61,0x6e,0x63,0x65,0x5f,0x6d,0x6f,0x64,0x65,0x6c,0x28,
    0x69,0x6e,0x74,0x20,0x72,0x29,0x0a,0x7b,0x0a,0x20,0x20,0x20,0x20,0x69,0x6e,0x74,
    0x20,0x70,0x61,0x72,0x61,0x6d,0x20,0x3d,0x20,0x72,0x3b,0x0a,0x20,0x20,0x20,0x20,
    0x69,0x6e,0x74,0x20,0x70,0x61,0x72,0x61,0x6d,0x5f,0x31,0x20,0x3d,0x20,0x30,0x3b,
    0x0a,0x20,0x20,0x20,0x20,0x76,0x65,0x63,0x34,0x20,0x5f,0x36,0x30,0x20,0x3d,0x20,
    0x69,0x6e,0x73,0x74,0x61,0x6e,0x63,0x65,0x5f,0x74,0x65,0x78,0x65,0x6c,0x28,0x70,
    0x61,0x72,0x61,0x6d,0x2c,0x20,0x70,0x61,0x72,0x61,0x6d,0x5f,0x31,0x29,0x3b,0x0a,
    0x20,0x20,0x20,0x20,0x69,0x6e,0x74,0x20,0x70,0x61,0x72,0x61,0x6d,0x5f,0x32,0x20,
    0x3d,0x20,0x72,0x3b,0x0a,0x20,0x20,0x20,0x20,0x69,0x6e,0x74,0x20,0x70,0x61,0x72,
    0x61,0x6d,0x5f,0x33,0x20,0x3d,0x20,0x31,0x3b,0x0a,0x20,0x20,0x20,0x20,0x76,0x65,
    0x63,0x34,0x20,0x5f,0x36,0x36,0x20,0x3d,0x20,0x69,0x6e,0x73,0x74,0x61,0x6e,0x63,
    0x65,0x5f,0x74,0x65,0x78,0x65,0x6c,0x28,0x70,0x61,0x72,0x61,0x6d,0x5f,0x32,0x2c,
    0x20,0x70,0x61,0x72,0x61,0x6d,0x5f,0x33,0x29,0x3b,0x0a,0x20,0x20,0x20,0x20,0x69,
    0x6e,0x74,0x20,0x70,0x61,0x72,0x61,0x6d,0x5f,0x34,0x20,0x3d,0x20,0x72,0x3b,0x0a,
    0x20,0x20,0x20,0x20,0x69,0x6e,0x74,0x20,0x70,0x61,0x72,0x61,0x6d,0x5f,0x35,0x20,
    0x3d,0x20,0x32,0x3b,0x0a,0x20,0x20,0x20,0x20,0x76,0x65,0x63,0x34,0x20,0x5f,0x37,
    0x32,0x20,0x3d,0x20,0x69,0x6e,0x73,0x74,0x61,0x6e,0x63,0x65,0x5f,0x74,0x65,0x78,
    0x65,0x6c,0x28,0x70,0x61,0x72,0x61,0x6d,0x5f,0x34,0x2c,0x20,0x70,0x61,0x72,0x61,
    0x6d,0x5f,0x35,0x29,0x3b,0x0a,0x20,0x20,0x20,0x20,0x72,0x65,0x74,0x75,0x72,0x6e,
    0x20,0x6d,0x61,0x74,0x34,0x28,0x76,0x65,0x63,0x34,0x28,0x5f,0x36,0x30,0x2e,0x78,
    0x2c,0x20,0x5f,0x36,0x36,0x2e,0x78,0x2c,0x20,0x5f,0x37,0x32,0x2e,0x78,0x2c,0x20,
    0x30,0x2e,0x30,0x29,0x2c,0x20,0x76,0x65,0x63,0x34,0x28,0x5f,0x36,0x30,0x2e,0x79,
    0x2c,0x20,0x5f,0x36,0x36,0x2e,0x79,0x2c,0x20,0x5f,0x37,0x32,0x2e,0x79,0x2c,0x20,
    0x30,0x2e,0x30,0x29,0x2c,0x20,0x76,0x65,0x63,0x34,0x28,0x5f,0x36,0x30,0x2e,0x7a,
    0x2c,0x20,0x5f,0x36,0x36,0x2e,0x7a,0x2c,0x20,0x5f,0x37,0x32,0x2e,0x7a,0x2c,0x20,
    0x30,0x2e,0x30,0x29,0x2c,0x20,0x76,0x65,0x63,0x34,0x28,0x5f,0x36,0x30,0x2e,0x77,
    0x2c,0x20,0x5f,0x36,0x36,0x2e,0x77,0x2c,0x20,0x5f,0x37,0x32,0x2e,0x77,0x2c,0x20,
    0x31,0x2e,0x30,0x29,0x29,0x3b,0x0a,0x7d,0x0a,0x0a,0x76,0x6f,0x69,0x64,0x20,0x6d,
    0x61,0x69,0x6e,0x28,0x29,0x0a,0x7b,0x0a,0x20,0x20,0x20,0x20,0x69,0x6e,0x74,0x20,
    0x5f,0x32,0x32,0x30,0x20,0x3d,0x20,0x69,0x6e,0x74,0x28,0x76,0x73,0x5f,0x64,0x65,
    0x70,0x74,0x68,0x5f,0x73,0x6b,0x69,0x6e,0x5f,0x70,0x61,0x72,0x61,0x6d,0x73,0x5b,
    0x34,0x5d,0x2e,0x78,0x29,0x20,0x2b,0x20,0x67,0x6c,0x5f,0x49,0x6e,0x73,0x74,0x61,
    0x6e,0x63,0x65,0x49,0x44,0x3b,0x0a,0x20,0x20,0x20,0x20,0x69,0x6e,0x74,0x20,0x70,
    0x61,0x72,0x61,0x6d,0x20,0x3d,0x20,0x5f,0x32,0x32,0x30,0x3b,0x0a,0x20,0x20,0x20,
    0x20,0x69,0x6e,0x74,0x20,0x5f,0x32,0x32,0x36,0x20,0x3d,0x20,0x69,0x6e,0x74,0x28,
    0x69,0x6e,0x73,0x74,0x61,0x6e,0x63,0x65,0x5f,0x65,0x78,0x74,0x72,0x61,0x28,0x70,
    0x61,0x72,0x61,0x6d,0x29,0x2e,0x78,0x29,0x3b,0x0a,0x20,0x20,0x20,0x20,0x69,0x6e,
    0x74,0x20,0x70,0x61,0x72,0x61,0x6d,0x5f,0x31,0x20,0x3d,0x20,0x5f,0x32,0x32,0x36,
    0x3b,0x0a,0x20,0x20,0x20,0x20,0x69,0x6e,0x74,0x20,0x70,0x61,0x72,0x61,0x6d,0x5f,
    0x32,0x20,0x3d,0x20,0x69,0x6e,0x74,0x28,0x6a,0x6f,0x69,0x6e,0x74,0x73,0x2e,0x78,
    0x29,0x3b,0x0a,0x20,0x20,0x20,0x20,0x6d,0x61,0x74,0x34,0x20,0x5f,0x32,0x34,0x32,
    0x20,0x3d,0x20,0x6a,0x6f,0x69,0x6e,0x74,0x5f,0x61,0x74,0x28,0x70,0x61,0x72,0x61,
    0x6d,0x5f,0x31,0x2c,0x20,0x70,0x61,0x72,0x61,0x6d,0x5f,0x32,0x29,0x20,0x2a,0x20,
    0x77,0x65,0x69,0x67,0x68,0x74,0x73,0x2e,0x78,0x3b,0x0a,0x20,0x20,0x20,0x20,0x69,
    0x6e,0x74,0x20,0x70,0x61,0x72,0x61,0x6d,0x5f,0x33,0x20,0x3d,0x20,0x5f,0x32,0x32,
    0x36,0x3b,0x0a,0x20,0x20,0x20,0x20,0x69,0x6e,0x74,0x20,0x70,0x61,0x72,0x61,0x6d,
    0x5f,0x34,0x20,0x3d,0x20,0x69,0x6e,0x74,0x28,0x6a,0x6f,0x69,0x6e,0x74,0x73,0x2e,
    0x79,0x29,0x3b,0x0a,0x20,0x20,0x20,0x20,0x6d,0x61,0x74,0x34,0x20,0x5f,0x32,0x35,
    0x32,0x20,0x3d,0x20,0x6a,0x6f,0x69,0x6e,0x74,0x5f,0x61,0x74,0x28,0x70,0x61,0x72,
    0x61,0x6d,0x5f,0x33,0x2c,0x20,0x70,0x61,0x72,0x61,0x6d,0x5f,0x34,0x29,0x20,0x2a,
    0x20,0x77,0x65,0x69,0x67,0x68,0x74,0x73,0x2e,0x79,0x3b,0x0a,0x20,0x20,0x20,0x20,
    0x69,0x6e,0x74,0x20,0x70,0x61,0x72,0x61,0x6d,0x5f,0x35,0x20,0x3d,0x20,0x5f,0x32,
    0x32,0x36,0x3b,0x0a,0x20,0x20,0x20,0x20,0x69,0x6e,0x74,0x20,0x70,0x61,0x72,0x61,
    0x6d,0x5f,0x36,0x20,0x3d,0x20,0x69,0x6e,0x74,0x28,0x6a,0x6f,0x69,0x6e,0x74,0x73,
    0x2e,0x7a,0x29,0x3b,0x0a,0x20,0x20,0x20,0x20,0x6d,0x61,0x74,0x34,0x20,0x5f,0x32,
    0x37,0x35,0x20,0x3d,0x20,0x6a,0x6f,0x69,0x6e,0x74,0x5f,0x61,0x74,0x28,0x70,0x61,
    0x72,0x61,0x6d,0x5f,0x35,0x2c,0x20,0x70,0x61,0x72,0x61,0x6d,0x5f,0x36,0x29,0x20,
    0x2a,0x20,0x77,0x65,0x69,0x67,0x68,0x74,0x73,0x2e,0x7a,0x3b,0x0a,0x20,0x20,0x20,
    0x20,0x69,0x6e,0x74,0x20,0x70,0x61,0x72,0x61,0x6d,0x5f,0x37,0x20,0x3d,0x20,0x5f,
    0x32,0x32,0x36,0x3b,0x0a,0x20,0x20,0x20,0x20,0x69,0x6e,0x74,0x20,0x70,0x61,0x72,
    0x61,0x6d,0x5f,0x38,0x20,0x3d,0x20,0x69,0x6e,0x74,0x28,0x6a,0x6f,0x69,0x6e,0x74,
    0x73,0x2e,0x77,0x29,0x3b,0x0a,0x20,0x20,0x20,0x20,0x6d,0x61,0x74,0x34,0x20,0x5f,
    0x32,0x39,0x38,0x20,0x3d,0x20,0x6a,0x6f,0x69,0x6e,0x74,0x5f,0x61,0x74,0x28,0x70,
    0x61,0x72,0x61,0x6d,0x5f,0x37,0x2c,0x20,0x70,0x61,0x72,0x61,0x6d,0x5f,0x38,0x29,
    0x20,0x2a,0x20,0x77,0x65,0x69,0x67,0x68,0x74,0x73,0x2e,0x77,0x3b,0x0a,0x20,0x20,
    0x20,0x20,0x69,0x6e,0x74,0x20,0x70,0x61,0x72,0x61,0x6d,0x5f,0x39,0x20,0x3d,0x20,
    0x5f,0x32,0x32,0x30,0x3b,0x0a,0x20,0x20,0x20,0x20,0x67,0x6c,0x5f,0x50,0x6f,0x73,
    0x69,0x74,0x69,0x6f,0x6e,0x20,0x3d,0x20,0x6d,0x61,0x74,0x34,0x28,0x76,0x73,0x5f,
    0x64,0x65,0x70,0x74,0x68,0x5f,0x73,0x6b,0x69,0x6e,0x5f,0x70,0x61,0x72,0x61,0x6d,
    0x73,0x5b,0x30,0x5d,0x2c,0x20,0x76,0x73,0x5f,0x64,0x65,0x70,0x74,0x68,0x5f,0x73,
    0x6b,0x69,0x6e,0x5f,0x70,0x61,0x72,0x61,0x6d,0x73,0x5b,0x31,0x5d,0x2c,0x20,0x76,
    0x73,0x5f,0x64,0x65,0x70,0x74,0x68,0x5f,0x73,0x6b,0x69,0x6e,0x5f,0x70,0x61,0x72,
    0x61,0x6d,0x73,0x5b,0x32,0x5d,0x2c,0x20,0x76,0x73,0x5f,0x64,0x65,0x70,0x74,0x68,
    0x5f,0x73,0x6b,0x69,0x6e,0x5f,0x70,0x61,0x72,0x61,0x6d,0x73,0x5b,0x33,0x5d,0x29,
    0x20,0x2a,0x20,0x28,0x69,0x6e,0x73,0x74,0x61,0x6e,0x63,0x65,0x5f,0x6d,0x6f,0x64,
    0x65,0x6c,0x28,0x70,0x61,0x72,0x61,0x6d,0x5f,0x39,0x29,0x20,0x2a,0x20,0x28,0x6d,
    0x61,0x74,0x34,0x28,0x28,0x28,0x5f,0x32,0x34,0x32,0x5b,0x30,0x5d,0x20,0x2b,0x20,
    0x5f,0x32,0x35,0x32,0x5b,0x30,0x5d,0x29,0x20,0x2b,0x20,0x5f,0x32,0x37,0x35,0x5b,
    0x30,0x5d,0x29,0x20,0x2b,0x20,0x5f,0x32,0x39,0x38,0x5b,0x30,0x5d,0x2c,0x20,0x28,
    0x28,0x5f,0x32,0x34,0x32,0x5b,0x31,0x5d,0x20,0x2b,0x20,0x5f,0x32,0x35,0x32,0x5b,
    0x31,0x5d,0x29,0x20,0x2b,0x20,0x5f,0x32,0x37,0x35,0x5b,0x31,0x5d,0x29,0x20,0x2b,
    0x20,0x5f,0x32,0x39,0x38,0x5b,0x31,0x5d,0x2c,0x20,0x28,0x28,0x5f,0x32,0x34,0x32,
    0x5b,0x32,0x5d,0x20,0x2b,0x20,0x5f,0x32,0x35,0x32,0x5b,0x32,0x5d,0x29,0x20,0x2b,
    0x20,0x5f,0x32,0x37,0x35,0x5b,0x32,0x5d,0x29,0x20,0x2b,0x20,0x5f,0x32,0x39,0x38,
    0x5b,0x32,0x5d,0x2c,0x20,0x28,0x28,0x5f,0x32,0x34,0x32,0x5b,0x33,0x5d,0x20,0x2b,
    0x20,0x5f,0x32,0x35,0x32,0x5b,0x33,0x5d,0x29,0x20,0x2b,0x20,0x5f,0x32,0x37,0x35,
    0x5b,0x33,0x5d,0x29,0x20,0x2b,0x20,0x5f,0x32,0x39,0x38,0x5b,0x33,0x5d,0x29,0x20,
    0x2a,0x20,0x76,0x65,0x63,0x34,0x28,0x70,0x6f,0x73,0x69,0x74,0x69,0x6f,0x6e,0x2c,
    0x20,0x31,0x2e,0x30,0x29,0x29,0x29,0x3b,0x0a,0x20,0x20,0x20,0x20,0x76,0x5f,0x75,
    0x76,0x30,0x20,0x3d,0x20,0x74,0x65,0x78,0x63,0x6f,0x6f,0x72,0x64,0x30,0x3b,0x0a,
    0x7d,0x0a,0x0a,0x00,
};
#endif
/*
    #version 300 es
    precision mediump float;
    precision highp int;

    uniform highp vec4 fs_depth_params[1];
    uniform highp sampler2D base_color_tex_base_color_smp;

    in highp vec2 v_uv0;

    void main()
    {
        bool _20 = fs_depth_params[0].x > 0.0;
        bool _43;
        if (_20)
        {
            _43 = texture(base_color_tex_base_color_smp, v_uv0).w < fs_depth_params[0].x;
        }
        else
        {
            _43 = _20;
        }
        if (_43)
        {
            discard;
        }
    }

*/
#if defined(SOKOL_GLES3)
static const uint8_t fs_depth_source_glsl300es[448] = {
    0x23,0x76,0x65,0x72,0x73,0x69,0x6f,0x6e,0x20,0x33,0x30,0x30,0x20,0x65,0x73,0x0a,
    0x70,0x72,0x65,0x63,0x69,0x73,0x69,0x6f,0x6e,0x20,0x6d,0x65,0x64,0x69,0x75,0x6d,
    0x70,0x20,0x66,0x6c,0x6f,0x61,0x74,0x3b,0x0a,0x70,0x72,0x65,0x63,0x69,0x73,0x69,
    0x6f,0x6e,0x20,0x68,0x69,0x67,0x68,0x70,0x20,0x69,0x6e,0x74,0x3b,0x0a,0x0a,0x75,
    0x6e,0x69,0x66,0x6f,0x72,0x6d,0x20,0x68,0x69,0x67,0x68,0x70,0x20,0x76,0x65,0x63,
    0x34,0x20,0x66,0x73,0x5f,0x64,0x65,0x70,0x74,0x68,0x5f,0x70,0x61,0x72,0x61,0x6d,
    0x73,0x5b,0x31,0x5d,0x3b,0x0a,0x75,0x6e,0x69,0x66,0x6f,0x72,0x6d,0x20,0x68,0x69,
    0x67,0x68,0x70,0x20,0x73,0x61,0x6d,0x70,0x6c,0x65,0x72,0x32,0x44,0x20,0x62,0x61,
    0x73,0x65,0x5f,0x63,0x6f,0x6c,0x6f,0x72,0x5f,0x74,0x65,0x78,0x5f,0x62,0x61,0x73,
    0x65,0x5f,0x63,0x6f,0x6c,0x6f,0x72,0x5f,0x73,0x6d,0x70,0x3b,0x0a,0x0a,0x69,0x6e,
    0x20,0x68,0x69,0x67,0x68,0x70,0x20,0x76,0x65,0x63,0x32,0x20,0x76,0x5f,0x75,0x76,
    0x30,0x3b,0x0a,0x0a,0x76,0x6f,0x69,0x64,0x20,0x6d,0x61,0x69,0x6e,0x28,0x29,0x0a,
    0x7b,0x0a,0x20,0x20,0x20,0x20,0x62,0x6f,0x6f,0x6c,0x20,0x5f,0x32,0x30,0x20,0x3d,
    0x20,0x66,0x73,0x5f,0x64,0x65,0x70,0x74,0x68,0x5f,0x70,0x61,0x72,0x61,0x6d,0x73,
    0x5b,0x30,0x5d,0x2e,0x78,0x20,0x3e,0x20,0x30,0x2e,0x30,0x3b,0x0a,0x20,0x20,0x20,
    0x20,0x62,0x6f,0x6f,0x6c,0x20,0x5f,0x34,0x33,0x3b,0x0a,0x20,0x20,0x20,0x20,0x69,
    0x66,0x20,0x28,0x5f,0x32,0x30,0x29,0x0a,0x20,0x20,0x20,0x20,0x7b,0x0a,0x20,0x20,
    0x20,0x20,0x20,0x20,0x20,0x20,0x5f,0x34,0x33,0x20,0x3d,0x20,0x74,0x65,0x78,0x74,
    0x75,0x72,0x65,0x28,0x62,0x61,0x73,0x65,0x5f,0x63,0x6f,0x6c,0x6f,0x72,0x5f,0x74,
    0x65,0x78,0x5f,0x62,0x61,0x73,0x65,0x5f,0x63,0x6f,0x6c,0x6f,0x72,0x5f,0x73,0x6d,
    0x70,0x2c,0x20,0x76,0x5f,0x75,0x76,0x30,0x29,0x2e,0x77,0x20,0x3c,0x20,0x66,0x73,
    0x5f,0x64,0x65,0x70,0x74,0x68,0x5f,0x70,0x61,0x72,0x61,0x6d,0x73,0x5b,0x30,0x5d,
    0x2e,0x78,0x3b,0x0a,0x20,0x20,0x20,0x20,0x7d,0x0a,0x20,0x20,0x20,0x20,0x65,0x6c,
    0x73,0x65,0x0a,0x20,0x20,0x20,0x20,0x7b,0x0a,0x20,0x20,0x20,0x20,0x20,0x20,0x20,
    0x20,0x5f,0x34,0x33,0x20,0x3d,0x20,0x5f,0x32,0x30,0x3b,0x0a,0x20,0x20,0x20,0x20,
    0x7d,0x0a,0x20,0x20,0x20,0x20,0x69,0x66,0x20,0x28,0x5f,0x34,0x33,0x29,0x0a,0x20,
    0x20,0x20,0x20,0x7b,0x0a,0x20,0x20,0x20,0x20,0x20,0x20,0x20,0x20,0x64,0x69,0x73,
    0x63,0x61,0x72,0x64,0x3b,0x0a,0x20,0x20,0x20,0x20,0x7d,0x0a,0x7d,0x0a,0x0a,0x00,

};
#endif
/*
    diagnostic(off, derivative_uniformity);

    struct vs_depth_params {
      /_ @offset(0) _/
      light_view_proj : mat4x4f,
      /_ @offset(64) _/
      instance_base : vec4f,
    }

    @binding(9) @group(1) var instance_tex : texture_2d<f32>;

    @binding(41) @group(1) var instance_smp : sampler;

    @binding(0) @group(0) var<uniform> x_126 : vs_depth_params;

    var<private> gl_InstanceIndex : i32;

    var<private> position_1 : vec3f;

    var<private> v_uv0 : vec2f;

    var<private> texcoord0 : vec2f;

    var<private> gl_Position : vec4f;

    fn instance_texel_i1_i1_(record : ptr<function, i32>, texel : ptr<function, i32>) -> vec4f {
      let x_43 = textureLoad(instance_tex, vec2i((((*(record) % 128i) * 8i) + *(texel)), (*(record) / 128i)), 0i);
      return x_43;
    }

    fn instance_model_i1_(r : ptr<function, i32>) -> mat4x4f {
      var param : i32;
      var param_1 : i32;
      var param_2 : i32;
      var param_3 : i32;
      var param_4 : i32;
      var param_5 : i32;
      param = *(r);
      param_1 = 0i;
      let x_51 = instance_texel_i1_i1_(&(param), &(param_1));
      param_2 = *(r);
      param_3 = 1i;
      let x_57 = instance_texel_i1_i1_(&(param_2), &(param_3));
      param_4 = *(r);
      param_5 = 2i;
      let x_63 = instance_texel_i1_i1_(&(param_4), &(param_5));
      return mat4x4f(vec4f(x_51.x, x_57.x, x_63.x, 0.0f), vec4f(x_51.y, x_57.y, x_63.y, 0.0f), vec4f(x_51.z, x_57.z, x_63.z, 0.0f), vec4f(x_51.w, x_57.w, x_63.w, 1.0f));
    }

    fn main_1() {
      var param_6 : i32;
      let x_141 = x_126.light_view_proj;
      param_6 = (i32(x_126.instance_base.x) + gl_InstanceIndex);
      let x_144 = instance_model_i1_(&(param_6));
      gl_Position = (x_141 * (x_144 * vec4f(position_1.x, position_1.y, position_1.z, 1.0f)));
      v_uv0 = texcoord0;
      return;
    }

    struct main_out {
      @builtin(position)
      gl_Position : vec4f,
      @location(0)
      v_uv0_1 : vec2f,
    }

    @vertex
    fn main(@builtin(instance_index) gl_InstanceIndex_param : u32, @location(0) position_1_param : vec3f, @location(1) texcoord0_param : vec2f) -> main_out {
      gl_InstanceIndex = bitcast<i32>(gl_InstanceIndex_param);
      position_1 = position_1_param;
      texcoord0 = texcoord0_param;
      main_1();
      return main_out(gl_Position, v_uv0);
    }
*/
#if defined(SOKOL_WGPU)
static const uint8_t vs_depth_static_source_wgsl[2097] = {
    0x64,0x69,0x61,0x67,0x6e,0x6f,0x73,0x74,0x69,0x63,0x28,0x6f,0x66,0x66,0x2c,0x20,
    0x64,0x65,0x72,0x69,0x76,0x61,0x74,0x69,0x76,0x65,0x5f,0x75,0x6e,0x69,0x66,0x6f,
    0x72,0x6d,0x69,0x74,0x79,0x29,0x3b,0x0a,0x0a,0x73,0x74,0x72,0x75,0x63,0x74,0x20,
    0x76,0x73,0x5f,0x64,0x65,0x70,0x74,0x68,0x5f,0x70,0x61,0x72,0x61,0x6d,0x73,0x20,
    0x7b,0x0a,0x20,0x20,0x2f,0x2a,0x20,0x40,0x6f,0x66,0x66,0x73,0x65,0x74,0x28,0x30,
    0x29,0x20,0x2a,0x2f,0x0a,0x20,0x20,0x6c,0x69,0x67,0x68,0x74,0x5f,0x76,0x69,0x65,
    0x77,0x5f,0x70,0x72,0x6f,0x6a,0x20,0x3a,0x20,0x6d,0x61,0x74,0x34,0x78,0x34,0x66,
    0x2c,0x0a,0x20,0x20,0x2f,0x2a,0x20,0x40,0x6f,0x66,0x66,0x73,0x65,0x74,0x28,0x36,
    0x34,0x29,0x20,0x2a,0x2f,0x0a,0x20,0x20,0x69,0x6e,0x73,0x74,0x61,0x6e,0x63,0x65,
    0x5f,0x62,0x61,0x73,0x65,0x20,0x3a,0x20,0x76,0x65,0x63,0x34,0x66,0x2c,0x0a,0x7d,
    0x0a,0x0a,0x40,0x62,0x69,0x6e,0x64,0x69,0x6e,0x67,0x28,0x39,0x29,0x20,0x40,0x67,
    0x72,0x6f,0x75,0x70,0x28,0x31,0x29,0x20,0x76,0x61,0x72,0x20,0x69,0x6e,0x73,0x74,
    0x61,0x6e,0x63,0x65,0x5f,0x74,0x65,0x78,0x20,0x3a,0x20,0x74,0x65,0x78,0x74,0x75,
    0x72,0x65,0x5f,0x32,0x64,0x3c,0x66,0x33,0x32,0x3e,0x3b,0x0a,0x0a,0x40,0x62,0x69,
    0x6e,0x64,0x69,0x6e,0x67,0x28,0x34,0x31,0x29,0x20,0x40,0x67,0x72,0x6f,0x75,0x70,
    0x28,0x31,0x29,0x20,0x76,0x61,0x72,0x20,0x69,0x6e,0x73,0x74,0x61,0x6e,0x63,0x65,
    0x5f,0x73,0x6d,0x70,0x20,0x3a,0x20,0x73,0x61,0x6d,0x70,0x6c,0x65,0x72,0x3b,0x0a,
    0x0a,0x40,0x62,0x69,0x6e,0x64,0x69,0x6e,0x67,0x28,0x30,0x29,0x20,0x40,0x67,0x72,
    0x6f,0x75,0x70,0x28,0x30,0x29,0x20,0x76,0x61,0x72,0x3c,0x75,0x6e,0x69,0x66,0x6f,
    0x72,0x6d,0x3e,0x20,0x78,0x5f,0x31,0x32,0x36,0x20,0x3a,0x20,0x76,0x73,0x5f,0x64,
    0x65,0x70,0x74,0x68,0x5f,0x70,0x61,0x72,0x61,0x6d,0x73,0x3b,0x0a,0x0a,0x76,0x61,
    0x72,0x3c,0x70,0x72,0x69,0x76,0x61,0x74,0x65,0x3e,0x20,0x67,0x6c,0x5f,0x49,0x6e,
    0x73,0x74,0x61,0x6e,0x63,0x65,0x49,0x6e,0x64,0x65,0x78,0x20,0x3a,0x20,0x69,0x33,
    0x32,0x3b,0x0a,0x0a,0x76,0x61,0x72,0x3c,0x70,0x72,0x69,0x76,0x61,0x74,0x65,0x3e,
    0x20,0x70,0x6f,0x73,0x69,0x74,0x69,0x6f,0x6e,0x5f,0x31,0x20,0x3a,0x20,0x76,0x65,
    0x63,0x33,0x66,0x3b,0x0a,0x0a,0x76,0x61,0x72,0x3c,0x70,0x72,0x69,0x76,0x61,0x74,
    0x65,0x3e,0x20,0x76,0x5f,0x75,0x76,0x30,0x20,0x3a,0x20,0x76,0x65,0x63,0x32,0x66,
    0x3b,0x0a,0x0a,0x76,0x61,0x72,0x3c,0x70,0x72,0x69,0x76,0x61,0x74,0x65,0x3e,0x20,
    0x74,0x65,0x78,0x63,0x6f,0x6f,0x72,0x64,0x30,0x20,0x3a,0x20,0x76,0x65,0x63,0x32,
    0x66,0x3b,0x0a,0x0a,0x76,0x61,0x72,0x3c,0x70,0x72,0x69,0x76,0x61,0x74,0x65,0x3e,
    0x20,0x67,0x6c,0x5f,0x50,0x6f,0x73,0x69,0x74,0x69,0x6f,0x6e,0x20,0x3a,0x20,0x76,
    0x65,0x63,0x34,0x66,0x3b,0x0a,0x0a,0x66,0x6e,0x20,0x69,0x6e,0x73,0x74,0x61,0x6e,
    0x63,0x65,0x5f,0x74,0x65,0x78,0x65,0x6c,0x5f,0x69,0x31,0x5f,0x69,0x31,0x5f,0x28,
    0x72,0x65,0x63,0x6f,0x72,0x64,0x20,0x3a,0x20,0x70,0x74,0x72,0x3c,0x66,0x75,0x6e,
    0x63,0x74,0x69,0x6f,0x6e,0x2c,0x20,0x69,0x33,0x32,0x3e,0x2c,0x20,0x74,0x65,0x78,
    0x65,0x6c,0x20,0x3a,0x20,0x70,0x74,0x72,0x3c,0x66,0x75,0x6e,0x63,0x74,0x69,0x6f,
    0x6e,0x2c,0x20,0x69,0x33,0x32,0x3e,0x29,0x20,0x2d,0x3e,0x20,0x76,0x65,0x63,0x34,
    0x66,0x20,0x7b,0x0a,0x20,0x20,0x6c,0x65,0x74,0x20,0x78,0x5f,0x34,0x33,0x20,0x3d,
    0x20,0x74,0x65,0x78,0x74,0x75,0x72,0x65,0x4c,0x6f,0x61,0x64,0x28,0x69,0x6e,0x73,
    0x74,0x61,0x6e,0x63,0x65,0x5f,0x74,0x65,0x78,0x2c,0x20,0x76,0x65,0x63,0x32,0x69,
    0x28,0x28,0x28,0x28,0x2a,0x28,0x72,0x65,0x63,0x6f,0x72,0x64,0x29,0x20,0x25,0x20,
    0x31,0x32,0x38,0x69,0x29,0x20,0x2a,0x20,0x38,0x69,0x29,0x20,0x2b,0x20,0x2a,0x28,
    0x74,0x65,0x78,0x65,0x6c,0x29,0x29,0x2c,0x20,0x28,0x2a,0x28,0x72,0x65,0x63,0x6f,
    0x72,0x64,0x29,0x20,0x2f,0x20,0x31,0x32,0x38,0x69,0x29,0x29,0x2c,0x20,0x30,0x69,
    0x29,0x3b,0x0a,0x20,0x20,0x72,0x65,0x74,0x75,0x72,0x6e,0x20,0x78,0x5f,0x34,0x33,
    0x3b,0x0a,0x7d,0x0a,0x0a,0x66,0x6e,0x20,0x69,0x6e,0x73,0x74,0x61,0x6e,0x63,0x65,
    0x5f,0x6d,0x6f,0x64,0x65,0x6c,0x5f,0x69,0x31,0x5f,0x28,0x72,0x20,0x3a,0x20,0x70,
    0x74,0x72,0x3c,0x66,0x75,0x6e,0x63,0x74,0x69,0x6f,0x6e,0x2c,0x20,0x69,0x33,0x32,
    0x3e,0x29,0x20,0x2d,0x3e,0x20,0x6d,0x61,0x74,0x34,0x78,0x34,0x66,0x20,0x7b,0x0a,
    0x20,0x20,0x76,0x61,0x72,0x20,0x70,0x61,0x72,0x61,0x6d,0x20,0x3a,0x20,0x69,0x33,
    0x32,0x3b,0x0a,0x20,0x20,0x76,0x61,0x72,0x20,0x70,0x61,0x72,0x61,0x6d,0x5f,0x31,
    0x20,0x3a,0x20,0x69,0x33,0x32,0x3b,0x0a,0x20,0x20,0x76,0x61,0x72,0x20,0x70,0x61,
    0x72,0x61,0x6d,0x5f,0x32,0x20,0x3a,0x20,0x69,0x33,0x32,0x3b,0x0a,0x20,0x20,0x76,
    0x61,0x72,0x20,0x70,0x61,0x72,0x61,0x6d,0x5f,0x33,0x20,0x3a,0x20,0x69,0x33,0x32,
    0x3b,0x0a,0x20,0x20,0x76,0x61,0x72,0x20,0x70,0x61,0x72,0x61,0x6d,0x5f,0x34,0x20,
    0x3a,0x20,0x69,0x33,0x32,0x3b,0x0a,0x20,0x20,0x76,0x61,0x72,0x20,0x70,0x61,0x72,
    0x61,0x6d,0x5f,0x35,0x20,0x3a,0x20,0x69,0x33,0x32,0x3b,0x0a,0x20,0x20,0x70,0x61,
    0x72,0x61,0x6d,0x20,0x3d,0x20,0x2a,0x28,0x72,0x29,0x3b,0x0a,0x20,0x20,0x70,0x61,
    0x72,0x61,0x6d,0x5f,0x31,0x20,0x3d,0x20,0x30,0x69,0x3b,0x0a,0x20,0x20,0x6c,0x65,
    0x74,0x20,0x78,0x5f,0x35,0x31,0x20,0x3d,0x20,0x69,0x6e,0x73,0x74,0x61,0x6e,0x63,
    0x65,0x5f,0x74,0x65,0x78,0x65,0x6c,0x5f,0x69,0x31,0x5f,0x69,0x31,0x5f,0x28,0x26,
    0x28,0x70,0x61,0x72,0x61,0x6d,0x29,0x2c,0x20,0x26,0x28,0x70,0x61,0x72,0x61,0x6d,
    0x5f,0x31,0x29,0x29,0x3b,0x0a,0x20,0x20,0x70,0x61,0x72,0x61,0x6d,0x5f,0x32,0x20,
    0x3d,0x20,0x2a,0x28,0x72,0x29,0x3b,0x0a,0x20,0x20,0x70,0x61,0x72,0x61,0x6d,0x5f,
    0x33,0x20,0x3d,0x20,0x31,0x69,0x3b,0x0a,0x20,0x20,0x6c,0x65,0x74,0x20,0x78,0x5f,
    0x35,0x37,0x20,0x3d,0x20,0x69,0x6e,0x73,0x74,0x61,0x6e,0x63,0x65,0x5f,0x74,0x65,
    0x78,0x65,0x6c,0x5f,0x69,0x31,0x5f,0x69,0x31,0x5f,0x28,0x26,0x28,0x70,0x61,0x72,
    0x61,0x6d,0x5f,0x32,0x29,0x2c,0x20,0x26,0x28,0x70,0x61,0x72,0x61,0x6d,0x5f,0x33,
    0x29,0x29,0x3b,0x0a,0x20,0x20,0x70,0x61,0x72,0x61,0x6d,0x5f,0x34,0x20,0x3d,0x20,
    0x2a,0x28,0x72,0x29,0x3b,0x0a,0x20,0x20,0x70,0x61,0x72,0x61,0x6d,0x5f,0x35,0x20,
    0x3d,0x20,0x32,0x69,0x3b,0x0a,0x20,0x20,0x6c,0x65,0x74,0x20,0x78,0x5f,0x36,0x33,
    0x20,0x3d,0x20,0x69,0x6e,0x73,0x74,0x61,0x6e,0x63,0x65,0x5f,0x74,0x65,0x78,0x65,
    0x6c,0x5f,0x69,0x31,0x5f,0x69,0x31,0x5f,0x28,0x26,0x28,0x70,0x61,0x72,0x61,0x6d,
    0x5f,0x34,0x29,0x2c,0x20,0x26,0x28,0x70,0x61,0x72,0x61,0x6d,0x5f,0x35,0x29,0x29,
    0x3b,0x0a,0x20,0x20,0x72,0x65,0x74,0x75,0x72,0x6e,0x20,0x6d,0x61,0x74,0x34,0x78,
    0x34,0x66,0x28,0x76,0x65,0x63,0x34,0x66,0x28,0x78,0x5f,0x35,0x31,0x2e,0x78,0x2c,
    0x20,0x78,0x5f,0x35,0x37,0x2e,0x78,0x2c,0x20,0x78,0x5f,0x36,0x33,0x2e,0x78,0x2c,
    0x20,0x30,0x2e,0x30,0x66,0x29,0x2c,0x20,0x76,0x65,0x63,0x34,0x66,0x28,0x78,0x5f,
    0x35,0x31,0x2e,0x79,0x2c,0x20,0x78,0x5f,0x35,0x37,0x2e,0x79,0x2c,0x20,0x78,0x5f,
    0x36,0x33,0x2e,0x79,0x2c,0x20,0x30,0x2e,0x30,0x66,0x29,0x2c,0x20,0x76,0x65,0x63,
    0x34,0x66,0x28,0x78,0x5f,0x35,0x31,0x2e,0x7a,0x2c,0x20,0x78,0x5f,0x35,0x37,0x2e,
    0x7a,0x2c,0x20,0x78,0x5f,0x36,0x33,0x2e,0x7a,0x2c,0x20,0x30,0x2e,0x30,0x66,0x29,
    0x2c,0x20,0x76,0x65,0x63,0x34,0x66,0x28,0x78,0x5f,0x35,0x31,0x2e,0x77,0x2c,0x20,
    0x78,0x5f,0x35,0x37,0x2e,0x77,0x2c,0x20,0x78,0x5f,0x36,0x33,0x2e,0x77,0x2c,0x20,
    0x31,0x2e,0x30,0x66,0x29,0x29,0x3b,0x0a,0x7d,0x0a,0x0a,0x66,0x6e,0x20,0x6d,0x61,
    0x69,0x6e,0x5f,0x31,0x28,0x29,0x20,0x7b,0x0a,0x20,0x20,0x76,0x61,0x72,0x20,0x70,
    0x61,0x72,0x61,0x6d,0x5f,0x36,0x20,0x3a,0x20,0x69,0x33,0x32,0x3b,0x0a,0x20,0x20,
    0x6c,0x65,0x74,0x20,0x78,0x5f,0x31,0x34,0x31,0x20,0x3d,0x20,0x78,0x5f,0x31,0x32,
    0x36,0x2e,0x6c,0x69,0x67,0x68,0x74,0x5f,0x76,0x69,0x65,0x77,0x5f,0x70,0x72,0x6f,
    0x6a,0x3b,0x0a,0x20,0x20,0x70,0x61,0x72,0x61,0x6d,0x5f,0x36,0x20,0x3d,0x20,0x28,
    0x69,0x33,0x32,0x28,0x78,0x5f,0x31,0x32,0x36,0x2e,0x69,0x6e,0x73,0x74,0x61,0x6e,
    0x63,0x65,0x5f,0x62,0x61,0x73,0x65,0x2e,0x78,0x29,0x20,0x2b,0x20,0x67,0x6c,0x5f,
    0x49,0x6e,0x73,0x74,0x61,0x6e,0x63,0x65,0x49,0x6e,0x64,0x65,0x78,0x29,0x3b,0x0a,
    0x20,0x20,0x6c,0x65,0x74,0x20,0x78,0x5f,0x31,0x34,0x34,0x20,0x3d,0x20,0x69,0x6e,
    0x73,0x74,0x61,0x6e,0x63,0x65,0x5f,0x6d,0x6f,0x64,0x65,0x6c,0x5f,0x69,0x31,0x5f,
    0x28,0x26,0x28,0x70,0x61,0x72,0x61,0x6d,0x5f,0x36,0x29,0x29,0x3b,0x0a,0x20,0x20,
    0x67,0x6c,0x5f,0x50,0x6f,0x73,0x69,0x74,0x69,0x6f,0x6e,0x20,0x3d,0x20,0x28,0x78,
    0x5f,0x31,0x34,0x31,0x20,0x2a,0x20,0x28,0x78,0x5f,0x31,0x34,0x34,0x20,0x2a,0x20,
    0x76,0x65,0x63,0x34,0x66,0x28,0x70,0x6f,0x73,0x69,0x74,0x69,0x6f,0x6e,0x5f,0x31,
    0x2e,0x78,0x2c,0x20,0x70,0x6f,0x73,0x69,0x74,0x69,0x6f,0x6e,0x5f,0x31,0x2e,0x79,
    0x2c,0x20,0x70,0x6f,0x73,0x69,0x74,0x69,0x6f,0x6e,0x5f,0x31,0x2e,0x7a,0x2c,0x20,
    0x31,0x2e,0x30,0x66,0x29,0x29,0x29,0x3b,0x0a,0x20,0x20,0x76,0x5f,0x75,0x76,0x30,
    0x20,0x3d,0x20,0x74,0x65,0x78,0x63,0x6f,0x6f,0x72,0x64,0x30,0x3b,0x0a,0x20,0x20,
    0x72,0x65,0x74,0x75,0x72,0x6e,0x3b,0x0a,0x7d,0x0a,0x0a,0x73,0x74,0x72,0x75,0x63,
    0x74,0x20,0x6d,0x61,0x69,0x6e,0x5f,0x6f,0x75,0x74,0x20,0x7b,0x0a,0x20,0x20,0x40,
    0x62,0x75,0x69,0x6c,0x74,0x69,0x6e,0x28,0x70,0x6f,0x73,0x69,0x74,0x69,0x6f,0x6e,
    0x29,0x0a,0x20,0x20,0x67,0x6c,0x5f,0x50,0x6f,0x73,0x69,0x74,0x69,0x6f,0x6e,0x20,
    0x3a,0x20,0x76,0x65,0x63,0x34,0x66,0x2c,0x0a,0x20,0x20,0x40,0x6c,0x6f,0x63,0x61,
    0x74,0x69,0x6f,0x6e,0x28,0x30,0x29,0x0a,0x20,0x20,0x76,0x5f,0x75,0x76,0x30,0x5f,
    0x31,0x20,0x3a,0x20,0x76,0x65,0x63,0x32,0x66,0x2c,0x0a,0x7d,0x0a,0x0a,0x40,0x76,
    0x65,0x72,0x74,0x65,0x78,0x0a,0x66,0x6e,0x20,0x6d,0x61,0x69,0x6e,0x28,0x40,0x62,
    0x75,0x69,0x6c,0x74,0x69,0x6e,0x28,0x69,0x6e,0x73,0x74,0x61,0x6e,0x63,0x65,0x5f,
    0x69,0x6e,0x64,0x65,0x78,0x29,0x20,0x67,0x6c,0x5f,0x49,0x6e,0x73,0x74,0x61,0x6e,
    0x63,0x65,0x49,0x6e,0x64,0x65,0x78,0x5f,0x70,0x61,0x72,0x61,0x6d,0x20,0x3a,0x20,
    0x75,0x33,0x32,0x2c,0x20,0x40,0x6c,0x6f,0x63,0x61,0x74,0x69,0x6f,0x6e,0x28,0x30,
    0x29,0x20,0x70,0x6f,0x73,0x69,0x74,0x69,0x6f,0x6e,0x5f,0x31,0x5f,0x70,0x61,0x72,
    0x61,0x6d,0x20,0x3a,0x20,0x76,0x65,0x63,0x33,0x66,0x2c,0x20,0x40,0x6c,0x6f,0x63,
    0x61,0x74,0x69,0x6f,0x6e,0x28,0x31,0x29,0x20,0x74,0x65,0x78,0x63,0x6f,0x6f,0x72,
    0x64,0x30,0x5f,0x70,0x61,0x72,0x61,0x6d,0x20,0x3a,0x20,0x76,0x65,0x63,0x32,0x66,
    0x29,0x20,0x2d,0x3e,0x20,0x6d,0x61,0x69,0x6e,0x5f,0x6f,0x75,0x74,0x20,0x7b,0x0a,
    0x20,0x20,0x67,0x6c,0x5f,0x49,0x6e,0x73,0x74,0x61,0x6e,0x63,0x65,0x49,0x6e,0x64,
    0x65,0x78,0x20,0x3d,0x20,0x62,0x69,0x74,0x63,0x61,0x73,0x74,0x3c,0x69,0x33,0x32,
    0x3e,0x28,0x67,0x6c,0x5f,0x49,0x6e,0x73,0x74,0x61,0x6e,0x63,0x65,0x49,0x6e,0x64,
    0x65,0x78,0x5f,0x70,0x61,0x72,0x61,0x6d,0x29,0x3b,0x0a,0x20,0x20,0x70,0x6f,0x73,
    0x69,0x74,0x69,0x6f,0x6e,0x5f,0x31,0x20,0x3d,0x20,0x70,0x6f,0x73,0x69,0x74,0x69,
    0x6f,0x6e,0x5f,0x31,0x5f,0x70,0x61,0x72,0x61,0x6d,0x3b,0x0a,0x20,0x20,0x74,0x65,
    0x78,0x63,0x6f,0x6f,0x72,0x64,0x30,0x20,0x3d,0x20,0x74,0x65,0x78,0x63,0x6f,0x6f,
    0x72,0x64,0x30,0x5f,0x70,0x61,0x72,0x61,0x6d,0x3b,0x0a,0x20,0x20,0x6d,0x61,0x69,
    0x6e,0x5f,0x31,0x28,0x29,0x3b,0x0a,0x20,0x20,0x72,0x65,0x74,0x75,0x72,0x6e,0x20,
    0x6d,0x61,0x69,0x6e,0x5f,0x6f,0x75,0x74,0x28,0x67,0x6c,0x5f,0x50,0x6f,0x73,0x69,
    0x74,0x69,0x6f,0x6e,0x2c,0x20,0x76,0x5f,0x75,0x76,0x30,0x29,0x3b,0x0a,0x7d,0x0a,
    0x00,
};
#endif
/*
    diagnostic(off, derivative_uniformity);

    struct vs_depth_skin_params {
      /_ @offset(0) _/
      light_view_proj : mat4x4f,
      /_ @offset(64) _/
      instance_base : vec4f,
    }

    @binding(9) @group(1) var instance_tex : texture_2d<f32>;

    @binding(41) @group(1) var instance_smp : sampler;

    @binding(7) @group(1) var joint_tex : texture_2d<f32>;

    @binding(39) @group(1) var joint_smp : sampler;

    @binding(0) @group(0) var<uniform> x_212 : vs_depth_skin_params;

    var<private> gl_InstanceIndex : i32;

    var<private> weights : vec4f;

    var<private> joints : vec4f;

    var<private> position_1 : vec3f;

    var<private> v_uv0 : vec2f;

    var<private> texcoord0 : vec2f;

    var<private> gl_Position : vec4f;

    fn instance_texel_i1_i1_(record : ptr<function, i32>, texel : ptr<function, i32>) -> vec4f {
      let x_52 = textureLoad(instance_tex, vec2i((((*(record) % 128i) * 8i) + *(texel)), (*(record) / 128i)), 0i);
      return x_52;
    }

    fn instance_extra_i1_(r_1 : ptr<function, i32>) -> vec4f {
      var param_6 : i32;
      var param_7 : i32;
      param_6 = *(r_1);
      param_7 = 7i;
      let x_136 = instance_texel_i1_i1_(&(param_6), &(param_7));
      return x_136;
    }

    fn joint_at_i1_i1_(base : ptr<function, i32>, index : ptr<function, i32>) -> mat4x4f {
      let x_142 = (*(base) + *(index));
      let x_152 = vec2i(((x_142 % 256i) * 4i), (x_142 / 256i));
      let x_160 = textureLoad(joint_tex, x_152, 0i);
      let x_168 = textureLoad(joint_tex, (x_152 + vec2i(1i, 0i)), 0i);
      let x_176 = textureLoad(joint_tex, (x_152 + vec2i(2i, 0i)), 0i);
      let x_185 = textureLoad(joint_tex, (x_152 + vec2i(3i, 0i)), 0i);
      return mat4x4f(x_160, x_168, x_176, x_185);
    }

    fn instance_model_i1_(r : ptr<function, i32>) -> mat4x4f {
      var param : i32;
      var param_1 : i32;
      var param_2 : i32;
      var param_3 : i32;
      var param_4 : i32;
      var param_5 : i32;
      param = *(r);
      param_1 = 0i;
      let x_60 = instance_texel_i1_i1_(&(param), &(param_1));
      param_2 = *(r);
      param_3 = 1i;
      let x_66 = instance_texel_i1_i1_(&(param_2), &(param_3));
      param_4 = *(r);
      param_5 = 2i;
      let x_72 = instance_texel_i1_i1_(&(param_4), &(param_5));
      return mat4x4f(vec4f(x_60.x, x_66.x, x_72.x, 0.0f), vec4f(x_60.y, x_66.y, x_72.y, 0.0f), vec4f(x_60.z, x_66.z, x_72.z, 0.0f), vec4f(x_60.w, x_66.w, x_72.w, 1.0f));
    }

    fn main_1() {
      var param_8 : i32;
      var param_9 : i32;
      var param_10 : i32;
      var param_11 : i32;
      var param_12 : i32;
      var param_13 : i32;
      var param_14 : i32;
      var param_15 : i32;
      var param_16 : i32;
      var param_17 : i32;
      let x_220 = (i32(x_212.instance_base.x) + gl_InstanceIndex);
      param_8 = x_220;
      let x_224 = instance_extra_i1_(&(param_8));
      let x_226 = i32(x_224.x);
      let x_233 = weights.x;
      let x_236 = joints.x;
      param_9 = x_226;
      param_10 = i32(x_236);
      let x_241 = joint_at_i1_i1_(&(param_9), &(param_10));
      let x_242 = (x_241 * x_233);
      let x_244 = weights.y;
      let x_246 = joints.y;
      param_11 = x_226;
      param_12 = i32(x_246);
      let x_251 = joint_at_i1_i1_(&(param_11), &(param_12));
      let x_252 = (x_251 * x_244);
      let x_267 = weights.z;
      let x_269 = joints.z;
      param_13 = x_226;
      param_14 = i32(x_269);
      let x_274 = joint_at_i1_i1_(&(param_13), &(param_14));
      let x_275 = (x_274 * x_267);
      let x_290 = weights.w;
      let x_292 = joints.w;
      param_15 = x_226;
      param_16 = i32(x_292);
      let x_297 = joint_at_i1_i1_(&(param_15), &(param_16));
      let x_298 = (x_297 * x_290);
      let x_318 = x_212.light_view_proj;
      param_17 = x_220;
      let x_321 = instance_model_i1_(&(param_17));
      gl_Position = (x_318 * (x_321 * (mat4x4f((((x_242[0u] + x_252[0u]) + x_275[0u]) + x_298[0u]), (((x_242[1u] + x_252[1u]) + x_275[1u]) + x_298[1u]), (((x_242[2u] + x_252[2u]) + x_275[2u]) + x_298[2u]), (((x_242[3u] + x_252[3u]) + x_275[3u]) + x_298[3u])) * vec4f(position_1.x, position_1.y, position_1.z, 1.0f))));
      v_uv0 = texcoord0;
      return;
    }

    struct main_out {
      @builtin(position)
      gl_Position : vec4f,
      @location(0)
      v_uv0_1 : vec2f,
    }

    @vertex
    fn main(@builtin(instance_index) gl_InstanceIndex_param : u32, @location(3) weights_param : vec4f, @location(2) joints_param : vec4f, @location(0) position_1_param : vec3f, @location(1) texcoord0_param : vec2f) -> main_out {
      gl_InstanceIndex = bitcast<i32>(gl_InstanceIndex_param);
      weights = weights_param;
      joints = joints_param;
      position_1 = position_1_param;
      texcoord0 = texcoord0_param;
      main_1();
      return main_out(gl_Position, v_uv0);
    }
*/
#if defined(SOKOL_WGPU)
static const uint8_t vs_depth_skinned_source_wgsl[4358] = {
    0x64,0x69,0x61,0x67,0x6e,0x6f,0x73,0x74,0x69,0x63,0x28,0x6f,0x66,0x66,0x2c,0x20,
    0x64,0x65,0x72,0x69,0x76,0x61,0x74,0x69,0x76,0x65,0x5f,0x75,0x6e,0x69,0x66,0x6f,
    0x72,0x6d,0x69,0x74,0x79,0x29,0x3b,0x0a,0x0a,0x73,0x74,0x72,0x75,0x63,0x74,0x20,
    0x76,0x73,0x5f,0x64,0x65,0x70,0x74,0x68,0x5f,0x73,0x6b,0x69,0x6e,0x5f,0x70,0x61,
    0x72,0x61,0x6d,0x73,0x20,0x7b,0x0a,0x20,0x20,0x2f,0x2a,0x20,0x40,0x6f,0x66,0x66,
    0x73,0x65,0x74,0x28,0x30,0x29,0x20,0x2a,0x2f,0x0a,0x20,0x20,0x6c,0x69,0x67,0x68,
    0x74,0x5f,0x76,0x69,0x65,0x77,0x5f,0x70,0x72,0x6f,0x6a,0x20,0x3a,0x20,0x6d,0x61,
    0x74,0x34,0x78,0x34,0x66,0x2c,0x0a,0x20,0x20,0x2f,0x2a,0x20,0x40,0x6f,0x66,0x66,
    0x73,0x65,0x74,0x28,0x36,0x34,0x29,0x20,0x2a,0x2f,0x0a,0x20,0x20,0x69,0x6e,0x73,
    0x74,0x61,0x6e,0x63,0x65,0x5f,0x62,0x61,0x73,0x65,0x20,0x3a,0x20,0x76,0x65,0x63,
    0x34,0x66,0x2c,0x0a,0x7d,0x0a,0x0a,0x40,0x62,0x69,0x6e,0x64,0x69,0x6e,0x67,0x28,
    0x39,0x29,0x20,0x40,0x67,0x72,0x6f,0x75,0x70,0x28,0x31,0x29,0x20,0x76,0x61,0x72,
    0x20,0x69,0x6e,0x73,0x74,0x61,0x6e,0x63,0x65,0x5f,0x74,0x65,0x78,0x20,0x3a,0x20,
    0x74,0x65,0x78,0x74,0x75,0x72,0x65,0x5f,0x32,0x64,0x3c,0x66,0x33,0x32,0x3e,0x3b,
    0x0a,0x0a,0x40,0x62,0x69,0x6e,0x64,0x69,0x6e,0x67,0x28,0x34,0x31,0x29,0x20,0x40,
    0x67,0x72,0x6f,0x75,0x70,0x28,0x31,0x29,0x20,0x76,0x61,0x72,0x20,0x69,0x6e,0x73,
    0x74,0x61,0x6e,0x63,0x65,0x5f,0x73,0x6d,0x70,0x20,0x3a,0x20,0x73,0x61,0x6d,0x70,
    0x6c,0x65,0x72,0x3b,0x0a,0x0a,0x40,0x62,0x69,0x6e,0x64,0x69,0x6e,0x67,0x28,0x37,
    0x29,0x20,0x40,0x67,0x72,0x6f,0x75,0x70,0x28,0x31,0x29,0x20,0x76,0x61,0x72,0x20,
    0x6a,0x6f,0x69,0x6e,0x74,0x5f,0x74,0x65,0x78,0x20,0x3a,0x20,0x74,0x65,0x78,0x74,
    0x75,0x72,0x65,0x5f,0x32,0x64,0x3c,0x66,0x33,0x32,0x3e,0x3b,0x0a,0x0a,0x40,0x62,
    0x69,0x6e,0x64,0x69,0x6e,0x67,0x28,0x33,0x39,0x29,0x20,0x40,0x67,0x72,0x6f,0x75,
    0x70,0x28,0x31,0x29,0x20,0x76,0x61,0x72,0x20,0x6a,0x6f,0x69,0x6e,0x74,0x5f,0x73,
    0x6d,0x70,0x20,0x3a,0x20,0x73,0x61,0x6d,0x70,0x6c,0x65,0x72,0x3b,0x0a,0x0a,0x40,
    0x62,0x69,0x6e,0x64,0x69,0x6e,0x67,0x28,0x30,0x29,0x20,0x40,0x67,0x72,0x6f,0x75,
    0x70,0x28,0x30,0x29,0x20,0x76,0x61,0x72,0x3c,0x75,0x6e,0x69,0x66,0x6f,0x72,0x6d,
    0x3e,0x20,0x78,0x5f,0x32,0x31,0x32,0x20,0x3a,0x20,0x76,0x73,0x5f,0x64,0x65,0x70,
    0x74,0x68,0x5f,0x73,0x6b,0x69,0x6e,0x5f,0x70,0x61,0x72,0x61,0x6d,0x73,0x3b,0x0a,
    0x0a,0x76,0x61,0x72,0x3c,0x70,0x72,0x69,0x76,0x61,0x74,0x65,0x3e,0x20,0x67,0x6c,
    0x5f,0x49,0x6e,0x73,0x74,0x61,0x6e,0x63,0x65,0x49,0x6e,0x64,0x65,0x78,0x20,0x3a,
    0x20,0x69,0x33,0x32,0x3b,0x0a,0x0a,0x76,0x61,0x72,0x3c,0x70,0x72,0x69,0x76,0x61,
    0x74,0x65,0x3e,0x20,0x77,0x65,0x69,0x67,0x68,0x74,0x73,0x20,0x3a,0x20,0x76,0x65,
    0x63,0x34,0x66,0x3b,0x0a,0x0a,0x76,0x61,0x72,0x3c,0x70,0x72,0x69,0x76,0x61,0x74,
    0x65,0x3e,0x20,0x6a,0x6f,0x69,0x6e,0x74,0x73,0x20,0x3a,0x20,0x76,0x65,0x63,0x34,
    0x66,0x3b,0x0a,0x0a,0x76,0x61,0x72,0x3c,0x70,0x72,0x69,0x76,0x61,0x74,0x65,0x3e,
    0x20,0x70,0x6f,0x73,0x69,0x74,0x69,0x6f,0x6e,0x5f,0x31,0x20,0x3a,0x20,0x76,0x65,
    0x63,0x33,0x66,0x3b,0x0a,0x0a,0x76,0x61,0x72,0x3c,0x70,0x72,0x69,0x76,0x61,0x74,
    0x65,0x3e,0x20,0x76,0x5f,0x75,0x76,0x30,0x20,0x3a,0x20,0x76,0x65,0x63,0x32,0x66,
    0x3b,0x0a,0x0a,0x76,0x61,0x72,0x3c,0x70,0x72,0x69,0x76,0x61,0x74,0x65,0x3e,0x20,
    0x74,0x65,0x78,0x63,0x6f,0x6f,0x72,0x64,0x30,0x20,0x3a,0x20,0x76,0x65,0x63,0x32,
    0x66,0x3b,0x0a,0x0a,0x76,0x61,0x72,0x3c,0x70,0x72,0x69,0x76,0x61,0x74,0x65,0x3e,
    0x20,0x67,0x6c,0x5f,0x50,0x6f,0x73,0x69,0x74,0x69,0x6f,0x6e,0x20,0x3a,0x20,0x76,
    0x65,0x63,0x34,0x66,0x3b,0x0a,0x0a,0x66,0x6e,0x20,0x69,0x6e,0x73,0x74,0x61,0x6e,
    0x63,0x65,0x5f,0x74,0x65,0x78,0x65,0x6c,0x5f,0x69,0x31,0x5f,0x69,0x31,0x5f,0x28,
    0x72,0x65,0x63,0x6f,0x72,0x64,0x20,0x3a,0x20,0x70,0x74,0x72,0x3c,0x66,0x75,0x6e,
    0x63,0x74,0x69,0x6f,0x6e,0x2c,0x20,0x69,0x33,0x32,0x3e,0x2c,0x20,0x74,0x65,0x78,
    0x65,0x6c,0x20,0x3a,0x20,0x70,0x74,0x72,0x3c,0x66,0x75,0x6e,0x63,0x74,0x69,0x6f,
    0x6e,0x2c,0x20,0x69,0x33,0x32,0x3e,0x29,0x20,0x2d,0x3e,0x20,0x76,0x65,0x63,0x34,
    0x66,0x20,0x7b,0x0a,0x20,0x20,0x6c,0x65,0x74,0x20,0x78,0x5f,0x35,0x32,0x20,0x3d,
    0x20,0x74,0x65,0x78,0x74,0x75,0x72,0x65,0x4c,0x6f,0x61,0x64,0x28,0x69,0x6e,0x73,
    0x74,0x61,0x6e,0x63,0x65,0x5f,0x74,0x65,0x78,0x2c,0x20,0x76,0x65,0x63,0x32,0x69,
    0x28,0x28,0x28,0x28,0x2a,0x28,0x72,0x65,0x63,0x6f,0x72,0x64,0x29,0x20,0x25,0x20,
    0x31,0x32,0x38,0x69,0x29,0x20,0x2a,0x20,0x38,0x69,0x29,0x20,0x2b,0x20,0x2a,0x28,
    0x74,0x65,0x78,0x65,0x6c,0x29,0x29,0x2c,0x20,0x28,0x2a,0x28,0x72,0x65,0x63,0x6f,
    0x72,0x64,0x29,0x20,0x2f,0x20,0x31,0x32,0x38,0x69,0x29,0x29,0x2c,0x20,0x30,0x69,
    0x29,0x3b,0x0a,0x20,0x20,0x72,0x65,0x74,0x75,0x72,0x6e,0x20,0x78,0x5f,0x35,0x32,
    0x3b,0x0a,0x7d,0x0a,0x0a,0x66,0x6e,0x20,0x69,0x6e,0x73,0x74,0x61,0x6e,0x63,0x65,
    0x5f,0x65,0x78,0x74,0x72,0x61,0x5f,0x69,0x31,0x5f,0x28,0x72,0x5f,0x31,0x20,0x3a,
    0x20,0x70,0x74,0x72,0x3c,0x66,0x75,0x6e,0x63,0x74,0x69,0x6f,0x6e,0x2c,0x20,0x69,
    0x33,0x32,0x3e,0x29,0x20,0x2d,0x3e,0x20,0x76,0x65,0x63,0x34,0x66,0x20,0x7b,0x0a,
    0x20,0x20,0x76,0x61,0x72,0x20,0x70,0x61,0x72,0x61,0x6d,0x5f,0x36,0x20,0x3a,0x20,
    0x69,0x33,0x32,0x3b,0x0a,0x20,0x20,0x76,0x61,0x72,0x20,0x70,0x61,0x72,0x61,0x6d,
    0x5f,0x37,0x20,0x3a,0x20,0x69,0x33,0x32,0x3b,0x0a,0x20,0x20,0x70,0x61,0x72,0x61,
    0x6d,0x5f,0x36,0x20,0x3d,0x20,0x2a,0x28,0x72,0x5f,0x31,0x29,0x3b,0x0a,0x20,0x20,
    0x70,0x61,0x72,0x61,0x6d,0x5f,0x37,0x20,0x3d,0x20,0x37,0x69,0x3b,0x0a,0x20,0x20,
    0x6c,0x65,0x74,0x20,0x78,0x5f,0x31,0x33,0x36,0x20,0x3d,0x20,0x69,0x6e,0x73,0x74,
    0x61,0x6e,0x63,0x65,0x5f,0x74,0x65,0x78,0x65,0x6c,0x5f,0x69,0x31,0x5f,0x69,0x31,
    0x5f,0x28,0x26,0x28,0x70,0x61,0x72,0x61,0x6d,0x5f,0x36,0x29,0x2c,0x20,0x26,0x28,
    0x70,0x61,0x72,0x61,0x6d,0x5f,0x37,0x29,0x29,0x3b,0x0a,0x20,0x20,0x72,0x65,0x74,
    0x75,0x72,0x6e,0x20,0x78,0x5f,0x31,0x33,0x36,0x3b,0x0a,0x7d,0x0a,0x0a,0x66,0x6e,
    0x20,0x6a,0x6f,0x69,0x6e,0x74,0x5f,0x61,0x74,0x5f,0x69,0x31,0x5f,0x69,0x31,0x5f,
    0x28,0x62,0x61,0x73,0x65,0x20,0x3a,0x20,0x70,0x74,0x72,0x3c,0x66,0x75,0x6e,0x63,
    0x74,0x69,0x6f,0x6e,0x2c,0x20,0x69,0x33,0x32,0x3e,0x2c,0x20,0x69,0x6e,0x64,0x65,
    0x78,0x20,0x3a,0x20,0x70,0x74,0x72,0x3c,0x66,0x75,0x6e,0x63,0x74,0x69,0x6f,0x6e,
    0x2c,0x20,0x69,0x33,0x32,0x3e,0x29,0x20,0x2d,0x3e,0x20,0x6d,0x61,0x74,0x34,0x78,
    0x34,0x66,0x20,0x7b,0x0a,0x20,0x20,0x6c,0x65,0x74,0x20,0x78,0x5f,0x31,0x34,0x32,
    0x20,0x3d,0x20,0x28,0x2a,0x28,0x62,0x61,0x73,0x65,0x29,0x20,0x2b,0x20,0x2a,0x28,
    0x69,0x6e,0x64,0x65,0x78,0x29,0x29,0x3b,0x0a,0x20,0x20,0x6c,0x65,0x74,0x20,0x78,
    0x5f,0x31,0x35,0x32,0x20,0x3d,0x20,0x76,0x65,0x63,0x32,0x69,0x28,0x28,0x28,0x78,
    0x5f,0x31,0x34,0x32,0x20,0x25,0x20,0x32,0x35,0x36,0x69,0x29,0x20,0x2a,0x20,0x34,
    0x69,0x29,0x2c,0x20,0x28,0x78,0x5f,0x31,0x34,0x32,0x20,0x2f,0x20,0x32,0x35,0x36,
    0x69,0x29,0x29,0x3b,0x0a,0x20,0x20,0x6c,0x65,0x74,0x20,0x78,0x5f,0x31,0x36,0x30,
    0x20,0x3d,0x20,0x74,0x65,0x78,0x74,0x75,0x72,0x65,0x4c,0x6f,0x61,0x64,0x28,0x6a,
    0x6f,0x69,0x6e,0x74,0x5f,0x74,0x65,0x78,0x2c,0x20,0x78,0x5f,0x31,0x35,0x32,0x2c,
    0x20,0x30,0x69,0x29,0x3b,0x0a,0x20,0x20,0x6c,0x65,0x74,0x20,0x78,0x5f,0x31,0x36,
    0x38,0x20,0x3d,0x20,0x74,0x65,0x78,0x74,0x75,0x72,0x65,0x4c,0x6f,0x61,0x64,0x28,
    0x6a,0x6f,0x69,0x6e,0x74,0x5f,0x74,0x65,0x78,0x2c,0x20,0x28,0x78,0x5f,0x31,0x35,
    0x32,0x20,0x2b,0x20,0x76,0x65,0x63,0x32,0x69,0x28,0x31,0x69,0x2c,0x20,0x30,0x69,
    0x29,0x29,0x2c,0x20,0x30,0x69,0x29,0x3b,0x0a,0x20,0x20,0x6c,0x65,0x74,0x20,0x78,
    0x5f,0x31,0x37,0x36,0x20,0x3d,0x20,0x74,0x65,0x78,0x74,0x75,0x72,0x65,0x4c,0x6f,
    0x61,0x64,0x28,0x6a,0x6f,0x69,0x6e,0x74,0x5f,0x74,0x65,0x78,0x2c,0x20,0x28,0x78,
    0x5f,0x31,0x35,0x32,0x20,0x2b,0x20,0x76,0x65,0x63,0x32,0x69,0x28,0x32,0x69,0x2c,
    0x20,0x30,0x69,0x29,0x29,0x2c,0x20,0x30,0x69,0x29,0x3b,0x0a,0x20,0x20,0x6c,0x65,
    0x74,0x20,0x78,0x5f,0x31,0x38,0x35,0x20,0x3d,0x20,0x74,0x65,0x78,0x74,0x75,0x72,
    0x65,0x4c,0x6f,0x61,0x64,0x28,0x6a,0x6f,0x69,0x6e,0x74,0x5f,0x74,0x65,0x78,0x2c,
    0x20,0x28,0x78,0x5f,0x31,0x35,0x32,0x20,0x2b,0x20,0x76,0x65,0x63,0x32,0x69,0x28,
    0x33,0x69,0x2c,0x20,0x30,0x69,0x29,0x29,0x2c,0x20,0x30,0x69,0x29,0x3b,0x0a,0x20,
    0x20,0x72,0x65,0x74,0x75,0x72,0x6e,0x20,0x6d,0x61,0x74,0x34,0x78,0x34,0x66,0x28,
    0x78,0x5f,0x31,0x36,0x30,0x2c,0x20,0x78,0x5f,0x31,0x36,0x38,0x2c,0x20,0x78,0x5f,
    0x31,0x37,0x36,0x2c,0x20,0x78,0x5f,0x31,0x38,0x35,0x29,0x3b,0x0a,0x7d,0x0a,0x0a,
    0x66,0x6e,0x20,0x69,0x6e,0x73,0x74,0x61,0x6e,0x63,0x65,0x5f,0x6d,0x6f,0x64,0x65,
    0x6c,0x5f,0x69,0x31,0x5f,0x28,0x72,0x20,0x3a,0x20,0x70,0x74,0x72,0x3c,0x66,0x75,
    0x6e,0x63,0x74,0x69,0x6f,0x6e,0x2c,0x20,0x69,0x33,0x32,0x3e,0x29,0x20,0x2d,0x3e,
    0x20,0x6d,0x61,0x74,0x34,0x78,0x34,0x66,0x20,0x7b,0x0a,0x20,0x20,0x76,0x61,0x72,
    0x20,0x70,0x61,0x72,0x61,0x6d,0x20,0x3a,0x20,0x69,0x33,0x32,0x3b,0x0a,0x20,0x20,
    0x76,0x61,0x72,0x20,0x70,0x61,0x72,0x61,0x6d,0x5f,0x31,0x20,0x3a,0x20,0x69,0x33,
    0x32,0x3b,0x0a,0x20,0x20,0x76,0x61,0x72,0x20,0x70,0x61,0x72,0x61,0x6d,0x5f,0x32,
    0x20,0x3a,0x20,0x69,0x33,0x32,0x3b,0x0a,0x20,0x20,0x76,0x61,0x72,0x20,0x70,0x61,
    0x72,0x61,0x6d,0x5f,0x33,0x20,0x3a,0x20,0x69,0x33,0x32,0x3b,0x0a,0x20,0x20,0x76,
    0x61,0x72,0x20,0x70,0x61,0x72,0x61,0x6d,0x5f,0x34,0x20,0x3a,0x20,0x69,0x33,0x32,
    0x3b,0x0a,0x20,0x20,0x76,0x61,0x72,0x20,0x70,0x61,0x72,0x61,0x6d,0x5f,0x35,0x20,
    0x3a,0x20,0x69,0x33,0x32,0x3b,0x0a,0x20,0x20,0x70,0x61,0x72,0x61,0x6d,0x20,0x3d,
    0x20,0x2a,0x28,0x72,0x29,0x3b,0x0a,0x20,0x20,0x70,0x61,0x72,0x61,0x6d,0x5f,0x31,
    0x20,0x3d,0x20,0x30,0x69,0x3b,0x0a,0x20,0x20,0x6c,0x65,0x74,0x20,0x78,0x5f,0x36,
    0x30,0x20,0x3d,0x20,0x69,0x6e,0x73,0x74,0x61,0x6e,0x63,0x65,0x5f,0x74,0x65,0x78,
    0x65,0x6c,0x5f,0x69,0x31,0x5f,0x69,0x31,0x5f,0x28,0x26,0x28,0x70,0x61,0x72,0x61,
    0x6d,0x29,0x2c,0x20,0x26,0x28,0x70,0x61,0x72,0x61,0x6d,0x5f,0x31,0x29,0x29,0x3b,
    0x0a,0x20,0x20,0x70,0x61,0x72,0x61,0x6d,0x5f,0x32,0x20,0x3d,0x20,0x2a,0x28,0x72,
    0x29,0x3b,0x0a,0x20,0x20,0x70,0x61,0x72,0x61,0x6d,0x5f,0x33,0x20,0x3d,0x20,0x31,
    0x69,0x3b,0x0a,0x20,0x20,0x6c,0x65,0x74,0x20,0x78,0x5f,0x36,0x36,0x20,0x3d,0x20,
    0x69,0x6e,0x73,0x74,0x61,0x6e,0x63,0x65,0x5f,0x74,0x65,0x78,0x65,0x6c,0x5f,0x69,
    0x31,0x5f,0x69,0x31,0x5f,0x28,0x26,0x28,0x70,0x61,0x72,0x61,0x6d,0x5f,0x32,0x29,
    0x2c,0x20,0x26,0x28,0x70,0x61,0x72,0x61,0x6d,0x5f,0x33,0x29,0x29,0x3b,0x0a,0x20,
    0x20,0x70,0x61,0x72,0x61,0x6d,0x5f,0x34,0x20,0x3d,0x20,0x2a,0x28,0x72,0x29,0x3b,
    0x0a,0x20,0x20,0x70,0x61,0x72,0x61,0x6d,0x5f,0x35,0x20,0x3d,0x20,0x32,0x69,0x3b,
    0x0a,0x20,0x20,0x6c,0x65,0x74,0x20,0x78,0x5f,0x37,0x32,0x20,0x3d,0x20,0x69,0x6e,
    0x73,0x74,0x61,0x6e,0x63,0x65,0x5f,0x74,0x65,0x78,0x65,0x6c,0x5f,0x69,0x31,0x5f,
    0x69,0x31,0x5f,0x28,0x26,0x28,0x70,0x61,0x72,0x61,0x6d,0x5f,0x34,0x29,0x2c,0x20,
    0x26,0x28,0x70,0x61,0x72,0x61,0x6d,0x5f,0x35,0x29,0x29,0x3b,0x0a,0x20,0x20,0x72,
    0x65,0x74,0x75,0x72,0x6e,0x20,0x6d,0x61,0x74,0x34,0x78,0x34,0x66,0x28,0x76,0x65,
    0x63,0x34,0x66,0x28,0x78,0x5f,0x36,0x30,0x2e,0x78,0x2c,0x20,0x78,0x5f,0x36,0x36,
    0x2e,0x78,0x2c,0x20,0x78,0x5f,0x37,0x32,0x2e,0x78,0x2c,0x20,0x30,0x2e,0x30,0x66,
    0x29,0x2c,0x20,0x76,0x65,0x63,0x34,0x66,0x28,0x78,0x5f,0x36,0x30,0x2e,0x79,0x2c,
    0x20,0x78,0x5f,0x36,0x36,0x2e,0x79,0x2c,0x20,0x78,0x5f,0x37,0x32,0x2e,0x79,0x2c,
    0x20,0x30,0x2e,0x30,0x66,0x29,0x2c,0x20,0x76,0x65,0x63,0x34,0x66,0x28,0x78,0x5f,
    0x36,0x30,0x2e,0x7a,0x2c,0x20,0x78,0x5f,0x36,0x36,0x2e,0x7a,0x2c,0x20,0x78,0x5f,
    0x37,0x32,0x2e,0x7a,0x2c,0x20,0x30,0x2e,0x30,0x66,0x29,0x2c,0x20,0x76,0x65,0x63,
    0x34,0x66,0x28,0x78,0x5f,0x36,0x30,0x2e,0x77,0x2c,0x20,0x78,0x5f,0x36,0x36,0x2e,
    0x77,0x2c,0x20,0x78,0x5f,0x37,0x32,0x2e,0x77,0x2c,0x20,0x31,0x2e,0x30,0x66,0x29,
    0x29,0x3b,0x0a,0x7d,0x0a,0x0a,0x66,0x6e,0x20,0x6d,0x61,0x69,0x6e,0x5f,0x31,0x28,
    0x29,0x20,0x7b,0x0a,0x20,0x20,0x76,0x61,0x72,0x20,0x70,0x61,0x72,0x61,0x6d,0x5f,
    0x38,0x20,0x3a,0x20,0x69,0x33,0x32,0x3b,0x0a,0x20,0x20,0x76,0x61,0x72,0x20,0x70,
    0x61,0x72,0x61,0x6d,0x5f,0x39,0x20,0x3a,0x20,0x69,0x33,0x32,0x3b,0x0a,0x20,0x20,
    0x76,0x61,0x72,0x20,0x70,0x61,0x72,0x61,0x6d,0x5f,0x31,0x30,0x20,0x3a,0x20,0x69,
    0x33,0x32,0x3b,0x0a,0x20,0x20,0x76,0x61,0x72,0x20,0x70,0x61,0x72,0x61,0x6d,0x5f,
    0x31,0x31,0x20,0x3a,0x20,0x69,0x33,0x32,0x3b,0x0a,0x20,0x20,0x76,0x61,0x72,0x20,
    0x70,0x61,0x72,0x61,0x6d,0x5f,0x31,0x32,0x20,0x3a,0x20,0x69,0x33,0x32,0x3b,0x0a,
    0x20,0x20,0x76,0x61,0x72,0x20,0x70,0x61,0x72,0x61,0x6d,0x5f,0x31,0x33,0x20,0x3a,
    0x20,0x69,0x33,0x32,0x3b,0x0a,0x20,0x20,0x76,0x61,0x72,0x20,0x70,0x61,0x72,0x61,
    0x6d,0x5f,0x31,0x34,0x20,0x3a,0x20,0x69,0x33,0x32,0x3b,0x0a,0x20,0x20,0x76,0x61,
    0x72,0x20,0x70,0x61,0x72,0x61,0x6d,0x5f,0x31,0x35,0x20,0x3a,0x20,0x69,0x33,0x32,
    0x3b,0x0a,0x20,0x20,0x76,0x61,0x72,0x20,0x70,0x61,0x72,0x61,0x6d,0x5f,0x31,0x36,
    0x20,0x3a,0x20,0x69,0x33,0x32,0x3b,0x0a,0x20,0x20,0x76,0x61,0x72,0x20,0x70,0x61,
    0x72,0x61,0x6d,0x5f,0x31,0x37,0x20,0x3a,0x20,0x69,0x33,0x32,0x3b,0x0a,0x20,0x20,
    0x6c,0x65,0x74,0x20,0x78,0x5f,0x32,0x32,0x30,0x20,0x3d,0x20,0x28,0x69,0x33,0x32,
    0x28,0x78,0x5f,0x32,0x31,0x32,0x2e,0x69,0x6e,0x73,0x74,0x61,0x6e,0x63,0x65,0x5f,
    0x62,0x61,0x73,0x65,0x2e,0x78,0x29,0x20,0x2b,0x20,0x67,0x6c,0x5f,0x49,0x6e,0x73,
    0x74,0x61,0x6e,0x63,0x65,0x49,0x6e,0x64,0x65,0x78,0x29,0x3b,0x0a,0x20,0x20,0x70,
    0x61,0x72,0x61,0x6d,0x5f,0x38,0x20,0x3d,0x20,0x78,0x5f,0x32,0x32,0x30,0x3b,0x0a,
    0x20,0x20,0x6c,0x65,0x74,0x20,0x78,0x5f,0x32,0x32,0x34,0x20,0x3d,0x20,0x69,0x6e,
    0x73,0x74,0x61,0x6e,0x63,0x65,0x5f,0x65,0x78,0x74,0x72,0x61,0x5f,0x69,0x31,0x5f,
    0x28,0x26,0x28,0x70,0x61,0x72,0x61,0x6d,0x5f,0x38,0x29,0x29,0x3b,0x0a,0x20,0x20,
    0x6c,0x65,0x74,0x20,0x78,0x5f,0x32,0x32,0x36,0x20,0x3d,0x20,0x69,0x33,0x32,0x28,
    0x78,0x5f,0x32,0x32,0x34,0x2e,0x78,0x29,0x3b,0x0a,0x20,0x20,0x6c,0x65,0x74,0x20,
    0x78,0x5f,0x32,0x33,0x33,0x20,0x3d,0x20,0x77,0x65,0x69,0x67,0x68,0x74,0x73,0x2e,
    0x78,0x3b,0x0a,0x20,0x20,0x6c,0x65,0x74,0x20,0x78,0x5f,0x32,0x33,0x36,0x20,0x3d,
    0x20,0x6a,0x6f,0x69,0x6e,0x74,0x73,0x2e,0x78,0x3b,0x0a,0x20,0x20,0x70,0x61,0x72,
    0x61,0x6d,0x5f,0x39,0x20,0x3d,0x20,0x78,0x5f,0x32,0x32,0x36,0x3b,0x0a,0x20,0x20,
    0x70,0x61,0x72,0x61,0x6d,0x5f,0x31,0x30,0x20,0x3d,0x20,0x69,0x33,0x32,0x28,0x78,
    0x5f,0x32,0x33,0x36,0x29,0x3b,0x0a,0x20,0x20,0x6c,0x65,0x74,0x20,0x78,0x5f,0x32,
    0x34,0x31,0x20,0x3d,0x20,0x6a,0x6f,0x69,0x6e,0x74,0x5f,0x61,0x74,0x5f,0x69,0x31,
    0x5f,0x69,0x31,0x5f,0x28,0x26,0x28,0x70,0x61,0x72,0x61,0x6d,0x5f,0x39,0x29,0x2c,
    0x20,0x26,0x28,0x70,0x61,0x72,0x61,0x6d,0x5f,0x31,0x30,0x29,0x29,0x3b,0x0a,0x20,
    0x20,0x6c,0x65,0x74,0x20,0x78,0x5f,0x32,0x34,0x32,0x20,0x3d,0x20,0x28,0x78,0x5f,
    0x32,0x34,0x31,0x20,0x2a,0x20,0x78,0x5f,0x32,0x33,0x33,0x29,0x3b,0x0a,0x20,0x20,
    0x6c,0x65,0x74,0x20,0x78,0x5f,0x32,0x34,0x34,0x20,0x3d,0x20,0x77,0x65,0x69,0x67,
    0x68,0x74,0x73,0x2e,0x79,0x3b,0x0a,0x20,0x20,0x6c,0x65,0x74,0x20,0x78,0x5f,0x32,
    0x34,0x36,0x20,0x3d,0x20,0x6a,0x6f,0x69,0x6e,0x74,0x73,0x2e,0x79,0x3b,0x0a,0x20,
    0x20,0x70,0x61,0x72,0x61,0x6d,0x5f,0x31,0x31,0x20,0x3d,0x20,0x78,0x5f,0x32,0x32,
    0x36,0x3b,0x0a,0x20,0x20,0x70,0x61,0x72,0x61,0x6d,0x5f,0x31,0x32,0x20,0x3d,0x20,
    0x69,0x33,0x32,0x28,0x78,0x5f,0x32,0x34,0x36,0x29,0x3b,0x0a,0x20,0x20,0x6c,0x65,
    0x74,0x20,0x78,0x5f,0x32,0x35,0x31,0x20,0x3d,0x20,0x6a,0x6f,0x69,0x6e,0x74,0x5f,
    0x61,0x74,0x5f,0x69,0x31,0x5f,0x69,0x31,0x5f,0x28,0x26,0x28,0x70,0x61,0x72,0x61,
    0x6d,0x5f,0x31,0x31,0x29,0x2c,0x20,0x26,0x28,0x70,0x61,0x72,0x61,0x6d,0x5f,0x31,
    0x32,0x29,0x29,0x3b,0x0a,0x20,0x20,0x6c,0x65,0x74,0x20,0x78,0x5f,0x32,0x35,0x32,
    0x20,0x3d,0x20,0x28,0x78,0x5f,0x32,0x35,0x31,0x20,0x2a,0x20,0x78,0x5f,0x32,0x34,
    0x34,0x29,0x3b,0x0a,0x20,0x20,0x6c,0x65,0x74,0x20,0x78,0x5f,0x32,0x36,0x37,0x20,
    0x3d,0x20,0x77,0x65,0x69,0x67,0x68,0x74,0x73,0x2e,0x7a,0x3b,0x0a,0x20,0x20,0x6c,
    0x65,0x74,0x20,0x78,0x5f,0x32,0x36,0x39,0x20,0x3d,0x20,0x6a,0x6f,0x69,0x6e,0x74,
    0x73,0x2e,0x7a,0x3b,0x0a,0x20,0x20,0x70,0x61,0x72,0x61,0x6d,0x5f,0x31,0x33,0x20,
    0x3d,0x20,0x78,0x5f,0x32,0x32,0x36,0x3b,0x0a,0x20,0x20,0x70,0x61,0x72,0x61,0x6d,
    0x5f,0x31,0x34,0x20,0x3d,0x20,0x69,0x33,0x32,0x28,0x78,0x5f,0x32,0x36,0x39,0x29,
    0x3b,0x0a,0x20,0x20,0x6c,0x65,0x74,0x20,0x78,0x5f,0x32,0x37,0x34,0x20,0x3d,0x20,
    0x6a,0x6f,0x69,0x6e,0x74,0x5f,0x61,0x74,0x5f,0x69,0x31,0x5f,0x69,0x31,0x5f,0x28,
    0x26,0x28,0x70,0x61,0x72,0x61,0x6d,0x5f,0x31,0x33,0x29,0x2c,0x20,0x26,0x28,0x70,
    0x61,0x72,0x61,0x6d,0x5f,0x31,0x34,0x29,0x29,0x3b,0x0a,0x20,0x20,0x6c,0x65,0x74,
    0x20,0x78,0x5f,0x32,0x37,0x35,0x20,0x3d,0x20,0x28,0x78,0x5f,0x32,0x37,0x34,0x20,
    0x2a,0x20,0x78,0x5f,0x32,0x36,0x37,0x29,0x3b,0x0a,0x20,0x20,0x6c,0x65,0x74,0x20,
    0x78,0x5f,0x32,0x39,0x30,0x20,0x3d,0x20,0x77,0x65,0x69,0x67,0x68,0x74,0x73,0x2e,
    0x77,0x3b,0x0a,0x20,0x20,0x6c,0x65,0x74,0x20,0x78,0x5f,0x32,0x39,0x32,0x20,0x3d,
    0x20,0x6a,0x6f,0x69,0x6e,0x74,0x73,0x2e,0x77,0x3b,0x0a,0x20,0x20,0x70,0x61,0x72,
    0x61,0x6d,0x5f,0x31,0x35,0x20,0x3d,0x20,0x78,0x5f,0x32,0x32,0x36,0x3b,0x0a,0x20,
    0x20,0x70,0x61,0x72,0x61,0x6d,0x5f,0x31,0x36,0x20,0x3d,0x20,0x69,0x33,0x32,0x28,
    0x78,0x5f,0x32,0x39,0x32,0x29,0x3b,0x0a,0x20,0x20,0x6c,0x65,0x74,0x20,0x78,0x5f,
    0x32,0x39,0x37,0x20,0x3d,0x20,0x6a,0x6f,0x69,0x6e,0x74,0x5f,0x61,0x74,0x5f,0x69,
    0x31,0x5f,0x69,0x31,0x5f,0x28,0x26,0x28,0x70,0x61,0x72,0x61,0x6d,0x5f,0x31,0x35,
    0x29,0x2c,0x20,0x26,0x28,0x70,0x61,0x72,0x61,0x6d,0x5f,0x31,0x36,0x29,0x29,0x3b,
    0x0a,0x20,0x20,0x6c,0x65,0x74,0x20,0x78,0x5f,0x32,0x39,0x38,0x20,0x3d,0x20,0x28,
    0x78,0x5f,0x32,0x39,0x37,0x20,0x2a,0x20,0x78,0x5f,0x32,0x39,0x30,0x29,0x3b,0x0a,
    0x20,0x20,0x6c,0x65,0x74,0x20,0x78,0x5f,0x33,0x31,0x38,0x20,0x3d,0x20,0x78,0x5f,
    0x32,0x31,0x32,0x2e,0x6c,0x69,0x67,0x68,0x74,0x5f,0x76,0x69,0x65,0x77,0x5f,0x70,
    0x72,0x6f,0x6a,0x3b,0x0a,0x20,0x20,0x70,0x61,0x72,0x61,0x6d,0x5f,0x31,0x37,0x20,
    0x3d,0x20,0x78,0x5f,0x32,0x32,0x30,0x3b,0x0a,0x20,0x20,0x6c,0x65,0x74,0x20,0x78,
    0x5f,0x33,0x32,0x31,0x20,0x3d,0x20,0x69,0x6e,0x73,0x74,0x61,0x6e,0x63,0x65,0x5f,
    0x6d,0x6f,0x64,0x65,0x6c,0x5f,0x69,0x31,0x5f,0x28,0x26,0x28,0x70,0x61,0x72,0x61,
    0x6d,0x5f,0x31,0x37,0x29,0x29,0x3b,0x0a,0x20,0x20,0x67,0x6c,0x5f,0x50,0x6f,0x73,
    0x69,0x74,0x69,0x6f,0x6e,0x20,0x3d,0x20,0x28,0x78,0x5f,0x33,0x31,0x38,0x20,0x2a,
    0x20,0x28,0x78,0x5f,0x33,0x32,0x31,0x20,0x2a,0x20,0x28,0x6d,0x61,0x74,0x34,0x78,
    0x34,0x66,0x28,0x28,0x28,0x28,0x78,0x5f,0x32,0x34,0x32,0x5b,0x30,0x75,0x5d,0x20,
    0x2b,0x20,0x78,0x5f,0x32,0x35,0x32,0x5b,0x30,0x75,0x5d,0x29,0x20,0x2b,0x20,0x78,
    0x5f,0x32,0x37,0x35,0x5b,0x30,0x75,0x5d,0x29,0x20,0x2b,0x20,0x78,0x5f,0x32,0x39,
    0x38,0x5b,0x30,0x75,0x5d,0x29,0x2c,0x20,0x28,0x28,0x28,0x78,0x5f,0x32,0x34,0x32,
    0x5b,0x31,0x75,0x5d,0x20,0x2b,0x20,0x78,0x5f,0x32,0x35,0x32,0x5b,0x31,0x75,0x5d,
    0x29,0x20,0x2b,0x20,0x78,0x5f,0x32,0x37,0x35,0x5b,0x31,0x75,0x5d,0x29,0x20,0x2b,
    0x20,0x78,0x5f,0x32,0x39,0x38,0x5b,0x31,0x75,0x5d,0x29,0x2c,0x20,0x28,0x28,0x28,
    0x78,0x5f,0x32,0x34,0x32,0x5b,0x32,0x75,0x5d,0x20,0x2b,0x20,0x78,0x5f,0x32,0x35,
    0x32,0x5b,0x32,0x75,0x5d,0x29,0x20,0x2b,0x20,0x78,0x5f,0x32,0x37,0x35,0x5b,0x32,
    0x75,0x5d,0x29,0x20,0x2b,0x20,0x78,0x5f,0x32,0x39,0x38,0x5b,0x32,0x75,0x5d,0x29,
    0x2c,0x20,0x28,0x28,0x28,0x78,0x5f,0x32,0x34,0x32,0x5b,0x33,0x75,0x5d,0x20,0x2b,
    0x20,0x78,0x5f,0x32,0x35,0x32,0x5b,0x33,0x75,0x5d,0x29,0x20,0x2b,0x20,0x78,0x5f,
    0x32,0x37,0x35,0x5b,0x33,0x75,0x5d,0x29,0x20,0x2b,0x20,0x78,0x5f,0x32,0x39,0x38,
    0x5b,0x33,0x75,0x5d,0x29,0x29,0x20,0x2a,0x20,0x76,0x65,0x63,0x34,0x66,0x28,0x70,
    0x6f,0x73,0x69,0x74,0x69,0x6f,0x6e,0x5f,0x31,0x2e,0x78,0x2c,0x20,0x70,0x6f,0x73,
    0x69,0x74,0x69,0x6f,0x6e,0x5f,0x31,0x2e,0x79,0x2c,0x20,0x70,0x6f,0x73,0x69,0x74,
    0x69,0x6f,0x6e,0x5f,0x31,0x2e,0x7a,0x2c,0x20,0x31,0x2e,0x30,0x66,0x29,0x29,0x29,
    0x29,0x3b,0x0a,0x20,0x20,0x76,0x5f,0x75,0x76,0x30,0x20,0x3d,0x20,0x74,0x65,0x78,
    0x63,0x6f,0x6f,0x72,0x64,0x30,0x3b,0x0a,0x20,0x20,0x72,0x65,0x74,0x75,0x72,0x6e,
    0x3b,0x0a,0x7d,0x0a,0x0a,0x73,0x74,0x72,0x75,0x63,0x74,0x20,0x6d,0x61,0x69,0x6e,
    0x5f,0x6f,0x75,0x74,0x20,0x7b,0x0a,0x20,0x20,0x40,0x62,0x75,0x69,0x6c,0x74,0x69,
    0x6e,0x28,0x70,0x6f,0x73,0x69,0x74,0x69,0x6f,0x6e,0x29,0x0a,0x20,0x20,0x67,0x6c,
    0x5f,0x50,0x6f,0x73,0x69,0x74,0x69,0x6f,0x6e,0x20,0x3a,0x20,0x76,0x65,0x63,0x34,
    0x66,0x2c,0x0a,0x20,0x20,0x40,0x6c,0x6f,0x63,0x61,0x74,0x69,0x6f,0x6e,0x28,0x30,
    0x29,0x0a,0x20,0x20,0x76,0x5f,0x75,0x76,0x30,0x5f,0x31,0x20,0x3a,0x20,0x76,0x65,
    0x63,0x32,0x66,0x2c,0x0a,0x7d,0x0a,0x0a,0x40,0x76,0x65,0x72,0x74,0x65,0x78,0x0a,
    0x66,0x6e,0x20,0x6d,0x61,0x69,0x6e,0x28,0x40,0x62,0x75,0x69,0x6c,0x74,0x69,0x6e,
    0x28,0x69,0x6e,0x73,0x74,0x61,0x6e,0x63,0x65,0x5f,0x69,0x6e,0x64,0x65,0x78,0x29,
    0x20,0x67,0x6c,0x5f,0x49,0x6e,0x73,0x74,0x61,0x6e,0x63,0x65,0x49,0x6e,0x64,0x65,
    0x78,0x5f,0x70,0x61,0x72,0x61,0x6d,0x20,0x3a,0x20,0x75,0x33,0x32,0x2c,0x20,0x40,
    0x6c,0x6f,0x63,0x61,0x74,0x69,0x6f,0x6e,0x28,0x33,0x29,0x20,0x77,0x65,0x69,0x67,
    0x68,0x74,0x73,0x5f,0x70,0x61,0x72,0x61,0x6d,0x20,0x3a,0x20,0x76,0x65,0x63,0x34,
    0x66,0x2c,0x20,0x40,0x6c,0x6f,0x63,0x61,0x74,0x69,0x6f,0x6e,0x28,0x32,0x29,0x20,
    0x6a,0x6f,0x69,0x6e,0x74,0x73,0x5f,0x70,0x61,0x72,0x61,0x6d,0x20,0x3a,0x20,0x76,
    0x65,0x63,0x34,0x66,0x2c,0x20,0x40,0x6c,0x6f,0x63,0x61,0x74,0x69,0x6f,0x6e,0x28,
    0x30,0x29,0x20,0x70,0x6f,0x73,0x69,0x74,0x69,0x6f,0x6e,0x5f,0x31,0x5f,0x70,0x61,
    0x72,0x61,0x6d,0x20,0x3a,0x20,0x76,0x65,0x63,0x33,0x66,0x2c,0x20,0x40,0x6c,0x6f,
    0x63,0x61,0x74,0x69,0x6f,0x6e,0x28,0x31,0x29,0x20,0x74,0x65,0x78,0x63,0x6f,0x6f,
    0x72,0x64,0x30,0x5f,0x70,0x61,0x72,0x61,0x6d,0x20,0x3a,0x20,0x76,0x65,0x63,0x32,
    0x66,0x29,0x20,0x2d,0x3e,0x20,0x6d,0x61,0x69,0x6e,0x5f,0x6f,0x75,0x74,0x20,0x7b,
    0x0a,0x20,0x20,0x67,0x6c,0x5f,0x49,0x6e,0x73,0x74,0x61,0x6e,0x63,0x65,0x49,0x6e,
    0x64,0x65,0x78,0x20,0x3d,0x20,0x62,0x69,0x74,0x63,0x61,0x73,0x74,0x3c,0x69,0x33,
    0x32,0x3e,0x28,0x67,0x6c,0x5f,0x49,0x6e,0x73,0x74,0x61,0x6e,0x63,0x65,0x49,0x6e,
    0x64,0x65,0x78,0x5f,0x70,0x61,0x72,0x61,0x6d,0x29,0x3b,0x0a,0x20,0x20,0x77,0x65,
    0x69,0x67,0x68,0x74,0x73,0x20,0x3d,0x20,0x77,0x65,0x69,0x67,0x68,0x74,0x73,0x5f,
    0x70,0x61,0x72,0x61,0x6d,0x3b,0x0a,0x20,0x20,0x6a,0x6f,0x69,0x6e,0x74,0x73,0x20,
    0x3d,0x20,0x6a,0x6f,0x69,0x6e,0x74,0x73,0x5f,0x70,0x61,0x72,0x61,0x6d,0x3b,0x0a,
    0x20,0x20,0x70,0x6f,0x73,0x69,0x74,0x69,0x6f,0x6e,0x5f,0x31,0x20,0x3d,0x20,0x70,
    0x6f,0x73,0x69,0x74,0x69,0x6f,0x6e,0x5f,0x31,0x5f,0x70,0x61,0x72,0x61,0x6d,0x3b,
    0x0a,0x20,0x20,0x74,0x65,0x78,0x63,0x6f,0x6f,0x72,0x64,0x30,0x20,0x3d,0x20,0x74,
    0x65,0x78,0x63,0x6f,0x6f,0x72,0x64,0x30,0x5f,0x70,0x61,0x72,0x61,0x6d,0x3b,0x0a,
    0x20,0x20,0x6d,0x61,0x69,0x6e,0x5f,0x31,0x28,0x29,0x3b,0x0a,0x20,0x20,0x72,0x65,
    0x74,0x75,0x72,0x6e,0x20,0x6d,0x61,0x69,0x6e,0x5f,0x6f,0x75,0x74,0x28,0x67,0x6c,
    0x5f,0x50,0x6f,0x73,0x69,0x74,0x69,0x6f,0x6e,0x2c,0x20,0x76,0x5f,0x75,0x76,0x30,
    0x29,0x3b,0x0a,0x7d,0x0a,0x00,
};
#endif
/*
    diagnostic(off, derivative_uniformity);

    struct fs_depth_params {
      /_ @offset(0) _/
      cutoff : vec4f,
    }

    @binding(1) @group(0) var<uniform> x_11 : fs_depth_params;

    @binding(0) @group(1) var base_color_tex : texture_2d<f32>;

    @binding(32) @group(1) var base_color_smp : sampler;

    var<private> v_uv0 : vec2f;

    fn main_1() {
      var x_42 : bool;
      var x_43 : bool;
      let x_18 = x_11.cutoff.x;
      let x_20 = (x_18 > 0.0f);
      x_43 = x_20;
      if (x_20) {
        let x_36 = v_uv0;
        let x_37 = textureSample(base_color_tex, base_color_smp, x_36);
        x_42 = (x_37.w < x_18);
        x_43 = x_42;
      }
      if (x_43) {
        discard;
      }
      return;
    }

    @fragment
    fn main(@location(0) v_uv0_param : vec2f) {
      v_uv0 = v_uv0_param;
      main_1();
    }
*/
#if defined(SOKOL_WGPU)
static const uint8_t fs_depth_source_wgsl[722] = {
    0x64,0x69,0x61,0x67,0x6e,0x6f,0x73,0x74,0x69,0x63,0x28,0x6f,0x66,0x66,0x2c,0x20,
    0x64,0x65,0x72,0x69,0x76,0x61,0x74,0x69,0x76,0x65,0x5f,0x75,0x6e,0x69,0x66,0x6f,
    0x72,0x6d,0x69,0x74,0x79,0x29,0x3b,0x0a,0x0a,0x73,0x74,0x72,0x75,0x63,0x74,0x20,
    0x66,0x73,0x5f,0x64,0x65,0x70,0x74,0x68,0x5f,0x70,0x61,0x72,0x61,0x6d,0x73,0x20,
    0x7b,0x0a,0x20,0x20,0x2f,0x2a,0x20,0x40,0x6f,0x66,0x66,0x73,0x65,0x74,0x28,0x30,
    0x29,0x20,0x2a,0x2f,0x0a,0x20,0x20,0x63,0x75,0x74,0x6f,0x66,0x66,0x20,0x3a,0x20,
    0x76,0x65,0x63,0x34,0x66,0x2c,0x0a,0x7d,0x0a,0x0a,0x40,0x62,0x69,0x6e,0x64,0x69,
    0x6e,0x67,0x28,0x31,0x29,0x20,0x40,0x67,0x72,0x6f,0x75,0x70,0x28,0x30,0x29,0x20,
    0x76,0x61,0x72,0x3c,0x75,0x6e,0x69,0x66,0x6f,0x72,0x6d,0x3e,0x20,0x78,0x5f,0x31,
    0x31,0x20,0x3a,0x20,0x66,0x73,0x5f,0x64,0x65,0x70,0x74,0x68,0x5f,0x70,0x61,0x72,
    0x61,0x6d,0x73,0x3b,0x0a,0x0a,0x40,0x62,0x69,0x6e,0x64,0x69,0x6e,0x67,0x28,0x30,
    0x29,0x20,0x40,0x67,0x72,0x6f,0x75,0x70,0x28,0x31,0x29,0x20,0x76,0x61,0x72,0x20,
    0x62,0x61,0x73,0x65,0x5f,0x63,0x6f,0x6c,0x6f,0x72,0x5f,0x74,0x65,0x78,0x20,0x3a,
    0x20,0x74,0x65,0x78,0x74,0x75,0x72,0x65,0x5f,0x32,0x64,0x3c,0x66,0x33,0x32,0x3e,
    0x3b,0x0a,0x0a,0x40,0x62,0x69,0x6e,0x64,0x69,0x6e,0x67,0x28,0x33,0x32,0x29,0x20,
    0x40,0x67,0x72,0x6f,0x75,0x70,0x28,0x31,0x29,0x20,0x76,0x61,0x72,0x20,0x62,0x61,
    0x73,0x65,0x5f,0x63,0x6f,0x6c,0x6f,0x72,0x5f,0x73,0x6d,0x70,0x20,0x3a,0x20,0x73,
    0x61,0x6d,0x70,0x6c,0x65,0x72,0x3b,0x0a,0x0a,0x76,0x61,0x72,0x3c,0x70,0x72,0x69,
    0x76,0x61,0x74,0x65,0x3e,0x20,0x76,0x5f,0x75,0x76,0x30,0x20,0x3a,0x20,0x76,0x65,
    0x63,0x32,0x66,0x3b,0x0a,0x0a,0x66,0x6e,0x20,0x6d,0x61,0x69,0x6e,0x5f,0x31,0x28,
    0x29,0x20,0x7b,0x0a,0x20,0x20,0x76,0x61,0x72,0x20,0x78,0x5f,0x34,0x32,0x20,0x3a,
    0x20,0x62,0x6f,0x6f,0x6c,0x3b,0x0a,0x20,0x20,0x76,0x61,0x72,0x20,0x78,0x5f,0x34,
    0x33,0x20,0x3a,0x20,0x62,0x6f,0x6f,0x6c,0x3b,0x0a,0x20,0x20,0x6c,0x65,0x74,0x20,
    0x78,0x5f,0x31,0x38,0x20,0x3d,0x20,0x78,0x5f,0x31,0x31,0x2e,0x63,0x75,0x74,0x6f,
    0x66,0x66,0x2e,0x78,0x3b,0x0a,0x20,0x20,0x6c,0x65,0x74,0x20,0x78,0x5f,0x32,0x30,
    0x20,0x3d,0x20,0x28,0x78,0x5f,0x31,0x38,0x20,0x3e,0x20,0x30,0x2e,0x30,0x66,0x29,
    0x3b,0x0a,0x20,0x20,0x78,0x5f,0x34,0x33,0x20,0x3d,0x20,0x78,0x5f,0x32,0x30,0x3b,
    0x0a,0x20,0x20,0x69,0x66,0x20,0x28,0x78,0x5f,0x32,0x30,0x29,0x20,0x7b,0x0a,0x20,
    0x20,0x20,0x20,0x6c,0x65,0x74,0x20,0x78,0x5f,0x33,0x36,0x20,0x3d,0x20,0x76,0x5f,
    0x75,0x76,0x30,0x3b,0x0a,0x20,0x20,0x20,0x20,0x6c,0x65,0x74,0x20,0x78,0x5f,0x33,
    0x37,0x20,0x3d,0x20,0x74,0x65,0x78,0x74,0x75,0x72,0x65,0x53,0x61,0x6d,0x70,0x6c,
    0x65,0x28,0x62,0x61,0x73,0x65,0x5f,0x63,0x6f,0x6c,0x6f,0x72,0x5f,0x74,0x65,0x78,
    0x2c,0x20,0x62,0x61,0x73,0x65,0x5f,0x63,0x6f,0x6c,0x6f,0x72,0x5f,0x73,0x6d,0x70,
    0x2c,0x20,0x78,0x5f,0x33,0x36,0x29,0x3b,0x0a,0x20,0x20,0x20,0x20,0x78,0x5f,0x34,
    0x32,0x20,0x3d,0x20,0x28,0x78,0x5f,0x33,0x37,0x2e,0x77,0x20,0x3c,0x20,0x78,0x5f,
    0x31,0x38,0x29,0x3b,0x0a,0x20,0x20,0x20,0x20,0x78,0x5f,0x34,0x33,0x20,0x3d,0x20,
    0x78,0x5f,0x34,0x32,0x3b,0x0a,0x20,0x20,0x7d,0x0a,0x20,0x20,0x69,0x66,0x20,0x28,
    0x78,0x5f,0x34,0x33,0x29,0x20,0x7b,0x0a,0x20,0x20,0x20,0x20,0x64,0x69,0x73,0x63,
    0x61,0x72,0x64,0x3b,0x0a,0x20,0x20,0x7d,0x0a,0x20,0x20,0x72,0x65,0x74,0x75,0x72,
    0x6e,0x3b,0x0a,0x7d,0x0a,0x0a,0x40,0x66,0x72,0x61,0x67,0x6d,0x65,0x6e,0x74,0x0a,
    0x66,0x6e,0x20,0x6d,0x61,0x69,0x6e,0x28,0x40,0x6c,0x6f,0x63,0x61,0x74,0x69,0x6f,
    0x6e,0x28,0x30,0x29,0x20,0x76,0x5f,0x75,0x76,0x30,0x5f,0x70,0x61,0x72,0x61,0x6d,
    0x20,0x3a,0x20,0x76,0x65,0x63,0x32,0x66,0x29,0x20,0x7b,0x0a,0x20,0x20,0x76,0x5f,
    0x75,0x76,0x30,0x20,0x3d,0x20,0x76,0x5f,0x75,0x76,0x30,0x5f,0x70,0x61,0x72,0x61,
    0x6d,0x3b,0x0a,0x20,0x20,0x6d,0x61,0x69,0x6e,0x5f,0x31,0x28,0x29,0x3b,0x0a,0x7d,
    0x0a,0x00,
};
#endif
static inline const sg_shader_desc* depth_skinned_shader_desc(sg_backend backend) {
    #if defined(SOKOL_GLCORE)
    if (backend == SG_BACKEND_GLCORE) {
        static sg_shader_desc desc;
        static bool valid;
        if (!valid) {
            valid = true;
            desc.vertex_func.source = (const char*)vs_depth_skinned_source_glsl410;
            desc.vertex_func.entry = "main";
            desc.fragment_func.source = (const char*)fs_depth_source_glsl410;
            desc.fragment_func.entry = "main";
            desc.attrs[0].base_type = SG_SHADERATTRBASETYPE_FLOAT;
            desc.attrs[0].glsl_name = "position";
            desc.attrs[1].base_type = SG_SHADERATTRBASETYPE_FLOAT;
            desc.attrs[1].glsl_name = "texcoord0";
            desc.attrs[2].base_type = SG_SHADERATTRBASETYPE_FLOAT;
            desc.attrs[2].glsl_name = "joints";
            desc.attrs[3].base_type = SG_SHADERATTRBASETYPE_FLOAT;
            desc.attrs[3].glsl_name = "weights";
            desc.uniform_blocks[0].stage = SG_SHADERSTAGE_VERTEX;
            desc.uniform_blocks[0].layout = SG_UNIFORMLAYOUT_STD140;
            desc.uniform_blocks[0].size = 80;
            desc.uniform_blocks[0].glsl_uniforms[0].type = SG_UNIFORMTYPE_FLOAT4;
            desc.uniform_blocks[0].glsl_uniforms[0].array_count = 5;
            desc.uniform_blocks[0].glsl_uniforms[0].glsl_name = "vs_depth_skin_params";
            desc.uniform_blocks[1].stage = SG_SHADERSTAGE_FRAGMENT;
            desc.uniform_blocks[1].layout = SG_UNIFORMLAYOUT_STD140;
            desc.uniform_blocks[1].size = 16;
            desc.uniform_blocks[1].glsl_uniforms[0].type = SG_UNIFORMTYPE_FLOAT4;
            desc.uniform_blocks[1].glsl_uniforms[0].array_count = 1;
            desc.uniform_blocks[1].glsl_uniforms[0].glsl_name = "fs_depth_params";
            desc.views[0].texture.stage = SG_SHADERSTAGE_FRAGMENT;
            desc.views[0].texture.image_type = SG_IMAGETYPE_2D;
            desc.views[0].texture.sample_type = SG_IMAGESAMPLETYPE_FLOAT;
            desc.views[0].texture.multisampled = false;
            desc.views[7].texture.stage = SG_SHADERSTAGE_VERTEX;
            desc.views[7].texture.image_type = SG_IMAGETYPE_2D;
            desc.views[7].texture.sample_type = SG_IMAGESAMPLETYPE_UNFILTERABLE_FLOAT;
            desc.views[7].texture.multisampled = false;
            desc.views[9].texture.stage = SG_SHADERSTAGE_VERTEX;
            desc.views[9].texture.image_type = SG_IMAGETYPE_2D;
            desc.views[9].texture.sample_type = SG_IMAGESAMPLETYPE_UNFILTERABLE_FLOAT;
            desc.views[9].texture.multisampled = false;
            desc.samplers[0].stage = SG_SHADERSTAGE_FRAGMENT;
            desc.samplers[0].sampler_type = SG_SAMPLERTYPE_FILTERING;
            desc.samplers[7].stage = SG_SHADERSTAGE_VERTEX;
            desc.samplers[7].sampler_type = SG_SAMPLERTYPE_NONFILTERING;
            desc.samplers[9].stage = SG_SHADERSTAGE_VERTEX;
            desc.samplers[9].sampler_type = SG_SAMPLERTYPE_NONFILTERING;
            desc.texture_sampler_pairs[0].stage = SG_SHADERSTAGE_VERTEX;
            desc.texture_sampler_pairs[0].view_slot = 9;
            desc.texture_sampler_pairs[0].sampler_slot = 9;
            desc.texture_sampler_pairs[0].glsl_name = "instance_tex_instance_smp";
            desc.texture_sampler_pairs[1].stage = SG_SHADERSTAGE_VERTEX;
            desc.texture_sampler_pairs[1].view_slot = 7;
            desc.texture_sampler_pairs[1].sampler_slot = 7;
            desc.texture_sampler_pairs[1].glsl_name = "joint_tex_joint_smp";
            desc.texture_sampler_pairs[2].stage = SG_SHADERSTAGE_FRAGMENT;
            desc.texture_sampler_pairs[2].view_slot = 0;
            desc.texture_sampler_pairs[2].sampler_slot = 0;
            desc.texture_sampler_pairs[2].glsl_name = "base_color_tex_base_color_smp";
            desc.label = "depth_skinned_shader";
        }
        return &desc;
    }
    #endif /* SOKOL_GLCORE */
    #if defined(SOKOL_GLES3)
    if (backend == SG_BACKEND_GLES3) {
        static sg_shader_desc desc;
        static bool valid;
        if (!valid) {
            valid = true;
            desc.vertex_func.source = (const char*)vs_depth_skinned_source_glsl300es;
            desc.vertex_func.entry = "main";
            desc.fragment_func.source = (const char*)fs_depth_source_glsl300es;
            desc.fragment_func.entry = "main";
            desc.attrs[0].base_type = SG_SHADERATTRBASETYPE_FLOAT;
            desc.attrs[0].glsl_name = "position";
            desc.attrs[1].base_type = SG_SHADERATTRBASETYPE_FLOAT;
            desc.attrs[1].glsl_name = "texcoord0";
            desc.attrs[2].base_type = SG_SHADERATTRBASETYPE_FLOAT;
            desc.attrs[2].glsl_name = "joints";
            desc.attrs[3].base_type = SG_SHADERATTRBASETYPE_FLOAT;
            desc.attrs[3].glsl_name = "weights";
            desc.uniform_blocks[0].stage = SG_SHADERSTAGE_VERTEX;
            desc.uniform_blocks[0].layout = SG_UNIFORMLAYOUT_STD140;
            desc.uniform_blocks[0].size = 80;
            desc.uniform_blocks[0].glsl_uniforms[0].type = SG_UNIFORMTYPE_FLOAT4;
            desc.uniform_blocks[0].glsl_uniforms[0].array_count = 5;
            desc.uniform_blocks[0].glsl_uniforms[0].glsl_name = "vs_depth_skin_params";
            desc.uniform_blocks[1].stage = SG_SHADERSTAGE_FRAGMENT;
            desc.uniform_blocks[1].layout = SG_UNIFORMLAYOUT_STD140;
            desc.uniform_blocks[1].size = 16;
            desc.uniform_blocks[1].glsl_uniforms[0].type = SG_UNIFORMTYPE_FLOAT4;
            desc.uniform_blocks[1].glsl_uniforms[0].array_count = 1;
            desc.uniform_blocks[1].glsl_uniforms[0].glsl_name = "fs_depth_params";
            desc.views[0].texture.stage = SG_SHADERSTAGE_FRAGMENT;
            desc.views[0].texture.image_type = SG_IMAGETYPE_2D;
            desc.views[0].texture.sample_type = SG_IMAGESAMPLETYPE_FLOAT;
            desc.views[0].texture.multisampled = false;
            desc.views[7].texture.stage = SG_SHADERSTAGE_VERTEX;
            desc.views[7].texture.image_type = SG_IMAGETYPE_2D;
            desc.views[7].texture.sample_type = SG_IMAGESAMPLETYPE_UNFILTERABLE_FLOAT;
            desc.views[7].texture.multisampled = false;
            desc.views[9].texture.stage = SG_SHADERSTAGE_VERTEX;
            desc.views[9].texture.image_type = SG_IMAGETYPE_2D;
            desc.views[9].texture.sample_type = SG_IMAGESAMPLETYPE_UNFILTERABLE_FLOAT;
            desc.views[9].texture.multisampled = false;
            desc.samplers[0].stage = SG_SHADERSTAGE_FRAGMENT;
            desc.samplers[0].sampler_type = SG_SAMPLERTYPE_FILTERING;
            desc.samplers[7].stage = SG_SHADERSTAGE_VERTEX;
            desc.samplers[7].sampler_type = SG_SAMPLERTYPE_NONFILTERING;
            desc.samplers[9].stage = SG_SHADERSTAGE_VERTEX;
            desc.samplers[9].sampler_type = SG_SAMPLERTYPE_NONFILTERING;
            desc.texture_sampler_pairs[0].stage = SG_SHADERSTAGE_VERTEX;
            desc.texture_sampler_pairs[0].view_slot = 9;
            desc.texture_sampler_pairs[0].sampler_slot = 9;
            desc.texture_sampler_pairs[0].glsl_name = "instance_tex_instance_smp";
            desc.texture_sampler_pairs[1].stage = SG_SHADERSTAGE_VERTEX;
            desc.texture_sampler_pairs[1].view_slot = 7;
            desc.texture_sampler_pairs[1].sampler_slot = 7;
            desc.texture_sampler_pairs[1].glsl_name = "joint_tex_joint_smp";
            desc.texture_sampler_pairs[2].stage = SG_SHADERSTAGE_FRAGMENT;
            desc.texture_sampler_pairs[2].view_slot = 0;
            desc.texture_sampler_pairs[2].sampler_slot = 0;
            desc.texture_sampler_pairs[2].glsl_name = "base_color_tex_base_color_smp";
            desc.label = "depth_skinned_shader";
        }
        return &desc;
    }
    #endif /* SOKOL_GLES3 */
    #if defined(SOKOL_WGPU)
    if (backend == SG_BACKEND_WGPU) {
        static sg_shader_desc desc;
        static bool valid;
        if (!valid) {
            valid = true;
            desc.vertex_func.source = (const char*)vs_depth_skinned_source_wgsl;
            desc.vertex_func.entry = "main";
            desc.fragment_func.source = (const char*)fs_depth_source_wgsl;
            desc.fragment_func.entry = "main";
            desc.attrs[0].base_type = SG_SHADERATTRBASETYPE_FLOAT;
            desc.attrs[1].base_type = SG_SHADERATTRBASETYPE_FLOAT;
            desc.attrs[2].base_type = SG_SHADERATTRBASETYPE_FLOAT;
            desc.attrs[3].base_type = SG_SHADERATTRBASETYPE_FLOAT;
            desc.uniform_blocks[0].stage = SG_SHADERSTAGE_VERTEX;
            desc.uniform_blocks[0].layout = SG_UNIFORMLAYOUT_STD140;
            desc.uniform_blocks[0].size = 80;
            desc.uniform_blocks[0].wgsl_group0_binding_n = 0;
            desc.uniform_blocks[1].stage = SG_SHADERSTAGE_FRAGMENT;
            desc.uniform_blocks[1].layout = SG_UNIFORMLAYOUT_STD140;
            desc.uniform_blocks[1].size = 16;
            desc.uniform_blocks[1].wgsl_group0_binding_n = 1;
            desc.views[0].texture.stage = SG_SHADERSTAGE_FRAGMENT;
            desc.views[0].texture.image_type = SG_IMAGETYPE_2D;
            desc.views[0].texture.sample_type = SG_IMAGESAMPLETYPE_FLOAT;
            desc.views[0].texture.multisampled = false;
            desc.views[0].texture.wgsl_group1_binding_n = 0;
            desc.views[7].texture.stage = SG_SHADERSTAGE_VERTEX;
            desc.views[7].texture.image_type = SG_IMAGETYPE_2D;
            desc.views[7].texture.sample_type = SG_IMAGESAMPLETYPE_UNFILTERABLE_FLOAT;
            desc.views[7].texture.multisampled = false;
            desc.views[7].texture.wgsl_group1_binding_n = 7;
            desc.views[9].texture.stage = SG_SHADERSTAGE_VERTEX;
            desc.views[9].texture.image_type = SG_IMAGETYPE_2D;
            desc.views[9].texture.sample_type = SG_IMAGESAMPLETYPE_UNFILTERABLE_FLOAT;
            desc.views[9].texture.multisampled = false;
            desc.views[9].texture.wgsl_group1_binding_n = 9;
            desc.samplers[0].stage = SG_SHADERSTAGE_FRAGMENT;
            desc.samplers[0].sampler_type = SG_SAMPLERTYPE_FILTERING;
            desc.samplers[0].wgsl_group1_binding_n = 32;
            desc.samplers[7].stage = SG_SHADERSTAGE_VERTEX;
            desc.samplers[7].sampler_type = SG_SAMPLERTYPE_NONFILTERING;
            desc.samplers[7].wgsl_group1_binding_n = 39;
            desc.samplers[9].stage = SG_SHADERSTAGE_VERTEX;
            desc.samplers[9].sampler_type = SG_SAMPLERTYPE_NONFILTERING;
            desc.samplers[9].wgsl_group1_binding_n = 41;
            desc.texture_sampler_pairs[0].stage = SG_SHADERSTAGE_VERTEX;
            desc.texture_sampler_pairs[0].view_slot = 9;
            desc.texture_sampler_pairs[0].sampler_slot = 9;
            desc.texture_sampler_pairs[1].stage = SG_SHADERSTAGE_VERTEX;
            desc.texture_sampler_pairs[1].view_slot = 7;
            desc.texture_sampler_pairs[1].sampler_slot = 7;
            desc.texture_sampler_pairs[2].stage = SG_SHADERSTAGE_FRAGMENT;
            desc.texture_sampler_pairs[2].view_slot = 0;
            desc.texture_sampler_pairs[2].sampler_slot = 0;
            desc.label = "depth_skinned_shader";
        }
        return &desc;
    }
    #endif /* SOKOL_WGPU */
    return 0;
}
static inline const sg_shader_desc* depth_static_shader_desc(sg_backend backend) {
    #if defined(SOKOL_GLCORE)
    if (backend == SG_BACKEND_GLCORE) {
        static sg_shader_desc desc;
        static bool valid;
        if (!valid) {
            valid = true;
            desc.vertex_func.source = (const char*)vs_depth_static_source_glsl410;
            desc.vertex_func.entry = "main";
            desc.fragment_func.source = (const char*)fs_depth_source_glsl410;
            desc.fragment_func.entry = "main";
            desc.attrs[0].base_type = SG_SHADERATTRBASETYPE_FLOAT;
            desc.attrs[0].glsl_name = "position";
            desc.attrs[1].base_type = SG_SHADERATTRBASETYPE_FLOAT;
            desc.attrs[1].glsl_name = "texcoord0";
            desc.uniform_blocks[0].stage = SG_SHADERSTAGE_VERTEX;
            desc.uniform_blocks[0].layout = SG_UNIFORMLAYOUT_STD140;
            desc.uniform_blocks[0].size = 80;
            desc.uniform_blocks[0].glsl_uniforms[0].type = SG_UNIFORMTYPE_FLOAT4;
            desc.uniform_blocks[0].glsl_uniforms[0].array_count = 5;
            desc.uniform_blocks[0].glsl_uniforms[0].glsl_name = "vs_depth_params";
            desc.uniform_blocks[1].stage = SG_SHADERSTAGE_FRAGMENT;
            desc.uniform_blocks[1].layout = SG_UNIFORMLAYOUT_STD140;
            desc.uniform_blocks[1].size = 16;
            desc.uniform_blocks[1].glsl_uniforms[0].type = SG_UNIFORMTYPE_FLOAT4;
            desc.uniform_blocks[1].glsl_uniforms[0].array_count = 1;
            desc.uniform_blocks[1].glsl_uniforms[0].glsl_name = "fs_depth_params";
            desc.views[0].texture.stage = SG_SHADERSTAGE_FRAGMENT;
            desc.views[0].texture.image_type = SG_IMAGETYPE_2D;
            desc.views[0].texture.sample_type = SG_IMAGESAMPLETYPE_FLOAT;
            desc.views[0].texture.multisampled = false;
            desc.views[9].texture.stage = SG_SHADERSTAGE_VERTEX;
            desc.views[9].texture.image_type = SG_IMAGETYPE_2D;
            desc.views[9].texture.sample_type = SG_IMAGESAMPLETYPE_UNFILTERABLE_FLOAT;
            desc.views[9].texture.multisampled = false;
            desc.samplers[0].stage = SG_SHADERSTAGE_FRAGMENT;
            desc.samplers[0].sampler_type = SG_SAMPLERTYPE_FILTERING;
            desc.samplers[9].stage = SG_SHADERSTAGE_VERTEX;
            desc.samplers[9].sampler_type = SG_SAMPLERTYPE_NONFILTERING;
            desc.texture_sampler_pairs[0].stage = SG_SHADERSTAGE_VERTEX;
            desc.texture_sampler_pairs[0].view_slot = 9;
            desc.texture_sampler_pairs[0].sampler_slot = 9;
            desc.texture_sampler_pairs[0].glsl_name = "instance_tex_instance_smp";
            desc.texture_sampler_pairs[1].stage = SG_SHADERSTAGE_FRAGMENT;
            desc.texture_sampler_pairs[1].view_slot = 0;
            desc.texture_sampler_pairs[1].sampler_slot = 0;
            desc.texture_sampler_pairs[1].glsl_name = "base_color_tex_base_color_smp";
            desc.label = "depth_static_shader";
        }
        return &desc;
    }
    #endif /* SOKOL_GLCORE */
    #if defined(SOKOL_GLES3)
    if (backend == SG_BACKEND_GLES3) {
        static sg_shader_desc desc;
        static bool valid;
        if (!valid) {
            valid = true;
            desc.vertex_func.source = (const char*)vs_depth_static_source_glsl300es;
            desc.vertex_func.entry = "main";
            desc.fragment_func.source = (const char*)fs_depth_source_glsl300es;
            desc.fragment_func.entry = "main";
            desc.attrs[0].base_type = SG_SHADERATTRBASETYPE_FLOAT;
            desc.attrs[0].glsl_name = "position";
            desc.attrs[1].base_type = SG_SHADERATTRBASETYPE_FLOAT;
            desc.attrs[1].glsl_name = "texcoord0";
            desc.uniform_blocks[0].stage = SG_SHADERSTAGE_VERTEX;
            desc.uniform_blocks[0].layout = SG_UNIFORMLAYOUT_STD140;
            desc.uniform_blocks[0].size = 80;
            desc.uniform_blocks[0].glsl_uniforms[0].type = SG_UNIFORMTYPE_FLOAT4;
            desc.uniform_blocks[0].glsl_uniforms[0].array_count = 5;
            desc.uniform_blocks[0].glsl_uniforms[0].glsl_name = "vs_depth_params";
            desc.uniform_blocks[1].stage = SG_SHADERSTAGE_FRAGMENT;
            desc.uniform_blocks[1].layout = SG_UNIFORMLAYOUT_STD140;
            desc.uniform_blocks[1].size = 16;
            desc.uniform_blocks[1].glsl_uniforms[0].type = SG_UNIFORMTYPE_FLOAT4;
            desc.uniform_blocks[1].glsl_uniforms[0].array_count = 1;
            desc.uniform_blocks[1].glsl_uniforms[0].glsl_name = "fs_depth_params";
            desc.views[0].texture.stage = SG_SHADERSTAGE_FRAGMENT;
            desc.views[0].texture.image_type = SG_IMAGETYPE_2D;
            desc.views[0].texture.sample_type = SG_IMAGESAMPLETYPE_FLOAT;
            desc.views[0].texture.multisampled = false;
            desc.views[9].texture.stage = SG_SHADERSTAGE_VERTEX;
            desc.views[9].texture.image_type = SG_IMAGETYPE_2D;
            desc.views[9].texture.sample_type = SG_IMAGESAMPLETYPE_UNFILTERABLE_FLOAT;
            desc.views[9].texture.multisampled = false;
            desc.samplers[0].stage = SG_SHADERSTAGE_FRAGMENT;
            desc.samplers[0].sampler_type = SG_SAMPLERTYPE_FILTERING;
            desc.samplers[9].stage = SG_SHADERSTAGE_VERTEX;
            desc.samplers[9].sampler_type = SG_SAMPLERTYPE_NONFILTERING;
            desc.texture_sampler_pairs[0].stage = SG_SHADERSTAGE_VERTEX;
            desc.texture_sampler_pairs[0].view_slot = 9;
            desc.texture_sampler_pairs[0].sampler_slot = 9;
            desc.texture_sampler_pairs[0].glsl_name = "instance_tex_instance_smp";
            desc.texture_sampler_pairs[1].stage = SG_SHADERSTAGE_FRAGMENT;
            desc.texture_sampler_pairs[1].view_slot = 0;
            desc.texture_sampler_pairs[1].sampler_slot = 0;
            desc.texture_sampler_pairs[1].glsl_name = "base_color_tex_base_color_smp";
            desc.label = "depth_static_shader";
        }
        return &desc;
    }
    #endif /* SOKOL_GLES3 */
    #if defined(SOKOL_WGPU)
    if (backend == SG_BACKEND_WGPU) {
        static sg_shader_desc desc;
        static bool valid;
        if (!valid) {
            valid = true;
            desc.vertex_func.source = (const char*)vs_depth_static_source_wgsl;
            desc.vertex_func.entry = "main";
            desc.fragment_func.source = (const char*)fs_depth_source_wgsl;
            desc.fragment_func.entry = "main";
            desc.attrs[0].base_type = SG_SHADERATTRBASETYPE_FLOAT;
            desc.attrs[1].base_type = SG_SHADERATTRBASETYPE_FLOAT;
            desc.uniform_blocks[0].stage = SG_SHADERSTAGE_VERTEX;
            desc.uniform_blocks[0].layout = SG_UNIFORMLAYOUT_STD140;
            desc.uniform_blocks[0].size = 80;
            desc.uniform_blocks[0].wgsl_group0_binding_n = 0;
            desc.uniform_blocks[1].stage = SG_SHADERSTAGE_FRAGMENT;
            desc.uniform_blocks[1].layout = SG_UNIFORMLAYOUT_STD140;
            desc.uniform_blocks[1].size = 16;
            desc.uniform_blocks[1].wgsl_group0_binding_n = 1;
            desc.views[0].texture.stage = SG_SHADERSTAGE_FRAGMENT;
            desc.views[0].texture.image_type = SG_IMAGETYPE_2D;
            desc.views[0].texture.sample_type = SG_IMAGESAMPLETYPE_FLOAT;
            desc.views[0].texture.multisampled = false;
            desc.views[0].texture.wgsl_group1_binding_n = 0;
            desc.views[9].texture.stage = SG_SHADERSTAGE_VERTEX;
            desc.views[9].texture.image_type = SG_IMAGETYPE_2D;
            desc.views[9].texture.sample_type = SG_IMAGESAMPLETYPE_UNFILTERABLE_FLOAT;
            desc.views[9].texture.multisampled = false;
            desc.views[9].texture.wgsl_group1_binding_n = 9;
            desc.samplers[0].stage = SG_SHADERSTAGE_FRAGMENT;
            desc.samplers[0].sampler_type = SG_SAMPLERTYPE_FILTERING;
            desc.samplers[0].wgsl_group1_binding_n = 32;
            desc.samplers[9].stage = SG_SHADERSTAGE_VERTEX;
            desc.samplers[9].sampler_type = SG_SAMPLERTYPE_NONFILTERING;
            desc.samplers[9].wgsl_group1_binding_n = 41;
            desc.texture_sampler_pairs[0].stage = SG_SHADERSTAGE_VERTEX;
            desc.texture_sampler_pairs[0].view_slot = 9;
            desc.texture_sampler_pairs[0].sampler_slot = 9;
            desc.texture_sampler_pairs[1].stage = SG_SHADERSTAGE_FRAGMENT;
            desc.texture_sampler_pairs[1].view_slot = 0;
            desc.texture_sampler_pairs[1].sampler_slot = 0;
            desc.label = "depth_static_shader";
        }
        return &desc;
    }
    #endif /* SOKOL_WGPU */
    return 0;
}
