#pragma once
/*
    #version:1# (machine generated, don't edit!)

    Generated by sokol-shdc (https://github.com/floooh/sokol-tools)

    Cmdline:
        sokol-shdc -i src/shaders/wgr_sprite.glsl -o src/shaders/wgr_sprite.glsl.h -l glsl410:glsl300es:wgsl --ifdef

    Overview:
    =========
    Shader program: 'particle':
        Get shader desc: sprite_particle_shader_desc(sg_query_backend());
        Vertex Shader: vs_particle
        Fragment Shader: fs
        Attributes:
            ATTR_sprite_particle_corner => 0
            ATTR_sprite_particle_born => 1
            ATTR_sprite_particle_motion => 2
            ATTR_sprite_particle_shape => 3
    Shader program: 'quad':
        Get shader desc: sprite_quad_shader_desc(sg_query_backend());
        Vertex Shader: vs
        Fragment Shader: fs
        Attributes:
            ATTR_sprite_quad_corner => 0
            ATTR_sprite_quad_inst_pos => 1
            ATTR_sprite_quad_inst_size => 2
            ATTR_sprite_quad_inst_uv => 3
            ATTR_sprite_quad_inst_right => 4
            ATTR_sprite_quad_inst_up => 5
            ATTR_sprite_quad_inst_color => 6
    Shader program: 'quad_lit':
        Get shader desc: sprite_quad_lit_shader_desc(sg_query_backend());
        Vertex Shader: vs_lit
        Fragment Shader: fs_lit
        Attributes:
            ATTR_sprite_quad_lit_corner => 0
            ATTR_sprite_quad_lit_inst_pos => 1
            ATTR_sprite_quad_lit_inst_size => 2
            ATTR_sprite_quad_lit_inst_uv => 3
            ATTR_sprite_quad_lit_inst_right => 4
            ATTR_sprite_quad_lit_inst_up => 5
            ATTR_sprite_quad_lit_inst_color => 6
    Shader program: 'quad_lit_pulled':
        Get shader desc: sprite_quad_lit_pulled_shader_desc(sg_query_backend());
        Vertex Shader: vs_lit_pulled
        Fragment Shader: fs_lit
        Attributes:
            ATTR_sprite_quad_lit_pulled_corner => 0
    Shader program: 'quad_pulled':
        Get shader desc: sprite_quad_pulled_shader_desc(sg_query_backend());
        Vertex Shader: vs_pulled
        Fragment Shader: fs
        Attributes:
            ATTR_sprite_quad_pulled_corner => 0
    Bindings:
        Uniform block 'particle_params':
            C struct: sprite_particle_params_t
            Bind slot: UB_sprite_particle_params => 0
        Uniform block 'vs_params':
            C struct: sprite_vs_params_t
            Bind slot: UB_sprite_vs_params => 0
        Uniform block 'fs_params':
            C struct: sprite_fs_params_t
            Bind slot: UB_sprite_fs_params => 1
        Uniform block 'fs_scene':
            C struct: sprite_fs_scene_t
            Bind slot: UB_sprite_fs_scene => 2
        Uniform block 'fs_lights':
            C struct: sprite_fs_lights_t
            Bind slot: UB_sprite_fs_lights => 3
        Uniform block 'vs_batch_lit':
            C struct: sprite_vs_batch_lit_t
            Bind slot: UB_sprite_vs_batch_lit => 4
        Uniform block 'vs_batch':
            C struct: sprite_vs_batch_t
            Bind slot: UB_sprite_vs_batch => 1
        Texture 'tex':
            Image type: SG_IMAGETYPE_2D
            Sample type: SG_IMAGESAMPLETYPE_FLOAT
            Multisampled: false
            Bind slot: VIEW_sprite_tex => 0
        Texture 'shadow_tex':
            Image type: SG_IMAGETYPE_ARRAY
            Sample type: SG_IMAGESAMPLETYPE_DEPTH
            Multisampled: false
            Bind slot: VIEW_sprite_shadow_tex => 8
        Texture 'base_color_tex':
            Image type: SG_IMAGETYPE_2D
            Sample type: SG_IMAGESAMPLETYPE_FLOAT
            Multisampled: false
            Bind slot: VIEW_sprite_base_color_tex => 0
        Texture 'normal_tex':
            Image type: SG_IMAGETYPE_2D
            Sample type: SG_IMAGESAMPLETYPE_FLOAT
            Multisampled: false
            Bind slot: VIEW_sprite_normal_tex => 2
        Texture 'metallic_roughness_tex':
            Image type: SG_IMAGETYPE_2D
            Sample type: SG_IMAGESAMPLETYPE_FLOAT
            Multisampled: false
            Bind slot: VIEW_sprite_metallic_roughness_tex => 1
        Texture 'occlusion_tex':
            Image type: SG_IMAGETYPE_2D
            Sample type: SG_IMAGESAMPLETYPE_FLOAT
            Multisampled: false
            Bind slot: VIEW_sprite_occlusion_tex => 3
        Texture 'env_tex':
            Image type: SG_IMAGETYPE_CUBE
            Sample type: SG_IMAGESAMPLETYPE_FLOAT
            Multisampled: false
            Bind slot: VIEW_sprite_env_tex => 5
        Texture 'brdf_tex':
            Image type: SG_IMAGETYPE_2D
            Sample type: SG_IMAGESAMPLETYPE_FLOAT
            Multisampled: false
            Bind slot: VIEW_sprite_brdf_tex => 6
        Texture 'emissive_tex':
            Image type: SG_IMAGETYPE_2D
            Sample type: SG_IMAGESAMPLETYPE_FLOAT
            Multisampled: false
            Bind slot: VIEW_sprite_emissive_tex => 4
        Texture 'sprite_data_lit':
            Image type: SG_IMAGETYPE_2D
            Sample type: SG_IMAGESAMPLETYPE_UNFILTERABLE_FLOAT
            Multisampled: false
            Bind slot: VIEW_sprite_sprite_data_lit => 7
        Texture 'sprite_data':
            Image type: SG_IMAGETYPE_2D
            Sample type: SG_IMAGESAMPLETYPE_UNFILTERABLE_FLOAT
            Multisampled: false
            Bind slot: VIEW_sprite_sprite_data => 1
        Sampler 'smp':
            Type: SG_SAMPLERTYPE_FILTERING
            Bind slot: SMP_sprite_smp => 0
        Sampler 'shadow_smp':
            Type: SG_SAMPLERTYPE_COMPARISON
            Bind slot: SMP_sprite_shadow_smp => 8
        Sampler 'base_color_smp':
            Type: SG_SAMPLERTYPE_FILTERING
            Bind slot: SMP_sprite_base_color_smp => 0
        Sampler 'normal_smp':
            Type: SG_SAMPLERTYPE_FILTERING
            Bind slot: SMP_sprite_normal_smp => 2
        Sampler 'metallic_roughness_smp':
            Type: SG_SAMPLERTYPE_FILTERING
            Bind slot: SMP_sprite_metallic_roughness_smp => 1
        Sampler 'occlusion_smp':
            Type: SG_SAMPLERTYPE_FILTERING
            Bind slot: SMP_sprite_occlusion_smp => 3
        Sampler 'env_smp':
            Type: SG_SAMPLERTYPE_FILTERING
            Bind slot: SMP_sprite_env_smp => 5
        Sampler 'brdf_smp':
            Type: SG_SAMPLERTYPE_FILTERING
            Bind slot: SMP_sprite_brdf_smp => 6
        Sampler 'emissive_smp':
            Type: SG_SAMPLERTYPE_FILTERING
            Bind slot: SMP_sprite_emissive_smp => 4
        Sampler 'sprite_data_lit_smp':
            Type: SG_SAMPLERTYPE_NONFILTERING
            Bind slot: SMP_sprite_sprite_data_lit_smp => 7
        Sampler 'sprite_data_smp':
            Type: SG_SAMPLERTYPE_NONFILTERING
            Bind slot: SMP_sprite_sprite_data_smp => 1
*/
#if !defined(SOKOL_GFX_INCLUDED)
#error "Please include sokol_gfx.h before wgr_sprite.glsl.h"
#endif
#if !defined(SOKOL_SHDC_ALIGN)
#if defined(_MSC_VER)
#define SOKOL_SHDC_ALIGN(a) __declspec(align(a))
#else
#define SOKOL_SHDC_ALIGN(a) __attribute__((aligned(a)))
#endif
#endif
#define ATTR_sprite_particle_corner (0)
#define ATTR_sprite_particle_born (1)
#define ATTR_sprite_particle_motion (2)
#define ATTR_sprite_particle_shape (3)
#define ATTR_sprite_quad_corner (0)
#define ATTR_sprite_quad_inst_pos (1)
#define ATTR_sprite_quad_inst_size (2)
#define ATTR_sprite_quad_inst_uv (3)
#define ATTR_sprite_quad_inst_right (4)
#define ATTR_sprite_quad_inst_up (5)
#define ATTR_sprite_quad_inst_color (6)
#define ATTR_sprite_quad_lit_corner (0)
#define ATTR_sprite_quad_lit_inst_pos (1)
#define ATTR_sprite_quad_lit_inst_size (2)
#define ATTR_sprite_quad_lit_inst_uv (3)
#define ATTR_sprite_quad_lit_inst_right (4)
#define ATTR_sprite_quad_lit_inst_up (5)
#define ATTR_sprite_quad_lit_inst_color (6)
#define ATTR_sprite_quad_lit_pulled_corner (0)
#define ATTR_sprite_quad_pulled_corner (0)
#define UB_sprite_particle_params (0)
#define UB_sprite_vs_params (0)
#define UB_sprite_fs_params (1)
#define UB_sprite_fs_scene (2)
#define UB_sprite_fs_lights (3)
#define UB_sprite_vs_batch_lit (4)
#define UB_sprite_vs_batch (1)
#define VIEW_sprite_tex (0)
#define VIEW_sprite_shadow_tex (8)
#define VIEW_sprite_base_color_tex (0)
#define VIEW_sprite_normal_tex (2)
#define VIEW_sprite_metallic_roughness_tex (1)
#define VIEW_sprite_occlusion_tex (3)
#define VIEW_sprite_env_tex (5)
#define VIEW_sprite_brdf_tex (6)
#define VIEW_sprite_emissive_tex (4)
#define VIEW_sprite_sprite_data_lit (7)
#define VIEW_sprite_sprite_data (1)
#define SMP_sprite_smp (0)
#define SMP_sprite_shadow_smp (8)
#define SMP_sprite_base_color_smp (0)
#define SMP_sprite_normal_smp (2)
#define SMP_sprite_metallic_roughness_smp (1)
#define SMP_sprite_occlusion_smp (3)
#define SMP_sprite_env_smp (5)
#define SMP_sprite_brdf_smp (6)
#define SMP_sprite_emissive_smp (4)
#define SMP_sprite_sprite_data_lit_smp (7)
#define SMP_sprite_sprite_data_smp (1)
#pragma pack(push,1)
SOKOL_SHDC_ALIGN(16) typedef struct sprite_particle_params_t {
    float view_proj[16];
    float axis_x[4];
    float axis_y[4];
    float gravity_now[4];
    float counts[4];
    float source[4];
    float dynamics[4];
    float frames[4];
    float size_times[2][4];
    float size_values[2][4];
    float color_times[2][4];
    float color_values[8][4];
    float palette[8][4];
} sprite_particle_params_t;
#pragma pack(pop)
#pragma pack(push,1)
SOKOL_SHDC_ALIGN(16) typedef struct sprite_vs_params_t {
    float view_proj[16];
    float camera_right[4];
    float camera_up[4];
    float upright[4];
} sprite_vs_params_t;
#pragma pack(pop)
#pragma pack(push,1)
SOKOL_SHDC_ALIGN(16) typedef struct sprite_fs_params_t {
    float u_base_color[4];
    float u_emissive[4];
    float u_pbr[4];
    float u_material[4];
    float u_uv_row0[5][4];
    float u_uv_row1[5][4];
} sprite_fs_params_t;
#pragma pack(pop)
#pragma pack(push,1)
SOKOL_SHDC_ALIGN(16) typedef struct sprite_fs_scene_t {
    float u_camera_pos[4];
    float u_ambient[4];
    float u_env[4];
    float u_sh[9][4];
    float u_tonemap[4];
    float u_shadow_mat[4][16];
    float u_shadow_params[4][4];
    float u_shadow_tint[4][4];
    float u_shadow_extra[4][4];
    float u_shadow_map[4];
} sprite_fs_scene_t;
#pragma pack(pop)
#pragma pack(push,1)
SOKOL_SHDC_ALIGN(16) typedef struct sprite_fs_lights_t {
    float u_light_pos_range[8][4];
    float u_light_dir_type[8][4];
    float u_light_radiance[8][4];
    float u_light_spot[8][4];
} sprite_fs_lights_t;
#pragma pack(pop)
#pragma pack(push,1)
SOKOL_SHDC_ALIGN(16) typedef struct sprite_vs_batch_lit_t {
    float batch_lit[4];
} sprite_vs_batch_lit_t;
#pragma pack(pop)
#pragma pack(push,1)
SOKOL_SHDC_ALIGN(16) typedef struct sprite_vs_batch_t {
    float batch[4];
} sprite_vs_batch_t;
#pragma pack(pop)
/*
    #version 410

    uniform vec4 vs_params[7];
    layout(location = 0) out vec2 uv;
    layout(location = 1) out vec4 color;
    layout(location = 2) out float alpha_mode;
    layout(location = 0) in vec2 corner;
    layout(location = 1) in vec4 inst_pos;
    layout(location = 2) in vec4 inst_size;
    layout(location = 3) in vec4 inst_uv;
    layout(location = 4) in vec3 inst_right;
    layout(location = 5) in vec4 inst_up;
    layout(location = 6) in vec4 inst_color;

    void place(vec2 corner_1, vec4 pos, vec4 size, vec4 source, vec3 right_axis, vec4 up_axis, vec4 tint)
    {
        vec3 right = right_axis;
        vec3 up = up_axis.xyz;
        if (pos.w < 0.5)
        {
            right = vs_params[4].xyz;
            up = vs_params[5].xyz;
        }
        else
        {
            if (pos.w < 1.5)
            {
                right = vs_params[6].xyz;
                up = vec3(0.0, 1.0, 0.0);
            }
        }
        gl_Position = mat4(vs_params[0], vs_params[1], vs_params[2], vs_params[3]) * vec4((pos.xyz + (right * (((corner_1.x + 0.5) - size.z) * size.x))) + (up * (((corner_1.y - 0.5) + size.w) * size.y)), 1.0);
        uv = vec2(mix(source.x, source.z, corner_1.x + 0.5), mix(source.y, source.w, 0.5 - corner_1.y));
        color = tint;
        alpha_mode = up_axis.w;
    }

    void main()
    {
        vec2 param = corner;
        vec4 param_1 = inst_pos;
        vec4 param_2 = inst_size;
        vec4 param_3 = inst_uv;
        vec3 param_4 = inst_right;
        vec4 param_5 = inst_up;
        vec4 param_6 = inst_color;
        place(param, param_1, param_2, param_3, param_4, param_5, param_6);
    }

*/
#if defined(SOKOL_GLCORE)
static const uint8_t sprite_vs_source_glsl410[1478] = {
    0x23,0x76,0x65,0x72,0x73,0x69,0x6f,0x6e,0x20,0x34,0x31,0x30,0x0a,0x0a,0x75,0x6e,
    0x69,0x66,0x6f,0x72,0x6d,0x20,0x76,0x65,0x63,0x34,0x20,0x76,0x73,0x5f,0x70,0x61,
    0x72,0x61,0x6d,0x73,0x5b,0x37,0x5d,0x3b,0x0a,0x6c,0x61,0x79,0x6f,0x75,0x74,0x28,
    0x6c,0x6f,0x63,0x61,0x74,0x69,0x6f,0x6e,0x20,0x3d,0x20,0x30,0x29,0x20,0x6f,0x75,
    0x74,0x20,0x76,0x65,0x63,0x32,0x20,0x75,0x76,0x3b,0x0a,0x6c,0x61,0x79,0x6f,0x75,
    0x74,0x28,0x6c,0x6f,0x63,0x61,0x74,0x69,0x6f,0x6e,0x20,0x3d,0x20,0x31,0x29,0x20,
    0x6f,0x75,0x74,0x20,0x76,0x65,0x63,0x34,0x20,0x63,0x6f,0x6c,0x6f,0x72,0x3b,0x0a,
    0x6c,0x61,0x79,0x6f,0x75,0x74,0x28,0x6c,0x6f,0x63,0x61,0x74,0x69,0x6f,0x6e,0x20,
    0x3d,0x20,0x32,0x29,0x20,0x6f,0x75,0x74,0x20,0x66,0x6c,0x6f,0x61,0x74,0x20,0x61,
    0x6c,0x70,0x68,0x61,0x5f,0x6d,0x6f,0x64,0x65,0x3b,0x0a,0x6c,0x61,0x79,0x6f,0x75,
    0x74,0x28,0x6c,0x6f,0x63,0x61,0x74,0x69,0x6f,0x6e,0x20,0x3d,0x20,0x30,0x29,0x20,
    0x69,0x6e,0x20,0x76,0x65,0x63,0x32,0x20,0x63,0x6f,0x72,0x6e,0x65,0x72,0x3b,0x0a,
    0x6c,0x61,0x79,0x6f,0x75,0x74,0x28,0x6c,0x6f,0x63,0x61,0x74,0x69,0x6f,0x6e,0x20,
    0x3d,0x20,0x31,0x29,0x20,0x69,0x6e,0x20,0x76,0x65,0x63,0x34,0x20,0x69,0x6e,0x73,
    0x74,0x5f,0x70,0x6f,0x73,0x3b,0x0a,0x6c,0x61,0x79,0x6f,0x75,0x74,0x28,0x6c,0x6f,
    0x63,0x61,0x74,0x69,0x6f,0x6e,0x20,0x3d,0x20,0x32,0x29,0x20,0x69,0x6e,0x20,0x76,
    0x65,0x63,0x34,0x20,0x69,0x6e,0x73,0x74,0x5f,0x73,0x69,0x7a,0x65,0x3b,0x0a,0x6c,
    0x61,0x79,0x6f,0x75,0x74,0x28,0x6c,0x6f,0x63,0x61,0x74,0x69,0x6f,0x6e,0x20,0x3d,
    0x20,0x33,0x29,0x20,0x69,0x6e,0x20,0x76,0x65,0x63,0x34,0x20,0x69,0x6e,0x73,0x74,
    0x5f,0x75,0x76,0x3b,0x0a,0x6c,0x61,0x79,0x6f,0x75,0x74,0x28,0x6c,0x6f,0x63,0x61,
    0x74,0x69,0x6f,0x6e,0x20,0x3d,0x20,0x34,0x29,0x20,0x69,0x6e,0x20,0x76,0x65,0x63,
    0x33,0x20,0x69,0x6e,0x73,0x74,0x5f,0x72,0x69,0x67,0x68,0x74,0x3b,0x0a,0x6c,0x61,
    0x79,0x6f,0x75,0x74,0x28,0x6c,0x6f,0x63,0x61,0x74,0x69,0x6f,0x6e,0x20,0x3d,0x20,
    0x35,0x29,0x20,0x69,0x6e,0x20,0x76,0x65,0x63,0x34,0x20,0x69,0x6e,0x73,0x74,0x5f,
    0x75,0x70,0x3b,0x0a,0x6c,0x61,0x79,0x6f,0x75,0x74,0x28,0x6c,0x6f,0x63,0x61,0x74,
    0x69,0x6f,0x6e,0x20,0x3d,0x20,0x36,0x29,0x20,0x69,0x6e,0x20,0x76,0x65,0x63,0x34,
    0x20,0x69,0x6e,0x73,0x74,0x5f,0x63,0x6f,0x6c,0x6f,0x72,0x3b,0x0a,0x0a,0x76,0x6f,
    0x69,0x64,0x20,0x70,0x6c,0x61,0x63,0x65,0x28,0x76,0x65,0x63,0x32,0x20,0x63,0x6f,
    0x72,0x6e,0x65,0x72,0x5f,0x31,0x2c,0x20,0x76,0x65,0x63,0x34,0x20,0x70,0x6f,0x73,
    0x2c,0x20,0x76,0x65,0x63,0x34,0x20,0x73,0x69,0x7a,0x65,0x2c,0x20,0x76,0x65,0x63,
    0x34,0x20,0x73,0x6f,0x75,0x72,0x63,0x65,0x2c,0x20,0x76,0x65,0x63,0x33,0x20,0x72,
    0x69,0x67,0x68,0x74,0x5f,0x61,0x78,0x69,0x73,0x2c,0x20,0x76,0x65,0x63,0x34,0x20,
    0x75,0x70,0x5f,0x61,0x78,0x69,0x73,0x2c,0x20,0x76,0x65,0x63,0x34,0x20,0x74,0x69,
    0x6e,0x74,0x29,0x0a,0x7b,0x0a,0x20,0x20,0x20,0x20,0x76,0x65,0x63,0x33,0x20,0x72,
    0x69,0x67,0x68,0x74,0x20,0x3d,0x20,0x72,0x69,0x67,0x68,0x74,0x5f,0x61,0x78,0x69,
    0x73,0x3b,0x0a,0x20,0x20,0x20,0x20,0x76,0x65,0x63,0x33,0x20,0x75,0x70,0x20,0x3d,
    0x20,0x75,0x70,0x5f,0x61,0x78,0x69,0x73,0x2e,0x78,0x79,0x7a,0x3b,0x0a,0x20,0x20,
    0x20,0x20,0x69,0x66,0x20,0x28,0x70,0x6f,0x73,0x2e,0x77,0x20,0x3c,0x20,0x30,0x2e,
    0x35,0x29,0x0a,0x20,0x20,0x20,0x20,0x7b,0x0a,0x20,0x20,0x20,0x20,0x20,0x20,0x20,
    0x20,0x72,0x69,0x67,0x68,0x74,0x20,0x3d,0x20,0x76,0x73,0x5f,0x70,0x61,0x72,0x61,
    0x6d,0x73,0x5b,0x34,0x5d,0x2e,0x78,0x79,0x7a,0x3b,0x0a,0x20,0x20,0x20,0x20,0x20,
    0x20,0x20,0x20,0x75,0x70,0x20,0x3d,0x20,0x76,0x73,0x5f,0x70,0x61,0x72,0x61,0x6d,
    0x73,0x5b,0x35,0x5d,0x2e,0x78,0x79,0x7a,0x3b,0x0a,0x20,0x20,0x20,0x20,0x7d,0x0a,
    0x20,0x20,0x20,0x20,0x65,0x6c,0x73,0x65,0x0a,0x20,0x20,0x20,0x20,0x7b,0x0a,0x20,
    0x20,0x20,0x20,0x20,0x20,0x20,0x20,0x69,0x66,0x20,0x28,0x70,0x6f,0x73,0x2e,0x77,
    0x20,0x3c,0x20,0x31,0x2e,0x35,0x29,0x0a,0x20,0x20,0x20,0x20,0x20,0x20,0x20,0x20,
    0x7b,0x0a,0x20,0x20,0x20,0x20,0x20,0x20,0x20,0x20,0x20,0x20,0x20,0x20,0x72,0x69,
    0x67,0x68,0x74,0x20,0x3d,0x20,0x76,0x73,0x5f,0x70,0x61,0x72,0x61,0x6d,0x73,0x5b,
    0x36,0x5d,0x2e,0x78,0x79,0x7a,0x3b,0x0a,0x20,0x20,0x20,0x20,0x20,0x20,0x20,0x20,
    0x20,0x20,0x20,0x20,0x75,0x70,0x20,0x3d,0x20,0x76,0x65,0x63,0x33,0x28,0x30,0x2e,
    0x30,0x2c,0x20,0x31,0x2e,0x30,0x2c,0x20,0x30,0x2e,0x30,0x29,0x3b,0x0a,0x20,0x20,
    0x20,0x20,0x20,0x20,0x20,0x20,0x7d,0x0a,0x20,0x20,0x20,0x20,0x7d,0x0a,0x20,0x20,
    0x20,0x20,0x67,0x6c,0x5f,0x50,0x6f,0x73,0x69,0x74,0x69,0x6f,0x6e,0x20,0x3d,0x20,
    0x6d,0x61,0x74,0x34,0x28,0x76,0x73,0x5f,0x70,0x61,0x72,0x61,0x6d,0x73,0x5b,0x30,
    0x5d,0x2c,0x20,0x76,0x73,0x5f,0x70,0x61,0x72,0x61,0x6d,0x73,0x5b,0x31,0x5d,0x2c,
    0x20,0x76,0x73,0x5f,0x70,0x61,0x72,0x61,0x6d,0x73,0x5b,0x32,0x5d,0x2c,0x20,0x76,
    0x73,0x5f,0x70,0x61,0x72,0x61,0x6d,0x73,0x5b,0x33,0x5d,0x29,0x20,0x2a,0x20,0x76,
    0x65,0x63,0x34,0x28,0x28,0x70,0x6f,0x73,0x2e,0x78,0x79,0x7a,0x20,0x2b,0x20,0x28,
    0x72,0x69,0x67,0x68,0x74,0x20,0x2a,0x20,0x28,0x28,0x28,0x63,0x6f,0x72,0x6e,0x65,
    0x72,0x5f,0x31,0x2e,0x78,0x20,0x2b,0x20,0x30,0x2e,0x35,0x29,0x20,0x2d,0x20,0x73,
    0x69,0x7a,0x65,0x2e,0x7a,0x29,0x20,0x2a,0x20,0x73,0x69,0x7a,0x65,0x2e,0x78,0x29,
    0x29,0x29,0x20,0x2b,0x20,0x28,0x75,0x70,0x20,0x2a,0x20,0x28,0x28,0x28,0x63,0x6f,
    0x72,0x6e,0x65,0x72,0x5f,0x31,0x2e,0x79,0x20,0x2d,0x20,0x30,0x2e,0x35,0x29,0x20,
    0x2b,0x20,0x73,0x69,0x7a,0x65,0x2e,0x77,0x29,0x20,0x2a,0x20,0x73,0x69,0x7a,0x65,
    0x2e,0x79,0x29,0x29,0x2c,0x20,0x31,0x2e,0x30,0x29,0x3b,0x0a,0x20,0x20,0x20,0x20,
    0x75,0x76,0x20,0x3d,0x20,0x76,0x65,0x63,0x32,0x28,0x6d,0x69,0x78,0x28,0x73,0x6f,
    0x75,0x72,0x63,0x65,0x2e,0x78,0x2c,0x20,0x73,0x6f,0x75,0x72,0x63,0x65,0x2e,0x7a,
    0x2c,0x20,0x63,0x6f,0x72,0x6e,0x65,0x72,0x5f,0x31,0x2e,0x78,0x20,0x2b,0x20,0x30,
    0x2e,0x35,0x29,0x2c,0x20,0x6d,0x69,0x78,0x28,0x73,0x6f,0x75,0x72,0x63,0x65,0x2e,
    0x79,0x2c,0x20,0x73,0x6f,0x75,0x72,0x63,0x65,0x2e,0x77,0x2c,0x20,0x30,0x2e,0x35,
    0x20,0x2d,0x20,0x63,0x6f,0x72,0x6e,0x65,0x72,0x5f,0x31,0x2e,0x79,0x29,0x29,0x3b,
    0x0a,0x20,0x20,0x20,0x20,0x63,0x6f,0x6c,0x6f,0x72,0x20,0x3d,0x20,0x74,0x69,0x6e,
    0x74,0x3b,0x0a,0x20,0x20,0x20,0x20,0x61,0x6c,0x70,0x68,0x61,0x5f,0x6d,0x6f,0x64,
    0x65,0x20,0x3d,0x20,0x75,0x70,0x5f,0x61,0x78,0x69,0x73,0x2e,0x77,0x3b,0x0a,0x7d,
    0x0a,0x0a,0x76,0x6f,0x69,0x64,0x20,0x6d,0x61,0x69,0x6e,0x28,0x29,0x0a,0x7b,0x0a,
    0x20,0x20,0x20,0x20,0x76,0x65,0x63,0x32,0x20,0x70,0x61,0x72,0x61,0x6d,0x20,0x3d,
    0x20,0x63,0x6f,0x72,0x6e,0x65,0x72,0x3b,0x0a,0x20,0x20,0x20,0x20,0x76,0x65,0x63,
    0x34,0x20,0x70,0x61,0x72,0x61,0x6d,0x5f,0x31,0x20,0x3d,0x20,0x69,0x6e,0x73,0x74,
    0x5f,0x70,0x6f,0x73,0x3b,0x0a,0x20,0x20,0x20,0x20,0x76,0x65,0x63,0x34,0x20,0x70,
    0x61,0x72,0x61,0x6d,0x5f,0x32,0x20,0x3d,0x20,0x69,0x6e,0x73,0x74,0x5f,0x73,0x69,
    0x7a,0x65,0x3b,0x0a,0x20,0x20,0x20,0x20,0x76,0x65,0x63,0x34,0x20,0x70,0x61,0x72,
    0x61,0x6d,0x5f,0x33,0x20,0x3d,0x20,0x69,0x6e,0x73,0x74,0x5f,0x75,0x76,0x3b,0x0a,
    0x20,0x20,0x20,0x20,0x76,0x65,0x63,0x33,0x20,0x70,0x61,0x72,0x61,0x6d,0x5f,0x34,
    0x20,0x3d,0x20,0x69,0x6e,0x73,0x74,0x5f,0x72,0x69,0x67,0x68,0x74,0x3b,0x0a,0x20,
    0x20,0x20,0x20,0x76,0x65,0x63,0x34,0x20,0x70,0x61,0x72,0x61,0x6d,0x5f,0x35,0x20,
    0x3d,0x20,0x69,0x6e,0x73,0x74,0x5f,0x75,0x70,0x3b,0x0a,0x20,0x20,0x20,0x20,0x76,
    0x65,0x63,0x34,0x20,0x70,0x61,0x72,0x61,0x6d,0x5f,0x36,0x20,0x3d,0x20,0x69,0x6e,
    0x73,0x74,0x5f,0x63,0x6f,0x6c,0x6f,0x72,0x3b,0x0a,0x20,0x20,0x20,0x20,0x70,0x6c,
    0x61,0x63,0x65,0x28,0x70,0x61,0x72,0x61,0x6d,0x2c,0x20,0x70,0x61,0x72,0x61,0x6d,
    0x5f,0x31,0x2c,0x20,0x70,0x61,0x72,0x61,0x6d,0x5f,0x32,0x2c,0x20,0x70,0x61,0x72,
    0x61,0x6d,0x5f,0x33,0x2c,0x20,0x70,0x61,0x72,0x61,0x6d,0x5f,0x34,0x2c,0x20,0x70,
    0x61,0x72,0x61,0x6d,0x5f,0x35,0x2c,0x20,0x70,0x61,0x72,0x61,0x6d,0x5f,0x36,0x29,
    0x3b,0x0a,0x7d,0x0a,0x0a,0x00,
};
#endif
/*
    #version 410

    uniform vec4 vs_params[7];
    uniform vec4 vs_batch[1];
    uniform sampler2D sprite_data_sprite_data_smp;

    layout(location = 0) out vec2 uv;
    layout(location = 1) out vec4 color;
    layout(location = 2) out float alpha_mode;
    layout(location = 0) in vec2 corner;

    vec4 texel(int sprite, int k)
    {
        return texelFetch(sprite_data_sprite_data_smp, ivec2(((sprite % 256) * 6) + k, sprite / 256), 0);
    }

    void place(vec2 corner_1, vec4 pos, vec4 size, vec4 source, vec3 right_axis, vec4 up_axis, vec4 tint)
    {
        vec3 right = right_axis;
        vec3 up = up_axis.xyz;
        if (pos.w < 0.5)
        {
            right = vs_params[4].xyz;
            up = vs_params[5].xyz;
        }
        else
        {
            if (pos.w < 1.5)
            {
                right = vs_params[6].xyz;
                up = vec3(0.0, 1.0, 0.0);
            }
        }
        gl_Position = mat4(vs_params[0], vs_params[1], vs_params[2], vs_params[3]) * vec4((pos.xyz + (right * (((corner_1.x + 0.5) - size.z) * size.x))) + (up * (((corner_1.y - 0.5) + size.w) * size.y)), 1.0);
        uv = vec2(mix(source.x, source.z, corner_1.x + 0.5), mix(source.y, source.w, 0.5 - corner_1.y));
        color = tint;
        alpha_mode = up_axis.w;
    }

    void main()
    {
        int _185 = int(vs_batch[0].x) + gl_InstanceID;
        int param = _185;
        int param_1 = 0;
        int param_2 = _185;
        int param_3 = 1;
        int param_4 = _185;
        int param_5 = 2;
        int param_6 = _185;
        int param_7 = 3;
        int param_8 = _185;
        int param_9 = 4;
        int param_10 = _185;
        int param_11 = 5;
        vec2 param_12 = corner;
        vec4 param_13 = texel(param, param_1);
        vec4 param_14 = texel(param_2, param_3);
        vec4 param_15 = texel(param_4, param_5);
        vec3 param_16 = texel(param_6, param_7).xyz;
        vec4 param_17 = texel(param_8, param_9);
        vec4 param_18 = texel(param_10, param_11);
        place(param_12, param_13, param_14, param_15, param_16, param_17, param_18);
    }

*/
#if defined(SOKOL_GLCORE)
static const uint8_t sprite_vs_pulled_source_glsl410[1882] = {
    0x23,0x76,0x65,0x72,0x73,0x69,0x6f,0x6e,0x20,0x34,0x31,0x30,0x0a,0x0a,0x75,0x6e,
    0x69,0x66,0x6f,0x72,0x6d,0x20,0x76,0x65,0x63,0x34,0x20,0x76,0x73,0x5f,0x70,0x61,
    0x72,0x61,0x6d,0x73,0x5b,0x37,0x5d,0x3b,0x0a,0x75,0x6e,0x69,0x66,0x6f,0x72,0x6d,
    0x20,0x76,0x65,0x63,0x34,0x20,0x76,0x73,0x5f,0x62,0x61,0x74,0x63,0x68,0x5b,0x31,
    0x5d,0x3b,0x0a,0x75,0x6e,0x69,0x66,0x6f,0x72,0x6d,0x20,0x73,0x61,0x6d,0x70,0x6c,
    0x65,0x72,0x32,0x44,0x20,0x73,0x70,0x72,0x69,0x74,0x65,0x5f,0x64,0x61,0x74,0x61,
    0x5f,0x73,0x70,0x72,0x69,0x74,0x65,0x5f,0x64,0x61,0x74,0x61,0x5f,0x73,0x6d,0x70,
    0x3b,0x0a,0x0a,0x6c,0x61,0x79,0x6f,0x75,0x74,0x28,0x6c,0x6f,0x63,0x61,0x74,0x69,
    0x6f,0x6e,0x20,0x3d,0x20,0x30,0x29,0x20,0x6f,0x75,0x74,0x20,0x76,0x65,0x63,0x32,
    0x20,0x75,0x76,0x3b,0x0a,0x6c,0x61,0x79,0x6f,0x75,0x74,0x28,0x6c,0x6f,0x63,0x61,
    0x74,0x69,0x6f,0x6e,0x20,0x3d,0x20,0x31,0x29,0x20,0x6f,0x75,0x74,0x20,0x76,0x65,
    0x63,0x34,0x20,0x63,0x6f,0x6c,0x6f,0x72,0x3b,0x0a,0x6c,0x61,0x79,0x6f,0x75,0x74,
    0x28,0x6c,0x6f,0x63,0x61,0x74,0x69,0x6f,0x6e,0x20,0x3d,0x20,0x32,0x29,0x20,0x6f,
    0x75,0x74,0x20,0x66,0x6c,0x6f,0x61,0x74,0x20,0x61,0x6c,0x70,0x68,0x61,0x5f,0x6d,
    0x6f,0x64,0x65,0x3b,0x0a,0x6c,0x61,0x79,0x6f,0x75,0x74,0x28,0x6c,0x6f,0x63,0x61,
    0x74,0x69,0x6f,0x6e,0x20,0x3d,0x20,0x30,0x29,0x20,0x69,0x6e,0x20,0x76,0x65,0x63,
    0x32,0x20,0x63,0x6f,0x72,0x6e,0x65,0x72,0x3b,0x0a,0x0a,0x76,0x65,0x63,0x34,0x20,
    0x74,0x65,0x78,0x65,0x6c,0x28,0x69,0x6e,0x74,0x20,0x73,0x70,0x72,0x69,0x74,0x65,
    0x2c,0x20,0x69,0x6e,0x74,0x20,0x6b,0x29,0x0a,0x7b,0x0a,0x20,0x20,0x20,0x20,0x72,
    0x65,0x74,0x75,0x72,0x6e,0x20,0x74,0x65,0x78,0x65,0x6c,0x46,0x65,0x74,0x63,0x68,
    0x28,0x73,0x70,0x72,0x69,0x74,0x65,0x5f,0x64,0x61,0x74,0x61,0x5f,0x73,0x70,0x72,
    0x69,0x74,0x65,0x5f,0x64,0x61,0x74,0x61,0x5f,0x73,0x6d,0x70,0x2c,0x20,0x69,0x76,
    0x65,0x63,0x32,0x28,0x28,0x28,0x73,0x70,0x72,0x69,0x74,0x65,0x20,0x25,0x20,0x32,
    0x35,0x36,0x29,0x20,0x2a,0x20,0x36,0x29,0x20,0x2b,0x20,0x6b,0x2c,0x20,0x73,0x70,
    0x72,0x69,0x74,0x65,0x20,0x2f,0x20,0x32,0x35,0x36,0x29,0x2c,0x20,0x30,0x29,0x3b,
    0x0a,0x7d,0x0a,0x0a,0x76,0x6f,0x69,0x64,0x20,0x70,0x6c,0x61,0x63,0x65,0x28,0x76,
    0x65,0x63,0x32,0x20,0x63,0x6f,0x72,0x6e,0x65,0x72,0x5f,0x31,0x2c,0x20,0x76,0x65,
    0x63,0x34,0x20,0x70,0x6f,0x73,0x2c,0x20,0x76,0x65,0x63,0x34,0x20,0x73,0x69,0x7a,
    0x65,0x2c,0x20,0x76,0x65,0x63,0x34,0x20,0x73,0x6f,0x75,0x72,0x63,0x65,0x2c,0x20,
    0x76,0x65,0x63,0x33,0x20,0x72,0x69,0x67,0x68,0x74,0x5f,0x61,0x78,0x69,0x73,0x2c,
    0x20,0x76,0x65,0x63,0x34,0x20,0x75,0x70,0x5f,0x61,0x78,0x69,0x73,0x2c,0x20,0x76,
    0x65,0x63,0x34,0x20,0x74,0x69,0x6e,0x74,0x29,0x0a,0x7b,0x0a,0x20,0x20,0x20,0x20,
    0x76,0x65,0x63,0x33,0x20,0x72,0x69,0x67,0x68,0x74,0x20,0x3d,0x20,0x72,0x69,0x67,
    0x68,0x74,0x5f,0x61,0x78,0x69,0x73,0x3b,0x0a,0x20,0x20,0x20,0x20,0x76,0x65,0x63,
    0x33,0x20,0x75,0x70,0x20,0x3d,0x20,0x75,0x70,0x5f,0x61,0x78,0x69,0x73,0x2e,0x78,
    0x79,0x7a,0x3b,0x0a,0x20,0x20,0x20,0x20,0x69,0x66,0x20,0x28,0x70,0x6f,0x73,0x2e,
    0x77,0x20,0x3c,0x20,0x30,0x2e,0x35,0x29,0x0a,0x20,0x20,0x20,0x20,0x7b,0x0a,0x20,
    0x20,0x20,0x20,0x20,0x20,0x20,0x20,0x72,0x69,0x67,0x68,0x74,0x20,0x3d,0x20,0x76,
    0x73,0x5f,0x70,0x61,0x72,0x61,0x6d,0x73,0x5b,0x34,0x5d,0x2e,0x78,0x79,0x7a,0x3b,
    0x0a,0x20,0x20,0x20,0x20,0x20,0x20,0x20,0x20,0x75,0x70,0x20,0x3d,0x20,0x76,0x73,
    0x5f,0x70,0x61,0x72,0x61,0x6d,0x73,0x5b,0x35,0x5d,0x2e,0x78,0x79,0x7a,0x3b,0x0a,
    0x20,0x20,0x20,0x20,0x7d,0x0a,0x20,0x20,0x20,0x20,0x65,0x6c,0x73,0x65,0x0a,0x20,
    0x20,0x20,0x20,0x7b,0x0a,0x20,0x20,0x20,0x20,0x20,0x20,0x20,0x20,0x69,0x66,0x20,
    0x28,0x70,0x6f,0x73,0x2e,0x77,0x20,0x3c,0x20,0x31,0x2e,0x35,0x29,0x0a,0x20,0x20,
    0x20,0x20,0x20,0x20,0x20,0x20,0x7b,0x0a,0x20,0x20,0x20,0x20,0x20,0x20,0x20,0x20,
    0x20,0x20,0x20,0x20,0x72,0x69,0x67,0x68,0x74,0x20,0x3d,0x20,0x76,0x73,0x5f,0x70,
    0x61,0x72,0x61,0x6d,0x73,0x5b,0x36,0x5d,0x2e,0x78,0x79,0x7a,0x3b,0x0a,0x20,0x20,
    0x20,0x20,0x20,0x20,0x20,0x20,0x20,0x20,0x20,0x20,0x75,0x70,0x20,0x3d,0x20,0x76,
    0x65,0x63,0x33,0x28,0x30,0x2e,0x30,0x2c,0x20,0x31,0x2e,0x30,0x2c,0x20,0x30,0x2e,
    0x30,0x29,0x3b,0x0a,0x20,0x20,0x20,0x20,0x20,0x20,0x20,0x20,0x7d,0x0a,0x20,0x20,
    0x20,0x20,0x7d,0x0a,0x20,0x20,0x20,0x20,0x67,0x6c,0x5f,0x50,0x6f,0x73,0x69,0x74,
    0x69,0x6f,0x6e,0x20,0x3d,0x20,0x6d,0x61,0x74,0x34,0x28,0x76,0x73,0x5f,0x70,0x61,
    0x72,0x61,0x6d,0x73,0x5b,0x30,0x5d,0x2c,0x20,0x76,0x73,0x5f,0x70,0x61,0x72,0x61,
    0x6d,0x73,0x5b,0x31,0x5d,0x2c,0x20,0x76,0x73,0x5f,0x70,0x61,0x72,0x61,0x6d,0x73,
    0x5b,0x32,0x5d,0x2c,0x20,0x76,0x73,0x5f,0x70,0x61,0x72,0x61,0x6d,0x73,0x5b,0x33,
    0x5d,0x29,0x20,0x2a,0x20,0x76,0x65,0x63,0x34,0x28,0x28,0x70,0x6f,0x73,0x2e,0x78,
    0x79,0x7a,0x20,0x2b,0x20,0x28,0x72,0x69,0x67,0x68,0x74,0x20,0x2a,0x20,0x28,0x28,
    0x28,0x63,0x6f,0x72,0x6e,0x65,0x72,0x5f,0x31,0x2e,0x78,0x20,0x2b,0x20,0x30,0x2e,
    0x35,0x29,0x20,0x2d,0x20,0x73,0x69,0x7a,0x65,0x2e,0x7a,0x29,0x20,0x2a,0x20,0x73,
    0x69,0x7a,0x65,0x2e,0x78,0x29,0x29,0x29,0x20,0x2b,0x20,0x28,0x75,0x70,0x20,0x2a,
    0x20,0x28,0x28,0x28,0x63,0x6f,0x72,0x6e,0x65,0x72,0x5f,0x31,0x2e,0x79,0x20,0x2d,
    0x20,0x30,0x2e,0x35,0x29,0x20,0x2b,0x20,0x73,0x69,0x7a,0x65,0x2e,0x77,0x29,0x20,
    0x2a,0x20,0x73,0x69,0x7a,0x65,0x2e,0x79,0x29,0x29,0x2c,0x20,0x31,0x2e,0x30,0x29,
    0x3b,0x0a,0x20,0x20,0x20,0x20,0x75,0x76,0x20,0x3d,0x20,0x76,0x65,0x63,0x32,0x28,
    0x6d,0x69,0x78,0x28,0x73,0x6f,0x75,0x72,0x63,0x65,0x2e,0x78,0x2c,0x20,0x73,0x6f,
    0x75,0x72,0x63,0x65,0x2e,0x7a,0x2c,0x20,0x63,0x6f,0x72,0x6e,0x65,0x72,0x5f,0x31,
    0x2e,0x78,0x20,0x2b,0x20,0x30,0x2e,0x35,0x29,0x2c,0x20,0x6d,0x69,0x78,0x28,0x73,
    0x6f,0x75,0x72,0x63,0x65,0x2e,0x79,0x2c,0x20,0x73,0x6f,0x75,0x72,0x63,0x65,0x2e,
    0x77,0x2c,0x20,0x30,0x2e,0x35,0x20,0x2d,0x20,0x63,0x6f,0x72,0x6e,0x65,0x72,0x5f,
    0x31,0x2e,0x79,0x29,0x29,0x3b,0x0a,0x20,0x20,0x20,0x20,0x63,0x6f,0x6c,0x6f,0x72,
    0x20,0x3d,0x20,0x74,0x69,0x6e,0x74,0x3b,0x0a,0x20,0x20,0x20,0x20,0x61,0x6c,0x70,
    0x68,0x61,0x5f,0x6d,0x6f,0x64,0x65,0x20,0x3d,0x20,0x75,0x70,0x5f,0x61,0x78,0x69,
    0x73,0x2e,0x77,0x3b,0x0a,0x7d,0x0a,0x0a,0x76,0x6f,0x69,0x64,0x20,0x6d,0x61,0x69,
    0x6e,0x28,0x29,0x0a,0x7b,0x0a,0x20,0x20,0x20,0x20,0x69,0x6e,0x74,0x20,0x5f,0x31,
    0x38,0x35,0x20,0x3d,0x20,0x69,0x6e,0x74,0x28,0x76,0x73,0x5f,0x62,0x61,0x74,0x63,
    0x68,0x5b,0x30,0x5d,0x2e,0x78,0x29,0x20,0x2b,0x20,0x67,0x6c,0x5f,0x49,0x6e,0x73,
    0x74,0x61,0x6e,0x63,0x65,0x49,0x44,0x3b,0x0a,0x20,0x20,0x20,0x20,0x69,0x6e,0x74,
    0x20,0x70,0x61,0x72,0x61,0x6d,0x20,0x3d,0x20,0x5f,0x31,0x38,0x35,0x3b,0x0a,0x20,
    0x20,0x20,0x20,0x69,0x6e,0x74,0x20,0x70,0x61,0x72,0x61,0x6d,0x5f,0x31,0x20,0x3d,
    0x20,0x30,0x3b,0x0a,0x20,0x20,0x20,0x20,0x69,0x6e,0x74,0x20,0x70,0x61,0x72,0x61,
    0x6d,0x5f,0x32,0x20,0x3d,0x20,0x5f,0x31,0x38,0x35,0x3b,0x0a,0x20,0x20,0x20,0x20,
    0x69,0x6e,0x74,0x20,0x70,0x61,0x72,0x61,0x6d,0x5f,0x33,0x20,0x3d,0x20,0x31,0x3b,
    0x0a,0x20,0x20,0x20,0x20,0x69,0x6e,0x74,0x20,0x70,0x61,0x72,0x61,0x6d,0x5f,0x34,
    0x20,0x3d,0x20,0x5f,0x31,0x38,0x35,0x3b,0x0a,0x20,0x20,0x20,0x20,0x69,0x6e,0x74,
    0x20,0x70,0x61,0x72,0x61,0x6d,0x5f,0x35,0x20,0x3d,0x20,0x32,0x3b,0x0a,0x20,0x20,
    0x20,0x20,0x69,0x6e,0x74,0x20,0x70,0x61,0x72,0x61,0x6d,0x5f,0x36,0x20,0x3d,0x20,
    0x5f,0x31,0x38,0x35,0x3b,0x0a,0x20,0x20,0x20,0x20,0x69,0x6e,0x74,0x20,0x70,0x61,
    0x72,0x61,0x6d,0x5f,0x37,0x20,0x3d,0x20,0x33,0x3b,0x0a,0x20,0x20,0x20,0x20,0x69,
    0x6e,0x74,0x20,0x70,0x61,0x72,0x61,0x6d,0x5f,0x38,0x20,0x3d,0x20,0x5f,0x31,0x38,
    0x35,0x3b,0x0a,0x20,0x20,0x20,0x20,0x69,0x6e,0x74,0x20,0x70,0x61,0x72,0x61,0x6d,
    0x5f,0x39,0x20,0x3d,0x20,0x34,0x3b,0x0a,0x20,0x20,0x20,0x20,0x69,0x6e,0x74,0x20,
    0x70,0x61,0x72,0x61,0x6d,0x5f,0x31,0x30,0x20,0x3d,0x20,0x5f,0x31,0x38,0x35,0x3b,
    0x0a,0x20,0x20,0x20,0x20,0x69,0x6e,0x74,0x20,0x70,0x61,0x72,0x61,0x6d,0x5f,0x31,
    0x31,0x20,0x3d,0x20,0x35,0x3b,0x0a,0x20,0x20,0x20,0x20,0x76,0x65,0x63,0x32,0x20,
    0x70,0x61,0x72,0x61,0x6d,0x5f,0x31,0x32,0x20,0x3d,0x20,0x63,0x6f,0x72,0x6e,0x65,
    0x72,0x3b,0x0a,0x20,0x20,0x20,0x20,0x76,0x65,0x63,0x34,0x20,0x70,0x61,0x72,0x61,
    0x6d,0x5f,0x31,0x33,0x20,0x3d,0x20,0x74,0x65,0x78,0x65,0x6c,0x28,0x70,0x61,0x72,
    0x61,0x6d,0x2c,0x20,0x70,0x61,0x72,0x61,0x6d,0x5f,0x31,0x29,0x3b,0x0a,0x20,0x20,
    0x20,0x20,0x76,0x65,0x63,0x34,0x20,0x70,0x61,0x72,0x61,0x6d,0x5f,0x31,0x34,0x20,
    0x3d,0x20,0x74,0x65,0x78,0x65,0x6c,0x28,0x70,0x61,0x72,0x61,0x6d,0x5f,0x32,0x2c,
    0x20,0x70,0x61,0x72,0x61,0x6d,0x5f,0x33,0x29,0x3b,0x0a,0x20,0x20,0x20,0x20,0x76,
    0x65,0x63,0x34,0x20,0x70,0x61,0x72,0x61,0x6d,0x5f,0x31,0x35,0x20,0x3d,0x20,0x74,
    0x65,0x78,0x65,0x6c,0x28,0x70,0x61,0x72,0x61,0x6d,0x5f,0x34,0x2c,0x20,0x70,0x61,
    0x72,0x61,0x6d,0x5f,0x35,0x29,0x3b,0x0a,0x20,0x20,0x20,0x20,0x76,0x65,0x63,0x33,
    0x20,0x70,0x61,0x72,0x61,0x6d,0x5f,0x31,0x36,0x20,0x3d,0x20,0x74,0x65,0x78,0x65,
    0x6c,0x28,0x70,0x61,0x72,0x61,0x6d,0x5f,0x36,0x2c,0x20,0x70,0x61,0x72,0x61,0x6d,
    0x5f,0x37,0x29,0x2e,0x78,0x79,0x7a,0x3b,0x0a,0x20,0x20,0x20,0x20,0x76,0x65,0x63,
    0x34,0x20,0x70,0x61,0x72,0x61,0x6d,0x5f,0x31,0x37,0x20,0x3d,0x20,0x74,0x65,0x78,
    0x65,0x6c,0x28,0x70,0x61,0x72,0x61,0x6d,0x5f,0x38,0x2c,0x20,0x70,0x61,0x72,0x61,
    0x6d,0x5f,0x39,0x29,0x3b,0x0a,0x20,0x20,0x20,0x20,0x76,0x65,0x63,0x34,0x20,0x70,
    0x61,0x72,0x61,0x6d,0x5f,0x31,0x38,0x20,0x3d,0x20,0x74,0x65,0x78,0x65,0x6c,0x28,
    0x70,0x61,0x72,0x61,0x6d,0x5f,0x31,0x30,0x2c,0x20,0x70,0x61,0x72,0x61,0x6d,0x5f,
    0x31,0x31,0x29,0x3b,0x0a,0x20,0x20,0x20,0x20,0x70,0x6c,0x61,0x63,0x65,0x28,0x70,
    0x61,0x72,0x61,0x6d,0x5f,0x31,0x32,0x2c,0x20,0x70,0x61,0x72,0x61,0x6d,0x5f,0x31,
    0x33,0x2c,0x20,0x70,0x61,0x72,0x61,0x6d,0x5f,0x31,0x34,0x2c,0x20,0x70,0x61,0x72,
    0x61,0x6d,0x5f,0x31,0x35,0x2c,0x20,0x70,0x61,0x72,0x61,0x6d,0x5f,0x31,0x36,0x2c,
    0x20,0x70,0x61,0x72,0x61,0x6d,0x5f,0x31,0x37,0x2c,0x20,0x70,0x61,0x72,0x61,0x6d,
    0x5f,0x31,0x38,0x29,0x3b,0x0a,0x7d,0x0a,0x0a,0x00,
};
#endif
/*
    #version 410

    vec4 _647;

    uniform vec4 particle_params[33];
    layout(location = 1) in vec4 born;
    layout(location = 2) in vec4 motion;
    layout(location = 0) out vec2 uv;
    layout(location = 1) out vec4 color;
    layout(location = 2) out float alpha_mode;
    layout(location = 3) in vec4 shape;
    layout(location = 0) in vec2 corner;

    float curve_key(vec4 lo, vec4 hi, int i)
    {
        vec4 q = mix(lo, hi, vec4(step(3.5, float(i))));
        return q[i % 4];
    }

    float size_value(int i)
    {
        vec4 param = particle_params[13];
        vec4 param_1 = particle_params[14];
        int param_2 = i;
        return curve_key(param, param_1, param_2);
    }

    float size_time(int i)
    {
        vec4 param = particle_params[11];
        vec4 param_1 = particle_params[12];
        int param_2 = i;
        return curve_key(param, param_1, param_2);
    }

    float size_at(float t)
    {
        int _108 = int(particle_params[7].x);
        int param = 0;
        float value = size_value(param);
        int param_1 = 0;
        float prev_t = size_time(param_1);
        float _145;
        for (int i = 1; i < 8; i++)
        {
            if ((i >= _108) || (t <= prev_t))
            {
                break;
            }
            int param_2 = i;
            float _137 = size_time(param_2);
            int param_3 = i;
            float _141 = size_value(param_3);
            if (t >= _137)
            {
                _145 = _141;
            }
            else
            {
                _145 = mix(value, _141, (t - prev_t) / max(_137 - prev_t, 9.9999999747524270787835121154785e-07));
            }
            value = _145;
            prev_t = _137;
        }
        return value;
    }

    float color_time(int i)
    {
        vec4 param = particle_params[15];
        vec4 param_1 = particle_params[16];
        int param_2 = i;
        return curve_key(param, param_1, param_2);
    }

    vec4 color_at(float t)
    {
        int _173 = int(particle_params[7].y);
        vec4 value = particle_params[17];
        int param = 0;
        float prev_t = color_time(param);
        vec4 _206;
        for (int i = 1; i < 8; i++)
        {
            if ((i >= _173) || (t <= prev_t))
            {
                break;
            }
            int param_1 = i;
            float _202 = color_time(param_1);
            if (t >= _202)
            {
                _206 = particle_params[i * 1 + 17];
            }
            else
            {
                _206 = mix(value, particle_params[i * 1 + 17], vec4((t - prev_t) / max(_202 - prev_t, 9.9999999747524270787835121154785e-07)));
            }
            value = _206;
            prev_t = _202;
        }
        return value;
    }

    void main()
    {
        float _244 = particle_params[6].w - born.w;
        float _250 = _244 / motion.w;
        if ((_244 < 0.0) || (_250 >= 1.0))
        {
            gl_Position = vec4(2.0, 2.0, 2.0, 1.0);
            uv = vec2(0.0);
            color = vec4(0.0);
            alpha_mode = 0.0;
            return;
        }
        vec3 pos;
        vec3 vel;
        if (particle_params[9].x > 9.9999997473787516355514526367188e-05)
        {
            vec3 _294 = particle_params[6].xyz / vec3(particle_params[9].x);
            float _300 = exp((-particle_params[9].x) * _244);
            vec3 _311 = motion.xyz - _294;
            pos = (born.xyz + (_294 * _244)) + (_311 * ((1.0 - _300) / particle_params[9].x));
            vel = _294 + (_311 * _300);
        }
        else
        {
            pos = (born.xyz + (motion.xyz * _244)) + (((particle_params[6].xyz * 0.5) * _244) * _244);
            vel = motion.xyz + (particle_params[6].xyz * _244);
        }
        float param = _250;
        float _360 = size_at(param) * shape.x;
        float along = _360;
        vec2 _376 = vec2(dot(vel, particle_params[4].xyz), dot(vel, particle_params[5].xyz));
        float _379 = length(_376);
        vec3 up;
        vec3 right;
        if ((particle_params[9].y > 0.0) && (_379 > 9.9999997473787516355514526367188e-06))
        {
            vec2 _393 = _376 / vec2(_379);
            float _399 = _393.x;
            float _405 = _393.y;
            vec3 _407 = (particle_params[4].xyz * _399) + (particle_params[5].xyz * _405);
            up = _407;
            right = (particle_params[4].xyz * _405) - (particle_params[5].xyz * _399);
            float _426 = _379 * particle_params[9].y;
            along = _360 + _426;
            pos -= (_407 * (_426 * 0.5));
        }
        else
        {
            float _444 = shape.z + (shape.y * _244);
            float _447 = cos(_444);
            float _450 = sin(_444);
            right = (particle_params[4].xyz * _447) - (particle_params[5].xyz * _450);
            up = (particle_params[4].xyz * _450) + (particle_params[5].xyz * _447);
        }
        gl_Position = mat4(particle_params[0], particle_params[1], particle_params[2], particle_params[3]) * vec4((pos + (right * (corner.x * _360))) + (up * (corner.y * along)), 1.0);
        vec4 cell = particle_params[8];
        if (particle_params[10].z > 1.5)
        {
            float _514;
            if (particle_params[10].w > 0.0)
            {
                _514 = mod(floor((_244 * particle_params[10].w) + (fract(shape.w * 7.309999942779541015625) * particle_params[10].z)), particle_params[10].z);
            }
            else
            {
                _514 = min(floor(_250 * particle_params[10].z), particle_params[10].z - 1.0);
            }
            vec2 _556 = (particle_params[8].zw - particle_params[8].xy) / particle_params[10].xy;
            vec2 _572 = particle_params[8].xy + (_556 * vec2(mod(_514, particle_params[10].x), floor(_514 / particle_params[10].x)));
            float _574 = _572.x;
            vec4 _634;
            _634.x = _574;
            _634.y = _572.y;
            cell = vec4(_574, _572.y, _634.xy + _556);
        }
        uv = vec2(mix(cell.x, cell.z, corner.x + 0.5), mix(cell.y, cell.w, 0.5 - corner.y));
        float param_1 = _250;
        color = color_at(param_1);
        int _608 = int(particle_params[7].w);
        if (_608 > 0)
        {
            color *= particle_params[min(int(shape.w * float(_608)), (_608 - 1)) * 1 + 25];
        }
        alpha_mode = particle_params[7].z;
    }

*/
#if defined(SOKOL_GLCORE)
static const uint8_t sprite_vs_particle_source_glsl410[5659] = {
    0x23,0x76,0x65,0x72,0x73,0x69,0x6f,0x6e,0x20,0x34,0x31,0x30,0x0a,0x0a,0x76,0x65,
    0x63,0x34,0x20,0x5f,0x36,0x34,0x37,0x3b,0x0a,0x0a,0x75,0x6e,0x69,0x66,0x6f,0x72,
    0x6d,0x20,0x76,0x65,0x63,0x34,0x20,0x70,0x61,0x72,0x74,0x69,0x63,0x6c,0x65,0x5f,
    0x70,0x61,0x72,0x61,0x6d,0x73,0x5b,0x33,0x33,0x5d,0x3b,0x0a,0x6c,0x61,0x79,0x6f,
    0x75,0x74,0x28,0x6c,0x6f,0x63,0x61,0x74,0x69,0x6f,0x6e,0x20,0x3d,0x20,0x31,0x29,
    0x20,0x69,0x6e,0x20,0x76,0x65,0x63,0x34,0x20,0x62,0x6f,0x72,0x6e,0x3b,0x0a,0x6c,
    0x61,0x79,0x6f,0x75,0x74,0x28,0x6c,0x6f,0x63,0x61,0x74,0x69,0x6f,0x6e,0x20,0x3d,
    0x20,0x32,0x29,0x20,0x69,0x6e,0x20,0x76,0x65,0x63,0x34,0x20,0x6d,0x6f,0x74,0x69,
    0x6f,0x6e,0x3b,0x0a,0x6c,0x61,0x79,0x6f,0x75,0x74,0x28,0x6c,0x6f,0x63,0x61,0x74,
    0x69,0x6f,0x6e,0x20,0x3d,0x20,0x30,0x29,0x20,0x6f,0x75,0x74,0x20,0x76,0x65,0x63,
    0x32,0x20,0x75,0x76,0x3b,0x0a,0x6c,0x61,0x79,0x6f,0x75,0x74,0x28,0x6c,0x6f,0x63,
    0x61,0x74,0x69,0x6f,0x6e,0x20,0x3d,0x20,0x31,0x29,0x20,0x6f,0x75,0x74,0x20,0x76,
    0x65,0x63,0x34,0x20,0x63,0x6f,0x6c,0x6f,0x72,0x3b,0x0a,0x6c,0x61,0x79,0x6f,0x75,
    0x74,0x28,0x6c,0x6f,0x63,0x61,0x74,0x69,0x6f,0x6e,0x20,0x3d,0x20,0x32,0x29,0x20,
    0x6f,0x75,0x74,0x20,0x66,0x6c,0x6f,0x61,0x74,0x20,0x61,0x6c,0x70,0x68,0x61,0x5f,
    0x6d,0x6f,0x64,0x65,0x3b,0x0a,0x6c,0x61,0x79,0x6f,0x75,0x74,0x28,0x6c,0x6f,0x63,
    0x61,0x74,0x69,0x6f,0x6e,0x20,0x3d,0x20,0x33,0x29,0x20,0x69,0x6e,0x20,0x76,0x65,
    0x63,0x34,0x20,0x73,0x68,0x61,0x70,0x65,0x3b,0x0a,0x6c,0x61,0x79,0x6f,0x75,0x74,
    0x28,0x6c,0x6f,0x63,0x61,0x74,0x69,0x6f,0x6e,0x20,0x3d,0x20,0x30,0x29,0x20,0x69,
    0x6e,0x20,0x76,0x65,0x63,0x32,0x20,0x63,0x6f,0x72,0x6e,0x65,0x72,0x3b,0x0a,0x0a,
    0x66,0x6c,0x6f,0x61,0x74,0x20,0x63,0x75,0x72,0x76,0x65,0x5f,0x6b,0x65,0x79,0x28,
    0x76,0x65,0x63,0x34,0x20,0x6c,0x6f,0x2c,0x20,0x76,0x65,0x63,0x34,0x20,0x68,0x69,
    0x2c,0x20,0x69,0x6e,0x74,0x20,0x69,0x29,0x0a,0x7b,0x0a,0x20,0x20,0x20,0x20,0x76,
    0x65,0x63,0x34,0x20,0x71,0x20,0x3d,0x20,0x6d,0x69,0x78,0x28,0x6c,0x6f,0x2c,0x20,
    0x68,0x69,0x2c,0x20,0x76,0x65,0x63,0x34,0x28,0x73,0x74,0x65,0x70,0x28,0x33,0x2e,
    0x35,0x2c,0x20,0x66,0x6c,0x6f,0x61,0x74,0x28,0x69,0x29,0x29,0x29,0x29,0x3b,0x0a,
    0x20,0x20,0x20,0x20,0x72,0x65,0x74,0x75,0x72,0x6e,0x20,0x71,0x5b,0x69,0x20,0x25,
    0x20,0x34,0x5d,0x3b,0x0a,0x7d,0x0a,0x0a,0x66,0x6c,0x6f,0x61,0x74,0x20,0x73,0x69,
    0x7a,0x65,0x5f,0x76,0x61,0x6c,0x75,0x65,0x28,0x69,0x6e,0x74,0x20,0x69,0x29,0x0a,
    0x7b,0x0a,0x20,0x20,0x20,0x20,0x76,0x65,0x63,0x34,0x20,0x70,0x61,0x72,0x61,0x6d,
    0x20,0x3d,0x20,0x70,0x61,0x72,0x74,0x69,0x63,0x6c,0x65,0x5f,0x70,0x61,0x72,0x61,
    0x6d,0x73,0x5b,0x31,0x33,0x5d,0x3b,0x0a,0x20,0x20,0x20,0x20,0x76,0x65,0x63,0x34,
    0x20,0x70,0x61,0x72,0x61,0x6d,0x5f,0x31,0x20,0x3d,0x20,0x70,0x61,0x72,0x74,0x69,
    0x63,0x6c,0x65,0x5f,0x70,0x61,0x72,0x61,0x6d,0x73,0x5b,0x31,0x34,0x5d,0x3b,0x0a,
    0x20,0x20,0x20,0x20,0x69,0x6e,0x74,0x20,0x70,0x61,0x72,0x61,0x6d,0x5f,0x32,0x20,
    0x3d,0x20,0x69,0x3b,0x0a,0x20,0x20,0x20,0x20,0x72,0x65,0x74,0x75,0x72,0x6e,0x20,
    0x63,0x75,0x72,0x76,0x65,0x5f,0x6b,0x65,0x79,0x28,0x70,0x61,0x72,0x61,0x6d,0x2c,
    0x20,0x70,0x61,0x72,0x61,0x6d,0x5f,0x31,0x2c,0x20,0x70,0x61,0x72,0x61,0x6d,0x5f,
    0x32,0x29,0x3b,0x0a,0x7d,0x0a,0x0a,0x66,0x6c,0x6f,0x61,0x74,0x20,0x73,0x69,0x7a,
    0x65,0x5f,0x74,0x69,0x6d,0x65,0x28,0x69,0x6e,0x74,0x20,0x69,0x29,0x0a,0x7b,0x0a,
    0x20,0x20,0x20,0x20,0x76,0x65,0x63,0x34,0x20,0x70,0x61,0x72,0x61,0x6d,0x20,0x3d,
    0x20,0x70,0x61,0x72,0x74,0x69,0x63,0x6c,0x65,0x5f,0x70,0x61,0x72,0x61,0x6d,0x73,
    0x5b,0x31,0x31,0x5d,0x3b,0x0a,0x20,0x20,0x20,0x20,0x76,0x65,0x63,0x34,0x20,0x70,
    0x61,0x72,0x61,0x6d,0x5f,0x31,0x20,0x3d,0x20,0x70,0x61,0x72,0x74,0x69,0x63,0x6c,
    0x65,0x5f,0x70,0x61,0x72,0x61,0x6d,0x73,0x5b,0x31,0x32,0x5d,0x3b,0x0a,0x20,0x20,
    0x20,0x20,0x69,0x6e,0x74,0x20,0x70,0x61,0x72,0x61,0x6d,0x5f,0x32,0x20,0x3d,0x20,
    0x69,0x3b,0x0a,0x20,0x20,0x20,0x20,0x72,0x65,0x74,0x75,0x72,0x6e,0x20,0x63,0x75,
    0x72,0x76,0x65,0x5f,0x6b,0x65,0x79,0x28,0x70,0x61,0x72,0x61,0x6d,0x2c,0x20,0x70,
    0x61,0x72,0x61,0x6d,0x5f,0x31,0x2c,0x20,0x70,0x61,0x72,0x61,0x6d,0x5f,0x32,0x29,
    0x3b,0x0a,0x7d,0x0a,0x0a,0x66,0x6c,0x6f,0x61,0x74,0x20,0x73,0x69,0x7a,0x65,0x5f,
    0x61,0x74,0x28,0x66,0x6c,0x6f,0x61,0x74,0x20,0x74,0x29,0x0a,0x7b,0x0a,0x20,0x20,
    0x20,0x20,0x69,0x6e,0x74,0x20,0x5f,0x31,0x30,0x38,0x20,0x3d,0x20,0x69,0x6e,0x74,
    0x28,0x70,0x61,0x72,0x74,0x69,0x63,0x6c,0x65,0x5f,0x70,0x61,0x72,0x61,0x6d,0x73,
    0x5b,0x37,0x5d,0x2e,0x78,0x29,0x3b,0x0a,0x20,0x20,0x20,0x20,0x69,0x6e,0x74,0x20,
    0x70,0x61,0x72,0x61,0x6d,0x20,0x3d,0x20,0x30,0x3b,0x0a,0x20,0x20,0x20,0x20,0x66,
    0x6c,0x6f,0x61,0x74,0x20,0x76,0x61,0x6c,0x75,0x65,0x20,0x3d,0x20,0x73,0x69,0x7a,
    0x65,0x5f,0x76,0x61,0x6c,0x75,0x65,0x28,0x70,0x61,0x72,0x61,0x6d,0x29,0x3b,0x0a,
    0x20,0x20,0x20,0x20,0x69,0x6e,0x74,0x20,0x70,0x61,0x72,0x61,0x6d,0x5f,0x31,0x20,
    0x3d,0x20,0x30,0x3b,0x0a,0x20,0x20,0x20,0x20,0x66,0x6c,0x6f,0x61,0x74,0x20,0x70,
    0x72,0x65,0x76,0x5f,0x74,0x20,0x3d,0x20,0x73,0x69,0x7a,0x65,0x5f,0x74,0x69,0x6d,
    0x65,0x28,0x70,0x61,0x72,0x61,0x6d,0x5f,0x31,0x29,0x3b,0x0a,0x20,0x20,0x20,0x20,
    0x66,0x6c,0x6f,0x61,0x74,0x20,0x5f,0x31,0x34,0x35,0x3b,0x0a,0x20,0x20,0x20,0x20,
    0x66,0x6f,0x72,0x20,0x28,0x69,0x6e,0x74,0x20,0x69,0x20,0x3d,0x20,0x31,0x3b,0x20,
    0x69,0x20,0x3c,0x20,0x38,0x3b,0x20,0x69,0x2b,0x2b,0x29,0x0a,0x20,0x20,0x20,0x20,
    0x7b,0x0a,0x20,0x20,0x20,0x20,0x20,0x20,0x20,0x20,0x69,0x66,0x20,0x28,0x28,0x69,
    0x20,0x3e,0x3d,0x20,0x5f,0x31,0x30,0x38,0x29,0x20,0x7c,0x7c,0x20,0x28,0x74,0x20,
    0x3c,0x3d,0x20,0x70,0x72,0x65,0x76,0x5f,0x74,0x29,0x29,0x0a,0x20,0x20,0x20,0x20,
    0x20,0x20,0x20,0x20,0x7b,0x0a,0x20,0x20,0x20,0x20,0x20,0x20,0x20,0x20,0x20,0x20,
    0x20,0x20,0x62,0x72,0x65,0x61,0x6b,0x3b,0x0a,0x20,0x20,0x20,0x20,0x20,0x20,0x20,
    0x20,0x7d,0x0a,0x20,0x20,0x20,0x20,0x20,0x20,0x20,0x20,0x69,0x6e,0x74,0x20,0x70,
    0x61,0x72,0x61,0x6d,0x5f,0x32,0x20,0x3d,0x20,0x69,0x3b,0x0a,0x20,0x20,0x20,0x20,
    0x20,0x20,0x20,0x20,0x66,0x6c,0x6f,0x61,0x74,0x20,0x5f,0x31,0x33,0x37,0x20,0x3d,
    0x20,0x73,0x69,0x7a,0x65,0x5f,0x74,0x69,0x6d,0x65,0x28,0x70,0x61,0x72,0x61,0x6d,
    0x5f,0x32,0x29,0x3b,0x0a,0x20,0x20,0x20,0x20,0x20,0x20,0x20,0x20,0x69,0x6e,0x74,
    0x20,0x70,0x61,0x72,0x61,0x6d,0x5f,0x33,0x20,0x3d,0x20,0x69,0x3b,0x0a,0x20,0x20,
    0x20,0x20,0x20,0x20,0x20,0x20,0x66,0x6c,0x6f,0x61,0x74,0x20,0x5f,0x31,0x34,0x31,
    0x20,0x3d,0x20,0x73,0x69,0x7a,0x65,0x5f,0x76,0x61,0x6c,0x75,0x65,0x28,0x70,0x61,
    0x72,0x61,0x6d,0x5f,0x33,0x29,0x3b,0x0a,0x20,0x20,0x20,0x20,0x20,0x20,0x20,0x20,
    0x69,0x66,0x20,0x28,0x74,0x20,0x3e,0x3d,0x20,0x5f,0x31,0x33,0x37,0x29,0x0a,0x20,
    0x20,0x20,0x20,0x20,0x20,0x20,0x20,0x7b,0x0a,0x20,0x20,0x20,0x20,0x20,0x20,0x20,
    0x20,0x20,0x20,0x20,0x20,0x5f,0x31,0x34,0x35,0x20,0x3d,0x20,0x5f,0x31,0x34,0x31,
    0x3b,0x0a,0x20,0x20,0x20,0x20,0x20,0x20,0x20,0x20,0x7d,0x0a,0x20,0x20,0x20,0x20,
    0x20,0x20,0x20,0x20,0x65,0x6c,0x73,0x65,0x0a,0x20,0x20,0x20,0x20,0x20,0x20,0x20,
    0x20,0x7b,0x0a,0x20,0x20,0x20,0x20,0x20,0x20,0x20,0x20,0x20,0x20,0x20,0x20,0x5f,
    0x31,0x34,0x35,0x20,0x3d,0x20,0x6d,0x69,0x78,0x28,0x76,0x61,0x6c,0x75,0x65,0x2c,
    0x20,0x5f,0x31,0x34,0x31,0x2c,0x20,0x28,0x74,0x20,0x2d,0x20,0x70,0x72,0x65,0x76,
    0x5f,0x74,0x29,0x20,0x2f,0x20,0x6d,0x61,0x78,0x28,0x5f,0x31,0x33,0x37,0x20,0x2d,
    0x20,0x70,0x72,0x65,0x76,0x5f,0x74,0x2c,0x20,0x39,0x2e,0x39,0x39,0x39,0x39,0x39,
    0x39,0x39,0x37,0x34,0x37,0x35,0x32,0x34,0x32,0x37,0x30,0x37,0x38,0x37,0x38,0x33,
    0x35,0x31,0x32,0x31,0x31,0x35,0x34,0x37,0x38,0x35,0x65,0x2d,0x30,0x37,0x29,0x29,
    0x3b,0x0a,0x20,0x20,0x20,0x20,0x20,0x20,0x20,0x20,0x7d,0x0a,0x20,0x20,0x20,0x20,
    0x20,0x20,0x20,0x20,0x76,0x61,0x6c,0x75,0x65,0x20,0x3d,0x20,0x5f,0x31,0x34,0x35,
    0x3b,0x0a,0x20,0x20,0x20,0x20,0x20,0x20,0x20,0x20,0x70,0x72,0x65,0x76,0x5f,0x74,
    0x20,0x3d,0x20,0x5f,0x31,0x33,0x37,0x3b,0x0a,0x20,0x20,0x20,0x20,0x7d,0x0a,0x20,
    0x20,0x20,0x20,0x72,0x65,0x74,0x75,0x72,0x6e,0x20,0x76,0x61,0x6c,0x75,0x65,0x3b,
    0x0a,0x7d,0x0a,0x0a,0x66,0x6c,0x6f,0x61,0x74,0x20,0x63,0x6f,0x6c,0x6f,0x72,0x5f,
    0x74,0x69,0x6d,0x65,0x28,0x69,0x6e,0x74,0x20,0x69,0x29,0x0a,0x7b,0x0a,0x20,0x20,
    0x20,0x20,0x76,0x65,0x63,0x34,0x20,0x70,0x61,0x72,0x61,0x6d,0x20,0x3d,0x20,0x70,
    0x61,0x72,0x74,0x69,0x63,0x6c,0x65,0x5f,0x70,0x61,0x72,0x61,0x6d,0x73,0x5b,0x31,
    0x35,0x5d,0x3b,0x0a,0x20,0x20,0x20,0x20,0x76,0x65,0x63,0x34,0x20,0x70,0x61,0x72,
    0x61,0x6d,0x5f,0x31,0x20,0x3d,0x20,0x70,0x61,0x72,0x74,0x69,0x63,0x6c,0x65,0x5f,
    0x70,0x61,0x72,0x61,0x6d,0x73,0x5b,0x31,0x36,0x5d,0x3b,0x0a,0x20,0x20,0x20,0x20,
    0x69,0x6e,0x74,0x20,0x70,0x61,0x72,0x61,0x6d,0x5f,0x32,0x20,0x3d,0x20,0x69,0x3b,
    0x0a,0x20,0x20,0x20,0x20,0x72,0x65,0x74,0x75,0x72,0x6e,0x20,0x63,0x75,0x72,0x76,
    0x65,0x5f,0x6b,0x65,0x79,0x28,0x70,0x61,0x72,0x61,0x6d,0x2c,0x20,0x70,0x61,0x72,
    0x61,0x6d,0x5f,0x31,0x2c,0x20,0x70,0x61,0x72,0x61,0x6d,0x5f,0x32,0x29,0x3b,0x0a,
    0x7d,0x0a,0x0a,0x76,0x65,0x63,0x34,0x20,0x63,0x6f,0x6c,0x6f,0x72,0x5f,0x61,0x74,
    0x28,0x66,0x6c,0x6f,0x61,0x74,0x20,0x74,0x29,0x0a,0x7b,0x0a,0x20,0x20,0x20,0x20,
    0x69,0x6e,0x74,0x20,0x5f,0x31,0x37,0x33,0x20,0x3d,0x20,0x69,0x6e,0x74,0x28,0x70,
    0x61,0x72,0x74,0x69,0x63,0x6c,0x65,0x5f,0x70,0x61,0x72,0x61,0x6d,0x73,0x5b,0x37,
    0x5d,0x2e,0x79,0x29,0x3b,0x0a,0x20,0x20,0x20,0x20,0x76,0x65,0x63,0x34,0x20,0x76,
    0x61,0x6c,0x75,0x65,0x20,0x3d,0x20,0x70,0x61,0x72,0x74,0x69,0x63,0x6c,0x65,0x5f,
    0x70,0x61,0x72,0x61,0x6d,0x73,0x5b,0x31,0x37,0x5d,0x3b,0x0a,0x20,0x20,0x20,0x20,
    0x69,0x6e,0x74,0x20,0x70,0x61,0x72,0x61,0x6d,0x20,0x3d,0x20,0x30,0x3b,0x0a,0x20,
    0x20,0x20,0x20,0x66,0x6c,0x6f,0x61,0x74,0x20,0x70,0x72,0x65,0x76,0x5f,0x74,0x20,
    0x3d,0x20,0x63,0x6f,0x6c,0x6f,0x72,0x5f,0x74,0x69,0x6d,0x65,0x28,0x70,0x61,0x72,
    0x61,0x6d,0x29,0x3b,0x0a,0x20,0x20,0x20,0x20,0x76,0x65,0x63,0x34,0x20,0x5f,0x32,
    0x30,0x36,0x3b,0x0a,0x20,0x20,0x20,0x20,0x66,0x6f,0x72,0x20,0x28,0x69,0x6e,0x74,
    0x20,0x69,0x20,0x3d,0x20,0x31,0x3b,0x20,0x69,0x20,0x3c,0x20,0x38,0x3b,0x20,0x69,
    0x2b,0x2b,0x29,0x0a,0x20,0x20,0x20,0x20,0x7b,0x0a,0x20,0x20,0x20,0x20,0x20,0x20,
    0x20,0x20,0x69,0x66,0x20,0x28,0x28,0x69,0x20,0x3e,0x3d,0x20,0x5f,0x31,0x37,0x33,
    0x29,0x20,0x7c,0x7c,0x20,0x28,0x74,0x20,0x3c,0x3d,0x20,0x70,0x72,0x65,0x76,0x5f,
    0x74,0x29,0x29,0x0a,0x20,0x20,0x20,0x20,0x20,0x20,0x20,0x20,0x7b,0x0a,0x20,0x20,
    0x20,0x20,0x20,0x20,0x20,0x20,0x20,0x20,0x20,0x20,0x62,0x72,0x65,0x61,0x6b,0x3b,
    0x0a,0x20,0x20,0x20,0x20,0x20,0x20,0x20,0x20,0x7d,0x0a,0x20,0x20,0x20,0x20,0x20,
    0x20,0x20,0x20,0x69,0x6e,0x74,0x20,0x70,0x61,0x72,0x61,0x6d,0x5f,0x31,0x20,0x3d,
    0x20,0x69,0x3b,0x0a,0x20,0x20,0x20,0x20,0x20,0x20,0x20,0x20,0x66,0x6c,0x6f,0x61,
    0x74,0x20,0x5f,0x32,0x30,0x32,0x20,0x3d,0x20,0x63,0x6f,0x6c,0x6f,0x72,0x5f,0x74,
    0x69,0x6d,0x65,0x28,0x70,0x61,0x72,0x61,0x6d,0x5f,0x31,0x29,0x3b,0x0a,0x20,0x20,
    0x20,0x20,0x20,0x20,0x20,0x20,0x69,0x66,0x20,0x28,0x74,0x20,0x3e,0x3d,0x20,0x5f,
    0x32,0x30,0x32,0x29,0x0a,0x20,0x20,0x20,0x20,0x20,0x20,0x20,0x20,0x7b,0x0a,0x20,
    0x20,0x20,0x20,0x20,0x20,0x20,0x20,0x20,0x20,0x20,0x20,0x5f,0x32,0x30,0x36,0x20,
    0x3d,0x20,0x70,0x61,0x72,0x74,0x69,0x63,0x6c,0x65,0x5f,0x70,0x61,0x72,0x61,0x6d,
    0x73,0x5b,0x69,0x20,0x2a,0x20,0x31,0x20,0x2b,0x20,0x31,0x37,0x5d,0x3b,0x0a,0x20,
    0x20,0x20,0x20,0x20,0x20,0x20,0x20,0x7d,0x0a,0x20,0x20,0x20,0x20,0x20,0x20,0x20,
    0x20,0x65,0x6c,0x73,0x65,0x0a,0x20,0x20,0x20,0x20,0x20,0x20,0x20,0x20,0x7b,0x0a,
    0x20,0x20,0x20,0x20,0x20,0x20,0x20,0x20,0x20,0x20,0x20,0x20,0x5f,0x32,0x30,0x36,
    0x20,0x3d,0x20,0x6d,0x69,0x78,0x28,0x76,0x61,0x6c,0x75,0x65,0x2c,0x20,0x70,0x61,
    0x72,0x74,0x69,0x63,0x6c,0x65,0x5f,0x70,0x61,0x72,0x61,0x6d,0x73,0x5b,0x69,0x20,
    0x2a,0x20,0x31,0x20,0x2b,0x20,0x31,0x37,0x5d,0x2c,0x20,0x76,0x65,0x63,0x34,0x28,
    0x28,0x74,0x20,0x2d,0x20,0x70,0x72,0x65,0x76,0x5f,0x74,0x29,0x20,0x2f,0x20,0x6d,
    0x61,0x78,0x28,0x5f,0x32,0x30,0x32,0x20,0x2d,0x20,0x70,0x72,0x65,0x76,0x5f,0x74,
    0x2c,0x20,0x39,0x2e,0x39,0x39,0x39,0x39,0x39,0x39,0x39,0x37,0x34,0x37,0x35,0x32,
    0x34,0x32,0x37,0x30,0x37,0x38,0x37,0x38,0x33,0x35,0x31,0x32,0x31,0x31,0x35,0x34,
    0x37,0x38,0x35,0x65,0x2d,0x30,0x37,0x29,0x29,0x29,0x3b,0x0a,0x20,0x20,0x20,0x20,
    0x20,0x20,0x20,0x20,0x7d,0x0a,0x20,0x20,0x20,0x20,0x20,0x20,0x20,0x20,0x76,0x61,
    0x6c,0x75,0x65,0x20,0x3d,0x20,0x5f,0x32,0x30,0x36,0x3b,0x0a,0x20,0x20,0x20,0x20,
    0x20,0x20,0x20,0x20,0x70,0x72,0x65,0x76,0x5f,0x74,0x20,0x3d,0x20,0x5f,0x32,0x30,
    0x32,0x3b,0x0a,0x20,0x20,0x20,0x20,0x7d,0x0a,0x20,0x20,0x20,0x20,0x72,0x65,0x74,
    0x75,0x72,0x6e,0x20,0x76,0x61,0x6c,0x75,0x65,0x3b,0x0a,0x7d,0x0a,0x0a,0x76,0x6f,
    0x69,0x64,0x20,0x6d,0x61,0x69,0x6e,0x28,0x29,0x0a,0x7b,0x0a,0x20,0x20,0x20,0x20,
    0x66,0x6c,0x6f,0x61,0x74,0x20,0x5f,0x32,0x34,0x34,0x20,0x3d,0x20,0x70,0x61,0x72,
    0x74,0x69,0x63,0x6c,0x65,0x5f,0x70,0x61,0x72,0x61,0x6d,0x73,0x5b,0x36,0x5d,0x2e,
    0x77,0x20,0x2d,0x20,0x62,0x6f,0x72,0x6e,0x2e,0x77,0x3b,0x0a,0x20,0x20,0x20,0x20,
    0x66,0x6c,0x6f,0x61,0x74,0x20,0x5f,0x32,0x35,0x30,0x20,0x3d,0x20,0x5f,0x32,0x34,
    0x34,0x20,0x2f,0x20,0x6d,0x6f,0x74,0x69,0x6f,0x6e,0x2e,0x77,0x3b,0x0a,0x20,0x20,
    0x20,0x20,0x69,0x66,0x20,0x28,0x28,0x5f,0x32,0x34,0x34,0x20,0x3c,0x20,0x30,0x2e,
    0x30,0x29,0x20,0x7c,0x7c,0x20,0x28,0x5f,0x32,0x35,0x30,0x20,0x3e,0x3d,0x20,0x31,
    0x2e,0x30,0x29,0x29,0x0a,0x20,0x20,0x20,0x20,0x7b,0x0a,0x20,0x20,0x20,0x20,0x20,
    0x20,0x20,0x20,0x67,0x6c,0x5f,0x50,0x6f,0x73,0x69,0x74,0x69,0x6f,0x6e,0x20,0x3d,
    0x20,0x76,0x65,0x63,0x34,0x28,0x32,0x2e,0x30,0x2c,0x20,0x32,0x2e,0x30,0x2c,0x20,
    0x32,0x2e,0x30,0x2c,0x20,0x31,0x2e,0x30,0x29,0x3b,0x0a,0x20,0x20,0x20,0x20,0x20,
    0x20,0x20,0x20,0x75,0x76,0x20,0x3d,0x20,0x76,0x65,0x63,0x32,0x28,0x30,0x2e,0x30,
    0x29,0x3b,0x0a,0x20,0x20,0x20,0x20,0x20,0x20,0x20,0x20,0x63,0x6f,0x6c,0x6f,0x72,
    0x20,0x3d,0x20,0x76,0x65,0x63,0x34,0x28,0x30,0x2e,0x30,0x29,0x3b,0x0a,0x20,0x20,
    0x20,0x20,0x20,0x20,0x20,0x20,0x61,0x6c,0x70,0x68,0x61,0x5f,0x6d,0x6f,0x64,0x65,
    0x20,0x3d,0x20,0x30,0x2e,0x30,0x3b,0x0a,0x20,0x20,0x20,0x20,0x20,0x20,0x20,0x20,
    0x72,0x65,0x74,0x75,0x72,0x6e,0x3b,0x0a,0x20,0x20,0x20,0x20,0x7d,0x0a,0x20,0x20,
    0x20,0x20,0x76,0x65,0x63,0x33,0x20,0x70,0x6f,0x73,0x3b,0x0a,0x20,0x20,0x20,0x20,
    0x76,0x65,0x63,0x33,0x20,0x76,0x65,0x6c,0x3b,0x0a,0x20,0x20,0x20,0x20,0x69,0x66,
    0x20,0x28,0x70,0x61,0x72,0x74,0x69,0x63,0x6c,0x65,0x5f,0x70,0x61,0x72,0x61,0x6d,
    0x73,0x5b,0x39,0x5d,0x2e,0x78,0x20,0x3e,0x20,0x39,0x2e,0x39,0x39,0x39,0x39,0x39,
    0x39,0x37,0x34,0x37,0x33,0x37,0x38,0x37,0x35,0x31,0x36,0x33,0x35,0x35,0x35,0x31,
    0x34,0x35,0x32,0x36,0x33,0x36,0x37,0x31,0x38,0x38,0x65,0x2d,0x30,0x35,0x29,0x0a,
    0x20,0x20,0x20,0x20,0x7b,0x0a,0x20,0x20,0x20,0x20,0x20,0x20,0x20,0x20,0x76,0x65,
    0x63,0x33,0x20,0x5f,0x32,0x39,0x34,0x20,0x3d,0x20,0x70,0x61,0x72,0x74,0x69,0x63,
    0x6c,0x65,0x5f,0x70,0x61,0x72,0x61,0x6d,0x73,0x5b,0x36,0x5d,0x2e,0x78,0x79,0x7a,
    0x20,0x2f,0x20,0x76,0x65,0x63,0x33,0x28,0x70,0x61,0x72,0x74,0x69,0x63,0x6c,0x65,
    0x5f,0x70,0x61,0x72,0x61,0x6d,0x73,0x5b,0x39,0x5d,0x2e,0x78,0x29,0x3b,0x0a,0x20,
    0x20,0x20,0x20,0x20,0x20,0x20,0x20,0x66,0x6c,0x6f,0x61,0x74,0x20,0x5f,0x33,0x30,
    0x30,0x20,0x3d,0x20,0x65,0x78,0x70,0x28,0x28,0x2d,0x70,0x61,0x72,0x74,0x69,0x63,
    0x6c,0x65,0x5f,0x70,0x61,0x72,0x61,0x6d,0x73,0x5b,0x39,0x5d,0x2e,0x78,0x29,0x20,
    0x2a,0x20,0x5f,0x32,0x34,0x34,0x29,0x3b,0x0a,0x20,0x20,0x20,0x20,0x20,0x20,0x20,
    0x20,0x76,0x65,0x63,0x33,0x20,0x5f,0x33,0x31,0x31,0x20,0x3d,0x20,0x6d,0x6f,0x74,
    0x69,0x6f,0x6e,0x2e,0x78,0x79,0x7a,0x20,0x2d,0x20,0x5f,0x32,0x39,0x34,0x3b,0x0a,
    0x20,0x20,0x20,0x20,0x20,0x20,0x20,0x20,0x70,0x6f,0x73,0x20,0x3d,0x20,0x28,0x62,
    0x6f,0x72,0x6e,0x2e,0x78,0x79,0x7a,0x20,0x2b,0x20,0x28,0x5f,0x32,0x39,0x34,0x20,
    0x2a,0x20,0x5f,0x32,0x34,0x34,0x29,0x29,0x20,0x2b,0x20,0x28,0x5f,0x33,0x31,0x31,
    0x20,0x2a,0x20,0x28,0x28,0x31,0x2e,0x30,0x20,0x2d,0x20,0x5f,0x33,0x30,0x30,0x29,
    0x20,0x2f,0x20,0x70,0x61,0x72,0x74,0x69,0x63,0x6c,0x65,0x5f,0x70,0x61,0x72,0x61,
    0x6d,0x73,0x5b,0x39,0x5d,0x2e,0x78,0x29,0x29,0x3b,0x0a,0x20,0x20,0x20,0x20,0x20,
    0x20,0x20,0x20,0x76,0x65,0x6c,0x20,0x3d,0x20,0x5f,0x32,0x39,0x34,0x20,0x2b,0x20,
    0x28,0x5f,0x33,0x31,0x31,0x20,0x2a,0x20,0x5f,0x33,0x30,0x30,0x29,0x3b,0x0a,0x20,
    0x20,0x20,0x20,0x7d,0x0a,0x20,0x20,0x20,0x20,0x65,0x6c,0x73,0x65,0x0a,0x20,0x20,
    0x20,0x20,0x7b,0x0a,0x20,0x20,0x20,0x20,0x20,0x20,0x20,0x20,0x70,0x6f,0x73,0x20,
    0x3d,0x20,0x28,0x62,0x6f,0x72,0x6e,0x2e,0x78,0x79,0x7a,0x20,0x2b,0x20,0x28,0x6d,
    0x6f,0x74,0x69,0x6f,0x6e,0x2e,0x78,0x79,0x7a,0x20,0x2a,0x20,0x5f,0x32,0x34,0x34,
    0x29,0x29,0x20,0x2b,0x20,0x28,0x28,0x28,0x70,0x61,0x72,0x74,0x69,0x63,0x6c,0x65,
    0x5f,0x70,0x61,0x72,0x61,0x6d,0x73,0x5b,0x36,0x5d,0x2e,0x78,0x79,0x7a,0x20,0x2a,
    0x20,0x30,0x2e,0x35,0x29,0x20,0x2a,0x20,0x5f,0x32,0x34,0x34,0x29,0x20,0x2a,0x20,
    0x5f,0x32,0x34,0x34,0x29,0x3b,0x0a,0x20,0x20,0x20,0x20,0x20,0x20,0x20,0x20,0x76,
    0x65,0x6c,0x20,0x3d,0x20,0x6d,0x6f,0x74,0x69,0x6f,0x6e,0x2e,0x78,0x79,0x7a,0x20,
    0x2b,0x20,0x28,0x70,0x61,0x72,0x74,0x69,0x63,0x6c,0x65,0x5f,0x70,0x61,0x72,0x61,
    0x6d,0x73,0x5b,0x36,0x5d,0x2e,0x78,0x79,0x7a,0x20,0x2a,0x20,0x5f,0x32,0x34,0x34,
    0x29,0x3b,0x0a,0x20,0x20,0x20,0x20,0x7d,0x0a,0x20,0x20,0x20,0x20,0x66,0x6c,0x6f,
    0x61,0x74,0x20,0x70,0x61,0x72,0x61,0x6d,0x20,0x3d,0x20,0x5f,0x32,0x35,0x30,0x3b,
    0x0a,0x20,0x20,0x20,0x20,0x66,0x6c,0x6f,0x61,0x74,0x20,0x5f,0x33,0x36,0x30,0x20,
    0x3d,0x20,0x73,0x69,0x7a,0x65,0x5f,0x61,0x74,0x28,0x70,0x61,0x72,0x61,0x6d,0x29,
    0x20,0x2a,0x20,0x73,0x68,0x61,0x70,0x65,0x2e,0x78,0x3b,0x0a,0x20,0x20,0x20,0x20,
    0x66,0x6c,0x6f,0x61,0x74,0x20,0x61,0x6c,0x6f,0x6e,0x67,0x20,0x3d,0x20,0x5f,0x33,
    0x36,0x30,0x3b,0x0a,0x20,0x20,0x20,0x20,0x76,0x65,0x63,0x32,0x20,0x5f,0x33,0x37,
    0x36,0x20,0x3d,0x20,0x76,0x65,0x63,0x32,0x28,0x64,0x6f,0x74,0x28,0x76,0x65,0x6c,
    0x2c,0x20,0x70,0x61,0x72,0x74,0x69,0x63,0x6c,0x65,0x5f,0x70,0x61,0x72,0x61,0x6d,
    0x73,0x5b,0x34,0x5d,0x2e,0x78,0x79,0x7a,0x29,0x2c,0x20,0x64,0x6f,0x74,0x28,0x76,
    0x65,0x6c,0x2c,0x20,0x70,0x61,0x72,0x74,0x69,0x63,0x6c,0x65,0x5f,0x70,0x61,0x72,
    0x61,0x6d,0x73,0x5b,0x35,0x5d,0x2e,0x78,0x79,0x7a,0x29,0x29,0x3b,0x0a,0x20,0x20,
    0x20,0x20,0x66,0x6c,0x6f,0x61,0x74,0x20,0x5f,0x33,0x37,0x39,0x20,0x3d,0x20,0x6c,
    0x65,0x6e,0x67,0x74,0x68,0x28,0x5f,0x33,0x37,0x36,0x29,0x3b,0x0a,0x20,0x20,0x20,
    0x20,0x76,0x65,0x63,0x33,0x20,0x75,0x70,0x3b,0x0a,0x20,0x20,0x20,0x20,0x76,0x65,
    0x63,0x33,0x20,0x72,0x69,0x67,0x68,0x74,0x3b,0x0a,0x20,0x20,0x20,0x20,0x69,0x66,
    0x20,0x28,0x28,0x70,0x61,0x72,0x74,0x69,0x63,0x6c,0x65,0x5f,0x70,0x61,0x72,0x61,
    0x6d,0x73,0x5b,0x39,0x5d,0x2e,0x79,0x20,0x3e,0x20,0x30,0x2e,0x30,0x29,0x20,0x26,
    0x26,0x20,0x28,0x5f,0x33,0x37,0x39,0x20,0x3e,0x20,0x39,0x2e,0x39,0x39,0x39,0x39,
    0x39,0x39,0x37,0x34,0x37,0x33,0x37,0x38,0x37,0x35,0x31,0x36,0x33,0x35,0x35,0x35,
    0x31,0x34,0x35,0x32,0x36,0x33,0x36,0x37,0x31,0x38,0x38,0x65,0x2d,0x30,0x36,0x29,
    0x29,0x0a,0x20,0x20,0x20,0x20,0x7b,0x0a,0x20,0x20,0x20,0x20,0x20,0x20,0x20,0x20,
    0x76,0x65,0x63,0x32,0x20,0x5f,0x33,0x39,0x33,0x20,0x3d,0x20,0x5f,0x33,0x37,0x36,
    0x20,0x2f,0x20,0x76,0x65,0x63,0x32,0x28,0x5f,0x33,0x37,0x39,0x29,0x3b,0x0a,0x20,
    0x20,0x20,0x20,0x20,0x20,0x20,0x20,0x66,0x6c,0x6f,0x61,0x74,0x20,0x5f,0x33,0x39,
    0x39,0x20,0x3d,0x20,0x5f,0x33,0x39,0x33,0x2e,0x78,0x3b,0x0a,0x20,0x20,0x20,0x20,
    0x20,0x20,0x20,0x20,0x66,0x6c,0x6f,0x61,0x74,0x20,0x5f,0x34,0x30,0x35,0x20,0x3d,
    0x20,0x5f,0x33,0x39,0x33,0x2e,0x79,0x3b,0x0a,0x20,0x20,0x20,0x20,0x20,0x20,0x20,
    0x20,0x76,0x65,0x63,0x33,0x20,0x5f,0x34,0x30,0x37,0x20,0x3d,0x20,0x28,0x70,0x61,
    0x72,0x74,0x69,0x63,0x6c,0x65,0x5f,0x70,0x61,0x72,0x61,0x6d,0x73,0x5b,0x34,0x5d,
    0x2e,0x78,0x79,0x7a,0x20,0x2a,0x20,0x5f,0x33,0x39,0x39,0x29,0x20,0x2b,0x20,0x28,
    0x70,0x61,0x72,0x74,0x69,0x63,0x6c,0x65,0x5f,0x70,0x61,0x72,0x61,0x6d,0x73,0x5b,
    0x35,0x5d,0x2e,0x78,0x79,0x7a,0x20,0x2a,0x20,0x5f,0x34,0x30,0x35,0x29,0x3b,0x0a,
    0x20,0x20,0x20,0x20,0x20,0x20,0x20,0x20,0x75,0x70,0x20,0x3d,0x20,0x5f,0x34,0x30,
    0x37,0x3b,0x0a,0x20,0x20,0x20,0x20,0x20,0x20,0x20,0x20,0x72,0x69,0x67,0x68,0x74,
    0x20,0x3d,0x20,0x28,0x70,0x61,0x72,0x74,0x69,0x63,0x6c,0x65,0x5f,0x70,0x61,0x72,
    0x61,0x6d,0x73,0x5b,0x34,0x5d,0x2e,0x78,0x79,0x7a,0x20,0x2a,0x20,0x5f,0x34,0x30,
    0x35,0x29,0x20,0x2d,0x20,0x28,0x70,0x61,0x72,0x74,0x69,0x63,0x6c,0x65,0x5f,0x70,
    0x61,0x72,0x61,0x6d,0x73,0x5b,0x35,0x5d,0x2e,0x78,0x79,0x7a,0x20,0x2a,0x20,0x5f,
    0x33,0x39,0x39,0x29,0x3b,0x0a,0x20,0x20,0x20,0x20,0x20,0x20,0x20,0x20,0x66,0x6c,
    0x6f,0x61,0x74,0x20,0x5f,0x34,0x32,0x36,0x20,0x3d,0x20,0x5f,0x33,0x37,0x39,0x20,
    0x2a,0x20,0x70,0x61,0x72,0x74,0x69,0x63,0x6c,0x65,0x5f,0x70,0x61,0x72,0x61,0x6d,
    0x73,0x5b,0x39,0x5d,0x2e,0x79,0x3b,0x0a,0x20,0x20,0x20,0x20,0x20,0x20,0x20,0x20,
    0x61,0x6c,0x6f,0x6e,0x67,0x20,0x3d,0x20,0x5f,0x33,0x36,0x30,0x20,0x2b,0x20,0x5f,
    0x34,0x32,0x36,0x3b,0x0a,0x20,0x20,0x20,0x20,0x20,0x20,0x20,0x20,0x70,0x6f,0x73,
    0x20,0x2d,0x3d,0x20,0x28,0x5f,0x34,0x30,0x37,0x20,0x2a,0x20,0x28,0x5f,0x34,0x32,
    0x36,0x20,0x2a,0x20,0x30,0x2e,0x35,0x29,0x29,0x3b,0x0a,0x20,0x20,0x20,0x20,0x7d,
    0x0a,0x20,0x20,0x20,0x20,0x65,0x6c,0x73,0x65,0x0a,0x20,0x20,0x20,0x20,0x7b,0x0a,
    0x20,0x20,0x20,0x20,0x20,0x20,0x20,0x20,0x66,0x6c,0x6f,0x61,0x74,0x20,0x5f,0x34,
    0x34,0x34,0x20,0x3d,0x20,0x73,0x68,0x61,0x70,0x65,0x2e,0x7a,0x20,0x2b,0x20,0x28,
    0x73,0x68,0x61,0x70,0x65,0x2e,0x79,0x20,0x2a,0x20,0x5f,0x32,0x34,0x34,0x29,0x3b,
    0x0a,0x20,0x20,0x20,0x20,0x20,0x20,0x20,0x20,0x66,0x6c,0x6f,0x61,0x74,0x20,0x5f,
    0x34,0x34,0x37,0x20,0x3d,0x20,0x63,0x6f,0x73,0x28,0x5f,0x34,0x34,0x34,0x29,0x3b,
    0x0a,0x20,0x20,0x20,0x20,0x20,0x20,0x20,0x20,0x66,0x6c,0x6f,0x61,0x74,0x20,0x5f,
    0x34,0x35,0x30,0x20,0x3d,0x20,0x73,0x69,0x6e,0x28,0x5f,0x34,0x34,0x34,0x29,0x3b,
    0x0a,0x20,0x20,0x20,0x20,0x20,0x20,0x20,0x20,0x72,0x69,0x67,0x68,0x74,0x20,0x3d,
    0x20,0x28,0x70,0x61,0x72,0x74,0x69,0x63,0x6c,0x65,0x5f,0x70,0x61,0x72,0x61,0x6d,
    0x73,0x5b,0x34,0x5d,0x2e,0x78,0x79,0x7a,0x20,0x2a,0x20,0x5f,0x34,0x34,0x37,0x29,
    0x20,0x2d,0x20,0x28,0x70,0x61,0x72,0x74,0x69,0x63,0x6c,0x65,0x5f,0x70,0x61,0x72,
    0x61,0x6d,0x73,0x5b,0x35,0x5d,0x2e,0x78,0x79,0x7a,0x20,0x2a,0x20,0x5f,0x34,0x35,
    0x30,0x29,0x3b,0x0a,0x20,0x20,0x20,0x20,0x20,0x20,0x20,0x20,0x75,0x70,0x20,0x3d,
    0x20,0x28,0x70,0x61,0x72,0x74,0x69,0x63,0x6c,0x65,0x5f,0x70,0x61,0x72,0x61,0x6d,
    0x73,0x5b,0x34,0x5d,0x2e,0x78,0x79,0x7a,0x20,0x2a,0x20,0x5f,0x34,0x35,0x30,0x29,
    0x20,0x2b,0x20,0x28,0x70,0x61,0x72,0x74,0x69,0x63,0x6c,0x65,0x5f,0x70,0x61,0x72,
    0x61,0x6d,0x73,0x5b,0x35,0x5d,0x2e,0x78,0x79,0x7a,0x20,0x2a,0x20,0x5f,0x34,0x34,
    0x37,0x29,0x3b,0x0a,0x20,0x20,0x20,0x20,0x7d,0x0a,0x20,0x20,0x20,0x20,0x67,0x6c,
    0x5f,0x50,0x6f,0x73,0x69,0x74,0x69,0x6f,0x6e,0x20,0x3d,0x20,0x6d,0x61,0x74,0x34,
    0x28,0x70,0x61,0x72,0x74,0x69,0x63,0x6c,0x65,0x5f,0x70,0x61,0x72,0x61,0x6d,0x73,
    0x5b,0x30,0x5d,0x2c,0x20,0x70,0x61,0x72,0x74,0x69,0x63,0x6c,0x65,0x5f,0x70,0x61,
    0x72,0x61,0x6d,0x73,0x5b,0x31,0x5d,0x2c,0x20,0x70,0x61,0x72,0x74,0x69,0x63,0x6c,
    0x65,0x5f,0x70,0x61,0x72,0x61,0x6d,0x73,0x5b,0x32,0x5d,0x2c,0x20,0x70,0x61,0x72,
    0x74,0x69,0x63,0x6c,0x65,0x5f,0x70,0x61,0x72,0x61,0x6d,0x73,0x5b,0x33,0x5d,0x29,
    0x20,0x2a,0x20,0x76,0x65,0x63,0x34,0x28,0x28,0x70,0x6f,0x73,0x20,0x2b,0x20,0x28,
    0x72,0x69,0x67,0x68,0x74,0x20,0x2a,0x20,0x28,0x63,0x6f,0x72,0x6e,0x65,0x72,0x2e,
    0x78,0x20,0x2a,0x20,0x5f,0x33,0x36,0x30,0x29,0x29,0x29,0x20,0x2b,0x20,0x28,0x75,
    0x70,0x20,0x2a,0x20,0x28,0x63,0x6f,0x72,0x6e,0x65,0x72,0x2e,0x79,0x20,0x2a,0x20,
    0x61,0x6c,0x6f,0x6e,0x67,0x29,0x29,0x2c,0x20,0x31,0x2e,0x30,0x29,0x3b,0x0a,0x20,
    0x20,0x20,0x20,0x76,0x65,0x63,0x34,0x20,0x63,0x65,0x6c,0x6c,0x20,0x3d,0x20,0x70,
    0x61,0x72,0x74,0x69,0x63,0x6c,0x65,0x5f,0x70,0x61,0x72,0x61,0x6d,0x73,0x5b,0x38,
    0x5d,0x3b,0x0a,0x20,0x20,0x20,0x20,0x69,0x66,0x20,0x28,0x70,0x61,0x72,0x74,0x69,
    0x63,0x6c,0x65,0x5f,0x70,0x61,0x72,0x61,0x6d,0x73,0x5b,0x31,0x30,0x5d,0x2e,0x7a,
    0x20,0x3e,0x20,0x31,0x2e,0x35,0x29,0x0a,0x20,0x20,0x20,0x20,0x7b,0x0a,0x20,0x20,
    0x20,0x20,0x20,0x20,0x20,0x20,0x66,0x6c,0x6f,0x61,0x74,0x20,0x5f,0x35,0x31,0x34,
    0x3b,0x0a,0x20,0x20,0x20,0x20,0x20,0x20,0x20,0x20,0x69,0x66,0x20,0x28,0x70,0x61,
    0x72,0x74,0x69,0x63,0x6c,0x65,0x5f,0x70,0x61,0x72,0x61,0x6d,0x73,0x5b,0x31,0x30,
    0x5d,0x2e,0x77,0x20,0x3e,0x20,0x30,0x2e,0x30,0x29,0x0a,0x20,0x20,0x20,0x20,0x20,
    0x20,0x20,0x20,0x7b,0x0a,0x20,0x20,0x20,0x20,0x20,0x20,0x20,0x20,0x20,0x20,0x20,
    0x20,0x5f,0x35,0x31,0x34,0x20,0x3d,0x20,0x6d,0x6f,0x64,0x28,0x66,0x6c,0x6f,0x6f,
    0x72,0x28,0x28,0x5f,0x32,0x34,0x34,0x20,0x2a,0x20,0x70,0x61,0x72,0x74,0x69,0x63,
    0x6c,0x65,0x5f,0x70,0x61,0x72,0x61,0x6d,0x73,0x5b,0x31,0x30,0x5d,0x2e,0x77,0x29,
    0x20,0x2b,0x20,0x28,0x66,0x72,0x61,0x63,0x74,0x28,0x73,0x68,0x61,0x70,0x65,0x2e,
    0x77,0x20,0x2a,0x20,0x37,0x2e,0x33,0x30,0x39,0x39,0x39,0x39,0x39,0x34,0x32,0x37,
    0x37,0x39,0x35,0x34,0x31,0x30,0x31,0x35,0x36,0x32,0x35,0x29,0x20,0x2a,0x20,0x70,
    0x61,0x72,0x74,0x69,0x63,0x6c,0x65,0x5f,0x70,0x61,0x72,0x61,0x6d,0x73,0x5b,0x31,
    0x30,0x5d,0x2e,0x7a,0x29,0x29,0x2c,0x20,0x70,0x61,0x72,0x74,0x69,0x63,0x6c,0x65,
    0x5f,0x70,0x61,0x72,0x61,0x6d,0x73,0x5b,0x31,0x30,0x5d,0x2e,0x7a,0x29,0x3b,0x0a,
    0x20,0x20,0x20,0x20,0x20,0x20,0x20,0x20,0x7d,0x0a,0x20,0x20,0x20,0x20,0x20,0x20,
    0x20,0x20,0x65,0x6c,0x73,0x65,0x0a,0x20,0x20,0x20,0x20,0x20,0x20,0x20,0x20,0x7b,
    0x0a,0x20,0x20,0x20,0x20,0x20,0x20,0x20,0x20,0x20,0x20,0x20,0x20,0x5f,0x35,0x31,
    0x34,0x20,0x3d,0x20,0x6d,0x69,0x6e,0x28,0x66,0x6c,0x6f,0x6f,0x72,0x28,0x5f,0x32,
    0x35,0x30,0x20,0x2a,0x20,0x70,0x61,0x72,0x74,0x69,0x63,0x6c,0x65,0x5f,0x70,0x61,
    0x72,0x61,0x6d,0x73,0x5b,0x31,0x30,0x5d,0x2e,0x7a,0x29,0x2c,0x20,0x70,0x61,0x72,
    0x74,0x69,0x63,0x6c,0x65,0x5f,0x70,0x61,0x72,0x61,0x6d,0x73,0x5b,0x31,0x30,0x5d,
    0x2e,0x7a,0x20,0x2d,0x20,0x31,0x2e,0x30,0x29,0x3b,0x0a,0x20,0x20,0x20,0x20,0x20,
    0x20,0x20,0x20,0x7d,0x0a,0x20,0x20,0x20,0x20,0x20,0x20,0x20,0x20,0x76,0x65,0x63,
    0x32,0x20,0x5f,0x35,0x35,0x36,0x20,0x3d,0x20,0x28,0x70,0x61,0x72,0x74,0x69,0x63,
    0x6c,0x65,0x5f,0x70,0x61,0x72,0x61,0x6d,0x73,0x5b,0x38,0x5d,0x2e,0x7a,0x77,0x20,
    0x2d,0x20,0x70,0x61,0x72,0x74,0x69,0x63,0x6c,0x65,0x5f,0x70,0x61,0x72,0x61,0x6d,
    0x73,0x5b,0x38,0x5d,0x2e,0x78,0x79,0x29,0x20,0x2f,0x20,0x70,0x61,0x72,0x74,0x69,
    0x63,0x6c,0x65,0x5f,0x70,0x61,0x72,0x61,0x6d,0x73,0x5b,0x31,0x30,0x5d,0x2e,0x78,
    0x79,0x3b,0x0a,0x20,0x20,0x20,0x20,0x20,0x20,0x20,0x20,0x76,0x65,0x63,0x32,0x20,
    0x5f,0x35,0x37,0x32,0x20,0x3d,0x20,0x70,0x61,0x72,0x74,0x69,0x63,0x6c,0x65,0x5f,
    0x70,0x61,0x72,0x61,0x6d,0x73,0x5b,0x38,0x5d,0x2e,0x78,0x79,0x20,0x2b,0x20,0x28,
    0x5f,0x35,0x35,0x36,0x20,0x2a,0x20,0x76,0x65,0x63,0x32,0x28,0x6d,0x6f,0x64,0x28,
    0x5f,0x35,0x31,0x34,0x2c,0x20,0x70,0x61,0x72,0x74,0x69,0x63,0x6c,0x65,0x5f,0x70,
    0x61,0x72,0x61,0x6d,0x73,0x5b,0x31,0x30,0x5d,0x2e,0x78,0x29,0x2c,0x20,0x66,0x6c,
    0x6f,0x6f,0x72,0x28,0x5f,0x35,0x31,0x34,0x20,0x2f,0x20,0x70,0x61,0x72,0x74,0x69,
    0x63,0x6c,0x65,0x5f,0x70,0x61,0x72,0x61,0x6d,0x73,0x5b,0x31,0x30,0x5d,0x2e,0x78,
    0x29,0x29,0x29,0x3b,0x0a,0x20,0x20,0x20,0x20,0x20,0x20,0x20,0x20,0x66,0x6c,0x6f,
    0x61,0x74,0x20,0x5f,0x35,0x37,0x34,0x20,0x3d,0x20,0x5f,0x35,0x37,0x32,0x2e,0x78,
    0x3b,0x0a,0x20,0x20,0x20,0x20,0x20,0x20,0x20,0x20,0x76,0x65,0x63,0x34,0x20,0x5f,
    0x36,0x33,0x34,0x3b,0x0a,0x20,0x20,0x20,0x20,0x20,0x20,0x20,0x20,0x5f,0x36,0x33,
    0x34,0x2e,0x78,0x20,0x3d,0x20,0x5f,0x35,0x37,0x34,0x3b,0x0a,0x20,0x20,0x20,0x20,
    0x20,0x20,0x20,0x20,0x5f,0x36,0x33,0x34,0x2e,0x79,0x20,0x3d,0x20,0x5f,0x35,0x37,
    0x32,0x2e,0x79,0x3b,0x0a,0x20,0x20,0x20,0x20,0x20,0x20,0x20,0x20,0x63,0x65,0x6c,
    0x6c,0x20,0x3d,0x20,0x76,0x65,0x63,0x34,0x28,0x5f,0x35,0x37,0x34,0x2c,0x20,0x5f,
    0x35,0x37,0x32,0x2e,0x79,0x2c,0x20,0x5f,0x36,0x33,0x34,0x2e,0x78,0x79,0x20,0x2b,
    0x20,0x5f,0x35,0x35,0x36,0x29,0x3b,0x0a,0x20,0x20,0x20,0x20,0x7d,0x0a,0x20,0x20,
    0x20,0x20,0x75,0x76,0x20,0x3d,0x20,0x76,0x65,0x63,0x32,0x28,0x6d,0x69,0x78,0x28,
    0x63,0x65,0x6c,0x6c,0x2e,0x78,0x2c,0x20,0x63,0x65,0x6c,0x6c,0x2e,0x7a,0x2c,0x20,
    0x63,0x6f,0x72,0x6e,0x65,0x72,0x2e,0x78,0x20,0x2b,0x20,0x30,0x2e,0x35,0x29,0x2c,
    0x20,0x6d,0x69,0x78,0x28,0x63,0x65,0x6c,0x6c,0x2e,0x79,0x2c,0x20,0x63,0x65,0x6c,
    0x6c,0x2e,0x77,0x2c,0x20,0x30,0x2e,0x35,0x20,0x2d,0x20,0x63,0x6f,0x72,0x6e,0x65,
    0x72,0x2e,0x79,0x29,0x29,0x3b,0x0a,0x20,0x20,0x20,0x20,0x66,0x6c,0x6f,0x61,0x74,
    0x20,0x70,0x61,0x72,0x61,0x6d,0x5f,0x31,0x20,0x3d,0x20,0x5f,0x32,0x35,0x30,0x3b,
    0x0a,0x20,0x20,0x20,0x20,0x63,0x6f,0x6c,0x6f,0x72,0x20,0x3d,0x20,0x63,0x6f,0x6c,
    0x6f,0x72,0x5f,0x61,0x74,0x28,0x70,0x61,0x72,0x61,0x6d,0x5f,0x31,0x29,0x3b,0x0a,
    0x20,0x20,0x20,0x20,0x69,0x6e,0x74,0x20,0x5f,0x36,0x30,0x38,0x20,0x3d,0x20,0x69,
    0x6e,0x74,0x28,0x70,0x61,0x72,0x74,0x69,0x63,0x6c,0x65,0x5f,0x70,0x61,0x72,0x61,
    0x6d,0x73,0x5b,0x37,0x5d,0x2e,0x77,0x29,0x3b,0x0a,0x20,0x20,0x20,0x20,0x69,0x66,
    0x20,0x28,0x5f,0x36,0x30,0x38,0x20,0x3e,0x20,0x30,0x29,0x0a,0x20,0x20,0x20,0x20,
    0x7b,0x0a,0x20,0x20,0x20,0x20,0x20,0x20,0x20,0x20,0x63,0x6f,0x6c,0x6f,0x72,0x20,
    0x2a,0x3d,0x20,0x70,0x61,0x72,0x74,0x69,0x63,0x6c,0x65,0x5f,0x70,0x61,0x72,0x61,
    0x6d,0x73,0x5b,0x6d,0x69,0x6e,0x28,0x69,0x6e,0x74,0x28,0x73,0x68,0x61,0x70,0x65,
    0x2e,0x77,0x20,0x2a,0x20,0x66,0x6c,0x6f,0x61,0x74,0x28,0x5f,0x36,0x30,0x38,0x29,
    0x29,0x2c,0x20,0x28,0x5f,0x36,0x30,0x38,0x20,0x2d,0x20,0x31,0x29,0x29,0x20,0x2a,
    0x20,0x31,0x20,0x2b,0x20,0x32,0x35,0x5d,0x3b,0x0a,0x20,0x20,0x20,0x20,0x7d,0x0a,
    0x20,0x20,0x20,0x20,0x61,0x6c,0x70,0x68,0x61,0x5f,0x6d,0x6f,0x64,0x65,0x20,0x3d,
    0x20,0x70,0x61,0x72,0x74,0x69,0x63,0x6c,0x65,0x5f,0x70,0x61,0x72,0x61,0x6d,0x73,
    0x5b,0x37,0x5d,0x2e,0x7a,0x3b,0x0a,0x7d,0x0a,0x0a,0x00,
};
#endif
/*
    #version 410

    uniform sampler2D tex_smp;

    layout(location = 0) out vec4 frag_color;
    layout(location = 0) in vec2 uv;
    layout(location = 1) in vec4 color;
    layout(location = 2) in float alpha_mode;

    void main()
    {
        frag_color = texture(tex_smp, uv) * color;
        bool _34 = alpha_mode > 0.0;
        bool _44;
        if (_34)
        {
            _44 = frag_color.w < alpha_mode;
        }
        else
        {
            _44 = _34;
        }
        if (_44)
        {
            discard;
        }
        if (alpha_mode != 0.0)
        {
            frag_color.w = 1.0;
        }
    }

*/
#if defined(SOKOL_GLCORE)
static const uint8_t sprite_fs_source_glsl410[523] = {
    0x23,0x76,0x65,0x72,0x73,0x69,0x6f,0x6e,0x20,0x34,0x31,0x30,0x0a,0x0a,0x75,0x6e,
    0x69,0x66,0x6f,0x72,0x6d,0x20,0x73,0x61,0x6d,0x70,0x6c,0x65,0x72,0x32,0x44,0x20,
    0x74,0x65,0x78,0x5f,0x73,0x6d,0x70,0x3b,0x0a,0x0a,0x6c,0x61,0x79,0x6f,0x75,0x74,
    0x28,0x6c,0x6f,0x63,0x61,0x74,0x69,0x6f,0x6e,0x20,0x3d,0x20,0x30,0x29,0x20,0x6f,
    0x75,0x74,0x20,0x76,0x65,0x63,0x34,0x20,0x66,0x72,0x61,0x67,0x5f,0x63,0x6f,0x6c,
    0x6f,0x72,0x3b,0x0a,0x6c,0x61,0x79,0x6f,0x75,0x74,0x28,0x6c,0x6f,0x63,0x61,0x74,
    0x69,0x6f,0x6e,0x20,0x3d,0x20,0x30,0x29,0x20,0x69,0x6e,0x20,0x76,0x65,0x63,0x32,
    0x20,0x75,0x76,0x3b,0x0a,0x6c,0x61,0x79,0x6f,0x75,0x74,0x28,0x6c,0x6f,0x63,0x61,
    0x74,0x69,0x6f,0x6e,0x20,0x3d,0x20,0x31,0x29,0x20,0x69,0x6e,0x20,0x76,0x65,0x63,
    0x34,0x20,0x63,0x6f,0x6c,0x6f,0x72,0x3b,0x0a,0x6c,0x61,0x79,0x6f,0x75,0x74,0x28,
    0x6c,0x6f,0x63,0x61,0x74,0x69,0x6f,0x6e,0x20,0x3d,0x20,0x32,0x29,0x20,0x69,0x6e,
    0x20,0x66,0x6c,0x6f,0x61,0x74,0x20,0x61,0x6c,0x70,0x68,0x61,0x5f,0x6d,0x6f,0x64,
    0x65,0x3b,0x0a,0x0a,0x76,0x6f,0x69,0x64,0x20,0x6d,0x61,0x69,0x6e,0x28,0x29,0x0a,
    0x7b,0x0a,0x20,0x20,0x20,0x20,0x66,0x72,0x61,0x67,0x5f,0x63,0x6f,0x6c,0x6f,0x72,
    0x20,0x3d,0x20,0x74,0x65,0x78,0x74,0x75,0x72,0x65,0x28,0x74,0x65,0x78,0x5f,0x73,
    0x6d,0x70,0x2c,0x20,0x75,0x76,0x29,0x20,0x2a,0x20,0x63,0x6f,0x6c,0x6f,0x72,0x3b,
    0x0a,0x20,0x20,0x20,0x20,0x62,0x6f,0x6f,0x6c,0x20,0x5f,0x33,0x34,0x20,0x3d,0x20,
    0x61,0x6c,0x70,0x68,0x61,0x5f,0x6d,0x6f,0x64,0x65,0x20,0x3e,0x20,0x30,0x2e,0x30,
    0x3b,0x0a,0x20,0x20,0x20,0x20,0x62,0x6f,0x6f,0x6c,0x20,0x5f,0x34,0x34,0x3b,0x0a,
    0x20,0x20,0x20,0x20,0x69,0x66,0x20,0x28,0x5f,0x33,0x34,0x29,0x0a,0x20,0x20,0x20,
    0x20,0x7b,0x0a,0x20,0x20,0x20,0x20,0x20,0x20,0x20,0x20,0x5f,0x34,0x34,0x20,0x3d,
    0x20,0x66,0x72,0x61,0x67,0x5f,0x63,0x6f,0x6c,0x6f,0x72,0x2e,0x77,0x20,0x3c,0x20,
    0x61,0x6c,0x70,0x68,0x61,0x5f,0x6d,0x6f,0x64,0x65,0x3b,0x0a,0x20,0x20,0x20,0x20,
    0x7d,0x0a,0x20,0x20,0x20,0x20,0x65,0x6c,0x73,0x65,0x0a,0x20,0x20,0x20,0x20,0x7b,
    0x0a,0x20,0x20,0x20,0x20,0x20,0x20,0x20,0x20,0x5f,0x34,0x34,0x20,0x3d,0x20,0x5f,
    0x33,0x34,0x3b,0x0a,0x20,0x20,0x20,0x20,0x7d,0x0a,0x20,0x20,0x20,0x20,0x69,0x66,
    0x20,0x28,0x5f,0x34,0x34,0x29,0x0a,0x20,0x20,0x20,0x20,0x7b,0x0a,0x20,0x20,0x20,
    0x20,0x20,0x20,0x20,0x20,0x64,0x69,0x73,0x63,0x61,0x72,0x64,0x3b,0x0a,0x20,0x20,
    0x20,0x20,0x7d,0x0a,0x20,0x20,0x20,0x20,0x69,0x66,0x20,0x28,0x61,0x6c,0x70,0x68,
    0x61,0x5f,0x6d,0x6f,0x64,0x65,0x20,0x21,0x3d,0x20,0x30,0x2e,0x30,0x29,0x0a,0x20,
    0x20,0x20,0x20,0x7b,0x0a,0x20,0x20,0x20,0x20,0x20,0x20,0x20,0x20,0x66,0x72,0x61,
    0x67,0x5f,0x63,0x6f,0x6c,0x6f,0x72,0x2e,0x77,0x20,0x3d,0x20,0x31,0x2e,0x30,0x3b,
    0x0a,0x20,0x20,0x20,0x20,0x7d,0x0a,0x7d,0x0a,0x0a,0x00,
};
#endif
/*
    #version 410

    uniform vec4 vs_params[7];
    layout(location = 5) out vec3 v_world_pos;
    layout(location = 0) out vec3 v_normal;
    layout(location = 1) out vec4 v_tangent;
    layout(location = 2) out vec2 v_uv0;
    layout(location = 3) out vec2 v_uv1;
    layout(location = 4) out vec4 v_color;
    layout(location = 6) out float v_alpha_mode;
    layout(location = 0) in vec2 corner;
    layout(location = 1) in vec4 inst_pos;
    layout(location = 2) in vec4 inst_size;
    layout(location = 3) in vec4 inst_uv;
    layout(location = 4) in vec3 inst_right;
    layout(location = 5) in vec4 inst_up;
    layout(location = 6) in vec4 inst_color;

    vec3 srgb_to_linear(vec3 c)
    {
        return mix(c * vec3(0.077399380505084991455078125), pow((max(c, vec3(0.040449999272823333740234375)) + vec3(0.054999999701976776123046875)) * vec3(0.947867333889007568359375), vec3(2.400000095367431640625)), step(vec3(0.040449999272823333740234375), c));
    }

    void place_lit(vec2 corner_1, vec4 pos, vec4 size, vec4 source, vec3 right_axis, vec4 up_axis, vec4 tint)
    {
        vec3 right = right_axis;
        vec3 up = up_axis.xyz;
        if (pos.w < 0.5)
        {
            right = vs_params[4].xyz;
            up = vs_params[5].xyz;
        }
        else
        {
            if (pos.w < 1.5)
            {
                right = vs_params[6].xyz;
                up = vec3(0.0, 1.0, 0.0);
            }
        }
        vec3 _131 = (pos.xyz + (right * (((corner_1.x + 0.5) - size.z) * size.x))) + (up * (((corner_1.y - 0.5) + size.w) * size.y));
        gl_Position = mat4(vs_params[0], vs_params[1], vs_params[2], vs_params[3]) * vec4(_131, 1.0);
        v_world_pos = _131;
        v_normal = cross(right, up);
        v_tangent = vec4(right, 1.0);
        v_uv0 = vec2(mix(source.x, source.z, corner_1.x + 0.5), mix(source.y, source.w, 0.5 - corner_1.y));
        v_uv1 = v_uv0;
        vec3 param = tint.xyz;
        v_color = vec4(srgb_to_linear(param), tint.w);
        v_alpha_mode = up_axis.w;
    }

    void main()
    {
        vec2 param = corner;
        vec4 param_1 = inst_pos;
        vec4 param_2 = inst_size;
        vec4 param_3 = inst_uv;
        vec3 param_4 = inst_right;
        vec4 param_5 = inst_up;
        vec4 param_6 = inst_color;
        place_lit(param, param_1, param_2, param_3, param_4, param_5, param_6);
    }

*/
#if defined(SOKOL_GLCORE)
static const uint8_t sprite_vs_lit_source_glsl410[2143] = {
    0x23,0x76,0x65,0x72,0x73,0x69,0x6f,0x6e,0x20,0x34,0x31,0x30,0x0a,0x0a,0x75,0x6e,
    0x69,0x66,0x6f,0x72,0x6d,0x20,0x76,0x65,0x63,0x34,0x20,0x76,0x73,0x5f,0x70,0x61,
    0x72,0x61,0x6d,0x73,0x5b,0x37,0x5d,0x3b,0x0a,0x6c,0x61,0x79,0x6f,0x75,0x74,0x28,
    0x6c,0x6f,0x63,0x61,0x74,0x69,0x6f,0x6e,0x20,0x3d,0x20,0x35,0x29,0x20,0x6f,0x75,
    0x74,0x20,0x76,0x65,0x63,0x33,0x20,0x76,0x5f,0x77,0x6f,0x72,0x6c,0x64,0x5f,0x70,
    0x6f,0x73,0x3b,0x0a,0x6c,0x61,0x79,0x6f,0x75,0x74,0x28,0x6c,0x6f,0x63,0x61,0x74,
    0x69,0x6f,0x6e,0x20,0x3d,0x20,0x30,0x29,0x20,0x6f,0x75,0x74,0x20,0x76,0x65,0x63,
    0x33,0x20,0x76,0x5f,0x6e,0x6f,0x72,0x6d,0x61,0x6c,0x3b,0x0a,0x6c,0x61,0x79,0x6f,
    0x75,0x74,0x28,0x6c,0x6f,0x63,0x61,0x74,0x69,0x6f,0x6e,0x20,0x3d,0x20,0x31,0x29,
    0x20,0x6f,0x75,0x74,0x20,0x76,0x65,0x63,0x34,0x20,0x76,0x5f,0x74,0x61,0x6e,0x67,
    0x65,0x6e,0x74,0x3b,0x0a,0x6c,0x61,0x79,0x6f,0x75,0x74,0x28,0x6c,0x6f,0x63,0x61,
    0x74,0x69,0x6f,0x6e,0x20,0x3d,0x20,0x32,0x29,0x20,0x6f,0x75,0x74,0x20,0x76,0x65,
    0x63,0x32,0x20,0x76,0x5f,0x75,0x76,0x30,0x3b,0x0a,0x6c,0x61,0x79,0x6f,0x75,0x74,
    0x28,0x6c,0x6f,0x63,0x61,0x74,0x69,0x6f,0x6e,0x20,0x3d,0x20,0x33,0x29,0x20,0x6f,
    0x75,0x74,0x20,0x76,0x65,0x63,0x32,0x20,0x76,0x5f,0x75,0x76,0x31,0x3b,0x0a,0x6c,
    0x61,0x79,0x6f,0x75,0x74,0x28,0x6c,0x6f,0x63,0x61,0x74,0x69,0x6f,0x6e,0x20,0x3d,
    0x20,0x34,0x29,0x20,0x6f,0x75,0x74,0x20,0x76,0x65,0x63,0x34,0x20,0x76,0x5f,0x63,
    0x6f,0x6c,0x6f,0x72,0x3b,0x0a,0x6c,0x61,0x79,0x6f,0x75,0x74,0x28,0x6c,0x6f,0x63,
    0x61,0x74,0x69,0x6f,0x6e,0x20,0x3d,0x20,0x36,0x29,0x20,0x6f,0x75,0x74,0x20,0x66,
    0x6c,0x6f,0x61,0x74,0x20,0x76,0x5f,0x61,0x6c,0x70,0x68,0x61,0x5f,0x6d,0x6f,0x64,
    0x65,0x3b,0x0a,0x6c,0x61,0x79,0x6f,0x75,0x74,0x28,0x6c,0x6f,0x63,0x61,0x74,0x69,
    0x6f,0x6e,0x20,0x3d,0x20,0x30,0x29,0x20,0x69,0x6e,0x20,0x76,0x65,0x63,0x32,0x20,
    0x63,0x6f,0x72,0x6e,0x65,0x72,0x3b,0x0a,0x6c,0x61,0x79,0x6f,0x75,0x74,0x28,0x6c,
    0x6f,0x63,0x61,0x74,0x69,0x6f,0x6e,0x20,0x3d,0x20,0x31,0x29,0x20,0x69,0x6e,0x20,
    0x76,0x65,0x63,0x34,0x20,0x69,0x6e,0x73,0x74,0x5f,0x70,0x6f,0x73,0x3b,0x0a,0x6c,
    0x61,0x79,0x6f,0x75,0x74,0x28,0x6c,0x6f,0x63,0x61,0x74,0x69,0x6f,0x6e,0x20,0x3d,
    0x20,0x32,0x29,0x20,0x69,0x6e,0x20,0x76,0x65,0x63,0x34,0x20,0x69,0x6e,0x73,0x74,
    0x5f,0x73,0x69,0x7a,0x65,0x3b,0x0a,0x6c,0x61,0x79,0x6f,0x75,0x74,0x28,0x6c,0x6f,
    0x63,0x61,0x74,0x69,0x6f,0x6e,0x20,0x3d,0x20,0x33,0x29,0x20,0x69,0x6e,0x20,0x76,
    0x65,0x63,0x34,0x20,0x69,0x6e,0x73,0x74,0x5f,0x75,0x76,0x3b,0x0a,0x6c,0x61,0x79,
    0x6f,0x75,0x74,0x28,0x6c,0x6f,0x63,0x61,0x74,0x69,0x6f,0x6e,0x20,0x3d,0x20,0x34,
    0x29,0x20,0x69,0x6e,0x20,0x76,0x65,0x63,0x33,0x20,0x69,0x6e,0x73,0x74,0x5f,0x72,
    0x69,0x67,0x68,0x74,0x3b,0x0a,0x6c,0x61,0x79,0x6f,0x75,0x74,0x28,0x6c,0x6f,0x63,
    0x61,0x74,0x69,0x6f,0x6e,0x20,0x3d,0x20,0x35,0x29,0x20,0x69,0x6e,0x20,0x76,0x65,
    0x63,0x34,0x20,0x69,0x6e,0x73,0x74,0x5f,0x75,0x70,0x3b,0x0a,0x6c,0x61,0x79,0x6f,
    0x75,0x74,0x28,0x6c,0x6f,0x63,0x61,0x74,0x69,0x6f,0x6e,0x20,0x3d,0x20,0x36,0x29,
    0x20,0x69,0x6e,0x20,0x76,0x65,0x63,0x34,0x20,0x69,0x6e,0x73,0x74,0x5f,0x63,0x6f,
    0x6c,0x6f,0x72,0x3b,0x0a,0x0a,0x76,0x65,0x63,0x33,0x20,0x73,0x72,0x67,0x62,0x5f,
    0x74,0x6f,0x5f,0x6c,0x69,0x6e,0x65,0x61,0x72,0x28,0x76,0x65,0x63,0x33,0x20,0x63,
    0x29,0x0a,0x7b,0x0a,0x20,0x20,0x20,0x20,0x72,0x65,0x74,0x75,0x72,0x6e,0x20,0x6d,
    0x69,0x78,0x28,0x63,0x20,0x2a,0x20,0x76,0x65,0x63,0x33,0x28,0x30,0x2e,0x30,0x37,
    0x37,0x33,0x39,0x39,0x33,0x38,0x30,0x35,0x30,0x35,0x30,0x38,0x34,0x39,0x39,0x31,
    0x34,0x35,0x35,0x30,0x37,0x38,0x31,0x32,0x35,0x29,0x2c,0x20,0x70,0x6f,0x77,0x28,
    0x28,0x6d,0x61,0x78,0x28,0x63,0x2c,0x20,0x76,0x65,0x63,0x33,0x28,0x30,0x2e,0x30,
    0x34,0x30,0x34,0x34,0x39,0x39,0x39,0x39,0x32,0x37,0x32,0x38,0x32,0x33,0x33,0x33,
    0x33,0x37,0x34,0x30,0x32,0x33,0x34,0x33,0x37,0x35,0x29,0x29,0x20,0x2b,0x20,0x76,
    0x65,0x63,0x33,0x28,0x30,0x2e,0x30,0x35,0x34,0x39,0x39,0x39,0x39,0x39,0x39,0x37,
    0x30,0x31,0x39,0x37,0x36,0x37,0x37,0x36,0x31,0x32,0x33,0x30,0x34,0x36,0x38,0x37,
    0x35,0x29,0x29,0x20,0x2a,0x20,0x76,0x65,0x63,0x33,0x28,0x30,0x2e,0x39,0x34,0x37,
    0x38,0x36,0x37,0x33,0x33,0x33,0x38,0x38,0x39,0x30,0x30,0x37,0x35,0x36,0x38,0x33,
    0x35,0x39,0x33,0x37,0x35,0x29,0x2c,0x20,0x76,0x65,0x63,0x33,0x28,0x32,0x2e,0x34,
    0x30,0x30,0x30,0x30,0x30,0x30,0x39,0x35,0x33,0x36,0x37,0x34,0x33,0x31,0x36,0x34,
    0x30,0x36,0x32,0x35,0x29,0x29,0x2c,0x20,0x73,0x74,0x65,0x70,0x28,0x76,0x65,0x63,
    0x33,0x28,0x30,0x2e,0x30,0x34,0x30,0x34,0x34,0x39,0x39,0x39,0x39,0x32,0x37,0x32,
    0x38,0x32,0x33,0x33,0x33,0x33,0x37,0x34,0x30,0x32,0x33,0x34,0x33,0x37,0x35,0x29,
    0x2c,0x20,0x63,0x29,0x29,0x3b,0x0a,0x7d,0x0a,0x0a,0x76,0x6f,0x69,0x64,0x20,0x70,
    0x6c,0x61,0x63,0x65,0x5f,0x6c,0x69,0x74,0x28,0x76,0x65,0x63,0x32,0x20,0x63,0x6f,
    0x72,0x6e,0x65,0x72,0x5f,0x31,0x2c,0x20,0x76,0x65,0x63,0x34,0x20,0x70,0x6f,0x73,
    0x2c,0x20,0x76,0x65,0x63,0x34,0x20,0x73,0x69,0x7a,0x65,0x2c,0x20,0x76,0x65,0x63,
    0x34,0x20,0x73,0x6f,0x75,0x72,0x63,0x65,0x2c,0x20,0x76,0x65,0x63,0x33,0x20,0x72,
    0x69,0x67,0x68,0x74,0x5f,0x61,0x78,0x69,0x73,0x2c,0x20,0x76,0x65,0x63,0x34,0x20,
    0x75,0x70,0x5f,0x61,0x78,0x69,0x73,0x2c,0x20,0x76,0x65,0x63,0x34,0x20,0x74,0x69,
    0x6e,0x74,0x29,0x0a,0x7b,0x0a,0x20,0x20,0x20,0x20,0x76,0x65,0x63,0x33,0x20,0x72,
    0x69,0x67,0x68,0x74,0x20,0x3d,0x20,0x72,0x69,0x67,0x68,0x74,0x5f,0x61,0x78,0x69,
    0x73,0x3b,0x0a,0x20,0x20,0x20,0x20,0x76,0x65,0x63,0x33,0x20,0x75,0x70,0x20,0x3d,
    0x20,0x75,0x70,0x5f,0x61,0x78,0x69,0x73,0x2e,0x78,0x79,0x7a,0x3b,0x0a,0x20,0x20,
    0x20,0x20,0x69,0x66,0x20,0x28,0x70,0x6f,0x73,0x2e,0x77,0x20,0x3c,0x20,0x30,0x2e,
    0x35,0x29,0x0a,0x20,0x20,0x20,0x20,0x7b,0x0a,0x20,0x20,0x20,0x20,0x20,0x20,0x20,
    0x20,0x72,0x69,0x67,0x68,0x74,0x20,0x3d,0x20,0x76,0x73,0x5f,0x70,0x61,0x72,0x61,
    0x6d,0x73,0x5b,0x34,0x5d,0x2e,0x78,0x79,0x7a,0x3b,0x0a,0x20,0x20,0x20,0x20,0x20,
    0x20,0x20,0x20,0x75,0x70,0x20,0x3d,0x20,0x76,0x73,0x5f,0x70,0x61,0x72,0x61,0x6d,
    0x73,0x5b,0x35,0x5d,0x2e,0x78,0x79,0x7a,0x3b,0x0a,0x20,0x20,0x20,0x20,0x7d,0x0a,
    0x20,0x20,0x20,0x20,0x65,0x6c,0x73,0x65,0x0a,0x20,0x20,0x20,0x20,0x7b,0x0a,0x20,
    0x20,0x20,0x20,0x20,0x20,0x20,0x20,0x69,0x66,0x20,0x28,0x70,0x6f,0x73,0x2e,0x77,
    0x20,0x3c,0x20,0x31,0x2e,0x35,0x29,0x0a,0x20,0x20,0x20,0x20,0x20,0x20,0x20,0x20,
    0x7b,0x0a,0x20,0x20,0x20,0x20,0x20,0x20,0x20,0x20,0x20,0x20,0x20,0x20,0x72,0x69,
    0x67,0x68,0x74,0x20,0x3d,0x20,0x76,0x73,0x5f,0x70,0x61,0x72,0x61,0x6d,0x73,0x5b,
    0x36,0x5d,0x2e,0x78,0x79,0x7a,0x3b,0x0a,0x20,0x20,0x20,0x20,0x20,0x20,0x20,0x20,
    0x20,0x20,0x20,0x20,0x75,0x70,0x20,0x3d,0x20,0x76,0x65,0x63,0x33,0x28,0x30,0x2e,
    0x30,0x2c,0x20,0x31,0x2e,0x30,0x2c,0x20,0x30,0x2e,0x30,0x29,0x3b,0x0a,0x20,0x20,
    0x20,0x20,0x20,0x20,0x20,0x20,0x7d,0x0a,0x20,0x20,0x20,0x20,0x7d,0x0a,0x20,0x20,
    0x20,0x20,0x76,0x65,0x63,0x33,0x20,0x5f,0x31,0x33,0x31,0x20,0x3d,0x20,0x28,0x70,
    0x6f,0x73,0x2e,0x78,0x79,0x7a,0x20,0x2b,0x20,0x28,0x72,0x69,0x67,0x68,0x74,0x20,
    0x2a,0x20,0x28,0x28,0x28,0x63,0x6f,0x72,0x6e,0x65,0x72,0x5f,0x31,0x2e,0x78,0x20,
    0x2b,0x20,0x30,0x2e,0x35,0x29,0x20,0x2d,0x20,0x73,0x69,0x7a,0x65,0x2e,0x7a,0x29,
    0x20,0x2a,0x20,0x73,0x69,0x7a,0x65,0x2e,0x78,0x29,0x29,0x29,0x20,0x2b,0x20,0x28,
    0x75,0x70,0x20,0x2a,0x20,0x28,0x28,0x28,0x63,0x6f,0x72,0x6e,0x65,0x72,0x5f,0x31,
    0x2e,0x79,0x20,0x2d,0x20,0x30,0x2e,0x35,0x29,0x20,0x2b,0x20,0x73,0x69,0x7a,0x65,
    0x2e,0x77,0x29,0x20,0x2a,0x20,0x73,0x69,0x7a,0x65,0x2e,0x79,0x29,0x29,0x3b,0x0a,
    0x20,0x20,0x20,0x20,0x67,0x6c,0x5f,0x50,0x6f,0x73,0x69,0x74,0x69,0x6f,0x6e,0x20,
    0x3d,0x20,0x6d,0x61,0x74,0x34,0x28,0x76,0x73,0x5f,0x70,0x61,0x72,0x61,0x6d,0x73,
    0x5b,0x30,0x5d,0x2c,0x20,0x76,0x73,0x5f,0x70,0x61,0x72,0x61,0x6d,0x73,0x5b,0x31,
    0x5d,0x2c,0x20,0x76,0x73,0x5f,0x70,0x61,0x72,0x61,0x6d,0x73,0x5b,0x32,0x5d,0x2c,
    0x20,0x76,0x73,0x5f,0x70,0x61,0x72,0x61,0x6d,0x73,0x5b,0x33,0x5d,0x29,0x20,0x2a,
    0x20,0x76,0x65,0x63,0x34,0x28,0x5f,0x31,0x33,0x31,0x2c,0x20,0x31,0x2e,0x30,0x29,
    0x3b,0x0a,0x20,0x20,0x20,0x20,0x76,0x5f,0x77,0x6f,0x72,0x6c,0x64,0x5f,0x70,0x6f,
    0x73,0x20,0x3d,0x20,0x5f,0x31,0x33,0x31,0x3b,0x0a,0x20,0x20,0x20,0x20,0x76,0x5f,
    0x6e,0x6f,0x72,0x6d,0x61,0x6c,0x20,0x3d,0x20,0x63,0x72,0x6f,0x73,0x73,0x28,0x72,
    0x69,0x67,0x68,0x74,0x2c,0x20,0x75,0x70,0x29,0x3b,0x0a,0x20,0x20,0x20,0x20,0x76,
    0x5f,0x74,0x61,0x6e,0x67,0x65,0x6e,0x74,0x20,0x3d,0x20,0x76,0x65,0x63,0x34,0x28,
    0x72,0x69,0x67,0x68,0x74,0x2c,0x20,0x31,0x2e,0x30,0x29,0x3b,0x0a,0x20,0x20,0x20,
    0x20,0x76,0x5f,0x75,0x76,0x30,0x20,0x3d,0x20,0x76,0x65,0x63,0x32,0x28,0x6d,0x69,
    0x78,0x28,0x73,0x6f,0x75,0x72,0x63,0x65,0x2e,0x78,0x2c,0x20,0x73,0x6f,0x75,0x72,
    0x63,0x65,0x2e,0x7a,0x2c,0x20,0x63,0x6f,0x72,0x6e,0x65,0x72,0x5f,0x31,0x2e,0x78,
    0x20,0x2b,0x20,0x30,0x2e,0x35,0x29,0x2c,0x20,0x6d,0x69,0x78,0x28,0x73,0x6f,0x75,
    0x72,0x63,0x65,0x2e,0x79,0x2c,0x20,0x73,0x6f,0x75,0x72,0x63,0x65,0x2e,0x77,0x2c,
    0x20,0x30,0x2e,0x35,0x20,0x2d,0x20,0x63,0x6f,0x72,0x6e,0x65,0x72,0x5f,0x31,0x2e,
    0x79,0x29,0x29,0x3b,0x0a,0x20,0x20,0x20,0x20,0x76,0x5f,0x75,0x76,0x31,0x20,0x3d,
    0x20,0x76,0x5f,0x75,0x76,0x30,0x3b,0x0a,0x20,0x20,0x20,0x20,0x76,0x65,0x63,0x33,
    0x20,0x70,0x61,0x72,0x61,0x6d,0x20,0x3d,0x20,0x74,0x69,0x6e,0x74,0x2e,0x78,0x79,
    0x7a,0x3b,0x0a,0x20,0x20,0x20,0x20,0x76,0x5f,0x63,0x6f,0x6c,0x6f,0x72,0x20,0x3d,
    0x20,0x76,0x65,0x63,0x34,0x28,0x73,0x72,0x67,0x62,0x5f,0x74,0x6f,0x5f,0x6c,0x69,
    0x6e,0x65,0x61,0x72,0x28,0x70,0x61,0x72,0x61,0x6d,0x29,0x2c,0x20,0x74,0x69,0x6e,
    0x74,0x2e,0x77,0x29,0x3b,0x0a,0x20,0x20,0x20,0x20,0x76,0x5f,0x61,0x6c,0x70,0x68,
    0x61,0x5f,0x6d,0x6f,0x64,0x65,0x20,0x3d,0x20,0x75,0x70,0x5f,0x61,0x78,0x69,0x73,
    0x2e,0x77,0x3b,0x0a,0x7d,0x0a,0x0a,0x76,0x6f,0x69,0x64,0x20,0x6d,0x61,0x69,0x6e,
    0x28,0x29,0x0a,0x7b,0x0a,0x20,0x20,0x20,0x20,0x76,0x65,0x63,0x32,0x20,0x70,0x61,
    0x72,0x61,0x6d,0x20,0x3d,0x20,0x63,0x6f,0x72,0x6e,0x65,0x72,0x3b,0x0a,0x20,0x20,
    0x20,0x20,0x76,0x65,0x63,0x34,0x20,0x70,0x61,0x72,0x61,0x6d,0x5f,0x31,0x20,0x3d,
    0x20,0x69,0x6e,0x73,0x74,0x5f,0x70,0x6f,0x73,0x3b,0x0a,0x20,0x20,0x20,0x20,0x76,
    0x65,0x63,0x34,0x20,0x70,0x61,0x72,0x61,0x6d,0x5f,0x32,0x20,0x3d,0x20,0x69,0x6e,
    0x73,0x74,0x5f,0x73,0x69,0x7a,0x65,0x3b,0x0a,0x20,0x20,0x20,0x20,0x76,0x65,0x63,
    0x34,0x20,0x70,0x61,0x72,0x61,0x6d,0x5f,0x33,0x20,0x3d,0x20,0x69,0x6e,0x73,0x74,
    0x5f,0x75,0x76,0x3b,0x0a,0x20,0x20,0x20,0x20,0x76,0x65,0x63,0x33,0x20,0x70,0x61,
    0x72,0x61,0x6d,0x5f,0x34,0x20,0x3d,0x20,0x69,0x6e,0x73,0x74,0x5f,0x72,0x69,0x67,
    0x68,0x74,0x3b,0x0a,0x20,0x20,0x20,0x20,0x76,0x65,0x63,0x34,0x20,0x70,0x61,0x72,
    0x61,0x6d,0x5f,0x35,0x20,0x3d,0x20,0x69,0x6e,0x73,0x74,0x5f,0x75,0x70,0x3b,0x0a,
    0x20,0x20,0x20,0x20,0x76,0x65,0x63,0x34,0x20,0x70,0x61,0x72,0x61,0x6d,0x5f,0x36,
    0x20,0x3d,0x20,0x69,0x6e,0x73,0x74,0x5f,0x63,0x6f,0x6c,0x6f,0x72,0x3b,0x0a,0x20,
    0x20,0x20,0x20,0x70,0x6c,0x61,0x63,0x65,0x5f,0x6c,0x69,0x74,0x28,0x70,0x61,0x72,
    0x61,0x6d,0x2c,0x20,0x70,0x61,0x72,0x61,0x6d,0x5f,0x31,0x2c,0x20,0x70,0x61,0x72,
    0x61,0x6d,0x5f,0x32,0x2c,0x20,0x70,0x61,0x72,0x61,0x6d,0x5f,0x33,0x2c,0x20,0x70,
    0x61,0x72,0x61,0x6d,0x5f,0x34,0x2c,0x20,0x70,0x61,0x72,0x61,0x6d,0x5f,0x35,0x2c,
    0x20,0x70,0x61,0x72,0x61,0x6d,0x5f,0x36,0x29,0x3b,0x0a,0x7d,0x0a,0x0a,0x00,
};
#endif
/*
    #version 410

    uniform vec4 vs_params[7];
    uniform vec4 vs_batch_lit[1];
    uniform sampler2D sprite_data_lit_sprite_data_lit_smp;

    layout(location = 5) out vec3 v_world_pos;
    layout(location = 0) out vec3 v_normal;
    layout(location = 1) out vec4 v_tangent;
    layout(location = 2) out vec2 v_uv0;
    layout(location = 3) out vec2 v_uv1;
    layout(location = 4) out vec4 v_color;
    layout(location = 6) out float v_alpha_mode;
    layout(location = 0) in vec2 corner;

    vec4 texel_lit(int sprite, int k)
    {
        return texelFetch(sprite_data_lit_sprite_data_lit_smp, ivec2(((sprite % 256) * 6) + k, sprite / 256), 0);
    }

    vec3 srgb_to_linear(vec3 c)
    {
        return mix(c * vec3(0.077399380505084991455078125), pow((max(c, vec3(0.040449999272823333740234375)) + vec3(0.054999999701976776123046875)) * vec3(0.947867333889007568359375), vec3(2.400000095367431640625)), step(vec3(0.040449999272823333740234375), c));
    }

    void place_lit(vec2 corner_1, vec4 pos, vec4 size, vec4 source, vec3 right_axis, vec4 up_axis, vec4 tint)
    {
        vec3 right = right_axis;
        vec3 up = up_axis.xyz;
        if (pos.w < 0.5)
        {
            right = vs_params[4].xyz;
            up = vs_params[5].xyz;
        }
        else
        {
            if (pos.w < 1.5)
            {
                right = vs_params[6].xyz;
                up = vec3(0.0, 1.0, 0.0);
            }
        }
        vec3 _137 = (pos.xyz + (right * (((corner_1.x + 0.5) - size.z) * size.x))) + (up * (((corner_1.y - 0.5) + size.w) * size.y));
        gl_Position = mat4(vs_params[0], vs_params[1], vs_params[2], vs_params[3]) * vec4(_137, 1.0);
        v_world_pos = _137;
        v_normal = cross(right, up);
        v_tangent = vec4(right, 1.0);
        v_uv0 = vec2(mix(source.x, source.z, corner_1.x + 0.5), mix(source.y, source.w, 0.5 - corner_1.y));
        v_uv1 = v_uv0;
        vec3 param = tint.xyz;
        v_color = vec4(srgb_to_linear(param), tint.w);
        v_alpha_mode = up_axis.w;
    }

    void main()
    {
        int _239 = int(vs_batch_lit[0].x) + gl_InstanceID;
        int param = _239;
        int param_1 = 0;
        int param_2 = _239;
        int param_3 = 1;
        int param_4 = _239;
        int param_5 = 2;
        int param_6 = _239;
        int param_7 = 3;
        int param_8 = _239;
        int param_9 = 4;
        int param_10 = _239;
        int param_11 = 5;
        vec2 param_12 = corner;
        vec4 param_13 = texel_lit(param, param_1);
        vec4 param_14 = texel_lit(param_2, param_3);
        vec4 param_15 = texel_lit(param_4, param_5);
        vec3 param_16 = texel_lit(param_6, param_7).xyz;
        vec4 param_17 = texel_lit(param_8, param_9);
        vec4 param_18 = texel_lit(param_10, param_11);
        place_lit(param_12, param_13, param_14, param_15, param_16, param_17, param_18);
    }

*/
#if defined(SOKOL_GLCORE)
static const uint8_t sprite_vs_lit_pulled_source_glsl410[2599] = {
    0x23,0x76,0x65,0x72,0x73,0x69,0x6f,0x6e,0x20,0x34,0x31,0x30,0x0a,0x0a,0x75,0x6e,
    0x69,0x66,0x6f,0x72,0x6d,0x20,0x76,0x65,0x63,0x34,0x20,0x76,0x73,0x5f,0x70,0x61,
    0x72,0x61,0x6d,0x73,0x5b,0x37,0x5d,0x3b,0x0a,0x75,0x6e,0x69,0x66,0x6f,0x72,0x6d,
    0x20,0x76,0x65,0x63,0x34,0x20,0x76,0x73,0x5f,0x62,0x61,0x74,0x63,0x68,0x5f,0x6c,
    0x69,0x74,0x5b,0x31,0x5d,0x3b,0x0a,0x75,0x6e,0x69,0x66,0x6f,0x72,0x6d,0x20,0x73,
    0x61,0x6d,0x70,0x6c,0x65,0x72,0x32,0x44,0x20,0x73,0x70,0x72,0x69,0x74,0x65,0x5f,
    0x64,0x61,0x74,0x61,0x5f,0x6c,0x69,0x74,0x5f,0x73,0x70,0x72,0x69,0x74,0x65,0x5f,
    0x64,0x61,0x74,0x61,0x5f,0x6c,0x69,0x74,0x5f,0x73,0x6d,0x70,0x3b,0x0a,0x0a,0x6c,
    0x61,0x79,0x6f,0x75,0x74,0x28,0x6c,0x6f,0x63,0x61,0x74,0x69,0x6f,0x6e,0x20,0x3d,
    0x20,0x35,0x29,0x20,0x6f,0x75,0x74,0x20,0x76,0x65,0x63,0x33,0x20,0x76,0x5f,0x77,
    0x6f,0x72,0x6c,0x64,0x5f,0x70,0x6f,0x73,0x3b,0x0a,0x6c,0x61,0x79,0x6f,0x75,0x74,
    0x28,0x6c,0x6f,0x63,0x61,0x74,0x69,0x6f,0x6e,0x20,0x3d,0x20,0x30,0x29,0x20,0x6f,
    0x75,0x74,0x20,0x76,0x65,0x63,0x33,0x20,0x76,0x5f,0x6e,0x6f,0x72,0x6d,0x61,0x6c,
    0x3b,0x0a,0x6c,0x61,0x79,0x6f,0x75,0x74,0x28,0x6c,0x6f,0x63,0x61,0x74,0x69,0x6f,
    0x6e,0x20,0x3d,0x20,0x31,0x29,0x20,0x6f,0x75,0x74,0x20,0x76,0x65,0x63,0x34,0x20,
    0x76,0x5f,0x74,0x61,0x6e,0x67,0x65,0x6e,0x74,0x3b,0x0a,0x6c,0x61,0x79,0x6f,0x75,
    0x74,0x28,0x6c,0x6f,0x63,0x61,0x74,0x69,0x6f,0x6e,0x20,0x3d,0x20,0x32,0x29,0x20,
    0x6f,0x75,0x74,0x20,0x76,0x65,0x63,0x32,0x20,0x76,0x5f,0x75,0x76,0x30,0x3b,0x0a,
    0x6c,0x61,0x79,0x6f,0x75,0x74,0x28,0x6c,0x6f,0x63,0x61,0x74,0x69,0x6f,0x6e,0x20,
    0x3d,0x20,0x33,0x29,0x20,0x6f,0x75,0x74,0x20,0x76,0x65,0x63,0x32,0x20,0x76,0x5f,
    0x75,0x76,0x31,0x3b,0x0a,0x6c,0x61,0x79,0x6f,0x75,0x74,0x28,0x6c,0x6f,0x63,0x61,
    0x74,0x69,0x6f,0x6e,0x20,0x3d,0x20,0x34,0x29,0x20,0x6f,0x75,0x74,0x20,0x76,0x65,
    0x63,0x34,0x20,0x76,0x5f,0x63,0x6f,0x6c,0x6f,0x72,0x3b,0x0a,0x6c,0x61,0x79,0x6f,
    0x75,0x74,0x28,0x6c,0x6f,0x63,0x61,0x74,0x69,0x6f,0x6e,0x20,0x3d,0x20,0x36,0x29,
    0x20,0x6f,0x75,0x74,0x20,0x66,0x6c,0x6f,0x61,0x74,0x20,0x76,0x5f,0x61,0x6c,0x70,
    0x68,0x61,0x5f,0x6d,0x6f,0x64,0x65,0x3b,0x0a,0x6c,0x61,0x79,0x6f,0x75,0x74,0x28,
    0x6c,0x6f,0x63,0x61,0x74,0x69,0x6f,0x6e,0x20,0x3d,0x20,0x30,0x29,0x20,0x69,0x6e,
    0x20,0x76,0x65,0x63,0x32,0x20,0x63,0x6f,0x72,0x6e,0x65,0x72,0x3b,0x0a,0x0a,0x76,
    0x65,0x63,0x34,0x20,0x74,0x65,0x78,0x65,0x6c,0x5f,0x6c,0x69,0x74,0x28,0x69,0x6e,
    0x74,0x20,0x73,0x70,0x72,0x69,0x74,0x65,0x2c,0x20,0x69,0x6e,0x74,0x20,0x6b,0x29,
    0x0a,0x7b,0x0a,0x20,0x20,0x20,0x20,0x72,0x65,0x74,0x75,0x72,0x6e,0x20,0x74,0x65,
    0x78,0x65,0x6c,0x46,0x65,0x74,0x63,0x68,0x28,0x73,0x70,0x72,0x69,0x74,0x65,0x5f,
    0x64,0x61,0x74,0x61,0x5f,0x6c,0x69,0x74,0x5f,0x73,0x70,0x72,0x69,0x74,0x65,0x5f,
    0x64,0x61,0x74,0x61,0x5f,0x6c,0x69,0x74,0x5f,0x73,0x6d,0x70,0x2c,0x20,0x69,0x76,
    0x65,0x63,0x32,0x28,0x28,0x28,0x73,0x70,0x72,0x69,0x74,0x65,0x20,0x25,0x20,0x32,
    0x35,0x36,0x29,0x20,0x2a,0x20,0x36,0x29,0x20,0x2b,0x20,0x6b,0x2c,0x20,0x73,0x70,
    0x72,0x69,0x74,0x65,0x20,0x2f,0x20,0x32,0x35,0x36,0x29,0x2c,0x20,0x30,0x29,0x3b,
    0x0a,0x7d,0x0a,0x0a,0x76,0x65,0x63,0x33,0x20,0x73,0x72,0x67,0x62,0x5f,0x74,0x6f,
    0x5f,0x6c,0x69,0x6e,0x65,0x61,0x72,0x28,0x76,0x65,0x63,0x33,0x20,0x63,0x29,0x0a,
    0x7b,0x0a,0x20,0x20,0x20,0x20,0x72,0x65,0x74,0x75,0x72,0x6e,0x20,0x6d,0x69,0x78,
    0x28,0x63,0x20,0x2a,0x20,0x76,0x65,0x63,0x33,0x28,0x30,0x2e,0x30,0x37,0x37,0x33,
    0x39,0x39,0x33,0x38,0x30,0x35,0x30,0x35,0x30,0x38,0x34,0x39,0x39,0x31,0x34,0x35,
    0x35,0x30,0x37,0x38,0x31,0x32,0x35,0x29,0x2c,0x20,0x70,0x6f,0x77,0x28,0x28,0x6d,
    0x61,0x78,0x28,0x63,0x2c,0x20,0x76,0x65,0x63,0x33,0x28,0x30,0x2e,0x30,0x34,0x30,
    0x34,0x34,0x39,0x39,0x39,0x39,0x32,0x37,0x32,0x38,0x32,0x33,0x33,0x33,0x33,0x37,
    0x34,0x30,0x32,0x33,0x34,0x33,0x37,0x35,0x29,0x29,0x20,0x2b,0x20,0x76,0x65,0x63,
    0x33,0x28,0x30,0x2e,0x30,0x35,0x34,0x39,0x39,0x39,0x39,0x39,0x39,0x37,0x30,0x31,
    0x39,0x37,0x36,0x37,0x37,0x36,0x31,0x32,0x33,0x30,0x34,0x36,0x38,0x37,0x35,0x29,
    0x29,0x20,0x2a,0x20,0x76,0x65,0x63,0x33,0x28,0x30,0x2e,0x39,0x34,0x37,0x38,0x36,
    0x37,0x33,0x33,0x33,0x38,0x38,0x39,0x30,0x30,0x37,0x35,0x36,0x38,0x33,0x35,0x39,
    0x33,0x37,0x35,0x29,0x2c,0x20,0x76,0x65,0x63,0x33,0x28,0x32,0x2e,0x34,0x30,0x30,
    0x30,0x30,0x30,0x30,0x39,0x35,0x33,0x36,0x37,0x34,0x33,0x31,0x36,0x34,0x30,0x36,
    0x32,0x35,0x29,0x29,0x2c,0x20,0x73,0x74,0x65,0x70,0x28,0x76,0x65,0x63,0x33,0x28,
    0x30,0x2e,0x30,0x34,0x30,0x34,0x34,0x39,0x39,0x39,0x39,0x32,0x37,0x32,0x38,0x32,
    0x33,0x33,0x33,0x33,0x37,0x34,0x30,0x32,0x33,0x34,0x33,0x37,0x35,0x29,0x2c,0x20,
    0x63,0x29,0x29,0x3b,0x0a,0x7d,0x0a,0x0a,0x76,0x6f,0x69,0x64,0x20,0x70,0x6c,0x61,
    0x63,0x65,0x5f,0x6c,0x69,0x74,0x28,0x76,0x65,0x63,0x32,0x20,0x63,0x6f,0x72,0x6e,
    0x65,0x72,0x5f,0x31,0x2c,0x20,0x76,0x65,0x63,0x34,0x20,0x70,0x6f,0x73,0x2c,0x20,
    0x76,0x65,0x63,0x34,0x20,0x73,0x69,0x7a,0x65,0x2c,0x20,0x76,0x65,0x63,0x34,0x20,
    0x73,0x6f,0x75,0x72,0x63,0x65,0x2c,0x20,0x76,0x65,0x63,0x33,0x20,0x72,0x69,0x67,
    0x68,0x74,0x5f,0x61,0x78,0x69,0x73,0x2c,0x20,0x76,0x65,0x63,0x34,0x20,0x75,0x70,
    0x5f,0x61,0x78,0x69,0x73,0x2c,0x20,0x76,0x65,0x63,0x34,0x20,0x74,0x69,0x6e,0x74,
    0x29,0x0a,0x7b,0x0a,0x20,0x20,0x20,0x20,0x76,0x65,0x63,0x33,0x20,0x72,0x69,0x67,
    0x68,0x74,0x20,0x3d,0x20,0x72,0x69,0x67,0x68,0x74,0x5f,0x61,0x78,0x69,0x73,0x3b,
    0x0a,0x20,0x20,0x20,0x20,0x76,0x65,0x63,0x33,0x20,0x75,0x70,0x20,0x3d,0x20,0x75,
    0x70,0x5f,0x61,0x78,0x69,0x73,0x2e,0x78,0x79,0x7a,0x3b,0x0a,0x20,0x20,0x20,0x20,
    0x69,0x66,0x20,0x28,0x70,0x6f,0x73,0x2e,0x77,0x20,0x3c,0x20,0x30,0x2e,0x35,0x29,
    0x0a,0x20,0x20,0x20,0x20,0x7b,0x0a,0x20,0x20,0x20,0x20,0x20,0x20,0x20,0x20,0x72,
    0x69,0x67,0x68,0x74,0x20,0x3d,0x20,0x76,0x73,0x5f,0x70,0x61,0x72,0x61,0x6d,0x73,
    0x5b,0x34,0x5d,0x2e,0x78,0x79,0x7a,0x3b,0x0a,0x20,0x20,0x20,0x20,0x20,0x20,0x20,
    0x20,0x75,0x70,0x20,0x3d,0x20,0x76,0x73,0x5f,0x70,0x61,0x72,0x61,0x6d,0x73,0x5b,
    0x35,0x5d,0x2e,0x78,0x79,0x7a,0x3b,0x0a,0x20,0x20,0x20,0x20,0x7d,0x0a,0x20,0x20,
    0x20,0x20,0x65,0x6c,0x73,0x65,0x0a,0x20,0x20,0x20,0x20,0x7b,0x0a,0x20,0x20,0x20,
    0x20,0x20,0x20,0x20,0x20,0x69,0x66,0x20,0x28,0x70,0x6f,0x73,0x2e,0x77,0x20,0x3c,
    0x20,0x31,0x2e,0x35,0x29,0x0a,0x20,0x20,0x20,0x20,0x20,0x20,0x20,0x20,0x7b,0x0a,
    0x20,0x20,0x20,0x20,0x20,0x20,0x20,0x20,0x20,0x20,0x20,0x20,0x72,0x69,0x67,0x68,
    0x74,0x20,0x3d,0x20,0x76,0x73,0x5f,0x70,0x61,0x72,0x61,0x6d,0x73,0x5b,0x36,0x5d,
    0x2e,0x78,0x79,0x7a,0x3b,0x0a,0x20,0x20,0x20,0x20,0x20,0x20,0x20,0x20,0x20,0x20,
    0x20,0x20,0x75,0x70,0x20,0x3d,0x20,0x76,0x65,0x63,0x33,0x28,0x30,0x2e,0x30,0x2c,
    0x20,0x31,0x2e,0x30,0x2c,0x20,0x30,0x2e,0x30,0x29,0x3b,0x0a,0x20,0x20,0x20,0x20,
    0x20,0x20,0x20,0x20,0x7d,0x0a,0x20,0x20,0x20,0x20,0x7d,0x0a,0x20,0x20,0x20,0x20,
    0x76,0x65,0x63,0x33,0x20,0x5f,0x31,0x33,0x37,0x20,0x3d,0x20,0x28,0x70,0x6f,0x73,
    0x2e,0x78,0x79,0x7a,0x20,0x2b,0x20,0x28,0x72,0x69,0x67,0x68,0x74,0x20,0x2a,0x20,
    0x28,0x28,0x28,0x63,0x6f,0x72,0x6e,0x65,0x72,0x5f,0x31,0x2e,0x78,0x20,0x2b,0x20,
    0x30,0x2e,0x35,0x29,0x20,0x2d,0x20,0x73,0x69,0x7a,0x65,0x2e,0x7a,0x29,0x20,0x2a,
    0x20,0x73,0x69,0x7a,0x65,0x2e,0x78,0x29,0x29,0x29,0x20,0x2b,0x20,0x28,0x75,0x70,
    0x20,0x2a,0x20,0x28,0x28,0x28,0x63,0x6f,0x72,0x6e,0x65,0x72,0x5f,0x31,0x2e,0x79,
    0x20,0x2d,0x20,0x30,0x2e,0x35,0x29,0x20,0x2b,0x20,0x73,0x69,0x7a,0x65,0x2e,0x77,
    0x29,0x20,0x2a,0x20,0x73,0x69,0x7a,0x65,0x2e,0x79,0x29,0x29,0x3b,0x0a,0x20,0x20,
    0x20,0x20,0x67,0x6c,0x5f,0x50,0x6f,0x73,0x69,0x74,0x69,0x6f,0x6e,0x20,0x3d,0x20,
    0x6d,0x61,0x74,0x34,0x28,0x76,0x73,0x5f,0x70,0x61,0x72,0x61,0x6d,0x73,0x5b,0x30,
    0x5d,0x2c,0x20,0x76,0x73,0x5f,0x70,0x61,0x72,0x61,0x6d,0x73,0x5b,0x31,0x5d,0x2c,
    0x20,0x76,0x73,0x5f,0x70,0x61,0x72,0x61,0x6d,0x73,0x5b,0x32,0x5d,0x2c,0x20,0x76,
    0x73,0x5f,0x70,0x61,0x72,0x61,0x6d,0x73,0x5b,0x33,0x5d,0x29,0x20,0x2a,0x20,0x76,
    0x65,0x63,0x34,0x28,0x5f,0x31,0x33,0x37,0x2c,0x20,0x31,0x2e,0x30,0x29,0x3b,0x0a,
    0x20,0x20,0x20,0x20,0x76,0x5f,0x77,0x6f,0x72,0x6c,0x64,0x5f,0x70,0x6f,0x73,0x20,
    0x3d,0x20,0x5f,0x31,0x33,0x37,0x3b,0x0a,0x20,0x20,0x20,0x20,0x76,0x5f,0x6e,0x6f,
    0x72,0x6d,0x61,0x6c,0x20,0x3d,0x20,0x63,0x72,0x6f,0x73,0x73,0x28,0x72,0x69,0x67,
    0x68,0x74,0x2c,0x20,0x75,0x70,0x29,0x3b,0x0a,0x20,0x20,0x20,0x20,0x76,0x5f,0x74,
    0x61,0x6e,0x67,0x65,0x6e,0x74,0x20,0x3d,0x20,0x76,0x65,0x63,0x34,0x28,0x72,0x69,
    0x67,0x68,0x74,0x2c,0x20,0x31,0x2e,0x30,0x29,0x3b,0x0a,0x20,0x20,0x20,0x20,0x76,
    0x5f,0x75,0x76,0x30,0x20,0x3d,0x20,0x76,0x65,0x63,0x32,0x28,0x6d,0x69,0x78,0x28,
    0x73,0x6f,0x75,0x72,0x63,0x65,0x2e,0x78,0x2c,0x20,0x73,0x6f,0x75,0x72,0x63,0x65,
    0x2e,0x7a,0x2c,0x20,0x63,0x6f,0x72,0x6e,0x65,0x72,0x5f,0x31,0x2e,0x78,0x20,0x2b,
    0x20,0x30,0x2e,0x35,0x29,0x2c,0x20,0x6d,0x69,0x78,0x28,0x73,0x6f,0x75,0x72,0x63,
    0x65,0x2e,0x79,0x2c,0x20,0x73,0x6f,0x75,0x72,0x63,0x65,0x2e,0x77,0x2c,0x20,0x30,
    0x2e,0x35,0x20,0x2d,0x20,0x63,0x6f,0x72,0x6e,0x65,0x72,0x5f,0x31,0x2e,0x79,0x29,
    0x29,0x3b,0x0a,0x20,0x20,0x20,0x20,0x76,0x5f,0x75,0x76,0x31,0x20,0x3d,0x20,0x76,
    0x5f,0x75,0x76,0x30,0x3b,0x0a,0x20,0x20,0x20,0x20,0x76,0x65,0x63,0x33,0x20,0x70,
    0x61,0x72,0x61,0x6d,0x20,0x3d,0x20,0x74,0x69,0x6e,0x74,0x2e,0x78,0x79,0x7a,0x3b,
    0x0a,0x20,0x20,0x20,0x20,0x76,0x5f,0x63,0x6f,0x6c,0x6f,0x72,0x20,0x3d,0x20,0x76,
    0x65,0x63,0x34,0x28,0x73,0x72,0x67,0x62,0x5f,0x74,0x6f,0x5f,0x6c,0x69,0x6e,0x65,
    0x61,0x72,0x28,0x70,0x61,0x72,0x61,0x6d,0x29,0x2c,0x20,0x74,0x69,0x6e,0x74,0x2e,
    0x77,0x29,0x3b,0x0a,0x20,0x20,0x20,0x20,0x76,0x5f,0x61,0x6c,0x70,0x68,0x61,0x5f,
    0x6d,0x6f,0x64,0x65,0x20,0x3d,0x20,0x75,0x70,0x5f,0x61,0x78,0x69,0x73,0x2e,0x77,
    0x3b,0x0a,0x7d,0x0a,0x0a,0x76,0x6f,0x69,0x64,0x20,0x6d,0x61,0x69,0x6e,0x28,0x29,
    0x0a,0x7b,0x0a,0x20,0x20,0x20,0x20,0x69,0x6e,0x74,0x20,0x5f,0x32,0x33,0x39,0x20,
    0x3d,0x20,0x69,0x6e,0x74,0x28,0x76,0x73,0x5f,0x62,0x61,0x74,0x63,0x68,0x5f,0x6c,
    0x69,0x74,0x5b,0x30,0x5d,0x2e,0x78,0x29,0x20,0x2b,0x20,0x67,0x6c,0x5f,0x49,0x6e,
    0x73,0x74,0x61,0x6e,0x63,0x65,0x49,0x44,0x3b,0x0a,0x20,0x20,0x20,0x20,0x69,0x6e,
    0x74,0x20,0x70,0x61,0x72,0x61,0x6d,0x20,0x3d,0x20,0x5f,0x32,0x33,0x39,0x3b,0x0a,
    0x20,0x20,0x20,0x20,0x69,0x6e,0x74,0x20,0x70,0x61,0x72,0x61,0x6d,0x5f,0x31,0x20,
    0x3d,0x20,0x30,0x3b,0x0a,0x20,0x20,0x20,0x20,0x69,0x6e,0x74,0x20,0x70,0x61,0x72,
    0x61,0x6d,0x5f,0x32,0x20,0x3d,0x20,0x5f,0x32,0x33,0x39,0x3b,0x0a,0x20,0x20,0x20,
    0x20,0x69,0x6e,0x74,0x20,0x70,0x61,0x72,0x61,0x6d,0x5f,0x33,0x20,0x3d,0x20,0x31,
    0x3b,0x0a,0x20,0x20,0x20,0x20,0x69,0x6e,0x74,0x20,0x70,0x61,0x72,0x61,0x6d,0x5f,
    0x34,0x20,0x3d,0x20,0x5f,0x32,0x33,0x39,0x3b,0x0a,0x20,0x20,0x20,0x20,0x69,0x6e,
    0x74,0x20,0x70,0x61,0x72,0x61,0x6d,0x5f,0x35,0x20,0x3d,0x20,0x32,0x3b,0x0a,0x20,
    0x20,0x20,0x20,0x69,0x6e,0x74,0x20,0x70,0x61,0x72,0x61,0x6d,0x5f,0x36,0x20,0x3d,
    0x20,0x5f,0x32,0x33,0x39,0x3b,0x0a,0x20,0x20,0x20,0x20,0x69,0x6e,0x74,0x20,0x70,
    0x61,0x72,0x61,0x6d,0x5f,0x37,0x20,0x3d,0x20,0x33,0x3b,0x0a,0x20,0x20,0x20,0x20,
    0x69,0x6e,0x74,0x20,0x70,0x61,0x72,0x61,0x6d,0x5f,0x38,0x20,0x3d,0x20,0x5f,0x32,
    0x33,0x39,0x3b,0x0a,0x20,0x20,0x20,0x20,0x69,0x6e,0x74,0x20,0x70,0x61,0x72,0x61,
    0x6d,0x5f,0x39,0x20,0x3d,0x20,0x34,0x3b,0x0a,0x20,0x20,0x20,0x20,0x69,0x6e,0x74,
    0x20,0x70,0x61,0x72,0x61,0x6d,0x5f,0x31,0x30,0x20,0x3d,0x20,0x5f,0x32,0x33,0x39,
    0x3b,0x0a,0x20,0x20,0x20,0x20,0x69,0x6e,0x74,0x20,0x70,0x61,0x72,0x61,0x6d,0x5f,
    0x31,0x31,0x20,0x3d,0x20,0x35,0x3b,0x0a,0x20,0x20,0x20,0x20,0x76,0x65,0x63,0x32,
    0x20,0x70,0x61,0x72,0x61,0x6d,0x5f,0x31,0x32,0x20,0x3d,0x20,0x63,0x6f,0x72,0x6e,
    0x65,0x72,0x3b,0x0a,0x20,0x20,0x20,0x20,0x76,0x65,0x63,0x34,0x20,0x70,0x61,0x72,
    0x61,0x6d,0x5f,0x31,0x33,0x20,0x3d,0x20,0x74,0x65,0x78,0x65,0x6c,0x5f,0x6c,0x69,
    0x74,0x28,0x70,0x61,0x72,0x61,0x6d,0x2c,0x20,0x70,0x61,0x72,0x61,0x6d,0x5f,0x31,
    0x29,0x3b,0x0a,0x20,0x20,0x20,0x20,0x76,0x65,0x63,0x34,0x20,0x70,0x61,0x72,0x61,
    0x6d,0x5f,0x31,0x34,0x20,0x3d,0x20,0x74,0x65,0x78,0x65,0x6c,0x5f,0x6c,0x69,0x74,
    0x28,0x70,0x61,0x72,0x61,0x6d,0x5f,0x32,0x2c,0x20,0x70,0x61,0x72,0x61,0x6d,0x5f,
    0x33,0x29,0x3b,0x0a,0x20,0x20,0x20,0x20,0x76,0x65,0x63,0x34,0x20,0x70,0x61,0x72,
    0x61,0x6d,0x5f,0x31,0x35,0x20,0x3d,0x20,0x74,0x65,0x78,0x65,0x6c,0x5f,0x6c,0x69,
    0x74,0x28,0x70,0x61,0x72,0x61,0x6d,0x5f,0x34,0x2c,0x20,0x70,0x61,0x72,0x61,0x6d,
    0x5f,0x35,0x29,0x3b,0x0a,0x20,0x20,0x20,0x20,0x76,0x65,0x63,0x33,0x20,0x70,0x61,
    0x72,0x61,0x6d,0x5f,0x31,0x36,0x20,0x3d,0x20,0x74,0x65,0x78,0x65,0x6c,0x5f,0x6c,
    0x69,0x74,0x28,0x70,0x61,0x72,0x61,0x6d,0x5f,0x36,0x2c,0x20,0x70,0x61,0x72,0x61,
    0x6d,0x5f,0x37,0x29,0x2e,0x78,0x79,0x7a,0x3b,0x0a,0x20,0x20,0x20,0x20,0x76,0x65,
    0x63,0x34,0x20,0x70,0x61,0x72,0x61,0x6d,0x5f,0x31,0x37,0x20,0x3d,0x20,0x74,0x65,
    0x78,0x65,0x6c,0x5f,0x6c,0x69,0x74,0x28,0x70,0x61,0x72,0x61,0x6d,0x5f,0x38,0x2c,
    0x20,0x70,0x61,0x72,0x61,0x6d,0x5f,0x39,0x29,0x3b,0x0a,0x20,0x20,0x20,0x20,0x76,
    0x65,0x63,0x34,0x20,0x70,0x61,0x72,0x61,0x6d,0x5f,0x31,0x38,0x20,0x3d,0x20,0x74,
    0x65,0x78,0x65,0x6c,0x5f,0x6c,0x69,0x74,0x28,0x70,0x61,0x72,0x61,0x6d,0x5f,0x31,
    0x30,0x2c,0x20,0x70,0x61,0x72,0x61,0x6d,0x5f,0x31,0x31,0x29,0x3b,0x0a,0x20,0x20,
    0x20,0x20,0x70,0x6c,0x61,0x63,0x65,0x5f,0x6c,0x69,0x74,0x28,0x70,0x61,0x72,0x61,
    0x6d,0x5f,0x31,0x32,0x2c,0x20,0x70,0x61,0x72,0x61,0x6d,0x5f,0x31,0x33,0x2c,0x20,
    0x70,0x61,0x72,0x61,0x6d,0x5f,0x31,0x34,0x2c,0x20,0x70,0x61,0x72,0x61,0x6d,0x5f,
    0x31,0x35,0x2c,0x20,0x70,0x61,0x72,0x61,0x6d,0x5f,0x31,0x36,0x2c,0x20,0x70,0x61,
    0x72,0x61,0x6d,0x5f,0x31,0x37,0x2c,0x20,0x70,0x61,0x72,0x61,0x6d,0x5f,0x31,0x38,
    0x29,0x3b,0x0a,0x7d,0x0a,0x0a,0x00,
};
#endif
/*
    #version 410

    uniform vec4 fs_params[14];
    uniform vec4 fs_scene[42];
    uniform vec4 fs_lights[32];
    uniform sampler2D base_color_tex_base_color_smp;
    uniform sampler2D normal_tex_normal_smp;
    uniform sampler2D metallic_roughness_tex_metallic_roughness_smp;
    uniform sampler2D occlusion_tex_occlusion_smp;
    uniform sampler2DArrayShadow shadow_tex_shadow_smp;
    uniform samplerCube env_tex_env_smp;
    uniform sampler2D brdf_tex_brdf_smp;
    uniform sampler2D emissive_tex_emissive_smp;

    layout(location = 2) in vec2 v_uv0;
    layout(location = 3) in vec2 v_uv1;
    layout(location = 4) in vec4 v_color;
    layout(location = 6) in float v_alpha_mode;
    layout(location = 0) out vec4 frag_color;
    layout(location = 0) in vec3 v_normal;
    layout(location = 1) in vec4 v_tangent;
    layout(location = 5) in vec3 v_world_pos;

    vec2 tex_uv(int i)
    {
        bvec2 _621 = bvec2(fs_params[i * 1 + 4].w < 0.5);
        vec3 _625 = vec3(vec2(_621.x ? v_uv0.x : v_uv1.x, _621.y ? v_uv0.y : v_uv1.y), 1.0);
        return vec2(dot(fs_params[i * 1 + 4].xyz, _625), dot(fs_params[i * 1 + 9].xyz, _625));
    }

    vec3 srgb_to_linear(vec3 c)
    {
        return mix(c * vec3(0.077399380505084991455078125), pow((max(c, vec3(0.040449999272823333740234375)) + vec3(0.054999999701976776123046875)) * vec3(0.947867333889007568359375), vec3(2.400000095367431640625)), step(vec3(0.040449999272823333740234375), c));
    }

    vec3 tonemap_neutral(inout vec3 color)
    {
        float _127 = min(color.x, min(color.y, color.z));
        float _133;
        if (_127 < 0.07999999821186065673828125)
        {
            _133 = _127 - ((6.25 * _127) * _127);
        }
        else
        {
            _133 = 0.039999999105930328369140625;
        }
        color -= vec3(_133);
        float _152 = color.x;
        float _154 = color.y;
        float _156 = color.z;
        float _158 = max(_152, max(_154, _156));
        if (_158 < 0.7599999904632568359375)
        {
            return color;
        }
        float _173 = 1.0 - (0.057599999010562896728515625 / (_158 + (-0.519999980926513671875)));
        color *= (_173 / _158);
        return mix(color, vec3(_173), vec3(1.0 - (1.0 / ((0.1500000059604644775390625 * (_158 - _173)) + 1.0))));
    }

    vec3 tonemap_aces(inout vec3 color)
    {
        color *= 0.60000002384185791015625;
        return clamp((color * ((color * 2.5099999904632568359375) + vec3(0.02999999932944774627685546875))) / ((color * ((color * 2.4300000667572021484375) + vec3(0.589999973773956298828125))) + vec3(0.14000000059604644775390625)), vec3(0.0), vec3(1.0));
    }

    vec3 linear_to_srgb(inout vec3 c)
    {
        c = clamp(c, vec3(0.0), vec3(1.0));
        return mix(c * 12.9200000762939453125, (pow(max(c, vec3(0.003130800090730190277099609375)), vec3(0.4166666567325592041015625)) * 1.05499994754791259765625) - vec3(0.054999999701976776123046875), step(vec3(0.003130800090730190277099609375), c));
    }

    vec3 to_display(inout vec3 color, vec4 tonemap)
    {
        color *= tonemap.y;
        int _233 = int(tonemap.x + 0.5);
        if (_233 == 1)
        {
            vec3 param = color;
            vec3 _241 = tonemap_neutral(param);
            color = _241;
        }
        else
        {
            if (_233 == 2)
            {
                vec3 param_1 = color;
                vec3 _250 = tonemap_aces(param_1);
                color = _250;
            }
        }
        vec3 param_2 = color;
        vec3 _253 = linear_to_srgb(param_2);
        return _253;
    }

    float attenuation(float d, float range)
    {
        float _647 = 1.0 / max(d * d, 0.00999999977648258209228515625);
        if (range <= 0.0)
        {
            return _647;
        }
        float _657 = d / range;
        float _667 = clamp(1.0 - (((_657 * _657) * _657) * _657), 0.0, 1.0);
        return (_667 * _667) * _647;
    }

    float spot_factor(float cos_angle, float cos_inner, float cos_outer)
    {
        if ((cos_inner - cos_outer) <= 9.9999999747524270787835121154785e-07)
        {
            return float(cos_angle >= cos_outer);
        }
        return smoothstep(cos_outer, cos_inner, cos_angle);
    }

    float shadow_factor(int slot, vec3 world_pos, vec3 n, float n_dot_l)
    {
        bool _286 = slot < 0;
        bool _301;
        if (!_286)
        {
            _301 = fs_params[3].z < 0.5;
        }
        else
        {
            _301 = _286;
        }
        if (_301)
        {
            return 1.0;
        }
        float _308 = 1.0 - clamp(n_dot_l, 0.0, 1.0);
        vec4 _343 = mat4(fs_scene[slot * 4 + 13], fs_scene[slot * 4 + 14], fs_scene[slot * 4 + 15], fs_scene[slot * 4 + 16]) * vec4(world_pos + (n * (fs_scene[slot * 1 + 29].y * (1.0 + (2.0 * _308)))), 1.0);
        float _348 = _343.w;
        vec3 _357 = (_343.xyz / vec3(max(abs(_348), 9.9999999747524270787835121154785e-07))) * sign(_348);
        vec2 _361 = _357.xy;
        vec2 uv = (_361 * 0.5) + vec2(0.5);
        if (fs_scene[41].z > 0.5)
        {
            vec2 _1299 = uv;
            _1299.y = 1.0 - _1299.y;
            uv = _1299;
        }
        float _400 = ((_357.z * fs_scene[41].x) + fs_scene[41].y) - ((fs_scene[slot * 1 + 29].z + (fs_scene[slot * 1 + 29].w * _308)) * fs_scene[slot * 1 + 33].w);
        vec2 _406 = vec2(1.0) - abs(_361);
        float _412 = min(_406.x, _406.y);
        vec2 _443 = clamp(uv, vec2(fs_scene[slot * 1 + 29].x), vec2(1.0 - fs_scene[slot * 1 + 29].x));
        float lit = 0.0;
        for (int y = -1; y <= 1; y++)
        {
            for (int x = -1; x <= 1; x++)
            {
                float _485 = clamp(_400, 0.0, 1.0);
                lit += texture(shadow_tex_shadow_smp, vec4(vec4(_443 + (vec2(float(x), float(y)) * fs_scene[slot * 1 + 29].x), float(slot), _485).xyz, _485));
            }
        }
        return mix(1.0, lit * 0.111111111938953399658203125, (clamp(_412 * 10.0, 0.0, 1.0) * ((step(0.0, _412) * step(_400, 1.0)) * step(0.0, _348))) * fs_scene[slot * 1 + 37].x);
    }

    vec3 env_dir(vec3 dir, vec4 env)
    {
        return vec3((env.z * dir.x) - (env.w * dir.z), dir.y, (env.w * dir.x) + (env.z * dir.z));
    }

    vec3 eval_sh(vec3 n)
    {
        vec3 _607 = ((((((((fs_scene[3].xyz * 0.2820949852466583251953125) + (fs_scene[4].xyz * (0.48860299587249755859375 * n.y))) + (fs_scene[5].xyz * (0.48860299587249755859375 * n.z))) + (fs_scene[6].xyz * (0.48860299587249755859375 * n.x))) + (fs_scene[7].xyz * ((1.09254801273345947265625 * n.x) * n.y))) + (fs_scene[8].xyz * ((1.09254801273345947265625 * n.y) * n.z))) + (fs_scene[9].xyz * (0.3153919875621795654296875 * (((3.0 * n.z) * n.z) - 1.0)))) + (fs_scene[10].xyz * ((1.09254801273345947265625 * n.x) * n.z))) + (fs_scene[11].xyz * (0.546274006366729736328125 * ((n.x * n.x) - (n.y * n.y))));
        return _607;
    }

    void main()
    {
        int param = 0;
        vec4 _703 = texture(base_color_tex_base_color_smp, tex_uv(param));
        vec3 param_1 = _703.xyz;
        vec4 _721 = (vec4(srgb_to_linear(param_1), _703.w) * fs_params[0]) * v_color;
        vec4 base = _721;
        if (_721.w < max(fs_params[3].x, max(v_alpha_mode, 0.0)))
        {
            discard;
        }
        if (v_alpha_mode != 0.0)
        {
            vec4 _1285 = base;
            _1285.w = 1.0;
            base = _1285;
        }
        if (fs_params[2].w < 0.5)
        {
            vec3 param_2 = base.xyz;
            vec4 param_3 = fs_scene[12];
            vec3 _755 = to_display(param_2, param_3);
            frag_color = vec4(_755, base.w);
            return;
        }
        vec3 _767 = normalize(v_normal);
        vec3 n = _767;
        vec3 _778 = v_tangent.xyz - (_767 * dot(_767, v_tangent.xyz));
        vec3 t = _778;
        if (dot(_778, _778) > 9.9999999392252902907785028219223e-09)
        {
            vec3 _792 = t;
            vec3 _793 = normalize(_792);
            t = _793;
            int param_4 = 2;
            vec3 _813 = (texture(normal_tex_normal_smp, tex_uv(param_4)).xyz * 2.0) - vec3(1.0);
            vec2 _818 = _813.xy * fs_params[1].w;
            vec3 _1289 = _813;
            _1289.x = _818.x;
            _1289.y = _818.y;
            n = normalize(mat3(t, cross(n, _793) * v_tangent.w, n) * _1289);
        }
        n *= (gl_FrontFacing ? 1.0 : (-1.0));
        int param_5 = 1;
        vec4 _854 = texture(metallic_roughness_tex_metallic_roughness_smp, tex_uv(param_5));
        float _862 = clamp(fs_params[2].x * _854.z, 0.0, 1.0);
        float _869 = clamp(fs_params[2].y * _854.y, 0.02999999932944774627685546875, 1.0);
        float _873 = _869 * _869;
        float _877 = _873 * _873;
        vec3 _884 = mix(vec3(0.039999999105930328369140625), base.xyz, vec3(_862));
        vec3 _890 = base.xyz * (1.0 - _862);
        vec3 _898 = normalize(fs_scene[0].xyz - v_world_pos);
        float _905 = clamp(abs(dot(n, _898)), 9.9999997473787516355514526367188e-05, 1.0);
        int param_6 = 3;
        float _920 = 1.0 + (fs_params[2].z * (texture(occlusion_tex_occlusion_smp, tex_uv(param_6)).x - 1.0));
        vec3 color = (fs_scene[1].xyz * (_890 + _884)) * _920;
        int _934 = int(fs_params[3].y);
        vec3 light_dir;
        vec3 _987;
        for (int i = 0; i < 8; i++)
        {
            if (i >= _934)
            {
                break;
            }
            float falloff = 1.0;
            int _963 = int(fs_lights[i * 1 + 8].w + 0.5);
            if (_963 == 0)
            {
                light_dir = normalize(fs_lights[i * 1 + 8].xyz);
            }
            else
            {
                vec3 _981 = v_world_pos - fs_lights[i * 1 + 0].xyz;
                float _984 = length(_981);
                if (_984 > 9.9999999747524270787835121154785e-07)
                {
                    _987 = _981 / vec3(_984);
                }
                else
                {
                    _987 = vec3(0.0, -1.0, 0.0);
                }
                light_dir = _987;
                float param_7 = _984;
                float param_8 = fs_lights[i * 1 + 0].w;
                falloff = attenuation(param_7, param_8);
                if (_963 == 2)
                {
                    float param_9 = dot(light_dir, normalize(fs_lights[i * 1 + 8].xyz));
                    float param_10 = fs_lights[i * 1 + 24].x;
                    float param_11 = fs_lights[i * 1 + 24].y;
                    falloff *= spot_factor(param_9, param_10, param_11);
                }
            }
            vec3 _1029 = -light_dir;
            float _1033 = dot(n, _1029);
            if ((_1033 <= 0.0) || (falloff <= 0.0))
            {
                continue;
            }
            vec3 _1046 = normalize(_1029 + _898);
            float _1051 = clamp(dot(n, _1046), 0.0, 1.0);
            vec3 _1067 = _884 + ((vec3(1.0) - _884) * pow(1.0 - clamp(dot(_898, _1046), 0.0, 1.0), 5.0));
            float _1075 = ((_1051 * _1051) * (_877 - 1.0)) + 1.0;
            float _1090 = 1.0 - _877;
            int _1132 = int(fs_lights[i * 1 + 24].z);
            if (_1132 >= 0)
            {
                int param_12 = _1132;
                vec3 param_13 = v_world_pos;
                vec3 param_14 = n;
                float param_15 = _1033;
                float _1146 = shadow_factor(param_12, param_13, param_14, param_15);
                color += ((fs_scene[_1132 * 1 + 33].xyz * (1.0 - _1146)) * _890);
                falloff *= _1146;
            }
            color += (((fs_lights[i * 1 + 16].xyz * falloff) * _1033) * ((((vec3(1.0) - _1067) * _890) * vec3(0.3183098733425140380859375)) + ((_1067 * (_877 / ((3.1415927410125732421875 * _1075) * _1075))) * (0.5 / max((_1033 * sqrt(((_905 * _905) * _1090) + _877)) + (_905 * sqrt(((_1033 * _1033) * _1090) + _877)), 9.9999999747524270787835121154785e-07)))));
        }
        if (fs_scene[2].x > 0.0)
        {
            float _1185 = sqrt(clamp(_873, 0.0, 1.0));
            vec3 param_16 = n;
            vec4 param_17 = fs_scene[2];
            vec3 param_18 = env_dir(param_16, param_17);
            vec3 param_19 = reflect(-_898, n);
            vec4 param_20 = fs_scene[2];
            vec4 _1231 = texture(brdf_tex_brdf_smp, vec2(_905, _1185));
            color += ((((max(eval_sh(param_18), vec3(0.0)) * _890) + (textureLod(env_tex_env_smp, env_dir(param_19, param_20), _1185 * fs_scene[2].y).xyz * ((_884 * _1231.x) + vec3(_1231.y)))) * _920) * fs_scene[2].x);
        }
        int param_21 = 4;
        vec3 param_22 = texture(emissive_tex_emissive_smp, tex_uv(param_21)).xyz;
        vec3 _1269 = color;
        vec3 _1270 = _1269 + (fs_params[1].xyz * srgb_to_linear(param_22));
        color = _1270;
        vec3 param_23 = _1270;
        vec4 param_24 = fs_scene[12];
        vec3 _1276 = to_display(param_23, param_24);
        frag_color = vec4(_1276, base.w);
    }

*/
#if defined(SOKOL_GLCORE)
static const uint8_t sprite_fs_lit_source_glsl410[11728] = {
    0x23,0x76,0x65,0x72,0x73,0x69,0x6f,0x6e,0x20,0x34,0x31,0x30,0x0a,0x0a,0x75,0x6e,
    0x69,0x66,0x6f,0x72,0x6d,0x20,0x76,0x65,0x63,0x34,0x20,0x66,0x73,0x5f,0x70,0x61,
    0x72,0x61,0x6d,0x73,0x5b,0x31,0x34,0x5d,0x3b,0x0a,0x75,0x6e,0x69,0x66,0x6f,0x72,
    0x6d,0x20,0x76,0x65,0x63,0x34,0x20,0x66,0x73,0x5f,0x73,0x63,0x65,0x6e,0x65,0x5b,
    0x34,0x32,0x5d,0x3b,0x0a,0x75,0x6e,0x69,0x66,0x6f,0x72,0x6d,0x20,0x76,0x65,0x63,
    0x34,0x20,0x66,0x73,0x5f,0x6c,0x69,0x67,0x68,0x74,0x73,0x5b,0x33,0x32,0x5d,0x3b,
    0x0a,0x75,0x6e,0x69,0x66,0x6f,0x72,0x6d,0x20,0x73,0x61,0x6d,0x70,0x6c,0x65,0x72,
    0x32,0x44,0x20,0x62,0x61,0x73,0x65,0x5f,0x63,0x6f,0x6c,0x6f,0x72,0x5f,0x74,0x65,
    0x78,0x5f,0x62,0x61,0x73,0x65,0x5f,0x63,0x6f,0x6c,0x6f,0x72,0x5f,0x73,0x6d,0x70,
    0x3b,0x0a,0x75,0x6e,0x69,0x66,0x6f,0x72,0x6d,0x20,0x73,0x61,0x6d,0x70,0x6c,0x65,
    0x72,0x32,0x44,0x20,0x6e,0x6f,0x72,0x6d,0x61,0x6c,0x5f,0x74,0x65,0x78,0x5f,0x6e,
    0x6f,0x72,0x6d,0x61,0x6c,0x5f,0x73,0x6d,0x70,0x3b,0x0a,0x75,0x6e,0x69,0x66,0x6f,
    0x72,0x6d,0x20,0x73,0x61,0x6d,0x70,0x6c,0x65,0x72,0x32,0x44,0x20,0x6d,0x65,0x74,
    0x61,0x6c,0x6c,0x69,0x63,0x5f,0x72,0x6f,0x75,0x67,0x68,0x6e,0x65,0x73,0x73,0x5f,
    0x74,0x65,0x78,0x5f,0x6d,0x65,0x74,0x61,0x6c,0x6c,0x69,0x63,0x5f,0x72,0x6f,0x75,
    0x67,0x68,0x6e,0x65,0x73,0x73,0x5f,0x73,0x6d,0x70,0x3b,0x0a,0x75,0x6e,0x69,0x66,
    0x6f,0x72,0x6d,0x20,0x73,0x61,0x6d,0x70,0x6c,0x65,0x72,0x32,0x44,0x20,0x6f,0x63,
    0x63,0x6c,0x75,0x73,0x69,0x6f,0x6e,0x5f,0x74,0x65,0x78,0x5f,0x6f,0x63,0x63,0x6c,
    0x75,0x73,0x69,0x6f,0x6e,0x5f,0x73,0x6d,0x70,0x3b,0x0a,0x75,0x6e,0x69,0x66,0x6f,
    0x72,0x6d,0x20,0x73,0x61,0x6d,0x70,0x6c,0x65,0x72,0x32,0x44,0x41,0x72,0x72,0x61,
    0x79,0x53,0x68,0x61,0x64,0x6f,0x77,0x20,0x73,0x68,0x61,0x64,0x6f,0x77,0x5f,0x74,
    0x65,0x78,0x5f,0x73,0x68,0x61,0x64,0x6f,0x77,0x5f,0x73,0x6d,0x70,0x3b,0x0a,0x75,
    0x6e,0x69,0x66,0x6f,0x72,0x6d,0x20,0x73,0x61,0x6d,0x70,0x6c,0x65,0x72,0x43,0x75,
    0x62,0x65,0x20,0x65,0x6e,0x76,0x5f,0x74,0x65,0x78,0x5f,0x65,0x6e,0x76,0x5f,0x73,
    0x6d,0x70,0x3b,0x0a,0x75,0x6e,0x69,0x66,0x6f,0x72,0x6d,0x20,0x73,0x61,0x6d,0x70,
    0x6c,0x65,0x72,0x32,0x44,0x20,0x62,0x72,0x64,0x66,0x5f,0x74,0x65,0x78,0x5f,0x62,
    0x72,0x64,0x66,0x5f,0x73,0x6d,0x70,0x3b,0x0a,0x75,0x6e,0x69,0x66,0x6f,0x72,0x6d,
    0x20,0x73,0x61,0x6d,0x70,0x6c,0x65,0x72,0x32,0x44,0x20,0x65,0x6d,0x69,0x73,0x73,
    0x69,0x76,0x65,0x5f,0x74,0x65,0x78,0x5f,0x65,0x6d,0x69,0x73,0x73,0x69,0x76,0x65,
    0x5f,0x73,0x6d,0x70,0x3b,0x0a,0x0a,0x6c,0x61,0x79,0x6f,0x75,0x74,0x28,0x6c,0x6f,
    0x63,0x61,0x74,0x69,0x6f,0x6e,0x20,0x3d,0x20,0x32,0x29,0x20,0x69,0x6e,0x20,0x76,
    0x65,0x63,0x32,0x20,0x76,0x5f,0x75,0x76,0x30,0x3b,0x0a,0x6c,0x61,0x79,0x6f,0x75,
    0x74,0x28,0x6c,0x6f,0x63,0x61,0x74,0x69,0x6f,0x6e,0x20,0x3d,0x20,0x33,0x29,0x20,
    0x69,0x6e,0x20,0x76,0x65,0x63,0x32,0x20,0x76,0x5f,0x75,0x76,0x31,0x3b,0x0a,0x6c,
    0x61,0x79,0x6f,0x75,0x74,0x28,0x6c,0x6f,0x63,0x61,0x74,0x69,0x6f,0x6e,0x20,0x3d,
    0x20,0x34,0x29,0x20,0x69,0x6e,0x20,0x76,0x65,0x63,0x34,0x20,0x76,0x5f,0x63,0x6f,
    0x6c,0x6f,0x72,0x3b,0x0a,0x6c,0x61,0x79,0x6f,0x75,0x74,0x28,0x6c,0x6f,0x63,0x61,
    0x74,0x69,0x6f,0x6e,0x20,0x3d,0x20,0x36,0x29,0x20,0x69,0x6e,0x20,0x66,0x6c,0x6f,
    0x61,0x74,0x20,0x76,0x5f,0x61,0x6c,0x70,0x68,0x61,0x5f,0x6d,0x6f,0x64,0x65,0x3b,
    0x0a,0x6c,0x61,0x79,0x6f,0x75,0x74,0x28,0x6c,0x6f,0x63,0x61,0x74,0x69,0x6f,0x6e,
    0x20,0x3d,0x20,0x30,0x29,0x20,0x6f,0x75,0x74,0x20,0x76,0x65,0x63,0x34,0x20,0x66,
    0x72,0x61,0x67,0x5f,0x63,0x6f,0x6c,0x6f,0x72,0x3b,0x0a,0x6c,0x61,0x79,0x6f,0x75,
    0x74,0x28,0x6c,0x6f,0x63,0x61,0x74,0x69,0x6f,0x6e,0x20,0x3d,0x20,0x30,0x29,0x20,
    0x69,0x6e,0x20,0x76,0x65,0x63,0x33,0x20,0x76,0x5f,0x6e,0x6f,0x72,0x6d,0x61,0x6c,
    0x3b,0x0a,0x6c,0x61,0x79,0x6f,0x75,0x74,0x28,0x6c,0x6f,0x63,0x61,0x74,0x69,0x6f,
    0x6e,0x20,0x3d,0x20,0x31,0x29,0x20,0x69,0x6e,0x20,0x76,0x65,0x63,0x34,0x20,0x76,
    0x5f,0x74,0x61,0x6e,0x67,0x65,0x6e,0x74,0x3b,0x0a,0x6c,0x61,0x79,0x6f,0x75,0x74,
    0x28,0x6c,0x6f,0x63,0x61,0x74,0x69,0x6f,0x6e,0x20,0x3d,0x20,0x35,0x29,0x20,0x69,
    0x6e,0x20,0x76,0x65,0x63,0x33,0x20,0x76,0x5f,0x77,0x6f,0x72,0x6c,0x64,0x5f,0x70,
    0x6f,0x73,0x3b,0x0a,0x0a,0x76,0x65,0x63,0x32,0x20,0x74,0x65,0x78,0x5f,0x75,0x76,
    0x28,0x69,0x6e,0x74,0x20,0x69,0x29,0x0a,0x7b,0x0a,0x20,0x20,0x20,0x20,0x62,0x76,
    0x65,0x63,0x32,0x20,0x5f,0x36,0x32,0x31,0x20,0x3d,0x20,0x62,0x76,0x65,0x63,0x32,
    0x28,0x66,0x73,0x5f,0x70,0x61,0x72,0x61,0x6d,0x73,0x5b,0x69,0x20,0x2a,0x20,0x31,
    0x20,0x2b,0x20,0x34,0x5d,0x2e,0x77,0x20,0x3c,0x20,0x30,0x2e,0x35,0x29,0x3b,0x0a,
    0x20,0x20,0x20,0x20,0x76,0x65,0x63,0x33,0x20,0x5f,0x36,0x32,0x35,0x20,0x3d,0x20,
    0x76,0x65,0x63,0x33,0x28,0x76,0x65,0x63,0x32,0x28,0x5f,0x36,0x32,0x31,0x2e,0x78,
    0x20,0x3f,0x20,0x76,0x5f,0x75,0x76,0x30,0x2e,0x78,0x20,0x3a,0x20,0x76,0x5f,0x75,
    0x76,0x31,0x2e,0x78,0x2c,0x20,0x5f,0x36,0x32,0x31,0x2e,0x79,0x20,0x3f,0x20,0x76,
    0x5f,0x75,0x76,0x30,0x2e,0x79,0x20,0x3a,0x20,0x76,0x5f,0x75,0x76,0x31,0x2e,0x79,
    0x29,0x2c,0x20,0x31,0x2e,0x30,0x29,0x3b,0x0a,0x20,0x20,0x20,0x20,0x72,0x65,0x74,
    0x75,0x72,0x6e,0x20,0x76,0x65,0x63,0x32,0x28,0x64,0x6f,0x74,0x28,0x66,0x73,0x5f,
    0x70,0x61,0x72,0x61,0x6d,0x73,0x5b,0x69,0x20,0x2a,0x20,0x31,0x20,0x2b,0x20,0x34,
    0x5d,0x2e,0x78,0x79,0x7a,0x2c,0x20,0x5f,0x36,0x32,0x35,0x29,0x2c,0x20,0x64,0x6f,
    0x74,0x28,0x66,0x73,0x5f,0x70,0x61,0x72,0x61,0x6d,0x73,0x5b,0x69,0x20,0x2a,0x20,
    0x31,0x20,0x2b,0x20,0x39,0x5d,0x2e,0x78,0x79,0x7a,0x2c,0x20,0x5f,0x36,0x32,0x35,
    0x29,0x29,0x3b,0x0a,0x7d,0x0a,0x0a,0x76,0x65,0x63,0x33,0x20,0x73,0x72,0x67,0x62,
    0x5f,0x74,0x6f,0x5f,0x6c,0x69,0x6e,0x65,0x61,0x72,0x28,0x76,0x65,0x63,0x33,0x20,
    0x63,0x29,0x0a,0x7b,0x0a,0x20,0x20,0x20,0x20,0x72,0x65,0x74,0x75,0x72,0x6e,0x20,
    0x6d,0x69,0x78,0x28,0x63,0x20,0x2a,0x20,0x76,0x65,0x63,0x33,0x28,0x30,0x2e,0x30,
    0x37,0x37,0x33,0x39,0x39,0x33,0x38,0x30,0x35,0x30,0x35,0x30,0x38,0x34,0x39,0x39,
    0x31,0x34,0x35,0x35,0x30,0x37,0x38,0x31,0x32,0x35,0x29,0x2c,0x20,0x70,0x6f,0x77,
    0x28,0x28,0x6d,0x61,0x78,0x28,0x63,0x2c,0x20,0x76,0x65,0x63,0x33,0x28,0x30,0x2e,
    0x30,0x34,0x30,0x34,0x34,0x39,0x39,0x39,0x39,0x32,0x37,0x32,0x38,0x32,0x33,0x33,
    0x33,0x33,0x37,0x34,0x30,0x32,0x33,0x34,0x33,0x37,0x35,0x29,0x29,0x20,0x2b,0x20,
    0x76,0x65,0x63,0x33,0x28,0x30,0x2e,0x30,0x35,0x34,0x39,0x39,0x39,0x39,0x39,0x39,
    0x37,0x30,0x31,0x39,0x37,0x36,0x37,0x37,0x36,0x31,0x32,0x33,0x30,0x34,0x36,0x38,
    0x37,0x35,0x29,0x29,0x20,0x2a,0x20,0x76,0x65,0x63,0x33,0x28,0x30,0x2e,0x39,0x34,
    0x37,0x38,0x36,0x37,0x33,0x33,0x33,0x38,0x38,0x39,0x30,0x30,0x37,0x35,0x36,0x38,
    0x33,0x35,0x39,0x33,0x37,0x35,0x29,0x2c,0x20,0x76,0x65,0x63,0x33,0x28,0x32,0x2e,
    0x34,0x30,0x30,0x30,0x30,0x30,0x30,0x39,0x35,0x33,0x36,0x37,0x34,0x33,0x31,0x36,
    0x34,0x30,0x36,0x32,0x35,0x29,0x29,0x2c,0x20,0x73,0x74,0x65,0x70,0x28,0x76,0x65,
    0x63,0x33,0x28,0x30,0x2e,0x30,0x34,0x30,0x34,0x34,0x39,0x39,0x39,0x39,0x32,0x37,
    0x32,0x38,0x32,0x33,0x33,0x33,0x33,0x37,0x34,0x30,0x32,0x33,0x34,0x33,0x37,0x35,
    0x29,0x2c,0x20,0x63,0x29,0x29,0x3b,0x0a,0x7d,0x0a,0x0a,0x76,0x65,0x63,0x33,0x20,
    0x74,0x6f,0x6e,0x65,0x6d,0x61,0x70,0x5f,0x6e,0x65,0x75,0x74,0x72,0x61,0x6c,0x28,
    0x69,0x6e,0x6f,0x75,0x74,0x20,0x76,0x65,0x63,0x33,0x20,0x63,0x6f,0x6c,0x6f,0x72,
    0x29,0x0a,0x7b,0x0a,0x20,0x20,0x20,0x20,0x66,0x6c,0x6f,0x61,0x74,0x20,0x5f,0x31,
    0x32,0x37,0x20,0x3d,0x20,0x6d,0x69,0x6e,0x28,0x63,0x6f,0x6c,0x6f,0x72,0x2e,0x78,
    0x2c,0x20,0x6d,0x69,0x6e,0x28,0x63,0x6f,0x6c,0x6f,0x72,0x2e,0x79,0x2c,0x20,0x63,
    0x6f,0x6c,0x6f,0x72,0x2e,0x7a,0x29,0x29,0x3b,0x0a,0x20,0x20,0x20,0x20,0x66,0x6c,
    0x6f,0x61,0x74,0x20,0x5f,0x31,0x33,0x33,0x3b,0x0a,0x20,0x20,0x20,0x20,0x69,0x66,
    0x20,0x28,0x5f,0x31,0x32,0x37,0x20,0x3c,0x20,0x30,0x2e,0x30,0x37,0x39,0x39,0x39,
    0x39,0x39,0x39,0x38,0x32,0x31,0x31,0x38,0x36,0x30,0x36,0x35,0x36,0x37,0x33,0x38,
    0x32,0x38,0x31,0x32,0x35,0x29,0x0a,0x20,0x20,0x20,0x20,0x7b,0x0a,0x20,0x20,0x20,
    0x20,0x20,0x20,0x20,0x20,0x5f,0x31,0x33,0x33,0x20,0x3d,0x20,0x5f,0x31,0x32,0x37,
    0x20,0x2d,0x20,0x28,0x28,0x36,0x2e,0x32,0x35,0x20,0x2a,0x20,0x5f,0x31,0x32,0x37,
    0x29,0x20,0x2a,0x20,0x5f,0x31,0x32,0x37,0x29,0x3b,0x0a,0x20,0x20,0x20,0x20,0x7d,
    0x0a,0x20,0x20,0x20,0x20,0x65,0x6c,0x73,0x65,0x0a,0x20,0x20,0x20,0x20,0x7b,0x0a,
    0x20,0x20,0x20,0x20,0x20,0x20,0x20,0x20,0x5f,0x31,0x33,0x33,0x20,0x3d,0x20,0x30,
    0x2e,0x30,0x33,0x39,0x39,0x39,0x39,0x39,0x39,0x39,0x31,0x30,0x35,0x39,0x33,0x30,
    0x33,0x32,0x38,0x33,0x36,0x39,0x31,0x34,0x30,0x36,0x32,0x35,0x3b,0x0a,0x20,0x20,
    0x20,0x20,0x7d,0x0a,0x20,0x20,0x20,0x20,0x63,0x6f,0x6c,0x6f,0x72,0x20,0x2d,0x3d,
    0x20,0x76,0x65,0x63,0x33,0x28,0x5f,0x31,0x33,0x33,0x29,0x3b,0x0a,0x20,0x20,0x20,
    0x20,0x66,0x6c,0x6f,0x61,0x74,0x20,0x5f,0x31,0x35,0x32,0x20,0x3d,0x20,0x63,0x6f,
    0x6c,0x6f,0x72,0x2e,0x78,0x3b,0x0a,0x20,0x20,0x20,0x20,0x66,0x6c,0x6f,0x61,0x74,
    0x20,0x5f,0x31,0x35,0x34,0x20,0x3d,0x20,0x63,0x6f,0x6c,0x6f,0x72,0x2e,0x79,0x3b,
    0x0a,0x20,0x20,0x20,0x20,0x66,0x6c,0x6f,0x61,0x74,0x20,0x5f,0x31,0x35,0x36,0x20,
    0x3d,0x20,0x63,0x6f,0x6c,0x6f,0x72,0x2e,0x7a,0x3b,0x0a,0x20,0x20,0x20,0x20,0x66,
    0x6c,0x6f,0x61,0x74,0x20,0x5f,0x31,0x35,0x38,0x20,0x3d,0x20,0x6d,0x61,0x78,0x28,
    0x5f,0x31,0x35,0x32,0x2c,0x20,0x6d,0x61,0x78,0x28,0x5f,0x31,0x35,0x34,0x2c,0x20,
    0x5f,0x31,0x35,0x36,0x29,0x29,0x3b,0x0a,0x20,0x20,0x20,0x20,0x69,0x66,0x20,0x28,
    0x5f,0x31,0x35,0x38,0x20,0x3c,0x20,0x30,0x2e,0x37,0x35,0x39,0x39,0x39,0x39,0x39,
    0x39,0x30,0x34,0x36,0x33,0x32,0x35,0x36,0x38,0x33,0x35,0x39,0x33,0x37,0x35,0x29,
    0x0a,0x20,0x20,0x20,0x20,0x7b,0x0a,0x20,0x20,0x20,0x20,0x20,0x20,0x20,0x20,0x72,
    0x65,0x74,0x75,0x72,0x6e,0x20,0x63,0x6f,0x6c,0x6f,0x72,0x3b,0x0a,0x20,0x20,0x20,
    0x20,0x7d,0x0a,0x20,0x20,0x20,0x20,0x66,0x6c,0x6f,0x61,0x74,0x20,0x5f,0x31,0x37,
    0x33,0x20,0x3d,0x20,0x31,0x2e,0x30,0x20,0x2d,0x20,0x28,0x30,0x2e,0x30,0x35,0x37,
    0x35,0x39,0x39,0x39,0x39,0x39,0x30,0x31,0x30,0x35,0x36,0x32,0x38,0x39,0x36,0x37,
    0x32,0x38,0x35,0x31,0x35,0x36,0x32,0x35,0x20,0x2f,0x20,0x28,0x5f,0x31,0x35,0x38,
    0x20,0x2b,0x20,0x28,0x2d,0x30,0x2e,0x35,0x31,0x39,0x39,0x39,0x39,0x39,0x38,0x30,
    0x39,0x32,0x36,0x35,0x31,0x33,0x36,0x37,0x31,0x38,0x37,0x35,0x29,0x29,0x29,0x3b,
    0x0a,0x20,0x20,0x20,0x20,0x63,0x6f,0x6c,0x6f,0x72,0x20,0x2a,0x3d,0x20,0x28,0x5f,
    0x31,0x37,0x33,0x20,0x2f,0x20,0x5f,0x31,0x35,0x38,0x29,0x3b,0x0a,0x20,0x20,0x20,
    0x20,0x72,0x65,0x74,0x75,0x72,0x6e,0x20,0x6d,0x69,0x78,0x28,0x63,0x6f,0x6c,0x6f,
    0x72,0x2c,0x20,0x76,0x65,0x63,0x33,0x28,0x5f,0x31,0x37,0x33,0x29,0x2c,0x20,0x76,
    0x65,0x63,0x33,0x28,0x31,0x2e,0x30,0x20,0x2d,0x20,0x28,0x31,0x2e,0x30,0x20,0x2f,
    0x20,0x28,0x28,0x30,0x2e,0x31,0x35,0x30,0x30,0x30,0x30,0x30,0x30,0x35,0x39,0x36,
    0x30,0x34,0x36,0x34,0x34,0x37,0x37,0x35,0x33,0x39,0x30,0x36,0x32,0x35,0x20,0x2a,
    0x20,0x28,0x5f,0x31,0x35,0x38,0x20,0x2d,0x20,0x5f,0x31,0x37,0x33,0x29,0x29,0x20,
    0x2b,0x20,0x31,0x2e,0x30,0x29,0x29,0x29,0x29,0x3b,0x0a,0x7d,0x0a,0x0a,0x76,0x65,
    0x63,0x33,0x20,0x74,0x6f,0x6e,0x65,0x6d,0x61,0x70,0x5f,0x61,0x63,0x65,0x73,0x28,
    0x69,0x6e,0x6f,0x75,0x74,0x20,0x76,0x65,0x63,0x33,0x20,0x63,0x6f,0x6c,0x6f,0x72,
    0x29,0x0a,0x7b,0x0a,0x20,0x20,0x20,0x20,0x63,0x6f,0x6c,0x6f,0x72,0x20,0x2a,0x3d,
    0x20,0x30,0x2e,0x36,0x30,0x30,0x30,0x30,0x30,0x30,0x32,0x33,0x38,0x34,0x31,0x38,
    0x35,0x37,0x39,0x31,0x30,0x31,0x35,0x36,0x32,0x35,0x3b,0x0a,0x20,0x20,0x20,0x20,
    0x72,0x65,0x74,0x75,0x72,0x6e,0x20,0x63,0x6c,0x61,0x6d,0x70,0x28,0x28,0x63,0x6f,
    0x6c,0x6f,0x72,0x20,0x2a,0x20,0x28,0x28,0x63,0x6f,0x6c,0x6f,0x72,0x20,0x2a,0x20,
    0x32,0x2e,0x35,0x30,0x39,0x39,0x39,0x39,0x39,0x39,0x30,0x34,0x36,0x33,0x32,0x35,
    0x36,0x38,0x33,0x35,0x39,0x33,0x37,0x35,0x29,0x20,0x2b,0x20,0x76,0x65,0x63,0x33,
    0x28,0x30,0x2e,0x30,0x32,0x39,0x39,0x39,0x39,0x39,0x39,0x39,0x33,0x32,0x39,0x34,
    0x34,0x37,0x37,0x34,0x36,0x32,0x37,0x36,0x38,0x35,0x35,0x34,0x36,0x38,0x37,0x35,
    0x29,0x29,0x29,0x20,0x2f,0x20,0x28,0x28,0x63,0x6f,0x6c,0x6f,0x72,0x20,0x2a,0x20,
    0x28,0x28,0x63,0x6f,0x6c,0x6f,0x72,0x20,0x2a,0x20,0x32,0x2e,0x34,0x33,0x30,0x30,
    0x30,0x30,0x30,0x36,0x36,0x37,0x35,0x37,0x32,0x30,0x32,0x31,0x34,0x38,0x34,0x33,
    0x37,0x35,0x29,0x20,0x2b,0x20,0x76,0x65,0x63,0x33,0x28,0x30,0x2e,0x35,0x38,0x39,
    0x39,0x39,0x39,0x39,0x37,0x33,0x37,0x37,0x33,0x39,0x35,0x36,0x32,0x39,0x38,0x38,
    0x32,0x38,0x31,0x32,0x35,0x29,0x29,0x29,0x20,0x2b,0x20,0x76,0x65,0x63,0x33,0x28,
    0x30,0x2e,0x31,0x34,0x30,0x30,0x30,0x30,0x30,0x30,0x30,0x35,0x39,0x36,0x30,0x34,
    0x36,0x34,0x34,0x37,0x37,0x35,0x33,0x39,0x30,0x36,0x32,0x35,0x29,0x29,0x2c,0x20,
    0x76,0x65,0x63,0x33,0x28,0x30,0x2e,0x30,0x29,0x2c,0x20,0x76,0x65,0x63,0x33,0x28,
    0x31,0x2e,0x30,0x29,0x29,0x3b,0x0a,0x7d,0x0a,0x0a,0x76,0x65,0x63,0x33,0x20,0x6c,
    0x69,0x6e,0x65,0x61,0x72,0x5f,0x74,0x6f,0x5f,0x73,0x72,0x67,0x62,0x28,0x69,0x6e,
    0x6f,0x75,0x74,0x20,0x76,0x65,0x63,0x33,0x20,0x63,0x29,0x0a,0x7b,0x0a,0x20,0x20,
    0x20,0x20,0x63,0x20,0x3d,0x20,0x63,0x6c,0x61,0x6d,0x70,0x28,0x63,0x2c,0x20,0x76,
    0x65,0x63,0x33,0x28,0x30,0x2e,0x30,0x29,0x2c,0x20,0x76,0x65,0x63,0x33,0x28,0x31,
    0x2e,0x30,0x29,0x29,0x3b,0x0a,0x20,0x20,0x20,0x20,0x72,0x65,0x74,0x75,0x72,0x6e,
    0x20,0x6d,0x69,0x78,0x28,0x63,0x20,0x2a,0x20,0x31,0x32,0x2e,0x39,0x32,0x30,0x30,
    0x30,0x30,0x30,0x37,0x36,0x32,0x39,0x33,0x39,0x34,0x35,0x33,0x31,0x32,0x35,0x2c,
    0x20,0x28,0x70,0x6f,0x77,0x28,0x6d,0x61,0x78,0x28,0x63,0x2c,0x20,0x76,0x65,0x63,
    0x33,0x28,0x30,0x2e,0x30,0x30,0x33,0x31,0x33,0x30,0x38,0x30,0x30,0x30,0x39,0x30,
    0x37,0x33,0x30,0x31,0x39,0x30,0x32,0x37,0x37,0x30,0x39,0x39,0x36,0x30,0x39,0x33,
    0x37,0x35,0x29,0x29,0x2c,0x20,0x76,0x65,0x63,0x33,0x28,0x30,0x2e,0x34,0x31,0x36,
    0x36,0x36,0x36,0x36,0x35,0x36,0x37,0x33,0x32,0x35,0x35,0x39,0x32,0x30,0x34,0x31,
    0x30,0x31,0x35,0x36,0x32,0x35,0x29,0x29,0x20,0x2a,0x20,0x31,0x2e,0x30,0x35,0x34,
    0x39,0x39,0x39,0x39,0x34,0x37,0x35,0x34,0x37,0x39,0x31,0x32,0x35,0x39,0x37,0x36,
    0x35,0x36,0x32,0x35,0x29,0x20,0x2d,0x20,0x76,0x65,0x63,0x33,0x28,0x30,0x2e,0x30,
    0x35,0x34,0x39,0x39,0x39,0x39,0x39,0x39,0x37,0x30,0x31,0x39,0x37,0x36,0x37,0x37,
    0x36,0x31,0x32,0x33,0x30,0x34,0x36,0x38,0x37,0x35,0x29,0x2c,0x20,0x73,0x74,0x65,
    0x70,0x28,0x76,0x65,0x63,0x33,0x28,0x30,0x2e,0x30,0x30,0x33,0x31,0x33,0x30,0x38,
    0x30,0x30,0x30,0x39,0x30,0x37,0x33,0x30,0x31,0x39,0x30,0x32,0x37,0x37,0x30,0x39,
    0x39,0x36,0x30,0x39,0x33,0x37,0x35,0x29,0x2c,0x20,0x63,0x29,0x29,0x3b,0x0a,0x7d,
    0x0a,0x0a,0x76,0x65,0x63,0x33,0x20,0x74,0x6f,0x5f,0x64,0x69,0x73,0x70,0x6c,0x61,
    0x79,0x28,0x69,0x6e,0x6f,0x75,0x74,0x20,0x76,0x65,0x63,0x33,0x20,0x63,0x6f,0x6c,
    0x6f,0x72,0x2c,0x20,0x76,0x65,0x63,0x34,0x20,0x74,0x6f,0x6e,0x65,0x6d,0x61,0x70,
    0x29,0x0a,0x7b,0x0a,0x20,0x20,0x20,0x20,0x63,0x6f,0x6c,0x6f,0x72,0x20,0x2a,0x3d,
    0x20,0x74,0x6f,0x6e,0x65,0x6d,0x61,0x70,0x2e,0x79,0x3b,0x0a,0x20,0x20,0x20,0x20,
    0x69,0x6e,0x74,0x20,0x5f,0x32,0x33,0x33,0x20,0x3d,0x20,0x69,0x6e,0x74,0x28,0x74,
    0x6f,0x6e,0x65,0x6d,0x61,0x70,0x2e,0x78,0x20,0x2b,0x20,0x30,0x2e,0x35,0x29,0x3b,
    0x0a,0x20,0x20,0x20,0x20,0x69,0x66,0x20,0x28,0x5f,0x32,0x33,0x33,0x20,0x3d,0x3d,
    0x20,0x31,0x29,0x0a,0x20,0x20,0x20,0x20,0x7b,0x0a,0x20,0x20,0x20,0x20,0x20,0x20,
    0x20,0x20,0x76,0x65,0x63,0x33,0x20,0x70,0x61,0x72,0x61,0x6d,0x20,0x3d,0x20,0x63,
    0x6f,0x6c,0x6f,0x72,0x3b,0x0a,0x20,0x20,0x20,0x20,0x20,0x20,0x20,0x20,0x76,0x65,
    0x63,0x33,0x20,0x5f,0x32,0x34,0x31,0x20,0x3d,0x20,0x74,0x6f,0x6e,0x65,0x6d,0x61,
    0x70,0x5f,0x6e,0x65,0x75,0x74,0x72,0x61,0x6c,0x28,0x70,0x61,0x72,0x61,0x6d,0x29,
    0x3b,0x0a,0x20,0x20,0x20,0x20,0x20,0x20,0x20,0x20,0x63,0x6f,0x6c,0x6f,0x72,0x20,
    0x3d,0x20,0x5f,0x32,0x34,0x31,0x3b,0x0a,0x20,0x20,0x20,0x20,0x7d,0x0a,0x20,0x20,
    0x20,0x20,0x65,0x6c,0x73,0x65,0x0a,0x20,0x20,0x20,0x20,0x7b,0x0a,0x20,0x20,0x20,
    0x20,0x20,0x20,0x20,0x20,0x69,0x66,0x20,0x28,0x5f,0x32,0x33,0x33,0x20,0x3d,0x3d,
    0x20,0x32,0x29,0x0a,0x20,0x20,0x20,0x20,0x20,0x20,0x20,0x20,0x7b,0x0a,0x20,0x20,
    0x20,0x20,0x20,0x20,0x20,0x20,0x20,0x20,0x20,0x20,0x76,0x65,0x63,0x33,0x20,0x70,
    0x61,0x72,0x61,0x6d,0x5f,0x31,0x20,0x3d,0x20,0x63,0x6f,0x6c,0x6f,0x72,0x3b,0x0a,
    0x20,0x20,0x20,0x20,0x20,0x20,0x20,0x20,0x20,0x20,0x20,0x20,0x76,0x65,0x63,0x33,
    0x20,0x5f,0x32,0x35,0x30,0x20,0x3d,0x20,0x74,0x6f,0x6e,0x65,0x6d,0x61,0x70,0x5f,
    0x61,0x63,0x65,0x73,0x28,0x70,0x61,0x72,0x61,0x6d,0x5f,0x31,0x29,0x3b,0x0a,0x20,
    0x20,0x20,0x20,0x20,0x20,0x20,0x20,0x20,0x20,0x20,0x20,0x63,0x6f,0x6c,0x6f,0x72,
    0x20,0x3d,0x20,0x5f,0x32,0x35,0x30,0x3b,0x0a,0x20,0x20,0x20,0x20,0x20,0x20,0x20,
    0x20,0x7d,0x0a,0x20,0x20,0x20,0x20,0x7d,0x0a,0x20,0x20,0x20,0x20,0x76,0x65,0x63,
    0x33,0x20,0x70,0x61,0x72,0x61,0x6d,0x5f,0x32,0x20,0x3d,0x20,0x63,0x6f,0x6c,0x6f,
    0x72,0x3b,0x0a,0x20,0x20,0x20,0x20,0x76,0x65,0x63,0x33,0x20,0x5f,0x32,0x35,0x33,
    0x20,0x3d,0x20,0x6c,0x69,0x6e,0x65,0x61,0x72,0x5f,0x74,0x6f,0x5f,0x73,0x72,0x67,
    0x62,0x28,0x70,0x61,0x72,0x61,0x6d,0x5f,0x32,0x29,0x3b,0x0a,0x20,0x20,0x20,0x20,
    0x72,0x65,0x74,0x75,0x72,0x6e,0x20,0x5f,0x32,0x35,0x33,0x3b,0x0a,0x7d,0x0a,0x0a,
    0x66,0x6c,0x6f,0x61,0x74,0x20,0x61,0x74,0x74,0x65,0x6e,0x75,0x61,0x74,0x69,0x6f,
    0x6e,0x28,0x66,0x6c,0x6f,0x61,0x74,0x20,0x64,0x2c,0x20,0x66,0x6c,0x6f,0x61,0x74,
    0x20,0x72,0x61,0x6e,0x67,0x65,0x29,0x0a,0x7b,0x0a,0x20,0x20,0x20,0x20,0x66,0x6c,
    0x6f,0x61,0x74,0x20,0x5f,0x36,0x34,0x37,0x20,0x3d,0x20,0x31,0x2e,0x30,0x20,0x2f,
    0x20,0x6d,0x61,0x78,0x28,0x64,0x20,0x2a,0x20,0x64,0x2c,0x20,0x30,0x2e,0x30,0x30,
    0x39,0x39,0x39,0x39,0x39,0x39,0x39,0x37,0x37,0x36,0x34,0x38,0x32,0x35,0x38,0x32,
    0x30,0x39,0x32,0x32,0x38,0x35,0x31,0x35,0x36,0x32,0x35,0x29,0x3b,0x0a,0x20,0x20,
    0x20,0x20,0x69,0x66,0x20,0x28,0x72,0x61,0x6e,0x67,0x65,0x20,0x3c,0x3d,0x20,0x30,
    0x2e,0x30,0x29,0x0a,0x20,0x20,0x20,0x20,0x7b,0x0a,0x20,0x20,0x20,0x20,0x20,0x20,
    0x20,0x20,0x72,0x65,0x74,0x75,0x72,0x6e,0x20,0x5f,0x36,0x34,0x37,0x3b,0x0a,0x20,
    0x20,0x20,0x20,0x7d,0x0a,0x20,0x20,0x20,0x20,0x66,0x6c,0x6f,0x61,0x74,0x20,0x5f,
    0x36,0x35,0x37,0x20,0x3d,0x20,0x64,0x20,0x2f,0x20,0x72,0x61,0x6e,0x67,0x65,0x3b,
    0x0a,0x20,0x20,0x20,0x20,0x66,0x6c,0x6f,0x61,0x74,0x20,0x5f,0x36,0x36,0x37,0x20,
    0x3d,0x20,0x63,0x6c,0x61,0x6d,0x70,0x28,0x31,0x2e,0x30,0x20,0x2d,0x20,0x28,0x28,
    0x28,0x5f,0x36,0x35,0x37,0x20,0x2a,0x20,0x5f,0x36,0x35,0x37,0x29,0x20,0x2a,0x20,
    0x5f,0x36,0x35,0x37,0x29,0x20,0x2a,0x20,0x5f,0x36,0x35,0x37,0x29,0x2c,0x20,0x30,
    0x2e,0x30,0x2c,0x20,0x31,0x2e,0x30,0x29,0x3b,0x0a,0x20,0x20,0x20,0x20,0x72,0x65,
    0x74,0x75,0x72,0x6e,0x20,0x28,0x5f,0x36,0x36,0x37,0x20,0x2a,0x20,0x5f,0x36,0x36,
    0x37,0x29,0x20,0x2a,0x20,0x5f,0x36,0x34,0x37,0x3b,0x0a,0x7d,0x0a,0x0a,0x66,0x6c,
    0x6f,0x61,0x74,0x20,0x73,0x70,0x6f,0x74,0x5f,0x66,0x61,0x63,0x74,0x6f,0x72,0x28,
    0x66,0x6c,0x6f,0x61,0x74,0x20,0x63,0x6f,0x73,0x5f,0x61,0x6e,0x67,0x6c,0x65,0x2c,
    0x20,0x66,0x6c,0x6f,0x61,0x74,0x20,0x63,0x6f,0x73,0x5f,0x69,0x6e,0x6e,0x65,0x72,
    0x2c,0x20,0x66,0x6c,0x6f,0x61,0x74,0x20,0x63,0x6f,0x73,0x5f,0x6f,0x75,0x74,0x65,
    0x72,0x29,0x0a,0x7b,0x0a,0x20,0x20,0x20,0x20,0x69,0x66,0x20,0x28,0x28,0x63,0x6f,
    0x73,0x5f,0x69,0x6e,0x6e,0x65,0x72,0x20,0x2d,0x20,0x63,0x6f,0x73,0x5f,0x6f,0x75,
    0x74,0x65,0x72,0x29,0x20,0x3c,0x3d,0x20,0x39,0x2e,0x39,0x39,0x39,0x39,0x39,0x39,
    0x39,0x37,0x34,0x37,0x35,0x32,0x34,0x32,0x37,0x30,0x37,0x38,0x37,0x38,0x33,0x35,
    0x31,0x32,0x31,0x31,0x35,0x34,0x37,0x38,0x35,0x65,0x2d,0x30,0x37,0x29,0x0a,0x20,
    0x20,0x20,0x20,0x7b,0x0a,0x20,0x20,0x20,0x20,0x20,0x20,0x20,0x20,0x72,0x65,0x74,
    0x75,0x72,0x6e,0x20,0x66,0x6c,0x6f,0x61,0x74,0x28,0x63,0x6f,0x73,0x5f,0x61,0x6e,
    0x67,0x6c,0x65,0x20,0x3e,0x3d,0x20,0x63,0x6f,0x73,0x5f,0x6f,0x75,0x74,0x65,0x72,
    0x29,0x3b,0x0a,0x20,0x20,0x20,0x20,0x7d,0x0a,0x20,0x20,0x20,0x20,0x72,0x65,0x74,
    0x75,0x72,0x6e,0x20,0x73,0x6d,0x6f,0x6f,0x74,0x68,0x73,0x74,0x65,0x70,0x28,0x63,
    0x6f,0x73,0x5f,0x6f,0x75,0x74,0x65,0x72,0x2c,0x20,0x63,0x6f,0x73,0x5f,0x69,0x6e,
    0x6e,0x65,0x72,0x2c,0x20,0x63,0x6f,0x73,0x5f,0x61,0x6e,0x67,0x6c,0x65,0x29,0x3b,
    0x0a,0x7d,0x0a,0x0a,0x66,0x6c,0x6f,0x61,0x74,0x20,0x73,0x68,0x61,0x64,0x6f,0x77,
    0x5f,0x66,0x61,0x63,0x74,0x6f,0x72,0x28,0x69,0x6e,0x74,0x20,0x73,0x6c,0x6f,0x74,
    0x2c,0x20,0x76,0x65,0x63,0x33,0x20,0x77,0x6f,0x72,0x6c,0x64,0x5f,0x70,0x6f,0x73,
    0x2c,0x20,0x76,0x65,0x63,0x33,0x20,0x6e,0x2c,0x20,0x66,0x6c,0x6f,0x61,0x74,0x20,
    0x6e,0x5f,0x64,0x6f,0x74,0x5f,0x6c,0x29,0x0a,0x7b,0x0a,0x20,0x20,0x20,0x20,0x62,
    0x6f,0x6f,0x6c,0x20,0x5f,0x32,0x38,0x36,0x20,0x3d,0x20,0x73,0x6c,0x6f,0x74,0x20,
    0x3c,0x20,0x30,0x3b,0x0a,0x20,0x20,0x20,0x20,0x62,0x6f,0x6f,0x6c,0x20,0x5f,0x33,
    0x30,0x31,0x3b,0x0a,0x20,0x20,0x20,0x20,0x69,0x66,0x20,0x28,0x21,0x5f,0x32,0x38,
    0x36,0x29,0x0a,0x20,0x20,0x20,0x20,0x7b,0x0a,0x20,0x20,0x20,0x20,0x20,0x20,0x20,
    0x20,0x5f,0x33,0x30,0x31,0x20,0x3d,0x20,0x66,0x73,0x5f,0x70,0x61,0x72,0x61,0x6d,
    0x73,0x5b,0x33,0x5d,0x2e,0x7a,0x20,0x3c,0x20,0x30,0x2e,0x35,0x3b,0x0a,0x20,0x20,
    0x20,0x20,0x7d,0x0a,0x20,0x20,0x20,0x20,0x65,0x6c,0x73,0x65,0x0a,0x20,0x20,0x20,
    0x20,0x7b,0x0a,0x20,0x20,0x20,0x20,0x20,0x20,0x20,0x20,0x5f,0x33,0x30,0x31,0x20,
    0x3d,0x20,0x5f,0x32,0x38,0x36,0x3b,0x0a,0x20,0x20,0x20,0x20,0x7d,0x0a,0x20,0x20,
    0x20,0x20,0x69,0x66,0x20,0x28,0x5f,0x33,0x30,0x31,0x29,0x0a,0x20,0x20,0x20,0x20,
    0x7b,0x0a,0x20,0x20,0x20,0x20,0x20,0x20,0x20,0x20,0x72,0x65,0x74,0x75,0x72,0x6e,
    0x20,0x31,0x2e,0x30,0x3b,0x0a,0x20,0x20,0x20,0x20,0x7d,0x0a,0x20,0x20,0x20,0x20,
    0x66,0x6c,0x6f,0x61,0x74,0x20,0x5f,0x33,0x30,0x38,0x20,0x3d,0x20,0x31,0x2e,0x30,
    0x20,0x2d,0x20,0x63,0x6c,0x61,0x6d,0x70,0x28,0x6e,0x5f,0x64,0x6f,0x74,0x5f,0x6c,
    0x2c,0x20,0x30,0x2e,0x30,0x2c,0x20,0x31,0x2e,0x30,0x29,0x3b,0x0a,0x20,0x20,0x20,
    0x20,0x76,0x65,0x63,0x34,0x20,0x5f,0x33,0x34,0x33,0x20,0x3d,0x20,0x6d,0x61,0x74,
    0x34,0x28,0x66,0x73,0x5f,0x73,0x63,0x65,0x6e,0x65,0x5b,0x73,0x6c,0x6f,0x74,0x20,
    0x2a,0x20,0x34,0x20,0x2b,0x20,0x31,0x33,0x5d,0x2c,0x20,0x66,0x73,0x5f,0x73,0x63,
    0x65,0x6e,0x65,0x5b,0x73,0x6c,0x6f,0x74,0x20,0x2a,0x20,0x34,0x20,0x2b,0x20,0x31,
    0x34,0x5d,0x2c,0x20,0x66,0x73,0x5f,0x73,0x63,0x65,0x6e,0x65,0x5b,0x73,0x6c,0x6f,
    0x74,0x20,0x2a,0x20,0x34,0x20,0x2b,0x20,0x31,0x35,0x5d,0x2c,0x20,0x66,0x73,0x5f,
    0x73,0x63,0x65,0x6e,0x65,0x5b,0x73,0x6c,0x6f,0x74,0x20,0x2a,0x20,0x34,0x20,0x2b,
    0x20,0x31,0x36,0x5d,0x29,0x20,0x2a,0x20,0x76,0x65,0x63,0x34,0x28,0x77,0x6f,0x72,
    0x6c,0x64,0x5f,0x70,0x6f,0x73,0x20,0x2b,0x20,0x28,0x6e,0x20,0x2a,0x20,0x28,0x66,
    0x73,0x5f,0x73,0x63,0x65,0x6e,0x65,0x5b,0x73,0x6c,0x6f,0x74,0x20,0x2a,0x20,0x31,
    0x20,0x2b,0x20,0x32,0x39,0x5d,0x2e,0x79,0x20,0x2a,0x20,0x28,0x31,0x2e,0x30,0x20,
    0x2b,0x20,0x28,0x32,0x2e,0x30,0x20,0x2a,0x20,0x5f,0x33,0x30,0x38,0x29,0x29,0x29,
    0x29,0x2c,0x20,0x31,0x2e,0x30,0x29,0x3b,0x0a,0x20,0x20,0x20,0x20,0x66,0x6c,0x6f,
    0x61,0x74,0x20,0x5f,0x33,0x34,0x38,0x20,0x3d,0x20,0x5f,0x33,0x34,0x33,0x2e,0x77,
    0x3b,0x0a,0x20,0x20,0x20,0x20,0x76,0x65,0x63,0x33,0x20,0x5f,0x33,0x35,0x37,0x20,
    0x3d,0x20,0x28,0x5f,0x33,0x34,0x33,0x2e,0x78,0x79,0x7a,0x20,0x2f,0x20,0x76,0x65,
    0x63,0x33,0x28,0x6d,0x61,0x78,0x28,0x61,0x62,0x73,0x28,0x5f,0x33,0x34,0x38,0x29,
    0x2c,0x20,0x39,0x2e,0x39,0x39,0x39,0x39,0x39,0x39,0x39,0x37,0x34,0x37,0x35,0x32,
    0x34,0x32,0x37,0x30,0x37,0x38,0x37,0x38,0x33,0x35,0x31,0x32,0x31,0x31,0x35,0x34,
    0x37,0x38,0x35,0x65,0x2d,0x30,0x37,0x29,0x29,0x29,0x20,0x2a,0x20,0x73,0x69,0x67,
    0x6e,0x28,0x5f,0x33,0x34,0x38,0x29,0x3b,0x0a,0x20,0x20,0x20,0x20,0x76,0x65,0x63,
    0x32,0x20,0x5f,0x33,0x36,0x31,0x20,0x3d,0x20,0x5f,0x33,0x35,0x37,0x2e,0x78,0x79,
    0x3b,0x0a,0x20,0x20,0x20,0x20,0x76,0x65,0x63,0x32,0x20,0x75,0x76,0x20,0x3d,0x20,
    0x28,0x5f,0x33,0x36,0x31,0x20,0x2a,0x20,0x30,0x2e,0x35,0x29,0x20,0x2b,0x20,0x76,
    0x65,0x63,0x32,0x28,0x30,0x2e,0x35,0x29,0x3b,0x0a,0x20,0x20,0x20,0x20,0x69,0x66,
    0x20,0x28,0x66,0x73,0x5f,0x73,0x63,0x65,0x6e,0x65,0x5b,0x34,0x31,0x5d,0x2e,0x7a,
    0x20,0x3e,0x20,0x30,0x2e,0x35,0x29,0x0a,0x20,0x20,0x20,0x20,0x7b,0x0a,0x20,0x20,
    0x20,0x20,0x20,0x20,0x20,0x20,0x76,0x65,0x63,0x32,0x20,0x5f,0x31,0x32,0x39,0x39,
    0x20,0x3d,0x20,0x75,0x76,0x3b,0x0a,0x20,0x20,0x20,0x20,0x20,0x20,0x20,0x20,0x5f,
    0x31,0x32,0x39,0x39,0x2e,0x79,0x20,0x3d,0x20,0x31,0x2e,0x30,0x20,0x2d,0x20,0x5f,
    0x31,0x32,0x39,0x39,0x2e,0x79,0x3b,0x0a,0x20,0x20,0x20,0x20,0x20,0x20,0x20,0x20,
    0x75,0x76,0x20,0x3d,0x20,0x5f,0x31,0x32,0x39,0x39,0x3b,0x0a,0x20,0x20,0x20,0x20,
    0x7d,0x0a,0x20,0x20,0x20,0x20,0x66,0x6c,0x6f,0x61,0x74,0x20,0x5f,0x34,0x30,0x30,
    0x20,0x3d,0x20,0x28,0x28,0x5f,0x33,0x35,0x37,0x2e,0x7a,0x20,0x2a,0x20,0x66,0x73,
    0x5f,0x73,0x63,0x65,0x6e,0x65,0x5b,0x34,0x31,0x5d,0x2e,0x78,0x29,0x20,0x2b,0x20,
    0x66,0x73,0x5f,0x73,0x63,0x65,0x6e,0x65,0x5b,0x34,0x31,0x5d,0x2e,0x79,0x29,0x20,
    0x2d,0x20,0x28,0x28,0x66,0x73,0x5f,0x73,0x63,0x65,0x6e,0x65,0x5b,0x73,0x6c,0x6f,
    0x74,0x20,0x2a,0x20,0x31,0x20,0x2b,0x20,0x32,0x39,0x5d,0x2e,0x7a,0x20,0x2b,0x20,
    0x28,0x66,0x73,0x5f,0x73,0x63,0x65,0x6e,0x65,0x5b,0x73,0x6c,0x6f,0x74,0x20,0x2a,
    0x20,0x31,0x20,0x2b,0x20,0x32,0x39,0x5d,0x2e,0x77,0x20,0x2a,0x20,0x5f,0x33,0x30,
    0x38,0x29,0x29,0x20,0x2a,0x20,0x66,0x73,0x5f,0x73,0x63,0x65,0x6e,0x65,0x5b,0x73,
    0x6c,0x6f,0x74,0x20,0x2a,0x20,0x31,0x20,0x2b,0x20,0x33,0x33,0x5d,0x2e,0x77,0x29,
    0x3b,0x0a,0x20,0x20,0x20,0x20,0x76,0x65,0x63,0x32,0x20,0x5f,0x34,0x30,0x36,0x20,
    0x3d,0x20,0x76,0x65,0x63,0x32,0x28,0x31,0x2e,0x30,0x29,0x20,0x2d,0x20,0x61,0x62,
    0x73,0x28,0x5f,0x33,0x36,0x31,0x29,0x3b,0x0a,0x20,0x20,0x20,0x20,0x66,0x6c,0x6f,
    0x61,0x74,0x20,0x5f,0x34,0x31,0x32,0x20,0x3d,0x20,0x6d,0x69,0x6e,0x28,0x5f,0x34,
    0x30,0x36,0x2e,0x78,0x2c,0x20,0x5f,0x34,0x30,0x36,0x2e,0x79,0x29,0x3b,0x0a,0x20,
    0x20,0x20,0x20,0x76,0x65,0x63,0x32,0x20,0x5f,0x34,0x34,0x33,0x20,0x3d,0x20,0x63,
    0x6c,0x61,0x6d,0x70,0x28,0x75,0x76,0x2c,0x20,0x76,0x65,0x63,0x32,0x28,0x66,0x73,
    0x5f,0x73,0x63,0x65,0x6e,0x65,0x5b,0x73,0x6c,0x6f,0x74,0x20,0x2a,0x20,0x31,0x20,
    0x2b,0x20,0x32,0x39,0x5d,0x2e,0x78,0x29,0x2c,0x20,0x76,0x65,0x63,0x32,0x28,0x31,
    0x2e,0x30,0x20,0x2d,0x20,0x66,0x73,0x5f,0x73,0x63,0x65,0x6e,0x65,0x5b,0x73,0x6c,
    0x6f,0x74,0x20,0x2a,0x20,0x31,0x20,0x2b,0x20,0x32,0x39,0x5d,0x2e,0x78,0x29,0x29,
    0x3b,0x0a,0x20,0x20,0x20,0x20,0x66,0x6c,0x6f,0x61,0x74,0x20,0x6c,0x69,0x74,0x20,
    0x3d,0x20,0x30,0x2e,0x30,0x3b,0x0a,0x20,0x20,0x20,0x20,0x66,0x6f,0x72,0x20,0x28,
    0x69,0x6e,0x74,0x20,0x79,0x20,0x3d,0x20,0x2d,0x31,0x3b,0x20,0x79,0x20,0x3c,0x3d,
    0x20,0x31,0x3b,0x20,0x79,0x2b,0x2b,0x29,0x0a,0x20,0x20,0x20,0x20,0x7b,0x0a,0x20,
    0x20,0x20,0x20,0x20,0x20,0x20,0x20,0x66,0x6f,0x72,0x20,0x28,0x69,0x6e,0x74,0x20,
    0x78,0x20,0x3d,0x20,0x2d,0x31,0x3b,0x20,0x78,0x20,0x3c,0x3d,0x20,0x31,0x3b,0x20,
    0x78,0x2b,0x2b,0x29,0x0a,0x20,0x20,0x20,0x20,0x20,0x20,0x20,0x20,0x7b,0x0a,0x20,
    0x20,0x20,0x20,0x20,0x20,0x20,0x20,0x20,0x20,0x20,0x20,0x66,0x6c,0x6f,0x61,0x74,
    0x20,0x5f,0x34,0x38,0x35,0x20,0x3d,0x20,0x63,0x6c,0x61,0x6d,0x70,0x28,0x5f,0x34,
    0x30,0x30,0x2c,0x20,0x30,0x2e,0x30,0x2c,0x20,0x31,0x2e,0x30,0x29,0x3b,0x0a,0x20,
    0x20,0x20,0x20,0x20,0x20,0x20,0x20,0x20,0x20,0x20,0x20,0x6c,0x69,0x74,0x20,0x2b,
    0x3d,0x20,0x74,0x65,0x78,0x74,0x75,0x72,0x65,0x28,0x73,0x68,0x61,0x64,0x6f,0x77,
    0x5f,0x74,0x65,0x78,0x5f,0x73,0x68,0x61,0x64,0x6f,0x77,0x5f,0x73,0x6d,0x70,0x2c,
    0x20,0x76,0x65,0x63,0x34,0x28,0x76,0x65,0x63,0x34,0x28,0x5f,0x34,0x34,0x33,0x20,
    0x2b,0x20,0x28,0x76,0x65,0x63,0x32,0x28,0x66,0x6c,0x6f,0x61,0x74,0x28,0x78,0x29,
    0x2c,0x20,0x66,0x6c,0x6f,0x61,0x74,0x28,0x79,0x29,0x29,0x20,0x2a,0x20,0x66,0x73,
    0x5f,0x73,0x63,0x65,0x6e,0x65,0x5b,0x73,0x6c,0x6f,0x74,0x20,0x2a,0x20,0x31,0x20,
    0x2b,0x20,0x32,0x39,0x5d,0x2e,0x78,0x29,0x2c,0x20,0x66,0x6c,0x6f,0x61,0x74,0x28,
    0x73,0x6c,0x6f,0x74,0x29,0x2c,0x20,0x5f,0x34,0x38,0x35,0x29,0x2e,0x78,0x79,0x7a,
    0x2c,0x20,0x5f,0x34,0x38,0x35,0x29,0x29,0x3b,0x0a,0x20,0x20,0x20,0x20,0x20,0x20,
    0x20,0x20,0x7d,0x0a,0x20,0x20,0x20,0x20,0x7d,0x0a,0x20,0x20,0x20,0x20,0x72,0x65,
    0x74,0x75,0x72,0x6e,0x20,0x6d,0x69,0x78,0x28,0x31,0x2e,0x30,0x2c,0x20,0x6c,0x69,
    0x74,0x20,0x2a,0x20,0x30,0x2e,0x31,0x31,0x31,0x31,0x31,0x31,0x31,0x31,0x31,0x39,
    0x33,0x38,0x39,0x35,0x33,0x33,0x39,0x39,0x36,0x35,0x38,0x32,0x30,0x33,0x31,0x32,
    0x35,0x2c,0x20,0x28,0x63,0x6c,0x61,0x6d,0x70,0x28,0x5f,0x34,0x31,0x32,0x20,0x2a,
    0x20,0x31,0x30,0x2e,0x30,0x2c,0x20,0x30,0x2e,0x30,0x2c,0x20,0x31,0x2e,0x30,0x29,
    0x20,0x2a,0x20,0x28,0x28,0x73,0x74,0x65,0x70,0x28,0x30,0x2e,0x30,0x2c,0x20,0x5f,
    0x34,0x31,0x32,0x29,0x20,0x2a,0x20,0x73,0x74,0x65,0x70,0x28,0x5f,0x34,0x30,0x30,
    0x2c,0x20,0x31,0x2e,0x30,0x29,0x29,0x20,0x2a,0x20,0x73,0x74,0x65,0x70,0x28,0x30,
    0x2e,0x30,0x2c,0x20,0x5f,0x33,0x34,0x38,0x29,0x29,0x29,0x20,0x2a,0x20,0x66,0x73,
    0x5f,0x73,0x63,0x65,0x6e,0x65,0x5b,0x73,0x6c,0x6f,0x74,0x20,0x2a,0x20,0x31,0x20,
    0x2b,0x20,0x33,0x37,0x5d,0x2e,0x78,0x29,0x3b,0x0a,0x7d,0x0a,0x0a,0x76,0x65,0x63,
    0x33,0x20,0x65,0x6e,0x76,0x5f,0x64,0x69,0x72,0x28,0x76,0x65,0x63,0x33,0x20,0x64,
    0x69,0x72,0x2c,0x20,0x76,0x65,0x63,0x34,0x20,0x65,0x6e,0x76,0x29,0x0a,0x7b,0x0a,
    0x20,0x20,0x20,0x20,0x72,0x65,0x74,0x75,0x72,0x6e,0x20,0x76,0x65,0x63,0x33,0x28,
    0x28,0x65,0x6e,0x76,0x2e,0x7a,0x20,0x2a,0x20,0x64,0x69,0x72,0x2e,0x78,0x29,0x20,
    0x2d,0x20,0x28,0x65,0x6e,0x76,0x2e,0x77,0x20,0x2a,0x20,0x64,0x69,0x72,0x2e,0x7a,
    0x29,0x2c,0x20,0x64,0x69,0x72,0x2e,0x79,0x2c,0x20,0x28,0x65,0x6e,0x76,0x2e,0x77,
    0x20,0x2a,0x20,0x64,0x69,0x72,0x2e,0x78,0x29,0x20,0x2b,0x20,0x28,0x65,0x6e,0x76,
    0x2e,0x7a,0x20,0x2a,0x20,0x64,0x69,0x72,0x2e,0x7a,0x29,0x29,0x3b,0x0a,0x7d,0x0a,
    0x0a,0x76,0x65,0x63,0x33,0x20,0x65,0x76,0x61,0x6c,0x5f,0x73,0x68,0x28,0x76,0x65,
    0x63,0x33,0x20,0x6e,0x29,0x0a,0x7b,0x0a,0x20,0x20,0x20,0x20,0x76,0x65,0x63,0x33,
    0x20,0x5f,0x36,0x30,0x37,0x20,0x3d,0x20,0x28,0x28,0x28,0x28,0x28,0x28,0x28,0x28,
    0x66,0x73,0x5f,0x73,0x63,0x65,0x6e,0x65,0x5b,0x33,0x5d,0x2e,0x78,0x79,0x7a,0x20,
    0x2a,0x20,0x30,0x2e,0x32,0x38,0x32,0x30,0x39,0x34,0x39,0x38,0x35,0x32,0x34,0x36,
    0x36,0x35,0x38,0x33,0x32,0x35,0x31,0x39,0x35,0x33,0x31,0x32,0x35,0x29,0x20,0x2b,
    0x20,0x28,0x66,0x73,0x5f,0x73,0x63,0x65,0x6e,0x65,0x5b,0x34,0x5d,0x2e,0x78,0x79,
    0x7a,0x20,0x2a,0x20,0x28,0x30,0x2e,0x34,0x38,0x38,0x36,0x30,0x32,0x39,0x39,0x35,
    0x38,0x37,0x32,0x34,0x39,0x37,0x35,0x35,0x38,0x35,0x39,0x33,0x37,0x35,0x20,0x2a,
    0x20,0x6e,0x2e,0x79,0x29,0x29,0x29,0x20,0x2b,0x20,0x28,0x66,0x73,0x5f,0x73,0x63,
    0x65,0x6e,0x65,0x5b,0x35,0x5d,0x2e,0x78,0x79,0x7a,0x20,0x2a,0x20,0x28,0x30,0x2e,
    0x34,0x38,0x38,0x36,0x30,0x32,0x39,0x39,0x35,0x38,0x37,0x32,0x34,0x39,0x37,0x35,
    0x35,0x38,0x35,0x39,0x33,0x37,0x35,0x20,0x2a,0x20,0x6e,0x2e,0x7a,0x29,0x29,0x29,
    0x20,0x2b,0x20,0x28,0x66,0x73,0x5f,0x73,0x63,0x65,0x6e,0x65,0x5b,0x36,0x5d,0x2e,
    0x78,0x79,0x7a,0x20,0x2a,0x20,0x28,0x30,0x2e,0x34,0x38,0x38,0x36,0x30,0x32,0x39,
    0x39,0x35,0x38,0x37,0x32,0x34,0x39,0x37,0x35,0x35,0x38,0x35,0x39,0x33,0x37,0x35,
    0x20,0x2a,0x20,0x6e,0x2e,0x78,0x29,0x29,0x29,0x20,0x2b,0x20,0x28,0x66,0x73,0x5f,
    0x73,0x63,0x65,0x6e,0x65,0x5b,0x37,0x5d,0x2e,0x78,0x79,0x7a,0x20,0x2a,0x20,0x28,
    0x28,0x31,0x2e,0x30,0x39,0x32,0x35,0x34,0x38,0x30,0x31,0x32,0x37,0x33,0x33,0x34,
    0x35,0x39,0x34,0x37,0x32,0x36,0x35,0x36,0x32,0x35,0x20,0x2a,0x20,0x6e,0x2e,0x78,
    0x29,0x20,0x2a,0x20,0x6e,0x2e,0x79,0x29,0x29,0x29,0x20,0x2b,0x20,0x28,0x66,0x73,
    0x5f,0x73,0x63,0x65,0x6e,0x65,0x5b,0x38,0x5d,0x2e,0x78,0x79,0x7a,0x20,0x2a,0x20,
    0x28,0x28,0x31,0x2e,0x30,0x39,0x32,0x35,0x34,0x38,0x30,0x31,0x32,0x37,0x33,0x33,
    0x34,0x35,0x39,0x34,0x37,0x32,0x36,0x35,0x36,0x32,0x35,0x20,0x2a,0x20,0x6e,0x2e,
    0x79,0x29,0x20,0x2a,0x20,0x6e,0x2e,0x7a,0x29,0x29,0x29,0x20,0x2b,0x20,0x28,0x66,
    0x73,0x5f,0x73,0x63,0x65,0x6e,0x65,0x5b,0x39,0x5d,0x2e,0x78,0x79,0x7a,0x20,0x2a,
    0x20,0x28,0x30,0x2e,0x33,0x31,0x35,0x33,0x39,0x31,0x39,0x38,0x37,0x35,0x36,0x32,
    0x31,0x37,0x39,0x35,0x36,0x35,0x34,0x32,0x39,0x36,0x38,0x37,0x35,0x20,0x2a,0x20,
    0x28,0x28,0x28,0x33,0x2e,0x30,0x20,0x2a,0x20,0x6e,0x2e,0x7a,0x29,0x20,0x2a,0x20,
    0x6e,0x2e,0x7a,0x29,0x20,0x2d,0x20,0x31,0x2e,0x30,0x29,0x29,0x29,0x29,0x20,0x2b,
    0x20,0x28,0x66,0x73,0x5f,0x73,0x63,0x65,0x6e,0x65,0x5b,0x31,0x30,0x5d,0x2e,0x78,
    0x79,0x7a,0x20,0x2a,0x20,0x28,0x28,0x31,0x2e,0x30,0x39,0x32,0x35,0x34,0x38,0x30,
    0x31,0x32,0x37,0x33,0x33,0x34,0x35,0x39,0x34,0x37,0x32,0x36,0x35,0x36,0x32,0x35,
    0x20,0x2a,0x20,0x6e,0x2e,0x78,0x29,0x20,0x2a,0x20,0x6e,0x2e,0x7a,0x29,0x29,0x29,
    0x20,0x2b,0x20,0x28,0x66,0x73,0x5f,0x73,0x63,0x65,0x6e,0x65,0x5b,0x31,0x31,0x5d,
    0x2e,0x78,0x79,0x7a,0x20,0x2a,0x20,0x28,0x30,0x2e,0x35,0x34,0x36,0x32,0x37,0x34,
    0x30,0x30,0x36,0x33,0x36,0x36,0x37,0x32,0x39,0x37,0x33,0x36,0x33,0x32,0x38,0x31,
    0x32,0x35,0x20,0x2a,0x20,0x28,0x28,0x6e,0x2e,0x78,0x20,0x2a,0x20,0x6e,0x2e,0x78,
    0x29,0x20,0x2d,0x20,0x28,0x6e,0x2e,0x79,0x20,0x2a,0x20,0x6e,0x2e,0x79,0x29,0x29,
    0x29,0x29,0x3b,0x0a,0x20,0x20,0x20,0x20,0x72,0x65,0x74,0x75,0x72,0x6e,0x20,0x5f,
    0x36,0x30,0x37,0x3b,0x0a,0x7d,0x0a,0x0a,0x76,0x6f,0x69,0x64,0x20,0x6d,0x61,0x69,
    0x6e,0x28,0x29,0x0a,0x7b,0x0a,0x20,0x20,0x20,0x20,0x69,0x6e,0x74,0x20,0x70,0x61,
    0x72,0x61,0x6d,0x20,0x3d,0x20,0x30,0x3b,0x0a,0x20,0x20,0x20,0x20,0x76,0x65,0x63,
    0x34,0x20,0x5f,0x37,0x30,0x33,0x20,0x3d,0x20,0x74,0x65,0x78,0x74,0x75,0x72,0x65,
    0x28,0x62,0x61,0x73,0x65,0x5f,0x63,0x6f,0x6c,0x6f,0x72,0x5f,0x74,0x65,0x78,0x5f,
    0x62,0x61,0x73,0x65,0x5f,0x63,0x6f,0x6c,0x6f,0x72,0x5f,0x73,0x6d,0x70,0x2c,0x20,
    0x74,0x65,0x78,0x5f,0x75,0x76,0x28,0x70,0x61,0x72,0x61,0x6d,0x29,0x29,0x3b,0x0a,
    0x20,0x20,0x20,0x20,0x76,0x65,0x63,0x33,0x20,0x70,0x61,0x72,0x61,0x6d,0x5f,0x31,
    0x20,0x3d,0x20,0x5f,0x37,0x30,0x33,0x2e,0x78,0x79,0x7a,0x3b,0x0a,0x20,0x20,0x20,
    0x20,0x76,0x65,0x63,0x34,0x20,0x5f,0x37,0x32,0x31,0x20,0x3d,0x20,0x28,0x76,0x65,
    0x63,0x34,0x28,0x73,0x72,0x67,0x62,0x5f,0x74,0x6f,0x5f,0x6c,0x69,0x6e,0x65,0x61,
    0x72,0x28,0x70,0x61,0x72,0x61,0x6d,0x5f,0x31,0x29,0x2c,0x20,0x5f,0x37,0x30,0x33,
    0x2e,0x77,0x29,0x20,0x2a,0x20,0x66,0x73,0x5f,0x70,0x61,0x72,0x61,0x6d,0x73,0x5b,
    0x30,0x5d,0x29,0x20,0x2a,0x20,0x76,0x5f,0x63,0x6f,0x6c,0x6f,0x72,0x3b,0x0a,0x20,
    0x20,0x20,0x20,0x76,0x65,0x63,0x34,0x20,0x62,0x61,0x73,0x65,0x20,0x3d,0x20,0x5f,
    0x37,0x32,0x31,0x3b,0x0a,0x20,0x20,0x20,0x20,0x69,0x66,0x20,0x28,0x5f,0x37,0x32,
    0x31,0x2e,0x77,0x20,0x3c,0x20,0x6d,0x61,0x78,0x28,0x66,0x73,0x5f,0x70,0x61,0x72,
    0x61,0x6d,0x73,0x5b,0x33,0x5d,0x2e,0x78,0x2c,0x20,0x6d,0x61,0x78,0x28,0x76,0x5f,
    0x61,0x6c,0x70,0x68,0x61,0x5f,0x6d,0x6f,0x64,0x65,0x2c,0x20,0x30,0x2e,0x30,0x29,
    0x29,0x29,0x0a,0x20,0x20,0x20,0x20,0x7b,0x0a,0x20,0x20,0x20,0x20,0x20,0x20,0x20,
    0x20,0x64,0x69,0x73,0x63,0x61,0x72,0x64,0x3b,0x0a,0x20,0x20,0x20,0x20,0x7d,0x0a,
    0x20,0x20,0x20,0x20,0x69,0x66,0x20,0x28,0x76,0x5f,0x61,0x6c,0x70,0x68,0x61,0x5f,
    0x6d,0x6f,0x64,0x65,0x20,0x21,0x3d,0x20,0x30,0x2e,0x30,0x29,0x0a,0x20,0x20,0x20,
    0x20,0x7b,0x0a,0x20,0x20,0x20,0x20,0x20,0x20,0x20,0x20,0x76,0x65,0x63,0x34,0x20,
    0x5f,0x31,0x32,0x38,0x35,0x20,0x3d,0x20,0x62,0x61,0x73,0x65,0x3b,0x0a,0x20,0x20,
    0x20,0x20,0x20,0x20,0x20,0x20,0x5f,0x31,0x32,0x38,0x35,0x2e,0x77,0x20,0x3d,0x20,
    0x31,0x2e,0x30,0x3b,0x0a,0x20,0x20,0x20,0x20,0x20,0x20,0x20,0x20,0x62,0x61,0x73,
    0x65,0x20,0x3d,0x20,0x5f,0x31,0x32,0x38,0x35,0x3b,0x0a,0x20,0x20,0x20,0x20,0x7d,
    0x0a,0x20,0x20,0x20,0x20,0x69,0x66,0x20,0x28,0x66,0x73,0x5f,0x70,0x61,0x72,0x61,
    0x6d,0x73,0x5b,0x32,0x5d,0x2e,0x77,0x20,0x3c,0x20,0x30,0x2e,0x35,0x29,0x0a,0x20,
    0x20,0x20,0x20,0x7b,0x0a,0x20,0x20,0x20,0x20,0x20,0x20,0x20,0x20,0x76,0x65,0x63,
    0x33,0x20,0x70,0x61,0x72,0x61,0x6d,0x5f,0x32,0x20,0x3d,0x20,0x62,0x61,0x73,0x65,
    0x2e,0x78,0x79,0x7a,0x3b,0x0a,0x20,0x20,0x20,0x20,0x20,0x20,0x20,0x20,0x76,0x65,
    0x63,0x34,0x20,0x70,0x61,0x72,0x61,0x6d,0x5f,0x33,0x20,0x3d,0x20,0x66,0x73,0x5f,
    0x73,0x63,0x65,0x6e,0x65,0x5b,0x31,0x32,0x5d,0x3b,0x0a,0x20,0x20,0x20,0x20,0x20,
    0x20,0x20,0x20,0x76,0x65,0x63,0x33,0x20,0x5f,0x37,0x35,0x35,0x20,0x3d,0x20,0x74,
    0x6f,0x5f,0x64,0x69,0x73,0x70,0x6c,0x61,0x79,0x28,0x70,0x61,0x72,0x61,0x6d,0x5f,
    0x32,0x2c,0x20,0x70,0x61,0x72,0x61,0x6d,0x5f,0x33,0x29,0x3b,0x0a,0x20,0x20,0x20,
    0x20,0x20,0x20,0x20,0x20,0x66,0x72,0x61,0x67,0x5f,0x63,0x6f,0x6c,0x6f,0x72,0x20,
    0x3d,0x20,0x76,0x65,0x63,0x34,0x28,0x5f,0x37,0x35,0x35,0x2c,0x20,0x62,0x61,0x73,
    0x65,0x2e,0x77,0x29,0x3b,0x0a,0x20,0x20,0x20,0x20,0x20,0x20,0x20,0x20,0x72,0x65,
    0x74,0x75,0x72,0x6e,0x3b,0x0a,0x20,0x20,0x20,0x20,0x7d,0x0a,0x20,0x20,0x20,0x20,
    0x76,0x65,0x63,0x33,0x20,0x5f,0x37,0x36,0x37,0x20,0x3d,0x20,0x6e,0x6f,0x72,0x6d,
    0x61,0x6c,0x69,0x7a,0x65,0x28,0x76,0x5f,0x6e,0x6f,0x72,0x6d,0x61,0x6c,0x29,0x3b,
    0x0a,0x20,0x20,0x20,0x20,0x76,0x65,0x63,0x33,0x20,0x6e,0x20,0x3d,0x20,0x5f,0x37,
    0x36,0x37,0x3b,0x0a,0x20,0x20,0x20,0x20,0x76,0x65,0x63,0x33,0x20,0x5f,0x37,0x37,
    0x38,0x20,0x3d,0x20,0x76,0x5f,0x74,0x61,0x6e,0x67,0x65,0x6e,0x74,0x2e,0x78,0x79,
    0x7a,0x20,0x2d,0x20,0x28,0x5f,0x37,0x36,0x37,0x20,0x2a,0x20,0x64,0x6f,0x74,0x28,
    0x5f,0x37,0x36,0x37,0x2c,0x20,0x76,0x5f,0x74,0x61,0x6e,0x67,0x65,0x6e,0x74,0x2e,
    0x78,0x79,0x7a,0x29,0x29,0x3b,0x0a,0x20,0x20,0x20,0x20,0x76,0x65,0x63,0x33,0x20,
    0x74,0x20,0x3d,0x20,0x5f,0x37,0x37,0x38,0x3b,0x0a,0x20,0x20,0x20,0x20,0x69,0x66,
    0x20,0x28,0x64,0x6f,0x74,0x28,0x5f,0x37,0x37,0x38,0x2c,0x20,0x5f,0x37,0x37,0x38,
    0x29,0x20,0x3e,0x20,0x39,0x2e,0x39,0x39,0x39,0x39,0x39,0x39,0x39,0x33,0x39,0x32,
    0x32,0x35,0x32,0x39,0x30,0x32,0x39,0x30,0x37,0x37,0x38,0x35,0x30,0x32,0x38,0x32,
    0x31,0x39,0x32,0x32,0x33,0x65,0x2d,0x30,0x39,0x29,0x0a,0x20,0x20,0x20,0x20,0x7b,
    0x0a,0x20,0x20,0x20,0x20,0x20,0x20,0x20,0x20,0x76,0x65,0x63,0x33,0x20,0x5f,0x37,
    0x39,0x32,0x20,0x3d,0x20,0x74,0x3b,0x0a,0x20,0x20,0x20,0x20,0x20,0x20,0x20,0x20,
    0x76,0x65,0x63,0x33,0x20,0x5f,0x37,0x39,0x33,0x20,0x3d,0x20,0x6e,0x6f,0x72,0x6d,
    0x61,0x6c,0x69,0x7a,0x65,0x28,0x5f,0x37,0x39,0x32,0x29,0x3b,0x0a,0x20,0x20,0x20,
    0x20,0x20,0x20,0x20,0x20,0x74,0x20,0x3d,0x20,0x5f,0x37,0x39,0x33,0x3b,0x0a,0x20,
    0x20,0x20,0x20,0x20,0x20,0x20,0x20,0x69,0x6e,0x74,0x20,0x70,0x61,0x72,0x61,0x6d,
    0x5f,0x34,0x20,0x3d,0x20,0x32,0x3b,0x0a,0x20,0x20,0x20,0x20,0x20,0x20,0x20,0x20,
    0x76,0x65,0x63,0x33,0x20,0x5f,0x38,0x31,0x33,0x20,0x3d,0x20,0x28,0x74,0x65,0x78,
    0x74,0x75,0x72,0x65,0x28,0x6e,0x6f,0x72,0x6d,0x61,0x6c,0x5f,0x74,0x65,0x78,0x5f,
    0x6e,0x6f,0x72,0x6d,0x61,0x6c,0x5f,0x73,0x6d,0x70,0x2c,0x20,0x74,0x65,0x78,0x5f,
    0x75,0x76,0x28,0x70,0x61,0x72,0x61,0x6d,0x5f,0x34,0x29,0x29,0x2e,0x78,0x79,0x7a,
    0x20,0x2a,0x20,0x32,0x2e,0x30,0x29,0x20,0x2d,0x20,0x76,0x65,0x63,0x33,0x28,0x31,
    0x2e,0x30,0x29,0x3b,0x0a,0x20,0x20,0x20,0x20,0x20,0x20,0x20,0x20,0x76,0x65,0x63,
    0x32,0x20,0x5f,0x38,0x31,0x38,0x20,0x3d,0x20,0x5f,0x38,0x31,0x33,0x2e,0x78,0x79,
    0x20,0x2a,0x20,0x66,0x73,0x5f,0x70,0x61,0x72,0x61,0x6d,0x73,0x5b,0x31,0x5d,0x2e,
    0x77,0x3b,0x0a,0x20,0x20,0x20,0x20,0x20,0x20,0x20,0x20,0x76,0x65,0x63,0x33,0x20,
    0x5f,0x31,0x32,0x38,0x39,0x20,0x3d,0x20,0x5f,0x38,0x31,0x33,0x3b,0x0a,0x20,0x20,
    0x20,0x20,0x20,0x20,0x20,0x20,0x5f,0x31,0x32,0x38,0x39,0x2e,0x78,0x20,0x3d,0x20,
    0x5f,0x38,0x31,0x38,0x2e,0x78,0x3b,0x0a,0x20,0x20,0x20,0x20,0x20,0x20,0x20,0x20,
    0x5f,0x31,0x32,0x38,0x39,0x2e,0x79,0x20,0x3d,0x20,0x5f,0x38,0x31,0x38,0x2e,0x79,
    0x3b,0x0a,0x20,0x20,0x20,0x20,0x20,0x20,0x20,0x20,0x6e,0x20,0x3d,0x20,0x6e,0x6f,
    0x72,0x6d,0x61,0x6c,0x69,0x7a,0x65,0x28,0x6d,0x61,0x74,0x33,0x28,0x74,0x2c,0x20,
    0x63,0x72,0x6f,0x73,0x73,0x28,0x6e,0x2c,0x20,0x5f,0x37,0x39,0x33,0x29,0x20,0x2a,
    0x20,0x76,0x5f,0x74,0x61,0x6e,0x67,0x65,0x6e,0x74,0x2e,0x77,0x2c,0x20,0x6e,0x29,
    0x20,0x2a,0x20,0x5f,0x31,0x32,0x38,0x39,0x29,0x3b,0x0a,0x20,0x20,0x20,0x20,0x7d,
    0x0a,0x20,0x20,0x20,0x20,0x6e,0x20,0x2a,0x3d,0x20,0x28,0x67,0x6c,0x5f,0x46,0x72,
    0x6f,0x6e,0x74,0x46,0x61,0x63,0x69,0x6e,0x67,0x20,0x3f,0x20,0x31,0x2e,0x30,0x20,
    0x3a,0x20,0x28,0x2d,0x31,0x2e,0x30,0x29,0x29,0x3b,0x0a,0x20,0x20,0x20,0x20,0x69,
    0x6e,0x74,0x20,0x70,0x61,0x72,0x61,0x6d,0x5f,0x35,0x20,0x3d,0x20,0x31,0x3b,0x0a,
    0x20,0x20,0x20,0x20,0x76,0x65,0x63,0x34,0x20,0x5f,0x38,0x35,0x34,0x20,0x3d,0x20,
    0x74,0x65,0x78,0x74,0x75,0x72,0x65,0x28,0x6d,0x65,0x74,0x61,0x6c,0x6c,0x69,0x63,
    0x5f,0x72,0x6f,0x75,0x67,0x68,0x6e,0x65,0x73,0x73,0x5f,0x74,0x65,0x78,0x5f,0x6d,
    0x65,0x74,0x61,0x6c,0x6c,0x69,0x63,0x5f,0x72,0x6f,0x75,0x67,0x68,0x6e,0x65,0x73,
    0x73,0x5f,0x73,0x6d,0x70,0x2c,0x20,0x74,0x65,0x78,0x5f,0x75,0x76,0x28,0x70,0x61,
    0x72,0x61,0x6d,0x5f,0x35,0x29,0x29,0x3b,0x0a,0x20,0x20,0x20,0x20,0x66,0x6c,0x6f,
    0x61,0x74,0x20,0x5f,0x38,0x36,0x32,0x20,0x3d,0x20,0x63,0x6c,0x61,0x6d,0x70,0x28,
    0x66,0x73,0x5f,0x70,0x61,0x72,0x61,0x6d,0x73,0x5b,0x32,0x5d,0x2e,0x78,0x20,0x2a,
    0x20,0x5f,0x38,0x35,0x34,0x2e,0x7a,0x2c,0x20,0x30,0x2e,0x30,0x2c,0x20,0x31,0x2e,
    0x30,0x29,0x3b,0x0a,0x20,0x20,0x20,0x20,0x66,0x6c,0x6f,0x61,0x74,0x20,0x5f,0x38,
    0x36,0x39,0x20,0x3d,0x20,0x63,0x6c,0x61,0x6d,0x70,0x28,0x66,0x73,0x5f,0x70,0x61,
    0x72,0x61,0x6d,0x73,0x5b,0x32,0x5d,0x2e,0x79,0x20,0x2a,0x20,0x5f,0x38,0x35,0x34,
    0x2e,0x79,0x2c,0x20,0x30,0x2e,0x30,0x32,0x39,0x39,0x39,0x39,0x39,0x39,0x39,0x33,
    0x32,0x39,0x34,0x34,0x37,0x37,0x34,0x36,0x32,0x37,0x36,0x38,0x35,0x35,0x34,0x36,
    0x38,0x37,0x35,0x2c,0x20,0x31,0x2e,0x30,0x29,0x3b,0x0a,0x20,0x20,0x20,0x20,0x66,
    0x6c,0x6f,0x61,0x74,0x20,0x5f,0x38,0x37,0x33,0x20,0x3d,0x20,0x5f,0x38,0x36,0x39,
    0x20,0x2a,0x20,0x5f,0x38,0x36,0x39,0x3b,0x0a,0x20,0x20,0x20,0x20,0x66,0x6c,0x6f,
    0x61,0x74,0x20,0x5f,0x38,0x37,0x37,0x20,0x3d,0x20,0x5f,0x38,0x37,0x33,0x20,0x2a,
    0x20,0x5f,0x38,0x37,0x33,0x3b,0x0a,0x20,0x20,0x20,0x20,0x76,0x65,0x63,0x33,0x20,
    0x5f,0x38,0x38,0x34,0x20,0x3d,0x20,0x6d,0x69,0x78,0x28,0x76,0x65,0x63,0x33,0x28,
    0x30,0x2e,0x30,0x33,0x39,0x39,0x39,0x39,0x39,0x39,0x39,0x31,0x30,0x35,0x39,0x33,
    0x30,0x33,0x32,0x38,0x33,0x36,0x39,0x31,0x34,0x30,0x36,0x32,0x35,0x29,0x2c,0x20,
    0x62,0x61,0x73,0x65,0x2e,0x78,0x79,0x7a,0x2c,0x20,0x76,0x65,0x63,0x33,0x28,0x5f,
    0x38,0x36,0x32,0x29,0x29,0x3b,0x0a,0x20,0x20,0x20,0x20,0x76,0x65,0x63,0x33,0x20,
    0x5f,0x38,0x39,0x30,0x20,0x3d,0x20,0x62,0x61,0x73,0x65,0x2e,0x78,0x79,0x7a,0x20,
    0x2a,0x20,0x28,0x31,0x2e,0x30,0x20,0x2d,0x20,0x5f,0x38,0x36,0x32,0x29,0x3b,0x0a,
    0x20,0x20,0x20,0x20,0x76,0x65,0x63,0x33,0x20,0x5f,0x38,0x39,0x38,0x20,0x3d,0x20,
    0x6e,0x6f,0x72,0x6d,0x61,0x6c,0x69,0x7a,0x65,0x28,0x66,0x73,0x5f,0x73,0x63,0x65,
    0x6e,0x65,0x5b,0x30,0x5d,0x2e,0x78,0x79,0x7a,0x20,0x2d,0x20,0x76,0x5f,0x77,0x6f,
    0x72,0x6c,0x64,0x5f,0x70,0x6f,0x73,0x29,0x3b,0x0a,0x20,0x20,0x20,0x20,0x66,0x6c,
    0x6f,0x61,0x74,0x20,0x5f,0x39,0x30,0x35,0x20,0x3d,0x20,0x63,0x6c,0x61,0x6d,0x70,
    0x28,0x61,0x62,0x73,0x28,0x64,0x6f,0x74,0x28,0x6e,0x2c,0x20,0x5f,0x38,0x39,0x38,
    0x29,0x29,0x2c,0x20,0x39,0x2e,0x39,0x39,0x39,0x39,0x39,0x39,0x37,0x34,0x37,0x33,
    0x37,0x38,0x37,0x35,0x31,0x36,0x33,0x35,0x35,0x35,0x31,0x34,0x35,0x32,0x36,0x33,
    0x36,0x37,0x31,0x38,0x38,0x65,0x2d,0x30,0x35,0x2c,0x20,0x31,0x2e,0x30,0x29,0x3b,
    0x0a,0x20,0x20,0x20,0x20,0x69,0x6e,0x74,0x20,0x70,0x61,0x72,0x61,0x6d,0x5f,0x36,
    0x20,0x3d,0x20,0x33,0x3b,0x0a,0x20,0x20,0x20,0x20,0x66,0x6c,0x6f,0x61,0x74,0x20,
    0x5f,0x39,0x32,0x30,0x20,0x3d,0x20,0x31,0x2e,0x30,0x20,0x2b,0x20,0x28,0x66,0x73,
    0x5f,0x70,0x61,0x72,0x61,0x6d,0x73,0x5b,0x32,0x5d,0x2e,0x7a,0x20,0x2a,0x20,0x28,
    0x74,0x65,0x78,0x74,0x75,0x72,0x65,0x28,0x6f,0x63,0x63,0x6c,0x75,0x73,0x69,0x6f,
    0x6e,0x5f,0x74,0x65,0x78,0x5f,0x6f,0x63,0x63,0x6c,0x75,0x73,0x69,0x6f,0x6e,0x5f,
    0x73,0x6d,0x70,0x2c,0x20,0x74,0x65,0x78,0x5f,0x75,0x76,0x28,0x70,0x61,0x72,0x61,
    0x6d,0x5f,0x36,0x29,0x29,0x2e,0x78,0x20,0x2d,0x20,0x31,0x2e,0x30,0x29,0x29,0x3b,
    0x0a,0x20,0x20,0x20,0x20,0x76,0x65,0x63,0x33,0x20,0x63,0x6f,0x6c,0x6f,0x72,0x20,
    0x3d,0x20,0x28,0x66,0x73,0x5f,0x73,0x63,0x65,0x6e,0x65,0x5b,0x31,0x5d,0x2e,0x78,
    0x79,0x7a,0x20,0x2a,0x20,0x28,0x5f,0x38,0x39,0x30,0x20,0x2b,0x20,0x5f,0x38,0x38,
    0x34,0x29,0x29,0x20,0x2a,0x20,0x5f,0x39,0x32,0x30,0x3b,0x0a,0x20,0x20,0x20,0x20,
    0x69,0x6e,0x74,0x20,0x5f,0x39,0x33,0x34,0x20,0x3d,0x20,0x69,0x6e,0x74,0x28,0x66,
    0x73,0x5f,0x70,0x61,0x72,0x61,0x6d,0x73,0x5b,0x33,0x5d,0x2e,0x79,0x29,0x3b,0x0a,
    0x20,0x20,0x20,0x20,0x76,0x65,0x63,0x33,0x20,0x6c,0x69,0x67,0x68,0x74,0x5f,0x64,
    0x69,0x72,0x3b,0x0a,0x20,0x20,0x20,0x20,0x76,0x65,0x63,0x33,0x20,0x5f,0x39,0x38,
    0x37,0x3b,0x0a,0x20,0x20,0x20,0x20,0x66,0x6f,0x72,0x20,0x28,0x69,0x6e,0x74,0x20,
    0x69,0x20,0x3d,0x20,0x30,0x3b,0x20,0x69,0x20,0x3c,0x20,0x38,0x3b,0x20,0x69,0x2b,
    0x2b,0x29,0x0a,0x20,0x20,0x20,0x20,0x7b,0x0a,0x20,0x20,0x20,0x20,0x20,0x20,0x20,
    0x20,0x69,0x66,0x20,0x28,0x69,0x20,0x3e,0x3d,0x20,0x5f,0x39,0x33,0x34,0x29,0x0a,
    0x20,0x20,0x20,0x20,0x20,0x20,0x20,0x20,0x7b,0x0a,0x20,0x20,0x20,0x20,0x20,0x20,
    0x20,0x20,0x20,0x20,0x20,0x20,0x62,0x72,0x65,0x61,0x6b,0x3b,0x0a,0x20,0x20,0x20,
    0x20,0x20,0x20,0x20,0x20,0x7d,0x0a,0x20,0x20,0x20,0x20,0x20,0x20,0x20,0x20,0x66,
    0x6c,0x6f,0x61,0x74,0x20,0x66,0x61,0x6c,0x6c,0x6f,0x66,0x66,0x20,0x3d,0x20,0x31,
    0x2e,0x30,0x3b,0x0a,0x20,0x20,0x20,0x20,0x20,0x20,0x20,0x20,0x69,0x6e,0x74,0x20,
    0x5f,0x39,0x36,0x33,0x20,0x3d,0x20,0x69,0x6e,0x74,0x28,0x66,0x73,0x5f,0x6c,0x69,
    0x67,0x68,0x74,0x73,0x5b,0x69,0x20,0x2a,0x20,0x31,0x20,0x2b,0x20,0x38,0x5d,0x2e,
    0x77,0x20,0x2b,0x20,0x30,0x2e,0x35,0x29,0x3b,0x0a,0x20,0x20,0x20,0x20,0x20,0x20,
    0x20,0x20,0x69,0x66,0x20,0x28,0x5f,0x39,0x36,0x33,0x20,0x3d,0x3d,0x20,0x30,0x29,
    0x0a,0x20,0x20,0x20,0x20,0x20,0x20,0x20,0x20,0x7b,0x0a,0x20,0x20,0x20,0x20,0x20,
    0x20,0x20,0x20,0x20,0x20,0x20,0x20,0x6c,0x69,0x67,0x68,0x74,0x5f,0x64,0x69,0x72,
    0x20,0x3d,0x20,0x6e,0x6f,0x72,0x6d,0x61,0x6c,0x69,0x7a,0x65,0x28,0x66,0x73,0x5f,
    0x6c,0x69,0x67,0x68,0x74,0x73,0x5b,0x69,0x20,0x2a,0x20,0x31,0x20,0x2b,0x20,0x38,
    0x5d,0x2e,0x78,0x79,0x7a,0x29,0x3b,0x0a,0x20,0x20,0x20,0x20,0x20,0x20,0x20,0x20,
    0x7d,0x0a,0x20,0x20,0x20,0x20,0x20,0x20,0x20,0x20,0x65,0x6c,0x73,0x65,0x0a,0x20,
    0x20,0x20,0x20,0x20,0x20,0x20,0x20,0x7b,0x0a,0x20,0x20,0x20,0x20,0x20,0x20,0x20,
    0x20,0x20,0x20,0x20,0x20,0x76,0x65,0x63,0x33,0x20,0x5f,0x39,0x38,0x31,0x20,0x3d,
    0x20,0x76,0x5f,0x77,0x6f,0x72,0x6c,0x64,0x5f,0x70,0x6f,0x73,0x20,0x2d,0x20,0x66,
    0x73,0x5f,0x6c,0x69,0x67,0x68,0x74,0x73,0x5b,0x69,0x20,0x2a,0x20,0x31,0x20,0x2b,
    0x20,0x30,0x5d,0x2e,0x78,0x79,0x7a,0x3b,0x0a,0x20,0x20,0x20,0x20,0x20,0x20,0x20,
    0x20,0x20,0x20,0x20,0x20,0x66,0x6c,0x6f,0x61,0x74,0x20,0x5f,0x39,0x38,0x34,0x20,
    0x3d,0x20,0x6c,0x65,0x6e,0x67,0x74,0x68,0x28,0x5f,0x39,0x38,0x31,0x29,0x3b,0x0a,
    0x20,0x20,0x20,0x20,0x20,0x20,0x20,0x20,0x20,0x20,0x20,0x20,0x69,0x66,0x20,0x28,
    0x5f,0x39,0x38,0x34,0x20,0x3e,0x20,0x39,0x2e,0x39,0x39,0x39,0x39,0x39,0x39,0x39,
    0x37,0x34,0x37,0x35,0x32,0x34,0x32,0x37,0x30,0x37,0x38,0x37,0x38,0x33,0x35,0x31,
    0x32,0x31,0x31,0x35,0x34,0x37,0x38,0x35,0x65,0x2d,0x30,0x37,0x29,0x0a,0x20,0x20,
    0x20,0x20,0x20,0x20,0x20,0x20,0x20,0x20,0x20,0x20,0x7b,0x0a,0x20,0x20,0x20,0x20,
    0x20,0x20,0x20,0x20,0x20,0x20,0x20,0x20,0x20,0x20,0x20,0x20,0x5f,0x39,0x38,0x37,
    0x20,0x3d,0x20,0x5f,0x39,0x38,0x31,0x20,0x2f,0x20,0x76,0x65,0x63,0x33,0x28,0x5f,
    0x39,0x38,0x34,0x29,0x3b,0x0a,0x20,0x20,0x20,0x20,0x20,0x20,0x20,0x20,0x20,0x20,
    0x20,0x20,0x7d,0x0a,0x20,0x20,0x20,0x20,0x20,0x20,0x20,0x20,0x20,0x20,0x20,0x20,
    0x65,0x6c,0x73,0x65,0x0a,0x20,0x20,0x20,0x20,0x20,0x20,0x20,0x20,0x20,0x20,0x20,
    0x20,0x7b,0x0a,0x20,0x20,0x20,0x20,0x20,0x20,0x20,0x20,0x20,0x20,0x20,0x20,0x20,
    0x20,0x20,0x20,0x5f,0x39,0x38,0x37,0x20,0x3d,0x20,0x76,0x65,0x63,0x33,0x28,0x30,
    0x2e,0x30,0x2c,0x20,0x2d,0x31,0x2e,0x30,0x2c,0x20,0x30,0x2e,0x30,0x29,0x3b,0x0a,
    0x20,0x20,0x20,0x20,0x20,0x20,0x20,0x20,0x20,0x20,0x20,0x20,0x7d,0x0a,0x20,0x20,
    0x20,0x20,0x20,0x20,0x20,0x20,0x20,0x20,0x20,0x20,0x6c,0x69,0x67,0x68,0x74,0x5f,
    0x64,0x69,0x72,0x20,0x3d,0x20,0x5f,0x39,0x38,0x37,0x3b,0x0a,0x20,0x20,0x20,0x20,
    0x20,0x20,0x20,0x20,0x20,0x20,0x20,0x20,0x66,0x6c,0x6f,0x61,0x74,0x20,0x70,0x61,
    0x72,0x61,0x6d,0x5f,0x37,0x20,0x3d,0x20,0x5f,0x39,0x38,0x34,0x3b,0x0a,0x20,0x20,
    0x20,0x20,0x20,0x20,0x20,0x20,0x20,0x20,0x20,0x20,0x66,0x6c,0x6f,0x61,0x74,0x20,
    0x70,0x61,0x72,0x61,0x6d,0x5f,0x38,0x20,0x3d,0x20,0x66,0x73,0x5f,0x6c,0x69,0x67,
    0x68,0x74,0x73,0x5b,0x69,0x20,0x2a,0x20,0x31,0x20,0x2b,0x20,0x30,0x5d,0x2e,0x77,
    0x3b,0x0a,0x20,0x20,0x20,0x20,0x20,0x20,0x20,0x20,0x20,0x20,0x20,0x20,0x66,0x61,
    0x6c,0x6c,0x6f,0x66,0x66,0x20,0x3d,0x20,0x61,0x74,0x74,0x65,0x6e,0x75,0x61,0x74,
    0x69,0x6f,0x6e,0x28,0x70,0x61,0x72,0x61,0x6d,0x5f,0x37,0x2c,0x20,0x70,0x61,0x72,
    0x61,0x6d,0x5f,0x38,0x29,0x3b,0x0a,0x20,0x20,0x20,0x20,0x20,0x20,0x20,0x20,0x20,
    0x20,0x20,0x20,0x69,0x66,0x20,0x28,0x5f,0x39,0x36,0x33,0x20,0x3d,0x3d,0x20,0x32,
    0x29,0x0a,0x20,0x20,0x20,0x20,0x20,0x20,0x20,0x20,0x20,0x20,0x20,0x20,0x7b,0x0a,
    0x20,0x20,0x20,0x20,0x20,0x20,0x20,0x20,0x20,0x20,0x20,0x20,0x20,0x20,0x20,0x20,
    0x66,0x6c,0x6f,0x61,0x74,0x20,0x70,0x61,0x72,0x61,0x6d,0x5f,0x39,0x20,0x3d,0x20,
    0x64,0x6f,0x74,0x28,0x6c,0x69,0x67,0x68,0x74,0x5f,0x64,0x69,0x72,0x2c,0x20,0x6e,
    0x6f,0x72,0x6d,0x61,0x6c,0x69,0x7a,0x65,0x28,0x66,0x73,0x5f,0x6c,0x69,0x67,0x68,
    0x74,0x73,0x5b,0x69,0x20,0x2a,0x20,0x31,0x20,0x2b,0x20,0x38,0x5d,0x2e,0x78,0x79,
    0x7a,0x29,0x29,0x3b,0x0a,0x20,0x20,0x20,0x20,0x20,0x20,0x20,0x20,0x20,0x20,0x20,
    0x20,0x20,0x20,0x20,0x20,0x66,0x6c,0x6f,0x61,0x74,0x20,0x70,0x61,0x72,0x61,0x6d,
    0x5f,0x31,0x30,0x20,0x3d,0x20,0x66,0x73,0x5f,0x6c,0x69,0x67,0x68,0x74,0x73,0x5b,
    0x69,0x20,0x2a,0x20,0x31,0x20,0x2b,0x20,0x32,0x34,0x5d,0x2e,0x78,0x3b,0x0a,0x20,
    0x20,0x20,0x20,0x20,0x20,0x20,0x20,0x20,0x20,0x20,0x20,0x20,0x20,0x20,0x20,0x66,
    0x6c,0x6f,0x61,0x74,0x20,0x70,0x61,0x72,0x61,0x6d,0x5f,0x31,0x31,0x20,0x3d,0x20,
    0x66,0x73,0x5f,0x6c,0x69,0x67,0x68,0x74,0x73,0x5b,0x69,0x20,0x2a,0x20,0x31,0x20,
    0x2b,0x20,0x32,0x34,0x5d,0x2e,0x79,0x3b,0x0a,0x20,0x20,0x20,0x20,0x20,0x20,0x20,
    0x20,0x20,0x20,0x20,0x20,0x20,0x20,0x20,0x20,0x66,0x61,0x6c,0x6c,0x6f,0x66,0x66,
    0x20,0x2a,0x3d,0x20,0x73,0x70,0x6f,0x74,0x5f,0x66,0x61,0x63,0x74,0x6f,0x72,0x28,
    0x70,0x61,0x72,0x61,0x6d,0x5f,0x39,0x2c,0x20,0x70,0x61,0x72,0x61,0x6d,0x5f,0x31,
    0x30,0x2c,0x20,0x70,0x61,0x72,0x61,0x6d,0x5f,0x31,0x31,0x29,0x3b,0x0a,0x20,0x20,
    0x20,0x20,0x20,0x20,0x20,0x20,0x20,0x20,0x20,0x20,0x7d,0x0a,0x20,0x20,0x20,0x20,
    0x20,0x20,0x20,0x20,0x7d,0x0a,0x20,0x20,0x20,0x20,0x20,0x20,0x20,0x20,0x76,0x65,
    0x63,0x33,0x20,0x5f,0x31,0x30,0x32,0x39,0x20,0x3d,0x20,0x2d,0x6c,0x69,0x67,0x68,
    0x74,0x5f,0x64,0x69,0x72,0x3b,0x0a,0x20,0x20,0x20,0x20,0x20,0x20,0x20,0x20,0x66,
    0x6c,0x6f,0x61,0x74,0x20,0x5f,0x31,0x30,0x33,0x33,0x20,0x3d,0x20,0x64,0x6f,0x74,
    0x28,0x6e,0x2c,0x20,0x5f,0x31,0x30,0x32,0x39,0x29,0x3b,0x0a,0x20,0x20,0x20,0x20,
    0x20,0x20,0x20,0x20,0x69,0x66,0x20,0x28,0x28,0x5f,0x31,0x30,0x33,0x33,0x20,0x3c,
    0x3d,0x20,0x30,0x2e,0x30,0x29,0x20,0x7c,0x7c,0x20,0x28,0x66,0x61,0x6c,0x6c,0x6f,
    0x66,0x66,0x20,0x3c,0x3d,0x20,0x30,0x2e,0x30,0x29,0x29,0x0a,0x20,0x20,0x20,0x20,
    0x20,0x20,0x20,0x20,0x7b,0x0a,0x20,0x20,0x20,0x20,0x20,0x20,0x20,0x20,0x20,0x20,
    0x20,0x20,0x63,0x6f,0x6e,0x74,0x69,0x6e,0x75,0x65,0x3b,0x0a,0x20,0x20,0x20,0x20,
    0x20,0x20,0x20,0x20,0x7d,0x0a,0x20,0x20,0x20,0x20,0x20,0x20,0x20,0x20,0x76,0x65,
    0x63,0x33,0x20,0x5f,0x31,0x30,0x34,0x36,0x20,0x3d,0x20,0x6e,0x6f,0x72,0x6d,0x61,
    0x6c,0x69,0x7a,0x65,0x28,0x5f,0x31,0x30,0x32,0x39,0x20,0x2b,0x20,0x5f,0x38,0x39,
    0x38,0x29,0x3b,0x0a,0x20,0x20,0x20,0x20,0x20,0x20,0x20,0x20,0x66,0x6c,0x6f,0x61,
    0x74,0x20,0x5f,0x31,0x30,0x35,0x31,0x20,0x3d,0x20,0x63,0x6c,0x61,0x6d,0x70,0x28,
    0x64,0x6f,0x74,0x28,0x6e,0x2c,0x20,0x5f,0x31,0x30,0x34,0x36,0x29,0x2c,0x20,0x30,
    0x2e,0x30,0x2c,0x20,0x31,0x2e,0x30,0x29,0x3b,0x0a,0x20,0x20,0x20,0x20,0x20,0x20,
    0x20,0x20,0x76,0x65,0x63,0x33,0x20,0x5f,0x31,0x30,0x36,0x37,0x20,0x3d,0x20,0x5f,
    0x38,0x38,0x34,0x20,0x2b,0x20,0x28,0x28,0x76,0x65,0x63,0x33,0x28,0x31,0x2e,0x30,
    0x29,0x20,0x2d,0x20,0x5f,0x38,0x38,0x34,0x29,0x20,0x2a,0x20,0x70,0x6f,0x77,0x28,
    0x31,0x2e,0x30,0x20,0x2d,0x20,0x63,0x6c,0x61,0x6d,0x70,0x28,0x64,0x6f,0x74,0x28,
    0x5f,0x38,0x39,0x38,0x2c,0x20,0x5f,0x31,0x30,0x34,0x36,0x29,0x2c,0x20,0x30,0x2e,
    0x30,0x2c,0x20,0x31,0x2e,0x30,0x29,0x2c,0x20,0x35,0x2e,0x30,0x29,0x29,0x3b,0x0a,
    0x20,0x20,0x20,0x20,0x20,0x20,0x20,0x20,0x66,0x6c,0x6f,0x61,0x74,0x20,0x5f,0x31,
    0x30,0x37,0x35,0x20,0x3d,0x20,0x28,0x28,0x5f,0x31,0x30,0x35,0x31,0x20,0x2a,0x20,
    0x5f,0x31,0x30,0x35,0x31,0x29,0x20,0x2a,0x20,0x28,0x5f,0x38,0x37,0x37,0x20,0x2d,
    0x20,0x31,0x2e,0x30,0x29,0x29,0x20,0x2b,0x20,0x31,0x2e,0x30,0x3b,0x0a,0x20,0x20,
    0x20,0x20,0x20,0x20,0x20,0x20,0x66,0x6c,0x6f,0x61,0x74,0x20,0x5f,0x31,0x30,0x39,
    0x30,0x20,0x3d,0x20,0x31,0x2e,0x30,0x20,0x2d,0x20,0x5f,0x38,0x37,0x37,0x3b,0x0a,
    0x20,0x20,0x20,0x20,0x20,0x20,0x20,0x20,0x69,0x6e,0x74,0x20,0x5f,0x31,0x31,0x33,
    0x32,0x20,0x3d,0x20,0x69,0x6e,0x74,0x28,0x66,0x73,0x5f,0x6c,0x69,0x67,0x68,0x74,
    0x73,0x5b,0x69,0x20,0x2a,0x20,0x31,0x20,0x2b,0x20,0x32,0x34,0x5d,0x2e,0x7a,0x29,
    0x3b,0x0a,0x20,0x20,0x20,0x20,0x20,0x20,0x20,0x20,0x69,0x66,0x20,0x28,0x5f,0x31,
    0x31,0x33,0x32,0x20,0x3e,0x3d,0x20,0x30,0x29,0x0a,0x20,0x20,0x20,0x20,0x20,0x20,
    0x20,0x20,0x7b,0x0a,0x20,0x20,0x20,0x20,0x20,0x20,0x20,0x20,0x20,0x20,0x20,0x20,
    0x69,0x6e,0x74,0x20,0x70,0x61,0x72,0x61,0x6d,0x5f,0x31,0x32,0x20,0x3d,0x20,0x5f,
    0x31,0x31,0x33,0x32,0x3b,0x0a,0x20,0x20,0x20,0x20,0x20,0x20,0x20,0x20,0x20,0x20,
    0x20,0x20,0x76,0x65,0x63,0x33,0x20,0x70,0x61,0x72,0x61,0x6d,0x5f,0x31,0x33,0x20,
    0x3d,0x20,0x76,0x5f,0x77,0x6f,0x72,0x6c,0x64,0x5f,0x70,0x6f,0x73,0x3b,0x0a,0x20,
    0x20,0x20,0x20,0x20,0x20,0x20,0x20,0x20,0x20,0x20,0x20,0x76,0x65,0x63,0x33,0x20,
    0x70,0x61,0x72,0x61,0x6d,0x5f,0x31,0x34,0x20,0x3d,0x20,0x6e,0x3b,0x0a,0x20,0x20,
    0x20,0x20,0x20,0x20,0x20,0x20,0x20,0x20,0x20,0x20,0x66,0x6c,0x6f,0x61,0x74,0x20,
    0x70,0x61,0x72,0x61,0x6d,0x5f,0x31,0x35,0x20,0x3d,0x20,0x5f,0x31,0x30,0x33,0x33,
    0x3b,0x0a,0x20,0x20,0x20,0x20,0x20,0x20,0x20,0x20,0x20,0x20,0x20,0x20,0x66,0x6c,
    0x6f,0x61,0x74,0x20,0x5f,0x31,0x31,0x34,0x36,0x20,0x3d,0x20,0x73,0x68,0x61,0x64,
    0x6f,0x77,0x5f,0x66,0x61,0x63,0x74,0x6f,0x72,0x28,0x70,0x61,0x72,0x61,0x6d,0x5f,
    0x31,0x32,0x2c,0x20,0x70,0x61,0x72,0x61,0x6d,0x5f,0x31,0x33,0x2c,0x20,0x70,0x61,
    0x72,0x61,0x6d,0x5f,0x31,0x34,0x2c,0x20,0x70,0x61,0x72,0x61,0x6d,0x5f,0x31,0x35,
    0x29,0x3b,0x0a,0x20,0x20,0x20,0x20,0x20,0x20,0x20,0x20,0x20,0x20,0x20,0x20,0x63,
    0x6f,0x6c,0x6f,0x72,0x20,0x2b,0x3d,0x20,0x28,0x28,0x66,0x73,0x5f,0x73,0x63,0x65,
    0x6e,0x65,0x5b,0x5f,0x31,0x31,0x33,0x32,0x20,0x2a,0x20,0x31,0x20,0x2b,0x20,0x33,
    0x33,0x5d,0x2e,0x78,0x79,0x7a,0x20,0x2a,0x20,0x28,0x31,0x2e,0x30,0x20,0x2d,0x20,
    0x5f,0x31,0x31,0x34,0x36,0x29,0x29,0x20,0x2a,0x20,0x5f,0x38,0x39,0x30,0x29,0x3b,
    0x0a,0x20,0x20,0x20,0x20,0x20,0x20,0x20,0x20,0x20,0x20,0x20,0x20,0x66,0x61,0x6c,
    0x6c,0x6f,0x66,0x66,0x20,0x2a,0x3d,0x20,0x5f,0x31,0x31,0x34,0x36,0x3b,0x0a,0x20,
    0x20,0x20,0x20,0x20,0x20,0x20,0x20,0x7d,0x0a,0x20,0x20,0x20,0x20,0x20,0x20,0x20,
    0x20,0x63,0x6f,0x6c,0x6f,0x72,0x20,0x2b,0x3d,0x20,0x28,0x28,0x28,0x66,0x73,0x5f,
    0x6c,0x69,0x67,0x68,0x74,0x73,0x5b,0x69,0x20,0x2a,0x20,0x31,0x20,0x2b,0x20,0x31,
    0x36,0x5d,0x2e,0x78,0x79,0x7a,0x20,0x2a,0x20,0x66,0x61,0x6c,0x6c,0x6f,0x66,0x66,
    0x29,0x20,0x2a,0x20,0x5f,0x31,0x30,0x33,0x33,0x29,0x20,0x2a,0x20,0x28,0x28,0x28,
    0x28,0x76,0x65,0x63,0x33,0x28,0x31,0x2e,0x30,0x29,0x20,0x2d,0x20,0x5f,0x31,0x30,
    0x36,0x37,0x29,0x20,0x2a,0x20,0x5f,0x38,0x39,0x30,0x29,0x20,0x2a,0x20,0x76,0x65,
    0x63,0x33,0x28,0x30,0x2e,0x33,0x31,0x38,0x33,0x30,0x39,0x38,0x37,0x33,0x33,0x34,
    0x32,0x35,0x31,0x34,0x30,0x33,0x38,0x30,0x38,0x35,0x39,0x33,0x37,0x35,0x29,0x29,
    0x20,0x2b,0x20,0x28,0x28,0x5f,0x31,0x30,0x36,0x37,0x20,0x2a,0x20,0x28,0x5f,0x38,
    0x37,0x37,0x20,0x2f,0x20,0x28,0x28,0x33,0x2e,0x31,0x34,0x31,0x35,0x39,0x32,0x37,
    0x34,0x31,0x30,0x31,0x32,0x35,0x37,0x33,0x32,0x34,0x32,0x31,0x38,0x37,0x35,0x20,
    0x2a,0x20,0x5f,0x31,0x30,0x37,0x35,0x29,0x20,0x2a,0x20,0x5f,0x31,0x30,0x37,0x35,
    0x29,0x29,0x29,0x20,0x2a,0x20,0x28,0x30,0x2e,0x35,0x20,0x2f,0x20,0x6d,0x61,0x78,
    0x28,0x28,0x5f,0x31,0x30,0x33,0x33,0x20,0x2a,0x20,0x73,0x71,0x72,0x74,0x28,0x28,
    0x28,0x5f,0x39,0x30,0x35,0x20,0x2a,0x20,0x5f,0x39,0x30,0x35,0x29,0x20,0x2a,0x20,
    0x5f,0x31,0x30,0x39,0x30,0x29,0x20,0x2b,0x20,0x5f,0x38,0x37,0x37,0x29,0x29,0x20,
    0x2b,0x20,0x28,0x5f,0x39,0x30,0x35,0x20,0x2a,0x20,0x73,0x71,0x72,0x74,0x28,0x28,
    0x28,0x5f,0x31,0x30,0x33,0x33,0x20,0x2a,0x20,0x5f,0x31,0x30,0x33,0x33,0x29,0x20,
    0x2a,0x20,0x5f,0x31,0x30,0x39,0x30,0x29,0x20,0x2b,0x20,0x5f,0x38,0x37,0x37,0x29,
    0x29,0x2c,0x20,0x39,0x2e,0x39,0x39,0x39,0x39,0x39,0x39,0x39,0x37,0x34,0x37,0x35,
    0x32,0x34,0x32,0x37,0x30,0x37,0x38,0x37,0x38,0x33,0x35,0x31,0x32,0x31,0x31,0x35,
    0x34,0x37,0x38,0x35,0x65,0x2d,0x30,0x37,0x29,0x29,0x29,0x29,0x29,0x3b,0x0a,0x20,
    0x20,0x20,0x20,0x7d,0x0a,0x20,0x20,0x20,0x20,0x69,0x66,0x20,0x28,0x66,0x73,0x5f,
    0x73,0x63,0x65,0x6e,0x65,0x5b,0x32,0x5d,0x2e,0x78,0x20,0x3e,0x20,0x30,0x2e,0x30,
    0x29,0x0a,0x20,0x20,0x20,0x20,0x7b,0x0a,0x20,0x20,0x20,0x20,0x20,0x20,0x20,0x20,
    0x66,0x6c,0x6f,0x61,0x74,0x20,0x5f,0x31,0x31,0x38,0x35,0x20,0x3d,0x20,0x73,0x71,
    0x72,0x74,0x28,0x63,0x6c,0x61,0x6d,0x70,0x28,0x5f,0x38,0x37,0x33,0x2c,0x20,0x30,
    0x2e,0x30,0x2c,0x20,0x31,0x2e,0x30,0x29,0x29,0x3b,0x0a,0x20,0x20,0x20,0x20,0x20,
    0x20,0x20,0x20,0x76,0x65,0x63,0x33,0x20,0x70,0x61,0x72,0x61,0x6d,0x5f,0x31,0x36,
    0x20,0x3d,0x20,0x6e,0x3b,0x0a,0x20,0x20,0x20,0x20,0x20,0x20,0x20,0x20,0x76,0x65,
    0x63,0x34,0x20,0x70,0x61,0x72,0x61,0x6d,0x5f,0x31,0x37,0x20,0x3d,0x20,0x66,0x73,
    0x5f,0x73,0x63,0x65,0x6e,0x65,0x5b,0x32,0x5d,0x3b,0x0a,0x20,0x20,0x20,0x20,0x20,
    0x20,0x20,0x20,0x76,0x65,0x63,0x33,0x20,0x70,0x61,0x72,0x61,0x6d,0x5f,0x31,0x38,
    0x20,0x3d,0x20,0x65,0x6e,0x76,0x5f,0x64,0x69,0x72,0x28,0x70,0x61,0x72,0x61,0x6d,
    0x5f,0x31,0x36,0x2c,0x20,0x70,0x61,0x72,0x61,0x6d,0x5f,0x31,0x37,0x29,0x3b,0x0a,
    0x20,0x20,0x20,0x20,0x20,0x20,0x20,0x20,0x76,0x65,0x63,0x33,0x20,0x70,0x61,0x72,
    0x61,0x6d,0x5f,0x31,0x39,0x20,0x3d,0x20,0x72,0x65,0x66,0x6c,0x65,0x63,0x74,0x28,
    0x2d,0x5f,0x38,0x39,0x38,0x2c,0x20,0x6e,0x29,0x3b,0x0a,0x20,0x20,0x20,0x20,0x20,
    0x20,0x20,0x20,0x76,0x65,0x63,0x34,0x20,0x70,0x61,0x72,0x61,0x6d,0x5f,0x32,0x30,
    0x20,0x3d,0x20,0x66,0x73,0x5f,0x73,0x63,0x65,0x6e,0x65,0x5b,0x32,0x5d,0x3b,0x0a,
    0x20,0x20,0x20,0x20,0x20,0x20,0x20,0x20,0x76,0x65,0x63,0x34,0x20,0x5f,0x31,0x32,
    0x33,0x31,0x20,0x3d,0x20,0x74,0x65,0x78,0x74,0x75,0x72,0x65,0x28,0x62,0x72,0x64,
    0x66,0x5f,0x74,0x65,0x78,0x5f,0x62,0x72,0x64,0x66,0x5f,0x73,0x6d,0x70,0x2c,0x20,
    0x76,0x65,0x63,0x32,0x28,0x5f,0x39,0x30,0x35,0x2c,0x20,0x5f,0x31,0x31,0x38,0x35,
    0x29,0x29,0x3b,0x0a,0x20,0x20,0x20,0x20,0x20,0x20,0x20,0x20,0x63,0x6f,0x6c,0x6f,
    0x72,0x20,0x2b,0x3d,0x20,0x28,0x28,0x28,0x28,0x6d,0x61,0x78,0x28,0x65,0x76,0x61,
    0x6c,0x5f,0x73,0x68,0x28,0x70,0x61,0x72,0x61,0x6d,0x5f,0x31,0x38,0x29,0x2c,0x20,
    0x76,0x65,0x63,0x33,0x28,0x30,0x2e,0x30,0x29,0x29,0x20,0x2a,0x20,0x5f,0x38,0x39,
    0x30,0x29,0x20,0x2b,0x20,0x28,0x74,0x65,0x78,0x74,0x75,0x72,0x65,0x4c,0x6f,0x64,
    0x28,0x65,0x6e,0x76,0x5f,0x74,0x65,0x78,0x5f,0x65,0x6e,0x76,0x5f,0x73,0x6d,0x70,
    0x2c,0x20,0x65,0x6e,0x76,0x5f,0x64,0x69,0x72,0x28,0x70,0x61,0x72,0x61,0x6d,0x5f,
    0x31,0x39,0x2c,0x20,0x70,0x61,0x72,0x61,0x6d,0x5f,0x32,0x30,0x29,0x2c,0x20,0x5f,
    0x31,0x31,0x38,0x35,0x20,0x2a,0x20,0x66,0x73,0x5f,0x73,0x63,0x65,0x6e,0x65,0x5b,
    0x32,0x5d,0x2e,0x79,0x29,0x2e,0x78,0x79,0x7a,0x20,0x2a,0x20,0x28,0x28,0x5f,0x38,
    0x38,0x34,0x20,0x2a,0x20,0x5f,0x31,0x32,0x33,0x31,0x2e,0x78,0x29,0x20,0x2b,0x20,
    0x76,0x65,0x63,0x33,0x28,0x5f,0x31,0x32,0x33,0x31,0x2e,0x79,0x29,0x29,0x29,0x29,
    0x20,0x2a,0x20,0x5f,0x39,0x32,0x30,0x29,0x20,0x2a,0x20,0x66,0x73,0x5f,0x73,0x63,
    0x65,0x6e,0x65,0x5b,0x32,0x5d,0x2e,0x78,0x29,0x3b,0x0a,0x20,0x20,0x20,0x20,0x7d,
    0x0a,0x20,0x20,0x20,0x20,0x69,0x6e,0x74,0x20,0x70,0x61,0x72,0x61,0x6d,0x5f,0x32,
    0x31,0x20,0x3d,0x20,0x34,0x3b,0x0a,0x20,0x20,0x20,0x20,0x76,0x65,0x63,0x33,0x20,
    0x70,0x61,0x72,0x61,0x6d,0x5f,0x32,0x32,0x20,0x3d,0x20,0x74,0x65,0x78,0x74,0x75,
    0x72,0x65,0x28,0x65,0x6d,0x69,0x73,0x73,0x69,0x76,0x65,0x5f,0x74,0x65,0x78,0x5f,
    0x65,0x6d,0x69,0x73,0x73,0x69,0x76,0x65,0x5f,0x73,0x6d,0x70,0x2c,0x20,0x74,0x65,
    0x78,0x5f,0x75,0x76,0x28,0x70,0x61,0x72,0x61,0x6d,0x5f,0x32,0x31,0x29,0x29,0x2e,
    0x78,0x79,0x7a,0x3b,0x0a,0x20,0x20,0x20,0x20,0x76,0x65,0x63,0x33,0x20,0x5f,0x31,
    0x32,0x36,0x39,0x20,0x3d,0x20,0x63,0x6f,0x6c,0x6f,0x72,0x3b,0x0a,0x20,0x20,0x20,
    0x20,0x76,0x65,0x63,0x33,0x20,0x5f,0x31,0x32,0x37,0x30,0x20,0x3d,0x20,0x5f,0x31,
    0x32,0x36,0x39,0x20,0x2b,0x20,0x28,0x66,0x73,0x5f,0x70,0x61,0x72,0x61,0x6d,0x73,
    0x5b,0x31,0x5d,0x2e,0x78,0x79,0x7a,0x20,0x2a,0x20,0x73,0x72,0x67,0x62,0x5f,0x74,
    0x6f,0x5f,0x6c,0x69,0x6e,0x65,0x61,0x72,0x28,0x70,0x61,0x72,0x61,0x6d,0x5f,0x32,
    0x32,0x29,0x29,0x3b,0x0a,0x20,0x20,0x20,0x20,0x63,0x6f,0x6c,0x6f,0x72,0x20,0x3d,
    0x20,0x5f,0x31,0x32,0x37,0x30,0x3b,0x0a,0x20,0x20,0x20,0x20,0x76,0x65,0x63,0x33,
    0x20,0x70,0x61,0x72,0x61,0x6d,0x5f,0x32,0x33,0x20,0x3d,0x20,0x5f,0x31,0x32,0x37,
    0x30,0x3b,0x0a,0x20,0x20,0x20,0x20,0x76,0x65,0x63,0x34,0x20,0x70,0x61,0x72,0x61,
    0x6d,0x5f,0x32,0x34,0x20,0x3d,0x20,0x66,0x73,0x5f,0x73,0x63,0x65,0x6e,0x65,0x5b,
    0x31,0x32,0x5d,0x3b,0x0a,0x20,0x20,0x20,0x20,0x76,0x65,0x63,0x33,0x20,0x5f,0x31,
    0x32,0x37,0x36,0x20,0x3d,0x20,0x74,0x6f,0x5f,0x64,0x69,0x73,0x70,0x6c,0x61,0x79,
    0x28,0x70,0x61,0x72,0x61,0x6d,0x5f,0x32,0x33,0x2c,0x20,0x70,0x61,0x72,0x61,0x6d,
    0x5f,0x32,0x34,0x29,0x3b,0x0a,0x20,0x20,0x20,0x20,0x66,0x72,0x61,0x67,0x5f,0x63,
    0x6f,0x6c,0x6f,0x72,0x20,0x3d,0x20,0x76,0x65,0x63,0x34,0x28,0x5f,0x31,0x32,0x37,
    0x36,0x2c,0x20,0x62,0x61,0x73,0x65,0x2e,0x77,0x29,0x3b,0x0a,0x7d,0x0a,0x0a,0x00,

};
#endif
/*
    #version 300 es

    uniform vec4 vs_params[7];
    out vec2 uv;
    out vec4 color;
    out float alpha_mode;
    layout(location = 0) in vec2 corner;
    layout(location = 1) in vec4 inst_pos;
    layout(location = 2) in vec4 inst_size;
    layout(location = 3) in vec4 inst_uv;
    layout(location = 4) in vec3 inst_right;
    layout(location = 5) in vec4 inst_up;
    layout(location = 6) in vec4 inst_color;

    void place(vec2 corner_1, vec4 pos, vec4 size, vec4 source, vec3 right_axis, vec4 up_axis, vec4 tint)
    {
        vec3 right = right_axis;
        vec3 up = up_axis.xyz;
        if (pos.w < 0.5)
        {
            right = vs_params[4].xyz;
            up = vs_params[5].xyz;
        }
        else
        {
            if (pos.w < 1.5)
            {
                right = vs_params[6].xyz;
                up = vec3(0.0, 1.0, 0.0);
            }
        }
        gl_Position = mat4(vs_params[0], vs_params[1], vs_params[2], vs_params[3]) * vec4((pos.xyz + (right * (((corner_1.x + 0.5) - size.z) * size.x))) + (up * (((corner_1.y - 0.5) + size.w) * size.y)), 1.0);
        uv = vec2(mix(source.x, source.z, corner_1.x + 0.5), mix(source.y, source.w, 0.5 - corner_1.y));
        color = tint;
        alpha_mode = up_axis.w;
    }

    void main()
    {
        vec2 param = corner;
        vec4 param_1 = inst_pos;
        vec4 param_2 = inst_size;
        vec4 param_3 = inst_uv;
        vec3 param_4 = inst_right;
        vec4 param_5 = inst_up;
        vec4 param_6 = inst_color;
        place(param, param_1, param_2, param_3, param_4, param_5, param_6);
    }

*/
#if defined(SOKOL_GLES3)
static const uint8_t sprite_vs_source_glsl300es[1418] = {
    0x23,0x76,0x65,0x72,0x73,0x69,0x6f,0x6e,0x20,0x33,0x30,0x30,0x20,0x65,0x73,0x0a,
    0x0a,0x75,0x6e,0x69,0x66,0x6f,0x72,0x6d,0x20,0x76,0x65,0x63,0x34,0x20,0x76,0x73,
    0x5f,0x70,0x61,0x72,0x61,0x6d,0x73,0x5b,0x37,0x5d,0x3b,0x0a,0x6f,0x75,0x74,0x20,
    0x76,0x65,0x63,0x32,0x20,0x75,0x76,0x3b,0x0a,0x6f,0x75,0x74,0x20,0x76,0x65,0x63,
    0x34,0x20,0x63,0x6f,0x6c,0x6f,0x72,0x3b,0x0a,0x6f,0x75,0x74,0x20,0x66,0x6c,0x6f,
    0x61,0x74,0x20,0x61,0x6c,0x70,0x68,0x61,0x5f,0x6d,0x6f,0x64,0x65,0x3b,0x0a,0x6c,
    0x61,0x79,0x6f,0x75,0x74,0x28,0x6c,0x6f,0x63,0x61,0x74,0x69,0x6f,0x6e,0x20,0x3d,
    0x20,0x30,0x29,0x20,0x69,0x6e,0x20,0x76,0x65,0x63,0x32,0x20,0x63,0x6f,0x72,0x6e,
    0x65,0x72,0x3b,0x0a,0x6c,0x61,0x79,0x6f,0x75,0x74,0x28,0x6c,0x6f,0x63,0x61,0x74,
    0x69,0x6f,0x6e,0x20,0x3d,0x20,0x31,0x29,0x20,0x69,0x6e,0x20,0x76,0x65,0x63,0x34,
    0x20,0x69,0x6e,0x73,0x74,0x5f,0x70,0x6f,0x73,0x3b,0x0a,0x6c,0x61,0x79,0x6f,0x75,
    0x74,0x28,0x6c,0x6f,0x63,0x61,0x74,0x69,0x6f,0x6e,0x20,0x3d,0x20,0x32,0x29,0x20,
    0x69,0x6e,0x20,0x76,0x65,0x63,0x34,0x20,0x69,0x6e,0x73,0x74,0x5f,0x73,0x69,0x7a,
    0x65,0x3b,0x0a,0x6c,0x61,0x79,0x6f,0x75,0x74,0x28,0x6c,0x6f,0x63,0x61,0x74,0x69,
    0x6f,0x6e,0x20,0x3d,0x20,0x33,0x29,0x20,0x69,0x6e,0x20,0x76,0x65,0x63,0x34,0x20,
    0x69,0x6e,0x73,0x74,0x5f,0x75,0x76,0x3b,0x0a,0x6c,0x61,0x79,0x6f,0x75,0x74,0x28,
    0x6c,0x6f,0x63,0x61,0x74,0x69,0x6f,0x6e,0x20,0x3d,0x20,0x34,0x29,0x20,0x69,0x6e,
    0x20,0x76,0x65,0x63,0x33,0x20,0x69,0x6e,0x73,0x74,0x5f,0x72,0x69,0x67,0x68,0x74,
    0x3b,0x0a,0x6c,0x61,0x79,0x6f,0x75,0x74,0x28,0x6c,0x6f,0x63,0x61,0x74,0x69,0x6f,
    0x6e,0x20,0x3d,0x20,0x35,0x29,0x20,0x69,0x6e,0x20,0x76,0x65,0x63,0x34,0x20,0x69,
    0x6e,0x73,0x74,0x5f,0x75,0x70,0x3b,0x0a,0x6c,0x61,0x79,0x6f,0x75,0x74,0x28,0x6c,
    0x6f,0x63,0x61,0x74,0x69,0x6f,0x6e,0x20,0x3d,0x20,0x36,0x29,0x20,0x69,0x6e,0x20,
    0x76,0x65,0x63,0x34,0x20,0x69,0x6e,0x73,0x74,0x5f,0x63,0x6f,0x6c,0x6f,0x72,0x3b,
    0x0a,0x0a,0x76,0x6f,0x69,0x64,0x20,0x70,0x6c,0x61,0x63,0x65,0x28,0x76,0x65,0x63,
    0x32,0x20,0x63,0x6f,0x72,0x6e,0x65,0x72,0x5f,0x31,0x2c,0x20,0x76,0x65,0x63,0x34,
    0x20,0x70,0x6f,0x73,0x2c,0x20,0x76,0x65,0x63,0x34,0x20,0x73,0x69,0x7a,0x65,0x2c,
    0x20,0x76,0x65,0x63,0x34,0x20,0x73,0x6f,0x75,0x72,0x63,0x65,0x2c,0x20,0x76,0x65,
    0x63,0x33,0x20,0x72,0x69,0x67,0x68,0x74,0x5f,0x61,0x78,0x69,0x73,0x2c,0x20,0x76,
    0x65,0x63,0x34,0x20,0x75,0x70,0x5f,0x61,0x78,0x69,0x73,0x2c,0x20,0x76,0x65,0x63,
    0x34,0x20,0x74,0x69,0x6e,0x74,0x29,0x0a,0x7b,0x0a,0x20,0x20,0x20,0x20,0x76,0x65,
    0x63,0x33,0x20,0x72,0x69,0x67,0x68,0x74,0x20,0x3d,0x20,0x72,0x69,0x67,0x68,0x74,
    0x5f,0x61,0x78,0x69,0x73,0x3b,0x0a,0x20,0x20,0x20,0x20,0x76,0x65,0x63,0x33,0x20,
    0x75,0x70,0x20,0x3d,0x20,0x75,0x70,0x5f,0x61,0x78,0x69,0x73,0x2e,0x78,0x79,0x7a,
    0x3b,0x0a,0x20,0x20,0x20,0x20,0x69,0x66,0x20,0x28,0x70,0x6f,0x73,0x2e,0x77,0x20,
    0x3c,0x20,0x30,0x2e,0x35,0x29,0x0a,0x20,0x20,0x20,0x20,0x7b,0x0a,0x20,0x20,0x20,
    0x20,0x20,0x20,0x20,0x20,0x72,0x69,0x67,0x68,0x74,0x20,0x3d,0x20,0x76,0x73,0x5f,
    0x70,0x61,0x72,0x61,0x6d,0x73,0x5b,0x34,0x5d,0x2e,0x78,0x79,0x7a,0x3b,0x0a,0x20,
    0x20,0x20,0x20,0x20,0x20,0x20,0x20,0x75,0x70,0x20,0x3d,0x20,0x76,0x73,0x5f,0x70,
    0x61,0x72,0x61,0x6d,0x73,0x5b,0x35,0x5d,0x2e,0x78,0x79,0x7a,0x3b,0x0a,0x20,0x20,
    0x20,0x20,0x7d,0x0a,0x20,0x20,0x20,0x20,0x65,0x6c,0x73,0x65,0x0a,0x20,0x20,0x20,
    0x20,0x7b,0x0a,0x20,0x20,0x20,0x20,0x20,0x20,0x20,0x20,0x69,0x66,0x20,0x28,0x70,
    0x6f,0x73,0x2e,0x77,0x20,0x3c,0x20,0x31,0x2e,0x35,0x29,0x0a,0x20,0x20,0x20,0x20,
    0x20,0x20,0x20,0x20,0x7b,0x0a,0x20,0x20,0x20,0x20,0x20,0x20,0x20,0x20,0x20,0x20,
    0x20,0x20,0x72,0x69,0x67,0x68,0x74,0x20,0x3d,0x20,0x76,0x73,0x5f,0x70,0x61,0x72,
    0x61,0x6d,0x73,0x5b,0x36,0x5d,0x2e,0x78,0x79,0x7a,0x3b,0x0a,0x20,0x20,0x20,0x20,
    0x20,0x20,0x20,0x20,0x20,0x20,0x20,0x20,0x75,0x70,0x20,0x3d,0x20,0x76,0x65,0x63,
    0x33,0x28,0x30,0x2e,0x30,0x2c,0x20,0x31,0x2e,0x30,0x2c,0x20,0x30,0x2e,0x30,0x29,
    0x3b,0x0a,0x20,0x20,0x20,0x20,0x20,0x20,0x20,0x20,0x7d,0x0a,0x20,0x20,0x20,0x20,
    0x7d,0x0a,0x20,0x20,0x20,0x20,0x67,0x6c,0x5f,0x50,0x6f,0x73,0x69,0x74,0x69,0x6f,
    0x6e,0x20,0x3d,0x20,0x6d,0x61,0x74,0x34,0x28,0x76,0x73,0x5f,0x70,0x61,0x72,0x61,
    0x6d,0x73,0x5b,0x30,0x5d,0x2c,0x20,0x76,0x73,0x5f,0x70,0x61,0x72,0x61,0x6d,0x73,
    0x5b,0x31,0x5d,0x2c,0x20,0x76,0x73,0x5f,0x70,0x61,0x72,0x61,0x6d,0x73,0x5b,0x32,
    0x5d,0x2c,0x20,0x76,0x73,0x5f,0x70,0x61,0x72,0x61,0x6d,0x73,0x5b,0x33,0x5d,0x29,
    0x20,0x2a,0x20,0x76,0x65,0x63,0x34,0x28,0x28,0x70,0x6f,0x73,0x2e,0x78,0x79,0x7a,
    0x20,0x2b,0x20,0x28,0x72,0x69,0x67,0x68,0x74,0x20,0x2a,0x20,0x28,0x28,0x28,0x63,
    0x6f,0x72,0x6e,0x65,0x72,0x5f,0x31,0x2e,0x78,0x20,0x2b,0x20,0x30,0x2e,0x35,0x29,
    0x20,0x2d,0x20,0x73,0x69,0x7a,0x65,0x2e,0x7a,0x29,0x20,0x2a,0x20,0x73,0x69,0x7a,
    0x65,0x2e,0x78,0x29,0x29,0x29,0x20,0x2b,0x20,0x28,0x75,0x70,0x20,0x2a,0x20,0x28,
    0x28,0x28,0x63,0x6f,0x72,0x6e,0x65,0x72,0x5f,0x31,0x2e,0x79,0x20,0x2d,0x20,0x30,
    0x2e,0x35,0x29,0x20,0x2b,0x20,0x73,0x69,0x7a,0x65,0x2e,0x77,0x29,0x20,0x2a,0x20,
    0x73,0x69,0x7a,0x65,0x2e,0x79,0x29,0x29,0x2c,0x20,0x31,0x2e,0x30,0x29,0x3b,0x0a,
    0x20,0x20,0x20,0x20,0x75,0x76,0x20,0x3d,0x20,0x76,0x65,0x63,0x32,0x28,0x6d,0x69,
    0x78,0x28,0x73,0x6f,0x75,0x72,0x63,0x65,0x2e,0x78,0x2c,0x20,0x73,0x6f,0x75,0x72,
    0x63,0x65,0x2e,0x7a,0x2c,0x20,0x63,0x6f,0x72,0x6e,0x65,0x72,0x5f,0x31,0x2e,0x78,
    0x20,0x2b,0x20,0x30,0x2e,0x35,0x29,0x2c,0x20,0x6d,0x69,0x78,0x28,0x73,0x6f,0x75,
    0x72,0x63,0x65,0x2e,0x79,0x2c,0x20,0x73,0x6f,0x75,0x72,0x63,0x65,0x2e,0x77,0x2c,
    0x20,0x30,0x2e,0x35,0x20,0x2d,0x20,0x63,0x6f,0x72,0x6e,0x65,0x72,0x5f,0x31,0x2e,
    0x79,0x29,0x29,0x3b,0x0a,0x20,0x20,0x20,0x20,0x63,0x6f,0x6c,0x6f,0x72,0x20,0x3d,
    0x20,0x74,0x69,0x6e,0x74,0x3b,0x0a,0x20,0x20,0x20,0x20,0x61,0x6c,0x70,0x68,0x61,
    0x5f,0x6d,0x6f,0x64,0x65,0x20,0x3d,0x20,0x75,0x70,0x5f,0x61,0x78,0x69,0x73,0x2e,
    0x77,0x3b,0x0a,0x7d,0x0a,0x0a,0x76,0x6f,0x69,0x64,0x20,0x6d,0x61,0x69,0x6e,0x28,
    0x29,0x0a,0x7b,0x0a,0x20,0x20,0x20,0x20,0x76,0x65,0x63,0x32,0x20,0x70,0x61,0x72,
    0x61,0x6d,0x20,0x3d,0x20,0x63,0x6f,0x72,0x6e,0x65,0x72,0x3b,0x0a,0x20,0x20,0x20,
    0x20,0x76,0x65,0x63,0x34,0x20,0x70,0x61,0x72,0x61,0x6d,0x5f,0x31,0x20,0x3d,0x20,
    0x69,0x6e,0x73,0x74,0x5f,0x70,0x6f,0x73,0x3b,0x0a,0x20,0x20,0x20,0x20,0x76,0x65,
    0x63,0x34,0x20,0x70,0x61,0x72,0x61,0x6d,0x5f,0x32,0x20,0x3d,0x20,0x69,0x6e,0x73,
    0x74,0x5f,0x73,0x69,0x7a,0x65,0x3b,0x0a,0x20,0x20,0x20,0x20,0x76,0x65,0x63,0x34,
    0x20,0x70,0x61,0x72,0x61,0x6d,0x5f,0x33,0x20,0x3d,0x20,0x69,0x6e,0x73,0x74,0x5f,
    0x75,0x76,0x3b,0x0a,0x20,0x20,0x20,0x20,0x76,0x65,0x63,0x33,0x20,0x70,0x61,0x72,
    0x61,0x6d,0x5f,0x34,0x20,0x3d,0x20,0x69,0x6e,0x73,0x74,0x5f,0x72,0x69,0x67,0x68,
    0x74,0x3b,0x0a,0x20,0x20,0x20,0x20,0x76,0x65,0x63,0x34,0x20,0x70,0x61,0x72,0x61,
    0x6d,0x5f,0x35,0x20,0x3d,0x20,0x69,0x6e,0x73,0x74,0x5f,0x75,0x70,0x3b,0x0a,0x20,
    0x20,0x20,0x20,0x76,0x65,0x63,0x34,0x20,0x70,0x61,0x72,0x61,0x6d,0x5f,0x36,0x20,
    0x3d,0x20,0x69,0x6e,0x73,0x74,0x5f,0x63,0x6f,0x6c,0x6f,0x72,0x3b,0x0a,0x20,0x20,
    0x20,0x20,0x70,0x6c,0x61,0x63,0x65,0x28,0x70,0x61,0x72,0x61,0x6d,0x2c,0x20,0x70,
    0x61,0x72,0x61,0x6d,0x5f,0x31,0x2c,0x20,0x70,0x61,0x72,0x61,0x6d,0x5f,0x32,0x2c,
    0x20,0x70,0x61,0x72,0x61,0x6d,0x5f,0x33,0x2c,0x20,0x70,0x61,0x72,0x61,0x6d,0x5f,
    0x34,0x2c,0x20,0x70,0x61,0x72,0x61,0x6d,0x5f,0x35,0x2c,0x20,0x70,0x61,0x72,0x61,
    0x6d,0x5f,0x36,0x29,0x3b,0x0a,0x7d,0x0a,0x0a,0x00,
};
#endif
/*
    #version 300 es

    uniform vec4 vs_params[7];
    uniform vec4 vs_batch[1];
    uniform highp sampler2D sprite_data_sprite_data_smp;

    out vec2 uv;
    out vec4 color;
    out float alpha_mode;
    layout(location = 0) in vec2 corner;

    vec4 texel(int sprite, int k)
    {
        return texelFetch(sprite_data_sprite_data_smp, ivec2(((sprite % 256) * 6) + k, sprite / 256), 0);
    }

    void place(vec2 corner_1, vec4 pos, vec4 size, vec4 source, vec3 right_axis, vec4 up_axis, vec4 tint)
    {
        vec3 right = right_axis;
        vec3 up = up_axis.xyz;
        if (pos.w < 0.5)
        {
            right = vs_params[4].xyz;
            up = vs_params[5].xyz;
        }
        else
        {
            if (pos.w < 1.5)
            {
                right = vs_params[6].xyz;
                up = vec3(0.0, 1.0, 0.0);
            }
        }
        gl_Position = mat4(vs_params[0], vs_params[1], vs_params[2], vs_params[3]) * vec4((pos.xyz + (right * (((corner_1.x + 0.5) - size.z) * size.x))) + (up * (((corner_1.y - 0.5) + size.w) * size.y)), 1.0);
        uv = vec2(mix(source.x, source.z, corner_1.x + 0.5), mix(source.y, source.w, 0.5 - corner_1.y));
        color = tint;
        alpha_mode = up_axis.w;
    }

    void main()
    {
        int _185 = int(vs_batch[0].x) + gl_InstanceID;
        int param = _185;
        int param_1 = 0;
        int param_2 = _185;
        int param_3 = 1;
        int param_4 = _185;
        int param_5 = 2;
        int param_6 = _185;
        int param_7 = 3;
        int param_8 = _185;
        int param_9 = 4;
        int param_10 = _185;
        int param_11 = 5;
        vec2 param_12 = corner;
        vec4 param_13 = texel(param, param_1);
        vec4 param_14 = texel(param_2, param_3);
        vec4 param_15 = texel(param_4, param_5);
        vec3 param_16 = texel(param_6, param_7).xyz;
        vec4 param_17 = texel(param_8, param_9);
        vec4 param_18 = texel(param_10, param_11);
        place(param_12, param_13, param_14, param_15, param_16, param_17, param_18);
    }

*/
#if defined(SOKOL_GLES3)
static const uint8_t sprite_vs_pulled_source_glsl300es[1828] = {
    0x23,0x76,0x65,0x72,0x73,0x69,0x6f,0x6e,0x20,0x33,0x30,0x30,0x20,0x65,0x73,0x0a,
    0x0a,0x75,0x6e,0x69,0x66,0x6f,0x72,0x6d,0x20,0x76,0x65,0x63,0x34,0x20,0x76,0x73,
    0x5f,0x70,0x61,0x72,0x61,0x6d,0x73,0x5b,0x37,0x5d,0x3b,0x0a,0x75,0x6e,0x69,0x66,
    0x6f,0x72,0x6d,0x20,0x76,0x65,0x63,0x34,0x20,0x76,0x73,0x5f,0x62,0x61,0x74,0x63,
    0x68,0x5b,0x31,0x5d,0x3b,0x0a,0x75,0x6e,0x69,0x66,0x6f,0x72,0x6d,0x20,0x68,0x69,
    0x67,0x68,0x70,0x20,0x73,0x61,0x6d,0x70,0x6c,0x65,0x72,0x32,0x44,0x20,0x73,0x70,
    0x72,0x69,0x74,0x65,0x5f,0x64,0x61,0x74,0x61,0x5f,0x73,0x70,0x72,0x69,0x74,0x65,
    0x5f,0x64,0x61,0x74,0x61,0x5f,0x73,0x6d,0x70,0x3b,0x0a,0x0a,0x6f,0x75,0x74,0x20,
    0x76,0x65,0x63,0x32,0x20,0x75,0x76,0x3b,0x0a,0x6f,0x75,0x74,0x20,0x76,0x65,0x63,
    0x34,0x20,0x63,0x6f,0x6c,0x6f,0x72,0x3b,0x0a,0x6f,0x75,0x74,0x20,0x66,0x6c,0x6f,
    0x61,0x74,0x20,0x61,0x6c,0x70,0x68,0x61,0x5f,0x6d,0x6f,0x64,0x65,0x3b,0x0a,0x6c,
    0x61,0x79,0x6f,0x75,0x74,0x28,0x6c,0x6f,0x63,0x61,0x74,0x69,0x6f,0x6e,0x20,0x3d,
    0x20,0x30,0x29,0x20,0x69,0x6e,0x20,0x76,0x65,0x63,0x32,0x20,0x63,0x6f,0x72,0x6e,
    0x65,0x72,0x3b,0x0a,0x0a,0x76,0x65,0x63,0x34,0x20,0x74,0x65,0x78,0x65,0x6c,0x28,
    0x69,0x6e,0x74,0x20,0x73,0x70,0x72,0x69,0x74,0x65,0x2c,0x20,0x69,0x6e,0x74,0x20,
    0x6b,0x29,0x0a,0x7b,0x0a,0x20,0x20,0x20,0x20,0x72,0x65,0x74,0x75,0x72,0x6e,0x20,
    0x74,0x65,0x78,0x65,0x6c,0x46,0x65,0x74,0x63,0x68,0x28,0x73,0x70,0x72,0x69,0x74,
    0x65,0x5f,0x64,0x61,0x74,0x61,0x5f,0x73,0x70,0x72,0x69,0x74,0x65,0x5f,0x64,0x61,
    0x74,0x61,0x5f,0x73,0x6d,0x70,0x2c,0x20,0x69,0x76,0x65,0x63,0x32,0x28,0x28,0x28,
    0x73,0x70,0x72,0x69,0x74,0x65,0x20,0x25,0x20,0x32,0x35,0x36,0x29,0x20,0x2a,0x20,
    0x36,0x29,0x20,0x2b,0x20,0x6b,0x2c,0x20,0x73,0x70,0x72,0x69,0x74,0x65,0x20,0x2f,
    0x20,0x32,0x35,0x36,0x29,0x2c,0x20,0x30,0x29,0x3b,0x0a,0x7d,0x0a,0x0a,0x76,0x6f,
    0x69,0x64,0x20,0x70,0x6c,0x61,0x63,0x65,0x28,0x76,0x65,0x63,0x32,0x20,0x63,0x6f,
    0x72,0x6e,0x65,0x72,0x5f,0x31,0x2c,0x20,0x76,0x65,0x63,0x34,0x20,0x70,0x6f,0x73,
    0x2c,0x20,0x76,0x65,0x63,0x34,0x20,0x73,0x69,0x7a,0x65,0x2c,0x20,0x76,0x65,0x63,
    0x34,0x20,0x73,0x6f,0x75,0x72,0x63,0x65,0x2c,0x20,0x76,0x65,0x63,0x33,0x20,0x72,
    0x69,0x67,0x68,0x74,0x5f,0x61,0x78,0x69,0x73,0x2c,0x20,0x76,0x65,0x63,0x34,0x20,
    0x75,0x70,0x5f,0x61,0x78,0x69,0x73,0x2c,0x20,0x76,0x65,0x63,0x34,0x20,0x74,0x69,
    0x6e,0x74,0x29,0x0a,0x7b,0x0a,0x20,0x20,0x20,0x20,0x76,0x65,0x63,0x33,0x20,0x72,
    0x69,0x67,0x68,0x74,0x20,0x3d,0x20,0x72,0x69,0x67,0x68,0x74,0x5f,0x61,0x78,0x69,
    0x73,0x3b,0x0a,0x20,0x20,0x20,0x20,0x76,0x65,0x63,0x33,0x20,0x75,0x70,0x20,0x3d,
    0x20,0x75,0x70,0x5f,0x61,0x78,0x69,0x73,0x2e,0x78,0x79,0x7a,0x3b,0x0a,0x20,0x20,
    0x20,0x20,0x69,0x66,0x20,0x28,0x70,0x6f,0x73,0x2e,0x77,0x20,0x3c,0x20,0x30,0x2e,
    0x35,0x29,0x0a,0x20,0x20,0x20,0x20,0x7b,0x0a,0x20,0x20,0x20,0x20,0x20,0x20,0x20,
    0x20,0x72,0x69,0x67,0x68,0x74,0x20,0x3d,0x20,0x76,0x73,0x5f,0x70,0x61,0x72,0x61,
    0x6d,0x73,0x5b,0x34,0x5d,0x2e,0x78,0x79,0x7a,0x3b,0x0a,0x20,0x20,0x20,0x20,0x20,
    0x20,0x20,0x20,0x75,0x70,0x20,0x3d,0x20,0x76,0x73,0x5f,0x70,0x61,0x72,0x61,0x6d,
    0x73,0x5b,0x35,0x5d,0x2e,0x78,0x79,0x7a,0x3b,0x0a,0x20,0x20,0x20,0x20,0x7d,0x0a,
    0x20,0x20,0x20,0x20,0x65,0x6c,0x73,0x65,0x0a,0x20,0x20,0x20,0x20,0x7b,0x0a,0x20,
    0x20,0x20,0x20,0x20,0x20,0x20,0x20,0x69,0x66,0x20,0x28,0x70,0x6f,0x73,0x2e,0x77,
    0x20,0x3c,0x20,0x31,0x2e,0x35,0x29,0x0a,0x20,0x20,0x20,0x20,0x20,0x20,0x20,0x20,
    0x7b,0x0a,0x20,0x20,0x20,0x20,0x20,0x20,0x20,0x20,0x20,0x20,0x20,0x20,0x72,0x69,
    0x67,0x68,0x74,0x20,0x3d,0x20,0x76,0x73,0x5f,0x70,0x61,0x72,0x61,0x6d,0x73,0x5b,
    0x36,0x5d,0x2e,0x78,0x79,0x7a,0x3b,0x0a,0x20,0x20,0x20,0x20,0x20,0x20,0x20,0x20,
    0x20,0x20,0x20,0x20,0x75,0x70,0x20,0x3d,0x20,0x76,0x65,0x63,0x33,0x28,0x30,0x2e,
    0x30,0x2c,0x20,0x31,0x2e,0x30,0x2c,0x20,0x30,0x2e,0x30,0x29,0x3b,0x0a,0x20,0x20,
    0x20,0x20,0x20,0x20,0x20,0x20,0x7d,0x0a,0x20,0x20,0x20,0x20,0x7d,0x0a,0x20,0x20,
    0x20,0x20,0x67,0x6c,0x5f,0x50,0x6f,0x73,0x69,0x74,0x69,0x6f,0x6e,0x20,0x3d,0x20,
    0x6d,0x61,0x74,0x34,0x28,0x76,0x73,0x5f,0x70,0x61,0x72,0x61,0x6d,0x73,0x5b,0x30,
    0x5d,0x2c,0x20,0x76,0x73,0x5f,0x70,0x61,0x72,0x61,0x6d,0x73,0x5b,0x31,0x5d,0x2c,
    0x20,0x76,0x73,0x5f,0x70,0x61,0x72,0x61,0x6d,0x73,0x5b,0x32,0x5d,0x2c,0x20,0x76,
    0x73,0x5f,0x70,0x61,0x72,0x61,0x6d,0x73,0x5b,0x33,0x5d,0x29,0x20,0x2a,0x20,0x76,
    0x65,0x63,0x34,0x28,0x28,0x70,0x6f,0x73,0x2e,0x78,0x79,0x7a,0x20,0x2b,0x20,0x28,
    0x72,0x69,0x67,0x68,0x74,0x20,0x2a,0x20,0x28,0x28,0x28,0x63,0x6f,0x72,0x6e,0x65,
    0x72,0x5f,0x31,0x2e,0x78,0x20,0x2b,0x20,0x30,0x2e,0x35,0x29,0x20,0x2d,0x20,0x73,
    0x69,0x7a,0x65,0x2e,0x7a,0x29,0x20,0x2a,0x20,0x73,0x69,0x7a,0x65,0x2e,0x78,0x29,
    0x29,0x29,0x20,0x2b,0x20,0x28,0x75,0x70,0x20,0x2a,0x20,0x28,0x28,0x28,0x63,0x6f,
    0x72,0x6e,0x65,0x72,0x5f,0x31,0x2e,0x79,0x20,0x2d,0x20,0x30,0x2e,0x35,0x29,0x20,
    0x2b,0x20,0x73,0x69,0x7a,0x65,0x2e,0x77,0x29,0x20,0x2a,0x20,0x73,0x69,0x7a,0x65,
    0x2e,0x79,0x29,0x29,0x2c,0x20,0x31,0x2e,0x30,0x29,0x3b,0x0a,0x20,0x20,0x20,0x20,
    0x75,0x76,0x20,0x3d,0x20,0x76,0x65,0x63,0x32,0x28,0x6d,0x69,0x78,0x28,0x73,0x6f,
    0x75,0x72,0x63,0x65,0x2e,0x78,0x2c,0x20,0x73,0x6f,0x75,0x72,0x63,0x65,0x2e,0x7a,
    0x2c,0x20,0x63,0x6f,0x72,0x6e,0x65,0x72,0x5f,0x31,0x2e,0x78,0x20,0x2b,0x20,0x30,
    0x2e,0x35,0x29,0x2c,0x20,0x6d,0x69,0x78,0x28,0x73,0x6f,0x75,0x72,0x63,0x65,0x2e,
    0x79,0x2c,0x20,0x73,0x6f,0x75,0x72,0x63,0x65,0x2e,0x77,0x2c,0x20,0x30,0x2e,0x35,
    0x20,0x2d,0x20,0x63,0x6f,0x72,0x6e,0x65,0x72,0x5f,0x31,0x2e,0x79,0x29,0x29,0x3b,
    0x0a,0x20,0x20,0x20,0x20,0x63,0x6f,0x6c,0x6f,0x72,0x20,0x3d,0x20,0x74,0x69,0x6e,
    0x74,0x3b,0x0a,0x20,0x20,0x20,0x20,0x61,0x6c,0x70,0x68,0x61,0x5f,0x6d,0x6f,0x64,
    0x65,0x20,0x3d,0x20,0x75,0x70,0x5f,0x61,0x78,0x69,0x73,0x2e,0x77,0x3b,0x0a,0x7d,
    0x0a,0x0a,0x76,0x6f,0x69,0x64,0x20,0x6d,0x61,0x69,0x6e,0x28,0x29,0x0a,0x7b,0x0a,
    0x20,0x20,0x20,0x20,0x69,0x6e,0x74,0x20,0x5f,0x31,0x38,0x35,0x20,0x3d,0x20,0x69,
    0x6e,0x74,0x28,0x76,0x73,0x5f,0x62,0x61,0x74,0x63,0x68,0x5b,0x30,0x5d,0x2e,0x78,
    0x29,0x20,0x2b,0x20,0x67,0x6c,0x5f,0x49,0x6e,0x73,0x74,0x61,0x6e,0x63,0x65,0x49,
    0x44,0x3b,0x0a,0x20,0x20,0x20,0x20,0x69,0x6e,0x74,0x20,0x70,0x61,0x72,0x61,0x6d,
    0x20,0x3d,0x20,0x5f,0x31,0x38,0x35,0x3b,0x0a,0x20,0x20,0x20,0x20,0x69,0x6e,0x74,
    0x20,0x70,0x61,0x72,0x61,0x6d,0x5f,0x31,0x20,0x3d,0x20,0x30,0x3b,0x0a,0x20,0x20,
    0x20,0x20,0x69,0x6e,0x74,0x20,0x70,0x61,0x72,0x61,0x6d,0x5f,0x32,0x20,0x3d,0x20,
    0x5f,0x31,0x38,0x35,0x3b,0x0a,0x20,0x20,0x20,0x20,0x69,0x6e,0x74,0x20,0x70,0x61,
    0x72,0x61,0x6d,0x5f,0x33,0x20,0x3d,0x20,0x31,0x3b,0x0a,0x20,0x20,0x20,0x20,0x69,
    0x6e,0x74,0x20,0x70,0x61,0x72,0x61,0x6d,0x5f,0x34,0x20,0x3d,0x20,0x5f,0x31,0x38,
    0x35,0x3b,0x0a,0x20,0x20,0x20,0x20,0x69,0x6e,0x74,0x20,0x70,0x61,0x72,0x61,0x6d,
    0x5f,0x35,0x20,0x3d,0x20,0x32,0x3b,0x0a,0x20,0x20,0x20,0x20,0x69,0x6e,0x74,0x20,
    0x70,0x61,0x72,0x61,0x6d,0x5f,0x36,0x20,0x3d,0x20,0x5f,0x31,0x38,0x35,0x3b,0x0a,
    0x20,0x20,0x20,0x20,0x69,0x6e,0x74,0x20,0x70,0x61,0x72,0x61,0x6d,0x5f,0x37,0x20,
    0x3d,0x20,0x33,0x3b,0x0a,0x20,0x20,0x20,0x20,0x69,0x6e,0x74,0x20,0x70,0x61,0x72,
    0x61,0x6d,0x5f,0x38,0x20,0x3d,0x20,0x5f,0x31,0x38,0x35,0x3b,0x0a,0x20,0x20,0x20,
    0x20,0x69,0x6e,0x74,0x20,0x70,0x61,0x72,0x61,0x6d,0x5f,0x39,0x20,0x3d,0x20,0x34,
    0x3b,0x0a,0x20,0x20,0x20,0x20,0x69,0x6e,0x74,0x20,0x70,0x61,0x72,0x61,0x6d,0x5f,
    0x31,0x30,0x20,0x3d,0x20,0x5f,0x31,0x38,0x35,0x3b,0x0a,0x20,0x20,0x20,0x20,0x69,
    0x6e,0x74,0x20,0x70,0x61,0x72,0x61,0x6d,0x5f,0x31,0x31,0x20,0x3d,0x20,0x35,0x3b,
    0x0a,0x20,0x20,0x20,0x20,0x76,0x65,0x63,0x32,0x20,0x70,0x61,0x72,0x61,0x6d,0x5f,
    0x31,0x32,0x20,0x3d,0x20,0x63,0x6f,0x72,0x6e,0x65,0x72,0x3b,0x0a,0x20,0x20,0x20,
    0x20,0x76,0x65,0x63,0x34,0x20,0x70,0x61,0x72,0x61,0x6d,0x5f,0x31,0x33,0x20,0x3d,
    0x20,0x74,0x65,0x78,0x65,0x6c,0x28,0x70,0x61,0x72,0x61,0x6d,0x2c,0x20,0x70,0x61,
    0x72,0x61,0x6d,0x5f,0x31,0x29,0x3b,0x0a,0x20,0x20,0x20,0x20,0x76,0x65,0x63,0x34,
    0x20,0x70,0x61,0x72,0x61,0x6d,0x5f,0x31,0x34,0x20,0x3d,0x20,0x74,0x65,0x78,0x65,
    0x6c,0x28,0x70,0x61,0x72,0x61,0x6d,0x5f,0x32,0x2c,0x20,0x70,0x61,0x72,0x61,0x6d,
    0x5f,0x33,0x29,0x3b,0x0a,0x20,0x20,0x20,0x20,0x76,0x65,0x63,0x34,0x20,0x70,0x61,
    0x72,0x61,0x6d,0x5f,0x31,0x35,0x20,0x3d,0x20,0x74,0x65,0x78,0x65,0x6c,0x28,0x70,
    0x61,0x72,0x61,0x6d,0x5f,0x34,0x2c,0x20,0x70,0x61,0x72,0x61,0x6d,0x5f,0x35,0x29,
    0x3b,0x0a,0x20,0x20,0x20,0x20,0x76,0x65,0x63,0x33,0x20,0x70,0x61,0x72,0x61,0x6d,
    0x5f,0x31,0x36,0x20,0x3d,0x20,0x74,0x65,0x78,0x65,0x6c,0x28,0x70,0x61,0x72,0x61,
    0x6d,0x5f,0x36,0x2c,0x20,0x70,0x61,0x72,0x61,0x6d,0x5f,0x37,0x29,0x2e,0x78,0x79,
    0x7a,0x3b,0x0a,0x20,0x20,0x20,0x20,0x76,0x65,0x63,0x34,0x20,0x70,0x61,0x72,0x61,
    0x6d,0x5f,0x31,0x37,0x20,0x3d,0x20,0x74,0x65,0x78,0x65,0x6c,0x28,0x70,0x61,0x72,
    0x61,0x6d,0x5f,0x38,0x2c,0x20,0x70,0x61,0x72,0x61,0x6d,0x5f,0x39,0x29,0x3b,0x0a,
    0x20,0x20,0x20,0x20,0x76,0x65,0x63,0x34,0x20,0x70,0x61,0x72,0x61,0x6d,0x5f,0x31,
    0x38,0x20,0x3d,0x20,0x74,0x65,0x78,0x65,0x6c,0x28,0x70,0x61,0x72,0x61,0x6d,0x5f,
    0x31,0x30,0x2c,0x20,0x70,0x61,0x72,0x61,0x6d,0x5f,0x31,0x31,0x29,0x3b,0x0a,0x20,
    0x20,0x20,0x20,0x70,0x6c,0x61,0x63,0x65,0x28,0x70,0x61,0x72,0x61,0x6d,0x5f,0x31,
    0x32,0x2c,0x20,0x70,0x61,0x72,0x61,0x6d,0x5f,0x31,0x33,0x2c,0x20,0x70,0x61,0x72,
    0x61,0x6d,0x5f,0x31,0x34,0x2c,0x20,0x70,0x61,0x72,0x61,0x6d,0x5f,0x31,0x35,0x2c,
    0x20,0x70,0x61,0x72,0x61,0x6d,0x5f,0x31,0x36,0x2c,0x20,0x70,0x61,0x72,0x61,0x6d,
    0x5f,0x31,0x37,0x2c,0x20,0x70,0x61,0x72,0x61,0x6d,0x5f,0x31,0x38,0x29,0x3b,0x0a,
    0x7d,0x0a,0x0a,0x00,
};
#endif
/*
    #version 300 es

    vec4 _647;

    uniform vec4 particle_params[33];
    layout(location = 1) in vec4 born;
    layout(location = 2) in vec4 motion;
    out vec2 uv;
    out vec4 color;
    out float alpha_mode;
    layout(location = 3) in vec4 shape;
    layout(location = 0) in vec2 corner;

    float curve_key(vec4 lo, vec4 hi, int i)
    {
        vec4 q = mix(lo, hi, vec4(step(3.5, float(i))));
        return q[i % 4];
    }

    float size_value(int i)
    {
        vec4 param = particle_params[13];
        vec4 param_1 = particle_params[14];
        int param_2 = i;
        return curve_key(param, param_1, param_2);
    }

    float size_time(int i)
    {
        vec4 param = particle_params[11];
        vec4 param_1 = particle_params[12];
        int param_2 = i;
        return curve_key(param, param_1, param_2);
    }

    float size_at(float t)
    {
        int _108 = int(particle_params[7].x);
        int param = 0;
        float value = size_value(param);
        int param_1 = 0;
        float prev_t = size_time(param_1);
        float _145;
        for (int i = 1; i < 8; i++)
        {
            if ((i >= _108) || (t <= prev_t))
            {
                break;
            }
            int param_2 = i;
            float _137 = size_time(param_2);
            int param_3 = i;
            float _141 = size_value(param_3);
            if (t >= _137)
            {
                _145 = _141;
            }
            else
            {
                _145 = mix(value, _141, (t - prev_t) / max(_137 - prev_t, 9.9999999747524270787835121154785e-07));
            }
            value = _145;
            prev_t = _137;
        }
        return value;
    }

    float color_time(int i)
    {
        vec4 param = particle_params[15];
        vec4 param_1 = particle_params[16];
        int param_2 = i;
        return curve_key(param, param_1, param_2);
    }

    vec4 color_at(float t)
    {
        int _173 = int(particle_params[7].y);
        vec4 value = particle_params[17];
        int param = 0;
        float prev_t = color_time(param);
        vec4 _206;
        for (int i = 1; i < 8; i++)
        {
            if ((i >= _173) || (t <= prev_t))
            {
                break;
            }
            int param_1 = i;
            float _202 = color_time(param_1);
            if (t >= _202)
            {
                _206 = particle_params[i * 1 + 17];
            }
            else
            {
                _206 = mix(value, particle_params[i * 1 + 17], vec4((t - prev_t) / max(_202 - prev_t, 9.9999999747524270787835121154785e-07)));
            }
            value = _206;
            prev_t = _202;
        }
        return value;
    }

    void main()
    {
        float _244 = particle_params[6].w - born.w;
        float _250 = _244 / motion.w;
        if ((_244 < 0.0) || (_250 >= 1.0))
        {
            gl_Position = vec4(2.0, 2.0, 2.0, 1.0);
            uv = vec2(0.0);
            color = vec4(0.0);
            alpha_mode = 0.0;
            return;
        }
        vec3 pos;
        vec3 vel;
        if (particle_params[9].x > 9.9999997473787516355514526367188e-05)
        {
            vec3 _294 = particle_params[6].xyz / vec3(particle_params[9].x);
            float _300 = exp((-particle_params[9].x) * _244);
            vec3 _311 = motion.xyz - _294;
            pos = (born.xyz + (_294 * _244)) + (_311 * ((1.0 - _300) / particle_params[9].x));
            vel = _294 + (_311 * _300);
        }
        else
        {
            pos = (born.xyz + (motion.xyz * _244)) + (((particle_params[6].xyz * 0.5) * _244) * _244);
            vel = motion.xyz + (particle_params[6].xyz * _244);
        }
        float param = _250;
        float _360 = size_at(param) * shape.x;
        float along = _360;
        vec2 _376 = vec2(dot(vel, particle_params[4].xyz), dot(vel, particle_params[5].xyz));
        float _379 = length(_376);
        vec3 up;
        vec3 right;
        if ((particle_params[9].y > 0.0) && (_379 > 9.9999997473787516355514526367188e-06))
        {
            vec2 _393 = _376 / vec2(_379);
            float _399 = _393.x;
            float _405 = _393.y;
            vec3 _407 = (particle_params[4].xyz * _399) + (particle_params[5].xyz * _405);
            up = _407;
            right = (particle_params[4].xyz * _405) - (particle_params[5].xyz * _399);
            float _426 = _379 * particle_params[9].y;
            along = _360 + _426;
            pos -= (_407 * (_426 * 0.5));
        }
        else
        {
            float _444 = shape.z + (shape.y * _244);
            float _447 = cos(_444);
            float _450 = sin(_444);
            right = (particle_params[4].xyz * _447) - (particle_params[5].xyz * _450);
            up = (particle_params[4].xyz * _450) + (particle_params[5].xyz * _447);
        }
        gl_Position = mat4(particle_params[0], particle_params[1], particle_params[2], particle_params[3]) * vec4((pos + (right * (corner.x * _360))) + (up * (corner.y * along)), 1.0);
        vec4 cell = particle_params[8];
        if (particle_params[10].z > 1.5)
        {
            float _514;
            if (particle_params[10].w > 0.0)
            {
                _514 = mod(floor((_244 * particle_params[10].w) + (fract(shape.w * 7.309999942779541015625) * particle_params[10].z)), particle_params[10].z);
            }
            else
            {
                _514 = min(floor(_250 * particle_params[10].z), particle_params[10].z - 1.0);
            }
            vec2 _556 = (particle_params[8].zw - particle_params[8].xy) / particle_params[10].xy;
            vec2 _572 = particle_params[8].xy + (_556 * vec2(mod(_514, particle_params[10].x), floor(_514 / particle_params[10].x)));
            float _574 = _572.x;
            vec4 _634;
            _634.x = _574;
            _634.y = _572.y;
            cell = vec4(_574, _572.y, _634.xy + _556);
        }
        uv = vec2(mix(cell.x, cell.z, corner.x + 0.5), mix(cell.y, cell.w, 0.5 - corner.y));
        float param_1 = _250;
        color = color_at(param_1);
        int _608 = int(particle_params[7].w);
        if (_608 > 0)
        {
            color *= particle_params[min(int(shape.w * float(_608)), (_608 - 1)) * 1 + 25];
        }
        alpha_mode = particle_params[7].z;
    }

*/
#if defined(SOKOL_GLES3)
static const uint8_t sprite_vs_particle_source_glsl300es[5599] = {
    0x23,0x76,0x65,0x72,0x73,0x69,0x6f,0x6e,0x20,0x33,0x30,0x30,0x20,0x65,0x73,0x0a,
    0x0a,0x76,0x65,0x63,0x34,0x20,0x5f,0x36,0x34,0x37,0x3b,0x0a,0x0a,0x75,0x6e,0x69,
    0x66,0x6f,0x72,0x6d,0x20,0x76,0x65,0x63,0x34,0x20,0x70,0x61,0x72,0x74,0x69,0x63,
    0x6c,0x65,0x5f,0x70,0x61,0x72,0x61,0x6d,0x73,0x5b,0x33,0x33,0x5d,0x3b,0x0a,0x6c,
    0x61,0x79,0x6f,0x75,0x74,0x28,0x6c,0x6f,0x63,0x61,0x74,0x69,0x6f,0x6e,0x20,0x3d,
    0x20,0x31,0x29,0x20,0x69,0x6e,0x20,0x76,0x65,0x63,0x34,0x20,0x62,0x6f,0x72,0x6e,
    0x3b,0x0a,0x6c,0x61,0x79,0x6f,0x75,0x74,0x28,0x6c,0x6f,0x63,0x61,0x74,0x69,0x6f,
    0x6e,0x20,0x3d,0x20,0x32,0x29,0x20,0x69,0x6e,0x20,0x76,0x65,0x63,0x34,0x20,0x6d,
    0x6f,0x74,0x69,0x6f,0x6e,0x3b,0x0a,0x6f,0x75,0x74,0x20,0x76,0x65,0x63,0x32,0x20,
    0x75,0x76,0x3b,0x0a,0x6f,0x75,0x74,0x20,0x76,0x65,0x63,0x34,0x20,0x63,0x6f,0x6c,
    0x6f,0x72,0x3b,0x0a,0x6f,0x75,0x74,0x20,0x66,0x6c,0x6f,0x61,0x74,0x20,0x61,0x6c,
    0x70,0x68,0x61,0x5f,0x6d,0x6f,0x64,0x65,0x3b,0x0a,0x6c,0x61,0x79,0x6f,0x75,0x74,
    0x28,0x6c,0x6f,0x63,0x61,0x74,0x69,0x6f,0x6e,0x20,0x3d,0x20,0x33,0x29,0x20,0x69,
    0x6e,0x20,0x76,0x65,0x63,0x34,0x20,0x73,0x68,0x61,0x70,0x65,0x3b,0x0a,0x6c,0x61,
    0x79,0x6f,0x75,0x74,0x28,0x6c,0x6f,0x63,0x61,0x74,0x69,0x6f,0x6e,0x20,0x3d,0x20,
    0x30,0x29,0x20,0x69,0x6e,0x20,0x76,0x65,0x63,0x32,0x20,0x63,0x6f,0x72,0x6e,0x65,
    0x72,0x3b,0x0a,0x0a,0x66,0x6c,0x6f,0x61,0x74,0x20,0x63,0x75,0x72,0x76,0x65,0x5f,
    0x6b,0x65,0x79,0x28,0x76,0x65,0x63,0x34,0x20,0x6c,0x6f,0x2c,0x20,0x76,0x65,0x63,
    0x34,0x20,0x68,0x69,0x2c,0x20,0x69,0x6e,0x74,0x20,0x69,0x29,0x0a,0x7b,0x0a,0x20,
    0x20,0x20,0x20,0x76,0x65,0x63,0x34,0x20,0x71,0x20,0x3d,0x20,0x6d,0x69,0x78,0x28,
    0x6c,0x6f,0x2c,0x20,0x68,0x69,0x2c,0x20,0x76,0x65,0x63,0x34,0x28,0x73,0x74,0x65,
    0x70,0x28,0x33,0x2e,0x35,0x2c,0x20,0x66,0x6c,0x6f,0x61,0x74,0x28,0x69,0x29,0x29,
    0x29,0x29,0x3b,0x0a,0x20,0x20,0x20,0x20,0x72,0x65,0x74,0x75,0x72,0x6e,0x20,0x71,
    0x5b,0x69,0x20,0x25,0x20,0x34,0x5d,0x3b,0x0a,0x7d,0x0a,0x0a,0x66,0x6c,0x6f,0x61,
    0x74,0x20,0x73,0x69,0x7a,0x65,0x5f,0x76,0x61,0x6c,0x75,0x65,0x28,0x69,0x6e,0x74,
    0x20,0x69,0x29,0x0a,0x7b,0x0a,0x20,0x20,0x20,0x20,0x76,0x65,0x63,0x34,0x20,0x70,
    0x61,0x72,0x61,0x6d,0x20,0x3d,0x20,0x70,0x61,0x72,0x74,0x69,0x63,0x6c,0x65,0x5f,
    0x70,0x61,0x72,0x61,0x6d,0x73,0x5b,0x31,0x33,0x5d,0x3b,0x0a,0x20,0x20,0x20,0x20,
    0x76,0x65,0x63,0x34,0x20,0x70,0x61,0x72,0x61,0x6d,0x5f,0x31,0x20,0x3d,0x20,0x70,
    0x61,0x72,0x74,0x69,0x63,0x6c,0x65,0x5f,0x70,0x61,0x72,0x61,0x6d,0x73,0x5b,0x31,
    0x34,0x5d,0x3b,0x0a,0x20,0x20,0x20,0x20,0x69,0x6e,0x74,0x20,0x70,0x61,0x72,0x61,
    0x6d,0x5f,0x32,0x20,0x3d,0x20,0x69,0x3b,0x0a,0x20,0x20,0x20,0x20,0x72,0x65,0x74,
    0x75,0x72,0x6e,0x20,0x63,0x75,0x72,0x76,0x65,0x5f,0x6b,0x65,0x79,0x28,0x70,0x61,
    0x72,0x61,0x6d,0x2c,0x20,0x70,0x61,0x72,0x61,0x6d,0x5f,0x31,0x2c,0x20,0x70,0x61,
    0x72,0x61,0x6d,0x5f,0x32,0x29,0x3b,0x0a,0x7d,0x0a,0x0a,0x66,0x6c,0x6f,0x61,0x74,
    0x20,0x73,0x69,0x7a,0x65,0x5f,0x74,0x69,0x6d,0x65,0x28,0x69,0x6e,0x74,0x20,0x69,
    0x29,0x0a,0x7b,0x0a,0x20,0x20,0x20,0x20,0x76,0x65,0x63,0x34,0x20,0x70,0x61,0x72,
    0x61,0x6d,0x20,0x3d,0x20,0x70,0x61,0x72,0x74,0x69,0x63,0x6c,0x65,0x5f,0x70,0x61,
    0x72,0x61,0x6d,0x73,0x5b,0x31,0x31,0x5d,0x3b,0x0a,0x20,0x20,0x20,0x20,0x76,0x65,
    0x63,0x34,0x20,0x70,0x61,0x72,0x61,0x6d,0x5f,0x31,0x20,0x3d,0x20,0x70,0x61,0x72,
    0x74,0x69,0x63,0x6c,0x65,0x5f,0x70,0x61,0x72,0x61,0x6d,0x73,0x5b,0x31,0x32,0x5d,
    0x3b,0x0a,0x20,0x20,0x20,0x20,0x69,0x6e,0x74,0x20,0x70,0x61,0x72,0x61,0x6d,0x5f,
    0x32,0x20,0x3d,0x20,0x69,0x3b,0x0a,0x20,0x20,0x20,0x20,0x72,0x65,0x74,0x75,0x72,
    0x6e,0x20,0x63,0x75,0x72,0x76,0x65,0x5f,0x6b,0x65,0x79,0x28,0x70,0x61,0x72,0x61,
    0x6d,0x2c,0x20,0x70,0x61,0x72,0x61,0x6d,0x5f,0x31,0x2c,0x20,0x70,0x61,0x72,0x61,
    0x6d,0x5f,0x32,0x29,0x3b,0x0a,0x7d,0x0a,0x0a,0x66,0x6c,0x6f,0x61,0x74,0x20,0x73,
    0x69,0x7a,0x65,0x5f,0x61,0x74,0x28,0x66,0x6c,0x6f,0x61,0x74,0x20,0x74,0x29,0x0a,
    0x7b,0x0a,0x20,0x20,0x20,0x20,0x69,0x6e,0x74,0x20,0x5f,0x31,0x30,0x38,0x20,0x3d,
    0x20,0x69,0x6e,0x74,0x28,0x70,0x61,0x72,0x74,0x69,0x63,0x6c,0x65,0x5f,0x70,0x61,
    0x72,0x61,0x6d,0x73,0x5b,0x37,0x5d,0x2e,0x78,0x29,0x3b,0x0a,0x20,0x20,0x20,0x20,
    0x69,0x6e,0x74,0x20,0x70,0x61,0x72,0x61,0x6d,0x20,0x3d,0x20,0x30,0x3b,0x0a,0x20,
    0x20,0x20,0x20,0x66,0x6c,0x6f,0x61,0x74,0x20,0x76,0x61,0x6c,0x75,0x65,0x20,0x3d,
    0x20,0x73,0x69,0x7a,0x65,0x5f,0x76,0x61,0x6c,0x75,0x65,0x28,0x70,0x61,0x72,0x61,
    0x6d,0x29,0x3b,0x0a,0x20,0x20,0x20,0x20,0x69,0x6e,0x74,0x20,0x70,0x61,0x72,0x61,
    0x6d,0x5f,0x31,0x20,0x3d,0x20,0x30,0x3b,0x0a,0x20,0x20,0x20,0x20,0x66,0x6c,0x6f,
    0x61,0x74,0x20,0x70,0x72,0x65,0x76,0x5f,0x74,0x20,0x3d,0x20,0x73,0x69,0x7a,0x65,
    0x5f,0x74,0x69,0x6d,0x65,0x28,0x70,0x61,0x72,0x61,0x6d,0x5f,0x31,0x29,0x3b,0x0a,
    0x20,0x20,0x20,0x20,0x66,0x6c,0x6f,0x61,0x74,0x20,0x5f,0x31,0x34,0x35,0x3b,0x0a,
    0x20,0x20,0x20,0x20,0x66,0x6f,0x72,0x20,0x28,0x69,0x6e,0x74,0x20,0x69,0x20,0x3d,
    0x20,0x31,0x3b,0x20,0x69,0x20,0x3c,0x20,0x38,0x3b,0x20,0x69,0x2b,0x2b,0x29,0x0a,
    0x20,0x20,0x20,0x20,0x7b,0x0a,0x20,0x20,0x20,0x20,0x20,0x20,0x20,0x20,0x69,0x66,
    0x20,0x28,0x28,0x69,0x20,0x3e,0x3d,0x20,0x5f,0x31,0x30,0x38,0x29,0x20,0x7c,0x7c,
    0x20,0x28,0x74,0x20,0x3c,0x3d,0x20,0x70,0x72,0x65,0x76,0x5f,0x74,0x29,0x29,0x0a,
    0x20,0x20,0x20,0x20,0x20,0x20,0x20,0x20,0x7b,0x0a,0x20,0x20,0x20,0x20,0x20,0x20,
    0x20,0x20,0x20,0x20,0x20,0x20,0x62,0x72,0x65,0x61,0x6b,0x3b,0x0a,0x20,0x20,0x20,
    0x20,0x20,0x20,0x20,0x20,0x7d,0x0a,0x20,0x20,0x20,0x20,0x20,0x20,0x20,0x20,0x69,
    0x6e,0x74,0x20,0x70,0x61,0x72,0x61,0x6d,0x5f,0x32,0x20,0x3d,0x20,0x69,0x3b,0x0a,
    0x20,0x20,0x20,0x20,0x20,0x20,0x20,0x20,0x66,0x6c,0x6f,0x61,0x74,0x20,0x5f,0x31,
    0x33,0x37,0x20,0x3d,0x20,0x73,0x69,0x7a,0x65,0x5f,0x74,0x69,0x6d,0x65,0x28,0x70,
    0x61,0x72,0x61,0x6d,0x5f,0x32,0x29,0x3b,0x0a,0x20,0x20,0x20,0x20,0x20,0x20,0x20,
    0x20,0x69,0x6e,0x74,0x20,0x70,0x61,0x72,0x61,0x6d,0x5f,0x33,0x20,0x3d,0x20,0x69,
    0x3b,0x0a,0x20,0x20,0x20,0x20,0x20,0x20,0x20,0x20,0x66,0x6c,0x6f,0x61,0x74,0x20,
    0x5f,0x31,0x34,0x31,0x20,0x3d,0x20,0x73,0x69,0x7a,0x65,0x5f,0x76,0x61,0x6c,0x75,
    0x65,0x28,0x70,0x61,0x72,0x61,0x6d,0x5f,0x33,0x29,0x3b,0x0a,0x20,0x20,0x20,0x20,
    0x20,0x20,0x20,0x20,0x69,0x66,0x20,0x28,0x74,0x20,0x3e,0x3d,0x20,0x5f,0x31,0x33,
    0x37,0x29,0x0a,0x20,0x20,0x20,0x20,0x20,0x20,0x20,0x20,0x7b,0x0a,0x20,0x20,0x20,
    0x20,0x20,0x20,0x20,0x20,0x20,0x20,0x20,0x20,0x5f,0x31,0x34,0x35,0x20,0x3d,0x20,
    0x5f,0x31,0x34,0x31,0x3b,0x0a,0x20,0x20,0x20,0x20,0x20,0x20,0x20,0x20,0x7d,0x0a,
    0x20,0x20,0x20,0x20,0x20,0x20,0x20,0x20,0x65,0x6c,0x73,0x65,0x0a,0x20,0x20,0x20,
    0x20,0x20,0x20,0x20,0x20,0x7b,0x0a,0x20,0x20,0x20,0x20,0x20,0x20,0x20,0x20,0x20,
    0x20,0x20,0x20,0x5f,0x31,0x34,0x35,0x20,0x3d,0x20,0x6d,0x69,0x78,0x28,0x76,0x61,
    0x6c,0x75,0x65,0x2c,0x20,0x5f,0x31,0x34,0x31,0x2c,0x20,0x28,0x74,0x20,0x2d,0x20,
    0x70,0x72,0x65,0x76,0x5f,0x74,0x29,0x20,0x2f,0x20,0x6d,0x61,0x78,0x28,0x5f,0x31,
    0x33,0x37,0x20,0x2d,0x20,0x70,0x72,0x65,0x76,0x5f,0x74,0x2c,0x20,0x39,0x2e,0x39,
    0x39,0x39,0x39,0x39,0x39,0x39,0x37,0x34,0x37,0x35,0x32,0x34,0x32,0x37,0x30,0x37,
    0x38,0x37,0x38,0x33,0x35,0x31,0x32,0x31,0x31,0x35,0x34,0x37,0x38,0x35,0x65,0x2d,
    0x30,0x37,0x29,0x29,0x3b,0x0a,0x20,0x20,0x20,0x20,0x20,0x20,0x20,0x20,0x7d,0x0a,
    0x20,0x20,0x20,0x20,0x20,0x20,0x20,0x20,0x76,0x61,0x6c,0x75,0x65,0x20,0x3d,0x20,
    0x5f,0x31,0x34,0x35,0x3b,0x0a,0x20,0x20,0x20,0x20,0x20,0x20,0x20,0x20,0x70,0x72,
    0x65,0x76,0x5f,0x74,0x20,0x3d,0x20,0x5f,0x31,0x33,0x37,0x3b,0x0a,0x20,0x20,0x20,
    0x20,0x7d,0x0a,0x20,0x20,0x20,0x20,0x72,0x65,0x74,0x75,0x72,0x6e,0x20,0x76,0x61,
    0x6c,0x75,0x65,0x3b,0x0a,0x7d,0x0a,0x0a,0x66,0x6c,0x6f,0x61,0x74,0x20,0x63,0x6f,
    0x6c,0x6f,0x72,0x5f,0x74,0x69,0x6d,0x65,0x28,0x69,0x6e,0x74,0x20,0x69,0x29,0x0a,
    0x7b,0x0a,0x20,0x20,0x20,0x20,0x76,0x65,0x63,0x34,0x20,0x70,0x61,0x72,0x61,0x6d,
    0x20,0x3d,0x20,0x70,0x61,0x72,0x74,0x69,0x63,0x6c,0x65,0x5f,0x70,0x61,0x72,0x61,
    0x6d,0x73,0x5b,0x31,0x35,0x5d,0x3b,0x0a,0x20,0x20,0x20,0x20,0x76,0x65,0x63,0x34,
    0x20,0x70,0x61,0x72,0x61,0x6d,0x5f,0x31,0x20,0x3d,0x20,0x70,0x61,0x72,0x74,0x69,
    0x63,0x6c,0x65,0x5f,0x70,0x61,0x72,0x61,0x6d,0x73,0x5b,0x31,0x36,0x5d,0x3b,0x0a,
    0x20,0x20,0x20,0x20,0x69,0x6e,0x74,0x20,0x70,0x61,0x72,0x61,0x6d,0x5f,0x32,0x20,
    0x3d,0x20,0x69,0x3b,0x0a,0x20,0x20,0x20,0x20,0x72,0x65,0x74,0x75,0x72,0x6e,0x20,
    0x63,0x75,0x72,0x76,0x65,0x5f,0x6b,0x65,0x79,0x28,0x70,0x61,0x72,0x61,0x6d,0x2c,
    0x20,0x70,0x61,0x72,0x61,0x6d,0x5f,0x31,0x2c,0x20,0x70,0x61,0x72,0x61,0x6d,0x5f,
    0x32,0x29,0x3b,0x0a,0x7d,0x0a,0x0a,0x76,0x65,0x63,0x34,0x20,0x63,0x6f,0x6c,0x6f,
    0x72,0x5f,0x61,0x74,0x28,0x66,0x6c,0x6f,0x61,0x74,0x20,0x74,0x29,0x0a,0x7b,0x0a,
    0x20,0x20,0x20,0x20,0x69,0x6e,0x74,0x20,0x5f,0x31,0x37,0x33,0x20,0x3d,0x20,0x69,
    0x6e,0x74,0x28,0x70,0x61,0x72,0x74,0x69,0x63,0x6c,0x65,0x5f,0x70,0x61,0x72,0x61,
    0x6d,0x73,0x5b,0x37,0x5d,0x2e,0x79,0x29,0x3b,0x0a,0x20,0x20,0x20,0x20,0x76,0x65,
    0x63,0x34,0x20,0x76,0x61,0x6c,0x75,0x65,0x20,0x3d,0x20,0x70,0x61,0x72,0x74,0x69,
    0x63,0x6c,0x65,0x5f,0x70,0x61,0x72,0x61,0x6d,0x73,0x5b,0x31,0x37,0x5d,0x3b,0x0a,
    0x20,0x20,0x20,0x20,0x69,0x6e,0x74,0x20,0x70,0x61,0x72,0x61,0x6d,0x20,0x3d,0x20,
    0x30,0x3b,0x0a,0x20,0x20,0x20,0x20,0x66,0x6c,0x6f,0x61,0x74,0x20,0x70,0x72,0x65,
    0x76,0x5f,0x74,0x20,0x3d,0x20,0x63,0x6f,0x6c,0x6f,0x72,0x5f,0x74,0x69,0x6d,0x65,
    0x28,0x70,0x61,0x72,0x61,0x6d,0x29,0x3b,0x0a,0x20,0x20,0x20,0x20,0x76,0x65,0x63,
    0x34,0x20,0x5f,0x32,0x30,0x36,0x3b,0x0a,0x20,0x20,0x20,0x20,0x66,0x6f,0x72,0x20,
    0x28,0x69,0x6e,0x74,0x20,0x69,0x20,0x3d,0x20,0x31,0x3b,0x20,0x69,0x20,0x3c,0x20,
    0x38,0x3b,0x20,0x69,0x2b,0x2b,0x29,0x0a,0x20,0x20,0x20,0x20,0x7b,0x0a,0x20,0x20,
    0x20,0x20,0x20,0x20,0x20,0x20,0x69,0x66,0x20,0x28,0x28,0x69,0x20,0x3e,0x3d,0x20,
    0x5f,0x31,0x37,0x33,0x29,0x20,0x7c,0x7c,0x20,0x28,0x74,0x20,0x3c,0x3d,0x20,0x70,
    0x72,0x65,0x76,0x5f,0x74,0x29,0x29,0x0a,0x20,0x20,0x20,0x20,0x20,0x20,0x20,0x20,
    0x7b,0x0a,0x20,0x20,0x20,0x20,0x20,0x20,0x20,0x20,0x20,0x20,0x20,0x20,0x62,0x72,
    0x65,0x61,0x6b,0x3b,0x0a,0x20,0x20,0x20,0x20,0x20,0x20,0x20,0x20,0x7d,0x0a,0x20,
    0x20,0x20,0x20,0x20,0x20,0x20,0x20,0x69,0x6e,0x74,0x20,0x70,0x61,0x72,0x61,0x6d,
    0x5f,0x31,0x20,0x3d,0x20,0x69,0x3b,0x0a,0x20,0x20,0x20,0x20,0x20,0x20,0x20,0x20,
    0x66,0x6c,0x6f,0x61,0x74,0x20,0x5f,0x32,0x30,0x32,0x20,0x3d,0x20,0x63,0x6f,0x6c,
    0x6f,0x72,0x5f,0x74,0x69,0x6d,0x65,0x28,0x70,0x61,0x72,0x61,0x6d,0x5f,0x31,0x29,
    0x3b,0x0a,0x20,0x20,0x20,0x20,0x20,0x20,0x20,0x20,0x69,0x66,0x20,0x28,0x74,0x20,
    0x3e,0x3d,0x20,0x5f,0x32,0x30,0x32,0x29,0x0a,0x20,0x20,0x20,0x20,0x20,0x20,0x20,
    0x20,0x7b,0x0a,0x20,0x20,0x20,0x20,0x20,0x20,0x20,0x20,0x20,0x20,0x20,0x20,0x5f,
    0x32,0x30,0x36,0x20,0x3d,0x20,0x70,0x61,0x72,0x74,0x69,0x63,0x6c,0x65,0x5f,0x70,
    0x61,0x72,0x61,0x6d,0x73,0x5b,0x69,0x20,0x2a,0x20,0x31,0x20,0x2b,0x20,0x31,0x37,
    0x5d,0x3b,0x0a,0x20,0x20,0x20,0x20,0x20,0x20,0x20,0x20,0x7d,0x0a,0x20,0x20,0x20,
    0x20,0x20,0x20,0x20,0x20,0x65,0x6c,0x73,0x65,0x0a,0x20,0x20,0x20,0x20,0x20,0x20,
    0x20,0x20,0x7b,0x0a,0x20,0x20,0x20,0x20,0x20,0x20,0x20,0x20,0x20,0x20,0x20,0x20,
    0x5f,0x32,0x30,0x36,0x20,0x3d,0x20,0x6d,0x69,0x78,0x28,0x76,0x61,0x6c,0x75,0x65,
    0x2c,0x20,0x70,0x61,0x72,0x74,0x69,0x63,0x6c,0x65,0x5f,0x70,0x61,0x72,0x61,0x6d,
    0x73,0x5b,0x69,0x20,0x2a,0x20,0x31,0x20,0x2b,0x20,0x31,0x37,0x5d,0x2c,0x20,0x76,
    0x65,0x63,0x34,0x28,0x28,0x74,0x20,0x2d,0x20,0x70,0x72,0x65,0x76,0x5f,0x74,0x29,
    0x20,0x2f,0x20,0x6d,0x61,0x78,0x28,0x5f,0x32,0x30,0x32,0x20,0x2d,0x20,0x70,0x72,
    0x65,0x76,0x5f,0x74,0x2c,0x20,0x39,0x2e,0x39,0x39,0x39,0x39,0x39,0x39,0x39,0x37,
    0x34,0x37,0x35,0x32,0x34,0x32,0x37,0x30,0x37,0x38,0x37,0x38,0x33,0x35,0x31,0x32,
    0x31,0x31,0x35,0x34,0x37,0x38,0x35,0x65,0x2d,0x30,0x37,0x29,0x29,0x29,0x3b,0x0a,
    0x20,0x20,0x20,0x20,0x20,0x20,0x20,0x20,0x7d,0x0a,0x20,0x20,0x20,0x20,0x20,0x20,
    0x20,0x20,0x76,0x61,0x6c,0x75,0x65,0x20,0x3d,0x20,0x5f,0x32,0x30,0x36,0x3b,0x0a,
    0x20,0x20,0x20,0x20,0x20,0x20,0x20,0x20,0x70,0x72,0x65,0x76,0x5f,0x74,0x20,0x3d,
    0x20,0x5f,0x32,0x30,0x32,0x3b,0x0a,0x20,0x20,0x20,0x20,0x7d,0x0a,0x20,0x20,0x20,
    0x20,0x72,0x65,0x74,0x75,0x72,0x6e,0x20,0x76,0x61,0x6c,0x75,0x65,0x3b,0x0a,0x7d,
    0x0a,0x0a,0x76,0x6f,0x69,0x64,0x20,0x6d,0x61,0x69,0x6e,0x28,0x29,0x0a,0x7b,0x0a,
    0x20,0x20,0x20,0x20,0x66,0x6c,0x6f,0x61,0x74,0x20,0x5f,0x32,0x34,0x34,0x20,0x3d,
    0x20,0x70,0x61,0x72,0x74,0x69,0x63,0x6c,0x65,0x5f,0x70,0x61,0x72,0x61,0x6d,0x73,
    0x5b,0x36,0x5d,0x2e,0x77,0x20,0x2d,0x20,0x62,0x6f,0x72,0x6e,0x2e,0x77,0x3b,0x0a,
    0x20,0x20,0x20,0x20,0x66,0x6c,0x6f,0x61,0x74,0x20,0x5f,0x32,0x35,0x30,0x20,0x3d,
    0x20,0x5f,0x32,0x34,0x34,0x20,0x2f,0x20,0x6d,0x6f,0x74,0x69,0x6f,0x6e,0x2e,0x77,
    0x3b,0x0a,0x20,0x20,0x20,0x20,0x69,0x66,0x20,0x28,0x28,0x5f,0x32,0x34,0x34,0x20,
    0x3c,0x20,0x30,0x2e,0x30,0x29,0x20,0x7c,0x7c,0x20,0x28,0x5f,0x32,0x35,0x30,0x20,
    0x3e,0x3d,0x20,0x31,0x2e,0x30,0x29,0x29,0x0a,0x20,0x20,0x20,0x20,0x7b,0x0a,0x20,
    0x20,0x20,0x20,0x20,0x20,0x20,0x20,0x67,0x6c,0x5f,0x50,0x6f,0x73,0x69,0x74,0x69,
    0x6f,0x6e,0x20,0x3d,0x20,0x76,0x65,0x63,0x34,0x28,0x32,0x2e,0x30,0x2c,0x20,0x32,
    0x2e,0x30,0x2c,0x20,0x32,0x2e,0x30,0x2c,0x20,0x31,0x2e,0x30,0x29,0x3b,0x0a,0x20,
    0x20,0x20,0x20,0x20,0x20,0x20,0x20,0x75,0x76,0x20,0x3d,0x20,0x76,0x65,0x63,0x32,
    0x28,0x30,0x2e,0x30,0x29,0x3b,0x0a,0x20,0x20,0x20,0x20,0x20,0x20,0x20,0x20,0x63,
    0x6f,0x6c,0x6f,0x72,0x20,0x3d,0x20,0x76,0x65,0x63,0x34,0x28,0x30,0x2e,0x30,0x29,
    0x3b,0x0a,0x20,0x20,0x20,0x20,0x20,0x20,0x20,0x20,0x61,0x6c,0x70,0x68,0x61,0x5f,
    0x6d,0x6f,0x64,0x65,0x20,0x3d,0x20,0x30,0x2e,0x30,0x3b,0x0a,0x20,0x20,0x20,0x20,
    0x20,0x20,0x20,0x20,0x72,0x65,0x74,0x75,0x72,0x6e,0x3b,0x0a,0x20,0x20,0x20,0x20,
    0x7d,0x0a,0x20,0x20,0x20,0x20,0x76,0x65,0x63,0x33,0x20,0x70,0x6f,0x73,0x3b,0x0a,
    0x20,0x20,0x20,0x20,0x76,0x65,0x63,0x33,0x20,0x76,0x65,0x6c,0x3b,0x0a,0x20,0x20,
    0x20,0x20,0x69,0x66,0x20,0x28,0x70,0x61,0x72,0x74,0x69,0x63,0x6c,0x65,0x5f,0x70,
    0x61,0x72,0x61,0x6d,0x73,0x5b,0x39,0x5d,0x2e,0x78,0x20,0x3e,0x20,0x39,0x2e,0x39,
    0x39,0x39,0x39,0x39,0x39,0x37,0x34,0x37,0x33,0x37,0x38,0x37,0x35,0x31,0x36,0x33,
    0x35,0x35,0x35,0x31,0x34,0x35,0x32,0x36,0x33,0x36,0x37,0x31,0x38,0x38,0x65,0x2d,
    0x30,0x35,0x29,0x0a,0x20,0x20,0x20,0x20,0x7b,0x0a,0x20,0x20,0x20,0x20,0x20,0x20,
    0x20,0x20,0x76,0x65,0x63,0x33,0x20,0x5f,0x32,0x39,0x34,0x20,0x3d,0x20,0x70,0x61,
    0x72,0x74,0x69,0x63,0x6c,0x65,0x5f,0x70,0x61,0x72,0x61,0x6d,0x73,0x5b,0x36,0x5d,
    0x2e,0x78,0x79,0x7a,0x20,0x2f,0x20,0x76,0x65,0x63,0x33,0x28,0x70,0x61,0x72,0x74,
    0x69,0x63,0x6c,0x65,0x5f,0x70,0x61,0x72,0x61,0x6d,0x73,0x5b,0x39,0x5d,0x2e,0x78,
    0x29,0x3b,0x0a,0x20,0x20,0x20,0x20,0x20,0x20,0x20,0x20,0x66,0x6c,0x6f,0x61,0x74,
    0x20,0x5f,0x33,0x30,0x30,0x20,0x3d,0x20,0x65,0x78,0x70,0x28,0x28,0x2d,0x70,0x61,
    0x72,0x74,0x69,0x63,0x6c,0x65,0x5f,0x70,0x61,0x72,0x61,0x6d,0x73,0x5b,0x39,0x5d,
    0x2e,0x78,0x29,0x20,0x2a,0x20,0x5f,0x32,0x34,0x34,0x29,0x3b,0x0a,0x20,0x20,0x20,
    0x20,0x20,0x20,0x20,0x20,0x76,0x65,0x63,0x33,0x20,0x5f,0x33,0x31,0x31,0x20,0x3d,
    0x20,0x6d,0x6f,0x74,0x69,0x6f,0x6e,0x2e,0x78,0x79,0x7a,0x20,0x2d,0x20,0x5f,0x32,
    0x39,0x34,0x3b,0x0a,0x20,0x20,0x20,0x20,0x20,0x20,0x20,0x20,0x70,0x6f,0x73,0x20,
    0x3d,0x20,0x28,0x62,0x6f,0x72,0x6e,0x2e,0x78,0x79,0x7a,0x20,0x2b,0x20,0x28,0x5f,
    0x32,0x39,0x34,0x20,0x2a,0x20,0x5f,0x32,0x34,0x34,0x29,0x29,0x20,0x2b,0x20,0x28,
    0x5f,0x33,0x31,0x31,0x20,0x2a,0x20,0x28,0x28,0x31,0x2e,0x30,0x20,0x2d,0x20,0x5f,
    0x33,0x30,0x30,0x29,0x20,0x2f,0x20,0x70,0x61,0x72,0x74,0x69,0x63,0x6c,0x65,0x5f,
    0x70,0x61,0x72,0x61,0x6d,0x73,0x5b,0x39,0x5d,0x2e,0x78,0x29,0x29,0x3b,0x0a,0x20,
    0x20,0x20,0x20,0x20,0x20,0x20,0x20,0x76,0x65,0x6c,0x20,0x3d,0x20,0x5f,0x32,0x39,
    0x34,0x20,0x2b,0x20,0x28,0x5f,0x33,0x31,0x31,0x20,0x2a,0x20,0x5f,0x33,0x30,0x30,
    0x29,0x3b,0x0a,0x20,0x20,0x20,0x20,0x7d,0x0a,0x20,0x20,0x20,0x20,0x65,0x6c,0x73,
    0x65,0x0a,0x20,0x20,0x20,0x20,0x7b,0x0a,0x20,0x20,0x20,0x20,0x20,0x20,0x20,0x20,
    0x70,0x6f,0x73,0x20,0x3d,0x20,0x28,0x62,0x6f,0x72,0x6e,0x2e,0x78,0x79,0x7a,0x20,
    0x2b,0x20,0x28,0x6d,0x6f,0x74,0x69,0x6f,0x6e,0x2e,0x78,0x79,0x7a,0x20,0x2a,0x20,
    0x5f,0x32,0x34,0x34,0x29,0x29,0x20,0x2b,0x20,0x28,0x28,0x28,0x70,0x61,0x72,0x74,
    0x69,0x63,0x6c,0x65,0x5f,0x70,0x61,0x72,0x61,0x6d,0x73,0x5b,0x36,0x5d,0x2e,0x78,
    0x79,0x7a,0x20,0x2a,0x20,0x30,0x2e,0x35,0x29,0x20,0x2a,0x20,0x5f,0x32,0x34,0x34,
    0x29,0x20,0x2a,0x20,0x5f,0x32,0x34,0x34,0x29,0x3b,0x0a,0x20,0x20,0x20,0x20,0x20,
    0x20,0x20,0x20,0x76,0x65,0x6c,0x20,0x3d,0x20,0x6d,0x6f,0x74,0x69,0x6f,0x6e,0x2e,
    0x78,0x79,0x7a,0x20,0x2b,0x20,0x28,0x70,0x61,0x72,0x74,0x69,0x63,0x6c,0x65,0x5f,
    0x70,0x61,0x72,0x61,0x6d,0x73,0x5b,0x36,0x5d,0x2e,0x78,0x79,0x7a,0x20,0x2a,0x20,
    0x5f,0x32,0x34,0x34,0x29,0x3b,0x0a,0x20,0x20,0x20,0x20,0x7d,0x0a,0x20,0x20,0x20,
    0x20,0x66,0x6c,0x6f,0x61,0x74,0x20,0x70,0x61,0x72,0x61,0x6d,0x20,0x3d,0x20,0x5f,
    0x32,0x35,0x30,0x3b,0x0a,0x20,0x20,0x20,0x20,0x66,0x6c,0x6f,0x61,0x74,0x20,0x5f,
    0x33,0x36,0x30,0x20,0x3d,0x20,0x73,0x69,0x7a,0x65,0x5f,0x61,0x74,0x28,0x70,0x61,
    0x72,0x61,0x6d,0x29,0x20,0x2a,0x20,0x73,0x68,0x61,0x70,0x65,0x2e,0x78,0x3b,0x0a,
    0x20,0x20,0x20,0x20,0x66,0x6c,0x6f,0x61,0x74,0x20,0x61,0x6c,0x6f,0x6e,0x67,0x20,
    0x3d,0x20,0x5f,0x33,0x36,0x30,0x3b,0x0a,0x20,0x20,0x20,0x20,0x76,0x65,0x63,0x32,
    0x20,0x5f,0x33,0x37,0x36,0x20,0x3d,0x20,0x76,0x65,0x63,0x32,0x28,0x64,0x6f,0x74,
    0x28,0x76,0x65,0x6c,0x2c,0x20,0x70,0x61,0x72,0x74,0x69,0x63,0x6c,0x65,0x5f,0x70,
    0x61,0x72,0x61,0x6d,0x73,0x5b,0x34,0x5d,0x2e,0x78,0x79,0x7a,0x29,0x2c,0x20,0x64,
    0x6f,0x74,0x28,0x76,0x65,0x6c,0x2c,0x20,0x70,0x61,0x72,0x74,0x69,0x63,0x6c,0x65,
    0x5f,0x70,0x61,0x72,0x61,0x6d,0x73,0x5b,0x35,0x5d,0x2e,0x78,0x79,0x7a,0x29,0x29,
    0x3b,0x0a,0x20,0x20,0x20,0x20,0x66,0x6c,0x6f,0x61,0x74,0x20,0x5f,0x33,0x37,0x39,
    0x20,0x3d,0x20,0x6c,0x65,0x6e,0x67,0x74,0x68,0x28,0x5f,0x33,0x37,0x36,0x29,0x3b,
    0x0a,0x20,0x20,0x20,0x20,0x76,0x65,0x63,0x33,0x20,0x75,0x70,0x3b,0x0a,0x20,0x20,
    0x20,0x20,0x76,0x65,0x63,0x33,0x20,0x72,0x69,0x67,0x68,0x74,0x3b,0x0a,0x20,0x20,
    0x20,0x20,0x69,0x66,0x20,0x28,0x28,0x70,0x61,0x72,0x74,0x69,0x63,0x6c,0x65,0x5f,
    0x70,0x61,0x72,0x61,0x6d,0x73,0x5b,0x39,0x5d,0x2e,0x79,0x20,0x3e,0x20,0x30,0x2e,
    0x30,0x29,0x20,0x26,0x26,0x20,0x28,0x5f,0x33,0x37,0x39,0x20,0x3e,0x20,0x39,0x2e,
    0x39,0x39,0x39,0x39,0x39,0x39,0x37,0x34,0x37,0x33,0x37,0x38,0x37,0x35,0x31,0x36,
    0x33,0x35,0x35,0x35,0x31,0x34,0x35,0x32,0x36,0x33,0x36,0x37,0x31,0x38,0x38,0x65,
    0x2d,0x30,0x36,0x29,0x29,0x0a,0x20,0x20,0x20,0x20,0x7b,0x0a,0x20,0x20,0x20,0x20,
    0x20,0x20,0x20,0x20,0x76,0x65,0x63,0x32,0x20,0x5f,0x33,0x39,0x33,0x20,0x3d,0x20,
    0x5f,0x33,0x37,0x36,0x20,0x2f,0x20,0x76,0x65,0x63,0x32,0x28,0x5f,0x33,0x37,0x39,
    0x29,0x3b,0x0a,0x20,0x20,0x20,0x20,0x20,0x20,0x20,0x20,0x66,0x6c,0x6f,0x61,0x74,
    0x20,0x5f,0x33,0x39,0x39,0x20,0x3d,0x20,0x5f,0x33,0x39,0x33,0x2e,0x78,0x3b,0x0a,
    0x20,0x20,0x20,0x20,0x20,0x20,0x20,0x20,0x66,0x6c,0x6f,0x61,0x74,0x20,0x5f,0x34,
    0x30,0x35,0x20,0x3d,0x20,0x5f,0x33,0x39,0x33,0x2e,0x79,0x3b,0x0a,0x20,0x20,0x20,
    0x20,0x20,0x20,0x20,0x20,0x76,0x65,0x63,0x33,0x20,0x5f,0x34,0x30,0x37,0x20,0x3d,
    0x20,0x28,0x70,0x61,0x72,0x74,0x69,0x63,0x6c,0x65,0x5f,0x70,0x61,0x72,0x61,0x6d,
    0x73,0x5b,0x34,0x5d,0x2e,0x78,0x79,0x7a,0x20,0x2a,0x20,0x5f,0x33,0x39,0x39,0x29,
    0x20,0x2b,0x20,0x28,0x70,0x61,0x72,0x74,0x69,0x63,0x6c,0x65,0x5f,0x70,0x61,0x72,
    0x61,0x6d,0x73,0x5b,0x35,0x5d,0x2e,0x78,0x79,0x7a,0x20,0x2a,0x20,0x5f,0x34,0x30,
    0x35,0x29,0x3b,0x0a,0x20,0x20,0x20,0x20,0x20,0x20,0x20,0x20,0x75,0x70,0x20,0x3d,
    0x20,0x5f,0x34,0x30,0x37,0x3b,0x0a,0x20,0x20,0x20,0x20,0x20,0x20,0x20,0x20,0x72,
    0x69,0x67,0x68,0x74,0x20,0x3d,0x20,0x28,0x70,0x61,0x72,0x74,0x69,0x63,0x6c,0x65,
    0x5f,0x70,0x61,0x72,0x61,0x6d,0x73,0x5b,0x34,0x5d,0x2e,0x78,0x79,0x7a,0x20,0x2a,
    0x20,0x5f,0x34,0x30,0x35,0x29,0x20,0x2d,0x20,0x28,0x70,0x61,0x72,0x74,0x69,0x63,
    0x6c,0x65,0x5f,0x70,0x61,0x72,0x61,0x6d,0x73,0x5b,0x35,0x5d,0x2e,0x78,0x79,0x7a,
    0x20,0x2a,0x20,0x5f,0x33,0x39,0x39,0x29,0x3b,0x0a,0x20,0x20,0x20,0x20,0x20,0x20,
    0x20,0x20,0x66,0x6c,0x6f,0x61,0x74,0x20,0x5f,0x34,0x32,0x36,0x20,0x3d,0x20,0x5f,
    0x33,0x37,0x39,0x20,0x2a,0x20,0x70,0x61,0x72,0x74,0x69,0x63,0x6c,0x65,0x5f,0x70,
    0x61,0x72,0x61,0x6d,0x73,0x5b,0x39,0x5d,0x2e,0x79,0x3b,0x0a,0x20,0x20,0x20,0x20,
    0x20,0x20,0x20,0x20,0x61,0x6c,0x6f,0x6e,0x67,0x20,0x3d,0x20,0x5f,0x33,0x36,0x30,
    0x20,0x2b,0x20,0x5f,0x34,0x32,0x36,0x3b,0x0a,0x20,0x20,0x20,0x20,0x20,0x20,0x20,
    0x20,0x70,0x6f,0x73,0x20,0x2d,0x3d,0x20,0x28,0x5f,0x34,0x30,0x37,0x20,0x2a,0x20,
    0x28,0x5f,0x34,0x32,0x36,0x20,0x2a,0x20,0x30,0x2e,0x35,0x29,0x29,0x3b,0x0a,0x20,
    0x20,0x20,0x20,0x7d,0x0a,0x20,0x20,0x20,0x20,0x65,0x6c,0x73,0x65,0x0a,0x20,0x20,
    0x20,0x20,0x7b,0x0a,0x20,0x20,0x20,0x20,0x20,0x20,0x20,0x20,0x66,0x6c,0x6f,0x61,
    0x74,0x20,0x5f,0x34,0x34,0x34,0x20,0x3d,0x20,0x73,0x68,0x61,0x70,0x65,0x2e,0x7a,
    0x20,0x2b,0x20,0x28,0x73,0x68,0x61,0x70,0x65,0x2e,0x79,0x20,0x2a,0x20,0x5f,0x32,
    0x34,0x34,0x29,0x3b,0x0a,0x20,0x20,0x20,0x20,0x20,0x20,0x20,0x20,0x66,0x6c,0x6f,
    0x61,0x74,0x20,0x5f,0x34,0x34,0x37,0x20,0x3d,0x20,0x63,0x6f,0x73,0x28,0x5f,0x34,
    0x34,0x34,0x29,0x3b,0x0a,0x20,0x20,0x20,0x20,0x20,0x20,0x20,0x20,0x66,0x6c,0x6f,
    0x61,0x74,0x20,0x5f,0x34,0x35,0x30,0x20,0x3d,0x20,0x73,0x69,0x6e,0x28,0x5f,0x34,
    0x34,0x34,0x29,0x3b,0x0a,0x20,0x20,0x20,0x20,0x20,0x20,0x20,0x20,0x72,0x69,0x67,
    0x68,0x74,0x20,0x3d,0x20,0x28,0x70,0x61,0x72,0x74,0x69,0x63,0x6c,0x65,0x5f,0x70,
    0x61,0x72,0x61,0x6d,0x73,0x5b,0x34,0x5d,0x2e,0x78,0x79,0x7a,0x20,0x2a,0x20,0x5f,
    0x34,0x34,0x37,0x29,0x20,0x2d,0x20,0x28,0x70,0x61,0x72,0x74,0x69,0x63,0x6c,0x65,
    0x5f,0x70,0x61,0x72,0x61,0x6d,0x73,0x5b,0x35,0x5d,0x2e,0x78,0x79,0x7a,0x20,0x2a,
    0x20,0x5f,0x34,0x35,0x30,0x29,0x3b,0x0a,0x20,0x20,0x20,0x20,0x20,0x20,0x20,0x20,
    0x75,0x70,0x20,0x3d,0x20,0x28,0x70,0x61,0x72,0x74,0x69,0x63,0x6c,0x65,0x5f,0x70,
    0x61,0x72,0x61,0x6d,0x73,0x5b,0x34,0x5d,0x2e,0x78,0x79,0x7a,0x20,0x2a,0x20,0x5f,
    0x34,0x35,0x30,0x29,0x20,0x2b,0x20,0x28,0x70,0x61,0x72,0x74,0x69,0x63,0x6c,0x65,
    0x5f,0x70,0x61,0x72,0x61,0x6d,0x73,0x5b,0x35,0x5d,0x2e,0x78,0x79,0x7a,0x20,0x2a,
    0x20,0x5f,0x34,0x34,0x37,0x29,0x3b,0x0a,0x20,0x20,0x20,0x20,0x7d,0x0a,0x20,0x20,
    0x20,0x20,0x67,0x6c,0x5f,0x50,0x6f,0x73,0x69,0x74,0x69,0x6f,0x6e,0x20,0x3d,0x20,
    0x6d,0x61,0x74,0x34,0x28,0x70,0x61,0x72,0x74,0x69,0x63,0x6c,0x65,0x5f,0x70,0x61,
    0x72,0x61,0x6d,0x73,0x5b,0x30,0x5d,0x2c,0x20,0x70,0x61,0x72,0x74,0x69,0x63,0x6c,
    0x65,0x5f,0x70,0x61,0x72,0x61,0x6d,0x73,0x5b,0x31,0x5d,0x2c,0x20,0x70,0x61,0x72,
    0x74,0x69,0x63,0x6c,0x65,0x5f,0x70,0x61,0x72,0x61,0x6d,0x73,0x5b,0x32,0x5d,0x2c,
    0x20,0x70,0x61,0x72,0x74,0x69,0x63,0x6c,0x65,0x5f,0x70,0x61,0x72,0x61,0x6d,0x73,
    0x5b,0x33,0x5d,0x29,0x20,0x2a,0x20,0x76,0x65,0x63,0x34,0x28,0x28,0x70,0x6f,0x73,
    0x20,0x2b,0x20,0x28,0x72,0x69,0x67,0x68,0x74,0x20,0x2a,0x20,0x28,0x63,0x6f,0x72,
    0x6e,0x65,0x72,0x2e,0x78,0x20,0x2a,0x20,0x5f,0x33,0x36,0x30,0x29,0x29,0x29,0x20,
    0x2b,0x20,0x28,0x75,0x70,0x20,0x2a,0x20,0x28,0x63,0x6f,0x72,0x6e,0x65,0x72,0x2e,
    0x79,0x20,0x2a,0x20,0x61,0x6c,0x6f,0x6e,0x67,0x29,0x29,0x2c,0x20,0x31,0x2e,0x30,
    0x29,0x3b,0x0a,0x20,0x20,0x20,0x20,0x76,0x65,0x63,0x34,0x20,0x63,0x65,0x6c,0x6c,
    0x20,0x3d,0x20,0x70,0x61,0x72,0x74,0x69,0x63,0x6c,0x65,0x5f,0x70,0x61,0x72,0x61,
    0x6d,0x73,0x5b,0x38,0x5d,0x3b,0x0a,0x20,0x20,0x20,0x20,0x69,0x66,0x20,0x28,0x70,
    0x61,0x72,0x74,0x69,0x63,0x6c,0x65,0x5f,0x70,0x61,0x72,0x61,0x6d,0x73,0x5b,0x31,
    0x30,0x5d,0x2e,0x7a,0x20,0x3e,0x20,0x31,0x2e,0x35,0x29,0x0a,0x20,0x20,0x20,0x20,
    0x7b,0x0a,0x20,0x20,0x20,0x20,0x20,0x20,0x20,0x20,0x66,0x6c,0x6f,0x61,0x74,0x20,
    0x5f,0x35,0x31,0x34,0x3b,0x0a,0x20,0x20,0x20,0x20,0x20,0x20,0x20,0x20,0x69,0x66,
    0x20,0x28,0x70,0x61,0x72,0x74,0x69,0x63,0x6c,0x65,0x5f,0x70,0x61,0x72,0x61,0x6d,
    0x73,0x5b,0x31,0x30,0x5d,0x2e,0x77,0x20,0x3e,0x20,0x30,0x2e,0x30,0x29,0x0a,0x20,
    0x20,0x20,0x20,0x20,0x20,0x20,0x20,0x7b,0x0a,0x20,0x20,0x20,0x20,0x20,0x20,0x20,
    0x20,0x20,0x20,0x20,0x20,0x5f,0x35,0x31,0x34,0x20,0x3d,0x20,0x6d,0x6f,0x64,0x28,
    0x66,0x6c,0x6f,0x6f,0x72,0x28,0x28,0x5f,0x32,0x34,0x34,0x20,0x2a,0x20,0x70,0x61,
    0x72,0x74,0x69,0x63,0x6c,0x65,0x5f,0x70,0x61,0x72,0x61,0x6d,0x73,0x5b,0x31,0x30,
    0x5d,0x2e,0x77,0x29,0x20,0x2b,0x20,0x28,0x66,0x72,0x61,0x63,0x74,0x28,0x73,0x68,
    0x61,0x70,0x65,0x2e,0x77,0x20,0x2a,0x20,0x37,0x2e,0x33,0x30,0x39,0x39,0x39,0x39,
    0x39,0x34,0x32,0x37,0x37,0x39,0x35,0x34,0x31,0x30,0x31,0x35,0x36,0x32,0x35,0x29,
    0x20,0x2a,0x20,0x70,0x61,0x72,0x74,0x69,0x63,0x6c,0x65,0x5f,0x70,0x61,0x72,0x61,
    0x6d,0x73,0x5b,0x31,0x30,0x5d,0x2e,0x7a,0x29,0x29,0x2c,0x20,0x70,0x61,0x72,0x74,
    0x69,0x63,0x6c,0x65,0x5f,0x70,0x61,0x72,0x61,0x6d,0x73,0x5b,0x31,0x30,0x5d,0x2e,
    0x7a,0x29,0x3b,0x0a,0x20,0x20,0x20,0x20,0x20,0x20,0x20,0x20,0x7d,0x0a,0x20,0x20,
    0x20,0x20,0x20,0x20,0x20,0x20,0x65,0x6c,0x73,0x65,0x0a,0x20,0x20,0x20,0x20,0x20,
    0x20,0x20,0x20,0x7b,0x0a,0x20,0x20,0x20,0x20,0x20,0x20,0x20,0x20,0x20,0x20,0x20,
    0x20,0x5f,0x35,0x31,0x34,0x20,0x3d,0x20,0x6d,0x69,0x6e,0x28,0x66,0x6c,0x6f,0x6f,
    0x72,0x28,0x5f,0x32,0x35,0x30,0x20,0x2a,0x20,0x70,0x61,0x72,0x74,0x69,0x63,0x6c,
    0x65,0x5f,0x70,0x61,0x72,0x61,0x6d,0x73,0x5b,0x31,0x30,0x5d,0x2e,0x7a,0x29,0x2c,
    0x20,0x70,0x61,0x72,0x74,0x69,0x63,0x6c,0x65,0x5f,0x70,0x61,0x72,0x61,0x6d,0x73,
    0x5b,0x31,0x30,0x5d,0x2e,0x7a,0x20,0x2d,0x20,0x31,0x2e,0x30,0x29,0x3b,0x0a,0x20,
    0x20,0x20,0x20,0x20,0x20,0x20,0x20,0x7d,0x0a,0x20,0x20,0x20,0x20,0x20,0x20,0x20,
    0x20,0x76,0x65,0x63,0x32,0x20,0x5f,0x35,0x35,0x36,0x20,0x3d,0x20,0x28,0x70,0x61,
    0x72,0x74,0x69,0x63,0x6c,0x65,0x5f,0x70,0x61,0x72,0x61,0x6d,0x73,0x5b,0x38,0x5d,
    0x2e,0x7a,0x77,0x20,0x2d,0x20,0x70,0x61,0x72,0x74,0x69,0x63,0x6c,0x65,0x5f,0x70,
    0x61,0x72,0x61,0x6d,0x73,0x5b,0x38,0x5d,0x2e,0x78,0x79,0x29,0x20,0x2f,0x20,0x70,
    0x61,0x72,0x74,0x69,0x63,0x6c,0x65,0x5f,0x70,0x61,0x72,0x61,0x6d,0x73,0x5b,0x31,
    0x30,0x5d,0x2e,0x78,0x79,0x3b,0x0a,0x20,0x20,0x20,0x20,0x20,0x20,0x20,0x20,0x76,
    0x65,0x63,0x32,0x20,0x5f,0x35,0x37,0x32,0x20,0x3d,0x20,0x70,0x61,0x72,0x74,0x69,
    0x63,0x6c,0x65,0x5f,0x70,0x61,0x72,0x61,0x6d,0x73,0x5b,0x38,0x5d,0x2e,0x78,0x79,
    0x20,0x2b,0x20,0x28,0x5f,0x35,0x35,0x36,0x20,0x2a,0x20,0x76,0x65,0x63,0x32,0x28,
    0x6d,0x6f,0x64,0x28,0x5f,0x35,0x31,0x34,0x2c,0x20,0x70,0x61,0x72,0x74,0x69,0x63,
    0x6c,0x65,0x5f,0x70,0x61,0x72,0x61,0x6d,0x73,0x5b,0x31,0x30,0x5d,0x2e,0x78,0x29,
    0x2c,0x20,0x66,0x6c,0x6f,0x6f,0x72,0x28,0x5f,0x35,0x31,0x34,0x20,0x2f,0x20,0x70,
    0x61,0x72,0x74,0x69,0x63,0x6c,0x65,0x5f,0x70,0x61,0x72,0x61,0x6d,0x73,0x5b,0x31,
    0x30,0x5d,0x2e,0x78,0x29,0x29,0x29,0x3b,0x0a,0x20,0x20,0x20,0x20,0x20,0x20,0x20,
    0x20,0x66,0x6c,0x6f,0x61,0x74,0x20,0x5f,0x35,0x37,0x34,0x20,0x3d,0x20,0x5f,0x35,
    0x37,0x32,0x2e,0x78,0x3b,0x0a,0x20,0x20,0x20,0x20,0x20,0x20,0x20,0x20,0x76,0x65,
    0x63,0x34,0x20,0x5f,0x36,0x33,0x34,0x3b,0x0a,0x20,0x20,0x20,0x20,0x20,0x20,0x20,
    0x20,0x5f,0x36,0x33,0x34,0x2e,0x78,0x20,0x3d,0x20,0x5f,0x35,0x37,0x34,0x3b,0x0a,
    0x20,0x20,0x20,0x20,0x20,0x20,0x20,0x20,0x5f,0x36,0x33,0x34,0x2e,0x79,0x20,0x3d,
    0x20,0x5f,0x35,0x37,0x32,0x2e,0x79,0x3b,0x0a,0x20,0x20,0x20,0x20,0x20,0x20,0x20,
    0x20,0x63,0x65,0x6c,0x6c,0x20,0x3d,0x20,0x76,0x65,0x63,0x34,0x28,0x5f,0x35,0x37,
    0x34,0x2c,0x20,0x5f,0x35,0x37,0x32,0x2e,0x79,0x2c,0x20,0x5f,0x36,0x33,0x34,0x2e,
    0x78,0x79,0x20,0x2b,0x20,0x5f,0x35,0x35,0x36,0x29,0x3b,0x0a,0x20,0x20,0x20,0x20,
    0x7d,0x0a,0x20,0x20,0x20,0x20,0x75,0x76,0x20,0x3d,0x20,0x76,0x65,0x63,0x32,0x28,
    0x6d,0x69,0x78,0x28,0x63,0x65,0x6c,0x6c,0x2e,0x78,0x2c,0x20,0x63,0x65,0x6c,0x6c,
    0x2e,0x7a,0x2c,0x20,0x63,0x6f,0x72,0x6e,0x65,0x72,0x2e,0x78,0x20,0x2b,0x20,0x30,
    0x2e,0x35,0x29,0x2c,0x20,0x6d,0x69,0x78,0x28,0x63,0x65,0x6c,0x6c,0x2e,0x79,0x2c,
    0x20,0x63,0x65,0x6c,0x6c,0x2e,0x77,0x2c,0x20,0x30,0x2e,0x35,0x20,0x2d,0x20,0x63,
    0x6f,0x72,0x6e,0x65,0x72,0x2e,0x79,0x29,0x29,0x3b,0x0a,0x20,0x20,0x20,0x20,0x66,
    0x6c,0x6f,0x61,0x74,0x20,0x70,0x61,0x72,0x61,0x6d,0x5f,0x31,0x20,0x3d,0x20,0x5f,
    0x32,0x35,0x30,0x3b,0x0a,0x20,0x20,0x20,0x20,0x63,0x6f,0x6c,0x6f,0x72,0x20,0x3d,
    0x20,0x63,0x6f,0x6c,0x6f,0x72,0x5f,0x61,0x74,0x28,0x70,0x61,0x72,0x61,0x6d,0x5f,
    0x31,0x29,0x3b,0x0a,0x20,0x20,0x20,0x20,0x69,0x6e,0x74,0x20,0x5f,0x36,0x30,0x38,
    0x20,0x3d,0x20,0x69,0x6e,0x74,0x28,0x70,0x61,0x72,0x74,0x69,0x63,0x6c,0x65,0x5f,
    0x70,0x61,0x72,0x61,0x6d,0x73,0x5b,0x37,0x5d,0x2e,0x77,0x29,0x3b,0x0a,0x20,0x20,
    0x20,0x20,0x69,0x66,0x20,0x28,0x5f,0x36,0x30,0x38,0x20,0x3e,0x20,0x30,0x29,0x0a,
    0x20,0x20,0x20,0x20,0x7b,0x0a,0x20,0x20,0x20,0x20,0x20,0x20,0x20,0x20,0x63,0x6f,
    0x6c,0x6f,0x72,0x20,0x2a,0x3d,0x20,0x70,0x61,0x72,0x74,0x69,0x63,0x6c,0x65,0x5f,
    0x70,0x61,0x72,0x61,0x6d,0x73,0x5b,0x6d,0x69,0x6e,0x28,0x69,0x6e,0x74,0x28,0x73,
    0x68,0x61,0x70,0x65,0x2e,0x77,0x20,0x2a,0x20,0x66,0x6c,0x6f,0x61,0x74,0x28,0x5f,
    0x36,0x30,0x38,0x29,0x29,0x2c,0x20,0x28,0x5f,0x36,0x30,0x38,0x20,0x2d,0x20,0x31,
    0x29,0x29,0x20,0x2a,0x20,0x31,0x20,0x2b,0x20,0x32,0x35,0x5d,0x3b,0x0a,0x20,0x20,
    0x20,0x20,0x7d,0x0a,0x20,0x20,0x20,0x20,0x61,0x6c,0x70,0x68,0x61,0x5f,0x6d,0x6f,
    0x64,0x65,0x20,0x3d,0x20,0x70,0x61,0x72,0x74,0x69,0x63,0x6c,0x65,0x5f,0x70,0x61,
    0x72,0x61,0x6d,0x73,0x5b,0x37,0x5d,0x2e,0x7a,0x3b,0x0a,0x7d,0x0a,0x0a,0x00,
};
#endif
/*
    #version 300 es
    precision mediump float;
    precision highp int;

    uniform highp sampler2D tex_smp;

    layout(location = 0) out highp vec4 frag_color;
    in highp vec2 uv;
    in highp vec4 color;
    in highp float alpha_mode;

    void main()
    {
        frag_color = texture(tex_smp, uv) * color;
        bool _34 = alpha_mode > 0.0;
        bool _44;
        if (_34)
        {
            _44 = frag_color.w < alpha_mode;
        }
        else
        {
            _44 = _34;
        }
        if (_44)
        {
            discard;
        }
        if (alpha_mode != 0.0)
        {
            frag_color.w = 1.0;
        }
    }

*/
#if defined(SOKOL_GLES3)
static const uint8_t sprite_fs_source_glsl300es[539] = {
    0x23,0x76,0x65,0x72,0x73,0x69,0x6f,0x6e,0x20,0x33,0x30,0x30,0x20,0x65,0x73,0x0a,
    0x70,0x72,0x65,0x63,0x69,0x73,0x69,0x6f,0x6e,0x20,0x6d,0x65,0x64,0x69,0x75,0x6d,
    0x70,0x20,0x66,0x6c,0x6f,0x61,0x74,0x3b,0x0a,0x70,0x72,0x65,0x63,0x69,0x73,0x69,
    0x6f,0x6e,0x20,0x68,0x69,0x67,0x68,0x70,0x20,0x69,0x6e,0x74,0x3b,0x0a,0x0a,0x75,
    0x6e,0x69,0x66,0x6f,0x72,0x6d,0x20,0x68,0x69,0x67,0x68,0x70,0x20,0x73,0x61,0x6d,
    0x70,0x6c,0x65,0x72,0x32,0x44,0x20,0x74,0x65,0x78,0x5f,0x73,0x6d,0x70,0x3b,0x0a,
    0x0a,0x6c,0x61,0x79,0x6f,0x75,0x74,0x28,0x6c,0x6f,0x63,0x61,0x74,0x69,0x6f,0x6e,
    0x20,0x3d,0x20,0x30,0x29,0x20,0x6f,0x75,0x74,0x20,0x68,0x69,0x67,0x68,0x70,0x20,
    0x76,0x65,0x63,0x34,0x20,0x66,0x72,0x61,0x67,0x5f,0x63,0x6f,0x6c,0x6f,0x72,0x3b,
    0x0a,0x69,0x6e,0x20,0x68,0x69,0x67,0x68,0x70,0x20,0x76,0x65,0x63,0x32,0x20,0x75,
    0x76,0x3b,0x0a,0x69,0x6e,0x20,0x68,0x69,0x67,0x68,0x70,0x20,0x76,0x65,0x63,0x34,
    0x20,0x63,0x6f,0x6c,0x6f,0x72,0x3b,0x0a,0x69,0x6e,0x20,0x68,0x69,0x67,0x68,0x70,
    0x20,0x66,0x6c,0x6f,0x61,0x74,0x20,0x61,0x6c,0x70,0x68,0x61,0x5f,0x6d,0x6f,0x64,
    0x65,0x3b,0x0a,0x0a,0x76,0x6f,0x69,0x64,0x20,0x6d,0x61,0x69,0x6e,0x28,0x29,0x0a,
    0x7b,0x0a,0x20,0x20,0x20,0x20,0x66,0x72,0x61,0x67,0x5f,0x63,0x6f,0x6c,0x6f,0x72,
    0x20,0x3d,0x20,0x74,0x65,0x78,0x74,0x75,0x72,0x65,0x28,0x74,0x65,0x78,0x5f,0x73,
    0x6d,0x70,0x2c,0x20,0x75,0x76,0x29,0x20,0x2a,0x20,0x63,0x6f,0x6c,0x6f,0x72,0x3b,
    0x0a,0x20,0x20,0x20,0x20,0x62,0x6f,0x6f,0x6c,0x20,0x5f,0x33,0x34,0x20,0x3d,0x20,
    0x61,0x6c,0x70,0x68,0x61,0x5f,0x6d,0x6f,0x64,0x65,0x20,0x3e,0x20,0x30,0x2e,0x30,
    0x3b,0x0a,0x20,0x20,0x20,0x20,0x62,0x6f,0x6f,0x6c,0x20,0x5f,0x34,0x34,0x3b,0x0a,
    0x20,0x20,0x20,0x20,0x69,0x66,0x20,0x28,0x5f,0x33,0x34,0x29,0x0a,0x20,0x20,0x20,
    0x20,0x7b,0x0a,0x20,0x20,0x20,0x20,0x20,0x20,0x20,0x20,0x5f,0x34,0x34,0x20,0x3d,
    0x20,0x66,0x72,0x61,0x67,0x5f,0x63,0x6f,0x6c,0x6f,0x72,0x2e,0x77,0x20,0x3c,0x20,
    0x61,0x6c,0x70,0x68,0x61,0x5f,0x6d,0x6f,0x64,0x65,0x3b,0x0a,0x20,0x20,0x20,0x20,
    0x7d,0x0a,0x20,0x20,0x20,0x20,0x65,0x6c,0x73,0x65,0x0a,0x20,0x20,0x20,0x20,0x7b,
    0x0a,0x20,0x20,0x20,0x20,0x20,0x20,0x20,0x20,0x5f,0x34,0x34,0x20,0x3d,0x20,0x5f,
    0x33,0x34,0x3b,0x0a,0x20,0x20,0x20,0x20,0x7d,0x0a,0x20,0x20,0x20,0x20,0x69,0x66,
    0x20,0x28,0x5f,0x34,0x34,0x29,0x0a,0x20,0x20,0x20,0x20,0x7b,0x0a,0x20,0x20,0x20,
    0x20,0x20,0x20,0x20,0x20,0x64,0x69,0x73,0x63,0x61,0x72,0x64,0x3b,0x0a,0x20,0x20,
    0x20,0x20,0x7d,0x0a,0x20,0x20,0x20,0x20,0x69,0x66,0x20,0x28,0x61,0x6c,0x70,0x68,
    0x61,0x5f,0x6d,0x6f,0x64,0x65,0x20,0x21,0x3d,0x20,0x30,0x2e,0x30,0x29,0x0a,0x20,
    0x20,0x20,0x20,0x7b,0x0a,0x20,0x20,0x20,0x20,0x20,0x20,0x20,0x20,0x66,0x72,0x61,
    0x67,0x5f,0x63,0x6f,0x6c,0x6f,0x72,0x2e,0x77,0x20,0x3d,0x20,0x31,0x2e,0x30,0x3b,
    0x0a,0x20,0x20,0x20,0x20,0x7d,0x0a,0x7d,0x0a,0x0a,0x00,
};
#endif
/*
    #version 300 es

    uniform vec4 vs_params[7];
    out vec3 v_world_pos;
    out vec3 v_normal;
    out vec4 v_tangent;
    out vec2 v_uv0;
    out vec2 v_uv1;
    out vec4 v_color;
    out float v_alpha_mode;
    layout(location = 0) in vec2 corner;
    layout(location = 1) in vec4 inst_pos;
    layout(location = 2) in vec4 inst_size;
    layout(location = 3) in vec4 inst_uv;
    layout(location = 4) in vec3 inst_right;
    layout(location = 5) in vec4 inst_up;
    layout(location = 6) in vec4 inst_color;

    vec3 srgb_to_linear(vec3 c)
    {
        return mix(c * vec3(0.077399380505084991455078125), pow((max(c, vec3(0.040449999272823333740234375)) + vec3(0.054999999701976776123046875)) * vec3(0.947867333889007568359375), vec3(2.400000095367431640625)), step(vec3(0.040449999272823333740234375), c));
    }

    void place_lit(vec2 corner_1, vec4 pos, vec4 size, vec4 source, vec3 right_axis, vec4 up_axis, vec4 tint)
    {
        vec3 right = right_axis;
        vec3 up = up_axis.xyz;
        if (pos.w < 0.5)
        {
            right = vs_params[4].xyz;
            up = vs_params[5].xyz;
        }
        else
        {
            if (pos.w < 1.5)
            {
                right = vs_params[6].xyz;
                up = vec3(0.0, 1.0, 0.0);
            }
        }
        vec3 _131 = (pos.xyz + (right * (((corner_1.x + 0.5) - size.z) * size.x))) + (up * (((corner_1.y - 0.5) + size.w) * size.y));
        gl_Position = mat4(vs_params[0], vs_params[1], vs_params[2], vs_params[3]) * vec4(_131, 1.0);
        v_world_pos = _131;
        v_normal = cross(right, up);
        v_tangent = vec4(right, 1.0);
        v_uv0 = vec2(mix(source.x, source.z, corner_1.x + 0.5), mix(source.y, source.w, 0.5 - corner_1.y));
        v_uv1 = v_uv0;
        vec3 param = tint.xyz;
        v_color = vec4(srgb_to_linear(param), tint.w);
        v_alpha_mode = up_axis.w;
    }

    void main()
    {
        vec2 param = corner;
        vec4 param_1 = inst_pos;
        vec4 param_2 = inst_size;
        vec4 param_3 = inst_uv;
        vec3 param_4 = inst_right;
        vec4 param_5 = inst_up;
        vec4 param_6 = inst_color;
        place_lit(param, param_1, param_2, param_3, param_4, param_5, param_6);
    }

*/
#if defined(SOKOL_GLES3)
static const uint8_t sprite_vs_lit_source_glsl300es[1999] = {
    0x23,0x76,0x65,0x72,0x73,0x69,0x6f,0x6e,0x20,0x33,0x30,0x30,0x20,0x65,0x73,0x0a,
    0x0a,0x75,0x6e,0x69,0x66,0x6f,0x72,0x6d,0x20,0x76,0x65,0x63,0x34,0x20,0x76,0x73,
    0x5f,0x70,0x61,0x72,0x61,0x6d,0x73,0x5b,0x37,0x5d,0x3b,0x0a,0x6f,0x75,0x74,0x20,
    0x76,0x65,0x63,0x33,0x20,0x76,0x5f,0x77,0x6f,0x72,0x6c,0x64,0x5f,0x70,0x6f,0x73,
    0x3b,0x0a,0x6f,0x75,0x74,0x20,0x76,0x65,0x63,0x33,0x20,0x76,0x5f,0x6e,0x6f,0x72,
    0x6d,0x61,0x6c,0x3b,0x0a,0x6f,0x75,0x74,0x20,0x76,0x65,0x63,0x34,0x20,0x76,0x5f,
    0x74,0x61,0x6e,0x67,0x65,0x6e,0x74,0x3b,0x0a,0x6f,0x75,0x74,0x20,0x76,0x65,0x63,
    0x32,0x20,0x76,0x5f,0x75,0x76,0x30,0x3b,0x0a,0x6f,0x75,0x74,0x20,0x76,0x65,0x63,
    0x32,0x20,0x76,0x5f,0x75,0x76,0x31,0x3b,0x0a,0x6f,0x75,0x74,0x20,0x76,0x65,0x63,
    0x34,0x20,0x76,0x5f,0x63,0x6f,0x6c,0x6f,0x72,0x3b,0x0a,0x6f,0x75,0x74,0x20,0x66,
    0x6c,0x6f,0x61,0x74,0x20,0x76,0x5f,0x61,0x6c,0x70,0x68,0x61,0x5f,0x6d,0x6f,0x64,
    0x65,0x3b,0x0a,0x6c,0x61,0x79,0x6f,0x75,0x74,0x28,0x6c,0x6f,0x63,0x61,0x74,0x69,
    0x6f,0x6e,0x20,0x3d,0x20,0x30,0x29,0x20,0x69,0x6e,0x20,0x76,0x65,0x63,0x32,0x20,
    0x63,0x6f,0x72,0x6e,0x65,0x72,0x3b,0x0a,0x6c,0x61,0x79,0x6f,0x75,0x74,0x28,0x6c,
    0x6f,0x63,0x61,0x74,0x69,0x6f,0x6e,0x20,0x3d,0x20,0x31,0x29,0x20,0x69,0x6e,0x20,
    0x76,0x65,0x63,0x34,0x20,0x69,0x6e,0x73,0x74,0x5f,0x70,0x6f,0x73,0x3b,0x0a,0x6c,
    0x61,0x79,0x6f,0x75,0x74,0x28,0x6c,0x6f,0x63,0x61,0x74,0x69,0x6f,0x6e,0x20,0x3d,
    0x20,0x32,0x29,0x20,0x69,0x6e,0x20,0x76,0x65,0x63,0x34,0x20,0x69,0x6e,0x73,0x74,
    0x5f,0x73,0x69,0x7a,0x65,0x3b,0x0a,0x6c,0x61,0x79,0x6f,0x75,0x74,0x28,0x6c,0x6f,
    0x63,0x61,0x74,0x69,0x6f,0x6e,0x20,0x3d,0x20,0x33,0x29,0x20,0x69,0x6e,0x20,0x76,
    0x65,0x63,0x34,0x20,0x69,0x6e,0x73,0x74,0x5f,0x75,0x76,0x3b,0x0a,0x6c,0x61,0x79,
    0x6f,0x75,0x74,0x28,0x6c,0x6f,0x63,0x61,0x74,0x69,0x6f,0x6e,0x20,0x3d,0x20,0x34,
    0x29,0x20,0x69,0x6e,0x20,0x76,0x65,0x63,0x33,0x20,0x69,0x6e,0x73,0x74,0x5f,0x72,
    0x69,0x67,0x68,0x74,0x3b,0x0a,0x6c,0x61,0x79,0x6f,0x75,0x74,0x28,0x6c,0x6f,0x63,
    0x61,0x74,0x69,0x6f,0x6e,0x20,0x3d,0x20,0x35,0x29,0x20,0x69,0x6e,0x20,0x76,0x65,
    0x63,0x34,0x20,0x69,0x6e,0x73,0x74,0x5f,0x75,0x70,0x3b,0x0a,0x6c,0x61,0x79,0x6f,
    0x75,0x74,0x28,0x6c,0x6f,0x63,0x61,0x74,0x69,0x6f,0x6e,0x20,0x3d,0x20,0x36,0x29,
    0x20,0x69,0x6e,0x20,0x76,0x65,0x63,0x34,0x20,0x69,0x6e,0x73,0x74,0x5f,0x63,0x6f,
    0x6c,0x6f,0x72,0x3b,0x0a,0x0a,0x76,0x65,0x63,0x33,0x20,0x73,0x72,0x67,0x62,0x5f,
    0x74,0x6f,0x5f,0x6c,0x69,0x6e,0x65,0x61,0x72,0x28,0x76,0x65,0x63,0x33,0x20,0x63,
    0x29,0x0a,0x7b,0x0a,0x20,0x20,0x20,0x20,0x72,0x65,0x74,0x75,0x72,0x6e,0x20,0x6d,
    0x69,0x78,0x28,0x63,0x20,0x2a,0x20,0x76,0x65,0x63,0x33,0x28,0x30,0x2e,0x30,0x37,
    0x37,0x33,0x39,0x39,0x33,0x38,0x30,0x35,0x30,0x35,0x30,0x38,0x34,0x39,0x39,0x31,
    0x34,0x35,0x35,0x30,0x37,0x38,0x31,0x32,0x35,0x29,0x2c,0x20,0x70,0x6f,0x77,0x28,
    0x28,0x6d,0x61,0x78,0x28,0x63,0x2c,0x20,0x76,0x65,0x63,0x33,0x28,0x30,0x2e,0x30,
    0x34,0x30,0x34,0x34,0x39,0x39,0x39,0x39,0x32,0x37,0x32,0x38,0x32,0x33,0x33,0x33,
    0x33,0x37,0x34,0x30,0x32,0x33,0x34,0x33,0x37,0x35,0x29,0x29,0x20,0x2b,0x20,0x76,
    0x65,0x63,0x33,0x28,0x30,0x2e,0x30,0x35,0x34,0x39,0x39,0x39,0x39,0x39,0x39,0x37,
    0x30,0x31,0x39,0x37,0x36,0x37,0x37,0x36,0x31,0x32,0x33,0x30,0x34,0x36,0x38,0x37,
    0x35,0x29,0x29,0x20,0x2a,0x20,0x76,0x65,0x63,0x33,0x28,0x30,0x2e,0x39,0x34,0x37,
    0x38,0x36,0x37,0x33,0x33,0x33,0x38,0x38,0x39,0x30,0x30,0x37,0x35,0x36,0x38,0x33,
    0x35,0x39,0x33,0x37,0x35,0x29,0x2c,0x20,0x76,0x65,0x63,0x33,0x28,0x32,0x2e,0x34,
    0x30,0x30,0x30,0x30,0x30,0x30,0x39,0x35,0x33,0x36,0x37,0x34,0x33,0x31,0x36,0x34,
    0x30,0x36,0x32,0x35,0x29,0x29,0x2c,0x20,0x73,0x74,0x65,0x70,0x28,0x76,0x65,0x63,
    0x33,0x28,0x30,0x2e,0x30,0x34,0x30,0x34,0x34,0x39,0x39,0x39,0x39,0x32,0x37,0x32,
    0x38,0x32,0x33,0x33,0x33,0x33,0x37,0x34,0x30,0x32,0x33,0x34,0x33,0x37,0x35,0x29,
    0x2c,0x20,0x63,0x29,0x29,0x3b,0x0a,0x7d,0x0a,0x0a,0x76,0x6f,0x69,0x64,0x20,0x70,
    0x6c,0x61,0x63,0x65,0x5f,0x6c,0x69,0x74,0x28,0x76,0x65,0x63,0x32,0x20,0x63,0x6f,
    0x72,0x6e,0x65,0x72,0x5f,0x31,0x2c,0x20,0x76,0x65,0x63,0x34,0x20,0x70,0x6f,0x73,
    0x2c,0x20,0x76,0x65,0x63,0x34,0x20,0x73,0x69,0x7a,0x65,0x2c,0x20,0x76,0x65,0x63,
    0x34,0x20,0x73,0x6f,0x75,0x72,0x63,0x65,0x2c,0x20,0x76,0x65,0x63,0x33,0x20,0x72,
    0x69,0x67,0x68,0x74,0x5f,0x61,0x78,0x69,0x73,0x2c,0x20,0x76,0x65,0x63,0x34,0x20,
    0x75,0x70,0x5f,0x61,0x78,0x69,0x73,0x2c,0x20,0x76,0x65,0x63,0x34,0x20,0x74,0x69,
    0x6e,0x74,0x29,0x0a,0x7b,0x0a,0x20,0x20,0x20,0x20,0x76,0x65,0x63,0x33,0x20,0x72,
    0x69,0x67,0x68,0x74,0x20,0x3d,0x20,0x72,0x69,0x67,0x68,0x74,0x5f,0x61,0x78,0x69,
    0x73,0x3b,0x0a,0x20,0x20,0x20,0x20,0x76,0x65,0x63,0x33,0x20,0x75,0x70,0x20,0x3d,
    0x20,0x75,0x70,0x5f,0x61,0x78,0x69,0x73,0x2e,0x78,0x79,0x7a,0x3b,0x0a,0x20,0x20,
    0x20,0x20,0x69,0x66,0x20,0x28,0x70,0x6f,0x73,0x2e,0x77,0x20,0x3c,0x20,0x30,0x2e,
    0x35,0x29,0x0a,0x20,0x20,0x20,0x20,0x7b,0x0a,0x20,0x20,0x20,0x20,0x20,0x20,0x20,
    0x20,0x72,0x69,0x67,0x68,0x74,0x20,0x3d,0x20,0x76,0x73,0x5f,0x70,0x61,0x72,0x61,
    0x6d,0x73,0x5b,0x34,0x5d,0x2e,0x78,0x79,0x7a,0x3b,0x0a,0x20,0x20,0x20,0x20,0x20,
    0x20,0x20,0x20,0x75,0x70,0x20,0x3d,0x20,0x76,0x73,0x5f,0x70,0x61,0x72,0x61,0x6d,
    0x73,0x5b,0x35,0x5d,0x2e,0x78,0x79,0x7a,0x3b,0x0a,0x20,0x20,0x20,0x20,0x7d,0x0a,
    0x20,0x20,0x20,0x20,0x65,0x6c,0x73,0x65,0x0a,0x20,0x20,0x20,0x20,0x7b,0x0a,0x20,
    0x20,0x20,0x20,0x20,0x20,0x20,0x20,0x69,0x66,0x20,0x28,0x70,0x6f,0x73,0x2e,0x77,
    0x20,0x3c,0x20,0x31,0x2e,0x35,0x29,0x0a,0x20,0x20,0x20,0x20,0x20,0x20,0x20,0x20,
    0x7b,0x0a,0x20,0x20,0x20,0x20,0x20,0x20,0x20,0x20,0x20,0x20,0x20,0x20,0x72,0x69,
    0x67,0x68,0x74,0x20,0x3d,0x20,0x76,0x73,0x5f,0x70,0x61,0x72,0x61,0x6d,0x73,0x5b,
    0x36,0x5d,0x2e,0x78,0x79,0x7a,0x3b,0x0a,0x20,0x20,0x20,0x20,0x20,0x20,0x20,0x20,
    0x20,0x20,0x20,0x20,0x75,0x70,0x20,0x3d,0x20,0x76,0x65,0x63,0x33,0x28,0x30,0x2e,
    0x30,0x2c,0x20,0x31,0x2e,0x30,0x2c,0x20,0x30,0x2e,0x30,0x29,0x3b,0x0a,0x20,0x20,
    0x20,0x20,0x20,0x20,0x20,0x20,0x7d,0x0a,0x20,0x20,0x20,0x20,0x7d,0x0a,0x20,0x20,
    0x20,0x20,0x76,0x65,0x63,0x33,0x20,0x5f,0x31,0x33,0x31,0x20,0x3d,0x20,0x28,0x70,
    0x6f,0x73,0x2e,0x78,0x79,0x7a,0x20,0x2b,0x20,0x28,0x72,0x69,0x67,0x68,0x74,0x20,
    0x2a,0x20,0x28,0x28,0x28,0x63,0x6f,0x72,0x6e,0x65,0x72,0x5f,0x31,0x2e,0x78,0x20,
    0x2b,0x20,0x30,0x2e,0x35,0x29,0x20,0x2d,0x20,0x73,0x69,0x7a,0x65,0x2e,0x7a,0x29,
    0x20,0x2a,0x20,0x73,0x69,0x7a,0x65,0x2e,0x78,0x29,0x29,0x29,0x20,0x2b,0x20,0x28,
    0x75,0x70,0x20,0x2a,0x20,0x28,0x28,0x28,0x63,0x6f,0x72,0x6e,0x65,0x72,0x5f,0x31,
    0x2e,0x79,0x20,0x2d,0x20,0x30,0x2e,0x35,0x29,0x20,0x2b,0x20,0x73,0x69,0x7a,0x65,
    0x2e,0x77,0x29,0x20,0x2a,0x20,0x73,0x69,0x7a,0x65,0x2e,0x79,0x29,0x29,0x3b,0x0a,
    0x20,0x20,0x20,0x20,0x67,0x6c,0x5f,0x50,0x6f,0x73,0x69,0x74,0x69,0x6f,0x6e,0x20,
    0x3d,0x20,0x6d,0x61,0x74,0x34,0x28,0x76,0x73,0x5f,0x70,0x61,0x72,0x61,0x6d,0x73,
    0x5b,0x30,0x5d,0x2c,0x20,0x76,0x73,0x5f,0x70,0x61,0x72,0x61,0x6d,0x73,0x5b,0x31,
    0x5d,0x2c,0x20,0x76,0x73,0x5f,0x70,0x61,0x72,0x61,0x6d,0x73,0x5b,0x32,0x5d,0x2c,
    0x20,0x76,0x73,0x5f,0x70,0x61,0x72,0x61,0x6d,0x73,0x5b,0x33,0x5d,0x29,0x20,0x2a,
    0x20,0x76,0x65,0x63,0x34,0x28,0x5f,0x31,0x33,0x31,0x2c,0x20,0x31,0x2e,0x30,0x29,
    0x3b,0x0a,0x20,0x20,0x20,0x20,0x76,0x5f,0x77,0x6f,0x72,0x6c,0x64,0x5f,0x70,0x6f,
    0x73,0x20,0x3d,0x20,0x5f,0x31,0x33,0x31,0x3b,0x0a,0x20,0x20,0x20,0x20,0x76,0x5f,
    0x6e,0x6f,0x72,0x6d,0x61,0x6c,0x20,0x3d,0x20,0x63,0x72,0x6f,0x73,0x73,0x28,0x72,
    0x69,0x67,0x68,0x74,0x2c,0x20,0x75,0x70,0x29,0x3b,0x0a,0x20,0x20,0x20,0x20,0x76,
    0x5f,0x74,0x61,0x6e,0x67,0x65,0x6e,0x74,0x20,0x3d,0x20,0x76,0x65,0x63,0x34,0x28,
    0x72,0x69,0x67,0x68,0x74,0x2c,0x20,0x31,0x2e,0x30,0x29,0x3b,0x0a,0x20,0x20,0x20,
    0x20,0x76,0x5f,0x75,0x76,0x30,0x20,0x3d,0x20,0x76,0x65,0x63,0x32,0x28,0x6d,0x69,
    0x78,0x28,0x73,0x6f,0x75,0x72,0x63,0x65,0x2e,0x78,0x2c,0x20,0x73,0x6f,0x75,0x72,
    0x63,0x65,0x2e,0x7a,0x2c,0x20,0x63,0x6f,0x72,0x6e,0x65,0x72,0x5f,0x31,0x2e,0x78,
    0x20,0x2b,0x20,0x30,0x2e,0x35,0x29,0x2c,0x20,0x6d,0x69,0x78,0x28,0x73,0x6f,0x75,
    0x72,0x63,0x65,0x2e,0x79,0x2c,0x20,0x73,0x6f,0x75,0x72,0x63,0x65,0x2e,0x77,0x2c,
    0x20,0x30,0x2e,0x35,0x20,0x2d,0x20,0x63,0x6f,0x72,0x6e,0x65,0x72,0x5f,0x31,0x2e,
    0x79,0x29,0x29,0x3b,0x0a,0x20,0x20,0x20,0x20,0x76,0x5f,0x75,0x76,0x31,0x20,0x3d,
    0x20,0x76,0x5f,0x75,0x76,0x30,0x3b,0x0a,0x20,0x20,0x20,0x20,0x76,0x65,0x63,0x33,
    0x20,0x70,0x61,0x72,0x61,0x6d,0x20,0x3d,0x20,0x74,0x69,0x6e,0x74,0x2e,0x78,0x79,
    0x7a,0x3b,0x0a,0x20,0x20,0x20,0x20,0x76,0x5f,0x63,0x6f,0x6c,0x6f,0x72,0x20,0x3d,
    0x20,0x76,0x65,0x63,0x34,0x28,0x73,0x72,0x67,0x62,0x5f,0x74,0x6f,0x5f,0x6c,0x69,
    0x6e,0x65,0x61,0x72,0x28,0x70,0x61,0x72,0x61,0x6d,0x29,0x2c,0x20,0x74,0x69,0x6e,
    0x74,0x2e,0x77,0x29,0x3b,0x0a,0x20,0x20,0x20,0x20,0x76,0x5f,0x61,0x6c,0x70,0x68,
    0x61,0x5f,0x6d,0x6f,0x64,0x65,0x20,0x3d,0x20,0x75,0x70,0x5f,0x61,0x78,0x69,0x73,
    0x2e,0x77,0x3b,0x0a,0x7d,0x0a,0x0a,0x76,0x6f,0x69,0x64,0x20,0x6d,0x61,0x69,0x6e,
    0x28,0x29,0x0a,0x7b,0x0a,0x20,0x20,0x20,0x20,0x76,0x65,0x63,0x32,0x20,0x70,0x61,
    0x72,0x61,0x6d,0x20,0x3d,0x20,0x63,0x6f,0x72,0x6e,0x65,0x72,0x3b,0x0a,0x20,0x20,
    0x20,0x20,0x76,0x65,0x63,0x34,0x20,0x70,0x61,0x72,0x61,0x6d,0x5f,0x31,0x20,0x3d,
    0x20,0x69,0x6e,0x73,0x74,0x5f,0x70,0x6f,0x73,0x3b,0x0a,0x20,0x20,0x20,0x20,0x76,
    0x65,0x63,0x34,0x20,0x70,0x61,0x72,0x61,0x6d,0x5f,0x32,0x20,0x3d,0x20,0x69,0x6e,
    0x73,0x74,0x5f,0x73,0x69,0x7a,0x65,0x3b,0x0a,0x20,0x20,0x20,0x20,0x76,0x65,0x63,
    0x34,0x20,0x70,0x61,0x72,0x61,0x6d,0x5f,0x33,0x20,0x3d,0x20,0x69,0x6e,0x73,0x74,
    0x5f,0x75,0x76,0x3b,0x0a,0x20,0x20,0x20,0x20,0x76,0x65,0x63,0x33,0x20,0x70,0x61,
    0x72,0x61,0x6d,0x5f,0x34,0x20,0x3d,0x20,0x69,0x6e,0x73,0x74,0x5f,0x72,0x69,0x67,
    0x68,0x74,0x3b,0x0a,0x20,0x20,0x20,0x20,0x76,0x65,0x63,0x34,0x20,0x70,0x61,0x72,
    0x61,0x6d,0x5f,0x35,0x20,0x3d,0x20,0x69,0x6e,0x73,0x74,0x5f,0x75,0x70,0x3b,0x0a,
    0x20,0x20,0x20,0x20,0x76,0x65,0x63,0x34,0x20,0x70,0x61,0x72,0x61,0x6d,0x5f,0x36,
    0x20,0x3d,0x20,0x69,0x6e,0x73,0x74,0x5f,0x63,0x6f,0x6c,0x6f,0x72,0x3b,0x0a,0x20,
    0x20,0x20,0x20,0x70,0x6c,0x61,0x63,0x65,0x5f,0x6c,0x69,0x74,0x28,0x70,0x61,0x72,
    0x61,0x6d,0x2c,0x20,0x70,0x61,0x72,0x61,0x6d,0x5f,0x31,0x2c,0x20,0x70,0x61,0x72,
    0x61,0x6d,0x5f,0x32,0x2c,0x20,0x70,0x61,0x72,0x61,0x6d,0x5f,0x33,0x2c,0x20,0x70,
    0x61,0x72,0x61,0x6d,0x5f,0x34,0x2c,0x20,0x70,0x61,0x72,0x61,0x6d,0x5f,0x35,0x2c,
    0x20,0x70,0x61,0x72,0x61,0x6d,0x5f,0x36,0x29,0x3b,0x0a,0x7d,0x0a,0x0a,0x00,
};
#endif
/*
    #version 300 es

    uniform vec4 vs_params[7];
    uniform vec4 vs_batch_lit[1];
    uniform highp sampler2D sprite_data_lit_sprite_data_lit_smp;

    out vec3 v_world_pos;
    out vec3 v_normal;
    out vec4 v_tangent;
    out vec2 v_uv0;
    out vec2 v_uv1;
    out vec4 v_color;
    out float v_alpha_mode;
    layout(location = 0) in vec2 corner;

    vec4 texel_lit(int sprite, int k)
    {
        return texelFetch(sprite_data_lit_sprite_data_lit_smp, ivec2(((sprite % 256) * 6) + k, sprite / 256), 0);
    }

    vec3 srgb_to_linear(vec3 c)
    {
        return mix(c * vec3(0.077399380505084991455078125), pow((max(c, vec3(0.040449999272823333740234375)) + vec3(0.054999999701976776123046875)) * vec3(0.947867333889007568359375), vec3(2.400000095367431640625)), step(vec3(0.040449999272823333740234375), c));
    }

    void place_lit(vec2 corner_1, vec4 pos, vec4 size, vec4 source, vec3 right_axis, vec4 up_axis, vec4 tint)
    {
        vec3 right = right_axis;
        vec3 up = up_axis.xyz;
        if (pos.w < 0.5)
        {
            right = vs_params[4].xyz;
            up = vs_params[5].xyz;
        }
        else
        {
            if (pos.w < 1.5)
            {
                right = vs_params[6].xyz;
                up = vec3(0.0, 1.0, 0.0);
            }
        }
        vec3 _137 = (pos.xyz + (right * (((corner_1.x + 0.5) - size.z) * size.x))) + (up * (((corner_1.y - 0.5) + size.w) * size.y));
        gl_Position = mat4(vs_params[0], vs_params[1], vs_params[2], vs_params[3]) * vec4(_137, 1.0);
        v_world_pos = _137;
        v_normal = cross(right, up);
        v_tangent = vec4(right, 1.0);
        v_uv0 = vec2(mix(source.x, source.z, corner_1.x + 0.5), mix(source.y, source.w, 0.5 - corner_1.y));
        v_uv1 = v_uv0;
        vec3 param = tint.xyz;
        v_color = vec4(srgb_to_linear(param), tint.w);
        v_alpha_mode = up_axis.w;
    }

    void main()
    {
        int _239 = int(vs_batch_lit[0].x) + gl_InstanceID;
        int param = _239;
        int param_1 = 0;
        int param_2 = _239;
        int param_3 = 1;
        int param_4 = _239;
        int param_5 = 2;
        int param_6 = _239;
        int param_7 = 3;
        int param_8 = _239;
        int param_9 = 4;
        int param_10 = _239;
        int param_11 = 5;
        vec2 param_12 = corner;
        vec4 param_13 = texel_lit(param, param_1);
        vec4 param_14 = texel_lit(param_2, param_3);
        vec4 param_15 = texel_lit(param_4, param_5);
        vec3 param_16 = texel_lit(param_6, param_7).xyz;
        vec4 param_17 = texel_lit(param_8, param_9);
        vec4 param_18 = texel_lit(param_10, param_11);
        place_lit(param_12, param_13, param_14, param_15, param_16, param_17, param_18);
    }

*/
#if defined(SOKOL_GLES3)
static const uint8_t sprite_vs_lit_pulled_source_glsl300es[2461] = {
    0x23,0x76,0x65,0x72,0x73,0x69,0x6f,0x6e,0x20,0x33,0x30,0x30,0x20,0x65,0x73,0x0a,
    0x0a,0x75,0x6e,0x69,0x66,0x6f,0x72,0x6d,0x20,0x76,0x65,0x63,0x34,0x20,0x76,0x73,
    0x5f,0x70,0x61,0x72,0x61,0x6d,0x73,0x5b,0x37,0x5d,0x3b,0x0a,0x75,0x6e,0x69,0x66,
    0x6f,0x72,0x6d,0x20,0x76,0x65,0x63,0x34,0x20,0x76,0x73,0x5f,0x62,0x61,0x74,0x63,
    0x68,0x5f,0x6c,0x69,0x74,0x5b,0x31,0x5d,0x3b,0x0a,0x75,0x6e,0x69,0x66,0x6f,0x72,
    0x6d,0x20,0x68,0x69,0x67,0x68,0x70,0x20,0x73,0x61,0x6d,0x70,0x6c,0x65,0x72,0x32,
    0x44,0x20,0x73,0x70,0x72,0x69,0x74,0x65,0x5f,0x64,0x61,0x74,0x61,0x5f,0x6c,0x69,
    0x74,0x5f,0x73,0x70,0x72,0x69,0x74,0x65,0x5f,0x64,0x61,0x74,0x61,0x5f,0x6c,0x69,
    0x74,0x5f,0x73,0x6d,0x70,0x3b,0x0a,0x0a,0x6f,0x75,0x74,0x20,0x76,0x65,0x63,0x33,
    0x20,0x76,0x5f,0x77,0x6f,0x72,0x6c,0x64,0x5f,0x70,0x6f,0x73,0x3b,0x0a,0x6f,0x75,
    0x74,0x20,0x76,0x65,0x63,0x33,0x20,0x76,0x5f,0x6e,0x6f,0x72,0x6d,0x61,0x6c,0x3b,
    0x0a,0x6f,0x75,0x74,0x20,0x76,0x65,0x63,0x34,0x20,0x76,0x5f,0x74,0x61,0x6e,0x67,
    0x65,0x6e,0x74,0x3b,0x0a,0x6f,0x75,0x74,0x20,0x76,0x65,0x63,0x32,0x20,0x76,0x5f,
    0x75,0x76,0x30,0x3b,0x0a,0x6f,0x75,0x74,0x20,0x76,0x65,0x63,0x32,0x20,0x76,0x5f,
    0x75,0x76,0x31,0x3b,0x0a,0x6f,0x75,0x74,0x20,0x76,0x65,0x63,0x34,0x20,0x76,0x5f,
    0x63,0x6f,0x6c,0x6f,0x72,0x3b,0x0a,0x6f,0x75,0x74,0x20,0x66,0x6c,0x6f,0x61,0x74,
    0x20,0x76,0x5f,0x61,0x6c,0x70,0x68,0x61,0x5f,0x6d,0x6f,0x64,0x65,0x3b,0x0a,0x6c,
    0x61,0x79,0x6f,0x75,0x74,0x28,0x6c,0x6f,0x63,0x61,0x74,0x69,0x6f,0x6e,0x20,0x3d,
    0x20,0x30,0x29,0x20,0x69,0x6e,0x20,0x76,0x65,0x63,0x32,0x20,0x63,0x6f,0x72,0x6e,
    0x65,0x72,0x3b,0x0a,0x0a,0x76,0x65,0x63,0x34,0x20,0x74,0x65,0x78,0x65,0x6c,0x5f,
    0x6c,0x69,0x74,0x28,0x69,0x6e,0x74,0x20,0x73,0x70,0x72,0x69,0x74,0x65,0x2c,0x20,
    0x69,0x6e,0x74,0x20,0x6b,0x29,0x0a,0x7b,0x0a,0x20,0x20,0x20,0x20,0x72,0x65,0x74,
    0x75,0x72,0x6e,0x20,0x74,0x65,0x78,0x65,0x6c,0x46,0x65,0x74,0x63,0x68,0x28,0x73,
    0x70,0x72,0x69,0x74,0x65,0x5f,0x64,0x61,0x74,0x61,0x5f,0x6c,0x69,0x74,0x5f,0x73,
    0x70,0x72,0x69,0x74,0x65,0x5f,0x64,0x61,0x74,0x61,0x5f,0x6c,0x69,0x74,0x5f,0x73,
    0x6d,0x70,0x2c,0x20,0x69,0x76,0x65,0x63,0x32,0x28,0x28,0x28,0x73,0x70,0x72,0x69,
    0x74,0x65,0x20,0x25,0x20,0x32,0x35,0x36,0x29,0x20,0x2a,0x20,0x36,0x29,0x20,0x2b,
    0x20,0x6b,0x2c,0x20,0x73,0x70,0x72,0x69,0x74,0x65,0x20,0x2f,0x20,0x32,0x35,0x36,
    0x29,0x2c,0x20,0x30,0x29,0x3b,0x0a,0x7d,0x0a,0x0a,0x76,0x65,0x63,0x33,0x20,0x73,
    0x72,0x67,0x62,0x5f,0x74,0x6f,0x5f,0x6c,0x69,0x6e,0x65,0x61,0x72,0x28,0x76,0x65,
    0x63,0x33,0x20,0x63,0x29,0x0a,0x7b,0x0a,0x20,0x20,0x20,0x20,0x72,0x65,0x74,0x75,
    0x72,0x6e,0x20,0x6d,0x69,0x78,0x28,0x63,0x20,0x2a,0x20,0x76,0x65,0x63,0x33,0x28,
    0x30,0x2e,0x30,0x37,0x37,0x33,0x39,0x39,0x33,0x38,0x30,0x35,0x30,0x35,0x30,0x38,
    0x34,0x39,0x39,0x31,0x34,0x35,0x35,0x30,0x37,0x38,0x31,0x32,0x35,0x29,0x2c,0x20,
    0x70,0x6f,0x77,0x28,0x28,0x6d,0x61,0x78,0x28,0x63,0x2c,0x20,0x76,0x65,0x63,0x33,
    0x28,0x30,0x2e,0x30,0x34,0x30,0x34,0x34,0x39,0x39,0x39,0x39,0x32,0x37,0x32,0x38,
    0x32,0x33,0x33,0x33,0x33,0x37,0x34,0x30,0x32,0x33,0x34,0x33,0x37,0x35,0x29,0x29,
    0x20,0x2b,0x20,0x76,0x65,0x63,0x33,0x28,0x30,0x2e,0x30,0x35,0x34,0x39,0x39,0x39,
    0x39,0x39,0x39,0x37,0x30,0x31,0x39,0x37,0x36,0x37,0x37,0x36,0x31,0x32,0x33,0x30,
    0x34,0x36,0x38,0x37,0x35,0x29,0x29,0x20,0x2a,0x20,0x76,0x65,0x63,0x33,0x28,0x30,
    0x2e,0x39,0x34,0x37,0x38,0x36,0x37,0x33,0x33,0x33,0x38,0x38,0x39,0x30,0x30,0x37,
    0x35,0x36,0x38,0x33,0x35,0x39,0x33,0x37,0x35,0x29,0x2c,0x20,0x76,0x65,0x63,0x33,
    0x28,0x32,0x2e,0x34,0x30,0x30,0x30,0x30,0x30,0x30,0x39,0x35,0x33,0x36,0x37,0x34,
    0x33,0x31,0x36,0x34,0x30,0x36,0x32,0x35,0x29,0x29,0x2c,0x20,0x73,0x74,0x65,0x70,
    0x28,0x76,0x65,0x63,0x33,0x28,0x30,0x2e,0x30,0x34,0x30,0x34,0x34,0x39,0x39,0x39,
    0x39,0x32,0x37,0x32,0x38,0x32,0x33,0x33,0x33,0x33,0x37,0x34,0x30,0x32,0x33,0x34,
    0x33,0x37,0x35,0x29,0x2c,0x20,0x63,0x29,0x29,0x3b,0x0a,0x7d,0x0a,0x0a,0x76,0x6f,
    0x69,0x64,0x20,0x70,0x6c,0x61,0x63,0x65,0x5f,0x6c,0x69,0x74,0x28,0x76,0x65,0x63,
    0x32,0x20,0x63,0x6f,0x72,0x6e,0x65,0x72,0x5f,0x31,0x2c,0x20,0x76,0x65,0x63,0x34,
    0x20,0x70,0x6f,0x73,0x2c,0x20,0x76,0x65,0x63,0x34,0x20,0x73,0x69,0x7a,0x65,0x2c,
    0x20,0x76,0x65,0x63,0x34,0x20,0x73,0x6f,0x75,0x72,0x63,0x65,0x2c,0x20,0x76,0x65,
    0x63,0x33,0x20,0x72,0x69,0x67,0x68,0x74,0x5f,0x61,0x78,0x69,0x73,0x2c,0x20,0x76,
    0x65,0x63,0x34,0x20,0x75,0x70,0x5f,0x61,0x78,0x69,0x73,0x2c,0x20,0x76,0x65,0x63,
    0x34,0x20,0x74,0x69,0x6e,0x74,0x29,0x0a,0x7b,0x0a,0x20,0x20,0x20,0x20,0x76,0x65,
    0x63,0x33,0x20,0x72,0x69,0x67,0x68,0x74,0x20,0x3d,0x20,0x72,0x69,0x67,0x68,0x74,
    0x5f,0x61,0x78,0x69,0x73,0x3b,0x0a,0x20,0x20,0x20,0x20,0x76,0x65,0x63,0x33,0x20,
    0x75,0x70,0x20,0x3d,0x20,0x75,0x70,0x5f,0x61,0x78,0x69,0x73,0x2e,0x78,0x79,0x7a,
    0x3b,0x0a,0x20,0x20,0x20,0x20,0x69,0x66,0x20,0x28,0x70,0x6f,0x73,0x2e,0x77,0x20,
    0x3c,0x20,0x30,0x2e,0x35,0x29,0x0a,0x20,0x20,0x20,0x20,0x7b,0x0a,0x20,0x20,0x20,
    0x20,0x20,0x20,0x20,0x20,0x72,0x69,0x67,0x68,0x74,0x20,0x3d,0x20,0x76,0x73,0x5f,
    0x70,0x61,0x72,0x61,0x6d,0x73,0x5b,0x34,0x5d,0x2e,0x78,0x79,0x7a,0x3b,0x0a,0x20,
    0x20,0x20,0x20,0x20,0x20,0x20,0x20,0x75,0x70,0x20,0x3d,0x20,0x76,0x73,0x5f,0x70,
    0x61,0x72,0x61,0x6d,0x73,0x5b,0x35,0x5d,0x2e,0x78,0x79,0x7a,0x3b,0x0a,0x20,0x20,
    0x20,0x20,0x7d,0x0a,0x20,0x20,0x20,0x20,0x65,0x6c,0x73,0x65,0x0a,0x20,0x20,0x20,
    0x20,0x7b,0x0a,0x20,0x20,0x20,0x20,0x20,0x20,0x20,0x20,0x69,0x66,0x20,0x28,0x70,
    0x6f,0x73,0x2e,0x77,0x20,0x3c,0x20,0x31,0x2e,0x35,0x29,0x0a,0x20,0x20,0x20,0x20,
    0x20,0x20,0x20,0x20,0x7b,0x0a,0x20,0x20,0x20,0x20,0x20,0x20,0x20,0x20,0x20,0x20,
    0x20,0x20,0x72,0x69,0x67,0x68,0x74,0x20,0x3d,0x20,0x76,0x73,0x5f,0x70,0x61,0x72,
    0x61,0x6d,0x73,0x5b,0x36,0x5d,0x2e,0x78,0x79,0x7a,0x3b,0x0a,0x20,0x20,0x20,0x20,
    0x20,0x20,0x20,0x20,0x20,0x20,0x20,0x20,0x75,0x70,0x20,0x3d,0x20,0x76,0x65,0x63,
    0x33,0x28,0x30,0x2e,0x30,0x2c,0x20,0x31,0x2e,0x30,0x2c,0x20,0x30,0x2e,0x30,0x29,
    0x3b,0x0a,0x20,0x20,0x20,0x20,0x20,0x20,0x20,0x20,0x7d,0x0a,0x20,0x20,0x20,0x20,
    0x7d,0x0a,0x20,0x20,0x20,0x20,0x76,0x65,0x63,0x33,0x20,0x5f,0x31,0x33,0x37,0x20,
    0x3d,0x20,0x28,0x70,0x6f,0x73,0x2e,0x78,0x79,0x7a,0x20,0x2b,0x20,0x28,0x72,0x69,
    0x67,0x68,0x74,0x20,0x2a,0x20,0x28,0x28,0x28,0x63,0x6f,0x72,0x6e,0x65,0x72,0x5f,
    0x31,0x2e,0x78,0x20,0x2b,0x20,0x30,0x2e,0x35,0x29,0x20,0x2d,0x20,0x73,0x69,0x7a,
    0x65,0x2e,0x7a,0x29,0x20,0x2a,0x20,0x73,0x69,0x7a,0x65,0x2e,0x78,0x29,0x29,0x29,
    0x20,0x2b,0x20,0x28,0x75,0x70,0x20,0x2a,0x20,0x28,0x28,0x28,0x63,0x6f,0x72,0x6e,
    0x65,0x72,0x5f,0x31,0x2e,0x79,0x20,0x2d,0x20,0x30,0x2e,0x35,0x29,0x20,0x2b,0x20,
    0x73,0x69,0x7a,0x65,0x2e,0x77,0x29,0x20,0x2a,0x20,0x73,0x69,0x7a,0x65,0x2e,0x79,
    0x29,0x29,0x3b,0x0a,0x20,0x20,0x20,0x20,0x67,0x6c,0x5f,0x50,0x6f,0x73,0x69,0x74,
    0x69,0x6f,0x6e,0x20,0x3d,0x20,0x6d,0x61,0x74,0x34,0x28,0x76,0x73,0x5f,0x70,0x61,
    0x72,0x61,0x6d,0x73,0x5b,0x30,0x5d,0x2c,0x20,0x76,0x73,0x5f,0x70,0x61,0x72,0x61,
    0x6d,0x73,0x5b,0x31,0x5d,0x2c,0x20,0x76,0x73,0x5f,0x70,0x61,0x72,0x61,0x6d,0x73,
    0x5b,0x32,0x5d,0x2c,0x20,0x76,0x73,0x5f,0x70,0x61,0x72,0x61,0x6d,0x73,0x5b,0x33,
    0x5d,0x29,0x20,0x2a,0x20,0x76,0x65,0x63,0x34,0x28,0x5f,0x31,0x33,0x37,0x2c,0x20,
    0x31,0x2e,0x30,0x29,0x3b,0x0a,0x20,0x20,0x20,0x20,0x76,0x5f,0x77,0x6f,0x72,0x6c,
    0x64,0x5f,0x70,0x6f,0x73,0x20,0x3d,0x20,0x5f,0x31,0x33,0x37,0x3b,0x0a,0x20,0x20,
    0x20,0x20,0x76,0x5f,0x6e,0x6f,0x72,0x6d,0x61,0x6c,0x20,0x3d,0x20,0x63,0x72,0x6f,
    0x73,0x73,0x28,0x72,0x69,0x67,0x68,0x74,0x2c,0x20,0x75,0x70,0x29,0x3b,0x0a,0x20,
    0x20,0x20,0x20,0x76,0x5f,0x74,0x61,0x6e,0x67,0x65,0x6e,0x74,0x20,0x3d,0x20,0x76,
    0x65,0x63,0x34,0x28,0x72,0x69,0x67,0x68,0x74,0x2c,0x20,0x31,0x2e,0x30,0x29,0x3b,
    0x0a,0x20,0x20,0x20,0x20,0x76,0x5f,0x75,0x76,0x30,0x20,0x3d,0x20,0x76,0x65,0x63,
    0x32,0x28,0x6d,0x69,0x78,0x28,0x73,0x6f,0x75,0x72,0x63,0x65,0x2e,0x78,0x2c,0x20,
    0x73,0x6f,0x75,0x72,0x63,0x65,0x2e,0x7a,0x2c,0x20,0x63,0x6f,0x72,0x6e,0x65,0x72,
    0x5f,0x31,0x2e,0x78,0x20,0x2b,0x20,0x30,0x2e,0x35,0x29,0x2c,0x20,0x6d,0x69,0x78,
    0x28,0x73,0x6f,0x75,0x72,0x63,0x65,0x2e,0x79,0x2c,0x20,0x73,0x6f,0x75,0x72,0x63,
    0x65,0x2e,0x77,0x2c,0x20,0x30,0x2e,0x35,0x20,0x2d,0x20,0x63,0x6f,0x72,0x6e,0x65,
    0x72,0x5f,0x31,0x2e,0x79,0x29,0x29,0x3b,0x0a,0x20,0x20,0x20,0x20,0x76,0x5f,0x75,
    0x76,0x31,0x20,0x3d,0x20,0x76,0x5f,0x75,0x76,0x30,0x3b,0x0a,0x20,0x20,0x20,0x20,
    0x76,0x65,0x63,0x33,0x20,0x70,0x61,0x72,0x61,0x6d,0x20,0x3d,0x20,0x74,0x69,0x6e,
    0x74,0x2e,0x78,0x79,0x7a,0x3b,0x0a,0x20,0x20,0x20,0x20,0x76,0x5f,0x63,0x6f,0x6c,
    0x6f,0x72,0x20,0x3d,0x20,0x76,0x65,0x63,0x34,0x28,0x73,0x72,0x67,0x62,0x5f,0x74,
    0x6f,0x5f,0x6c,0x69,0x6e,0x65,0x61,0x72,0x28,0x70,0x61,0x72,0x61,0x6d,0x29,0x2c,
    0x20,0x74,0x69,0x6e,0x74,0x2e,0x77,0x29,0x3b,0x0a,0x20,0x20,0x20,0x20,0x76,0x5f,
    0x61,0x6c,0x70,0x68,0x61,0x5f,0x6d,0x6f,0x64,0x65,0x20,0x3d,0x20,0x75,0x70,0x5f,
    0x61,0x78,0x69,0x73,0x2e,0x77,0x3b,0x0a,0x7d,0x0a,0x0a,0x76,0x6f,0x69,0x64,0x20,
    0x6d,0x61,0x69,0x6e,0x28,0x29,0x0a,0x7b,0x0a,0x20,0x20,0x20,0x20,0x69,0x6e,0x74,
    0x20,0x5f,0x32,0x33,0x39,0x20,0x3d,0x20,0x69,0x6e,0x74,0x28,0x76,0x73,0x5f,0x62,
    0x61,0x74,0x63,0x68,0x5f,0x6c,0x69,0x74,0x5b,0x30,0x5d,0x2e,0x78,0x29,0x20,0x2b,
    0x20,0x67,0x6c,0x5f,0x49,0x6e,0x73,0x74,0x61,0x6e,0x63,0x65,0x49,0x44,0x3b,0x0a,
    0x20,0x20,0x20,0x20,0x69,0x6e,0x74,0x20,0x70,0x61,0x72,0x61,0x6d,0x20,0x3d,0x20,
    0x5f,0x32,0x33,0x39,0x3b,0x0a,0x20,0x20,0x20,0x20,0x69,0x6e,0x74,0x20,0x70,0x61,
    0x72,0x61,0x6d,0x5f,0x31,0x20,0x3d,0x20,0x30,0x3b,0x0a,0x20,0x20,0x20,0x20,0x69,
    0x6e,0x74,0x20,0x70,0x61,0x72,0x61,0x6d,0x5f,0x32,0x20,0x3d,0x20,0x5f,0x32,0x33,
    0x39,0x3b,0x0a,0x20,0x20,0x20,0x20,0x69,0x6e,0x74,0x20,0x70,0x61,0x72,0x61,0x6d,
    0x5f,0x33,0x20,0x3d,0x20,0x31,0x3b,0x0a,0x20,0x20,0x20,0x20,0x69,0x6e,0x74,0x20,
    0x70,0x61,0x72,0x61,0x6d,0x5f,0x34,0x20,0x3d,0x20,0x5f,0x32,0x33,0x39,0x3b,0x0a,
    0x20,0x20,0x20,0x20,0x69,0x6e,0x74,0x20,0x70,0x61,0x72,0x61,0x6d,0x5f,0x35,0x20,
    0x3d,0x20,0x32,0x3b,0x0a,0x20,0x20,0x20,0x20,0x69,0x6e,0x74,0x20,0x70,0x61,0x72,
    0x61,0x6d,0x5f,0x36,0x20,0x3d,0x20,0x5f,0x32,0x33,0x39,0x3b,0x0a,0x20,0x20,0x20,
    0x20,0x69,0x6e,0x74,0x20,0x70,0x61,0x72,0x61,0x6d,0x5f,0x37,0x20,0x3d,0x20,0x33,
    0x3b,0x0a,0x20,0x20,0x20,0x20,0x69,0x6e,0x74,0x20,0x70,0x61,0x72,0x61,0x6d,0x5f,
    0x38,0x20,0x3d,0x20,0x5f,0x32,0x33,0x39,0x3b,0x0a,0x20,0x20,0x20,0x20,0x69,0x6e,
    0x74,0x20,0x70,0x61,0x72,0x61,0x6d,0x5f,0x39,0x20,0x3d,0x20,0x34,0x3b,0x0a,0x20,
    0x20,0x20,0x20,0x69,0x6e,0x74,0x20,0x70,0x61,0x72,0x61,0x6d,0x5f,0x31,0x30,0x20,
    0x3d,0x20,0x5f,0x32,0x33,0x39,0x3b,0x0a,0x20,0x20,0x20,0x20,0x69,0x6e,0x74,0x20,
    0x70,0x61,0x72,0x61,0x6d,0x5f,0x31,0x31,0x20,0x3d,0x20,0x35,0x3b,0x0a,0x20,0x20,
    0x20,0x20,0x76,0x65,0x63,0x32,0x20,0x70,0x61,0x72,0x61,0x6d,0x5f,0x31,0x32,0x20,
    0x3d,0x20,0x63,0x6f,0x72,0x6e,0x65,0x72,0x3b,0x0a,0x20,0x20,0x20,0x20,0x76,0x65,
    0x63,0x34,0x20,0x70,0x61,0x72,0x61,0x6d,0x5f,0x31,0x33,0x20,0x3d,0x20,0x74,0x65,
    0x78,0x65,0x6c,0x5f,0x6c,0x69,0x74,0x28,0x70,0x61,0x72,0x61,0x6d,0x2c,0x20,0x70,
    0x61,0x72,0x61,0x6d,0x5f,0x31,0x29,0x3b,0x0a,0x20,0x20,0x20,0x20,0x76,0x65,0x63,
    0x34,0x20,0x70,0x61,0x72,0x61,0x6d,0x5f,0x31,0x34,0x20,0x3d,0x20,0x74,0x65,0x78,
    0x65,0x6c,0x5f,0x6c,0x69,0x74,0x28,0x70,0x61,0x72,0x61,0x6d,0x5f,0x32,0x2c,0x20,
    0x70,0x61,0x72,0x61,0x6d,0x5f,0x33,0x29,0x3b,0x0a,0x20,0x20,0x20,0x20,0x76,0x65,
    0x63,0x34,0x20,0x70,0x61,0x72,0x61,0x6d,0x5f,0x31,0x35,0x20,0x3d,0x20,0x74,0x65,
    0x78,0x65,0x6c,0x5f,0x6c,0x69,0x74,0x28,0x70,0x61,0x72,0x61,0x6d,0x5f,0x34,0x2c,
    0x20,0x70,0x61,0x72,0x61,0x6d,0x5f,0x35,0x29,0x3b,0x0a,0x20,0x20,0x20,0x20,0x76,
    0x65,0x63,0x33,0x20,0x70,0x61,0x72,0x61,0x6d,0x5f,0x31,0x36,0x20,0x3d,0x20,0x74,
    0x65,0x78,0x65,0x6c,0x5f,0x6c,0x69,0x74,0x28,0x70,0x61,0x72,0x61,0x6d,0x5f,0x36,
    0x2c,0x20,0x70,0x61,0x72,0x61,0x6d,0x5f,0x37,0x29,0x2e,0x78,0x79,0x7a,0x3b,0x0a,
    0x20,0x20,0x20,0x20,0x76,0x65,0x63,0x34,0x20,0x70,0x61,0x72,0x61,0x6d,0x5f,0x31,
    0x37,0x20,0x3d,0x20,0x74,0x65,0x78,0x65,0x6c,0x5f,0x6c,0x69,0x74,0x28,0x70,0x61,
    0x72,0x61,0x6d,0x5f,0x38,0x2c,0x20,0x70,0x61,0x72,0x61,0x6d,0x5f,0x39,0x29,0x3b,
    0x0a,0x20,0x20,0x20,0x20,0x76,0x65,0x63,0x34,0x20,0x70,0x61,0x72,0x61,0x6d,0x5f,
    0x31,0x38,0x20,0x3d,0x20,0x74,0x65,0x78,0x65,0x6c,0x5f,0x6c,0x69,0x74,0x28,0x70,
    0x61,0x72,0x61,0x6d,0x5f,0x31,0x30,0x2c,0x20,0x70,0x61,0x72,0x61,0x6d,0x5f,0x31,
    0x31,0x29,0x3b,0x0a,0x20,0x20,0x20,0x20,0x70,0x6c,0x61,0x63,0x65,0x5f,0x6c,0x69,
    0x74,0x28,0x70,0x61,0x72,0x61,0x6d,0x5f,0x31,0x32,0x2c,0x20,0x70,0x61,0x72,0x61,
    0x6d,0x5f,0x31,0x33,0x2c,0x20,0x70,0x61,0x72,0x61,0x6d,0x5f,0x31,0x34,0x2c,0x20,
    0x70,0x61,0x72,0x61,0x6d,0x5f,0x31,0x35,0x2c,0x20,0x70,0x61,0x72,0x61,0x6d,0x5f,
    0x31,0x36,0x2c,0x20,0x70,0x61,0x72,0x61,0x6d,0x5f,0x31,0x37,0x2c,0x20,0x70,0x61,
    0x72,0x61,0x6d,0x5f,0x31,0x38,0x29,0x3b,0x0a,0x7d,0x0a,0x0a,0x00,
};
#endif
/*
    #version 300 es
    precision mediump float;
    precision highp int;

    uniform highp vec4 fs_params[14];
    uniform highp vec4 fs_scene[42];
    uniform highp vec4 fs_lights[32];
    uniform highp sampler2D base_color_tex_base_color_smp;
    uniform highp sampler2D normal_tex_normal_smp;
    uniform highp sampler2D metallic_roughness_tex_metallic_roughness_smp;
    uniform highp sampler2D occlusion_tex_occlusion_smp;
    uniform highp sampler2DArrayShadow shadow_tex_shadow_smp;
    uniform highp samplerCube env_tex_env_smp;
    uniform highp sampler2D brdf_tex_brdf_smp;
    uniform highp sampler2D emissive_tex_emissive_smp;

    in highp vec2 v_uv0;
    in highp vec2 v_uv1;
    in highp vec4 v_color;
    in highp float v_alpha_mode;
    layout(location = 0) out highp vec4 frag_color;
    in highp vec3 v_normal;
    in highp vec4 v_tangent;
    in highp vec3 v_world_pos;

    highp vec2 tex_uv(int i)
    {
        bvec2 _621 = bvec2(fs_params[i * 1 + 4].w < 0.5);
        highp vec3 _625 = vec3(vec2(_621.x ? v_uv0.x : v_uv1.x, _621.y ? v_uv0.y : v_uv1.y), 1.0);
        return vec2(dot(fs_params[i * 1 + 4].xyz, _625), dot(fs_params[i * 1 + 9].xyz, _625));
    }

    highp vec3 srgb_to_linear(highp vec3 c)
    {
        return mix(c * vec3(0.077399380505084991455078125), pow((max(c, vec3(0.040449999272823333740234375)) + vec3(0.054999999701976776123046875)) * vec3(0.947867333889007568359375), vec3(2.400000095367431640625)), step(vec3(0.040449999272823333740234375), c));
    }

    highp vec3 tonemap_neutral(inout highp vec3 color)
    {
        highp float _127 = min(color.x, min(color.y, color.z));
        highp float _133;
        if (_127 < 0.07999999821186065673828125)
        {
            _133 = _127 - ((6.25 * _127) * _127);
        }
        else
        {
            _133 = 0.039999999105930328369140625;
        }
        color -= vec3(_133);
        highp float _152 = color.x;
        highp float _154 = color.y;
        highp float _156 = color.z;
        highp float _158 = max(_152, max(_154, _156));
        if (_158 < 0.7599999904632568359375)
        {
            return color;
        }
        highp float _173 = 1.0 - (0.057599999010562896728515625 / (_158 + (-0.519999980926513671875)));
        color *= (_173 / _158);
        return mix(color, vec3(_173), vec3(1.0 - (1.0 / ((0.1500000059604644775390625 * (_158 - _173)) + 1.0))));
    }

    highp vec3 tonemap_aces(inout highp vec3 color)
    {
        color *= 0.60000002384185791015625;
        return clamp((color * ((color * 2.5099999904632568359375) + vec3(0.02999999932944774627685546875))) / ((color * ((color * 2.4300000667572021484375) + vec3(0.589999973773956298828125))) + vec3(0.14000000059604644775390625)), vec3(0.0), vec3(1.0));
    }

    highp vec3 linear_to_srgb(inout highp vec3 c)
    {
        c = clamp(c, vec3(0.0), vec3(1.0));
        return mix(c * 12.9200000762939453125, (pow(max(c, vec3(0.003130800090730190277099609375)), vec3(0.4166666567325592041015625)) * 1.05499994754791259765625) - vec3(0.054999999701976776123046875), step(vec3(0.003130800090730190277099609375), c));
    }

    highp vec3 to_display(inout highp vec3 color, highp vec4 tonemap)
    {
        color *= tonemap.y;
        int _233 = int(tonemap.x + 0.5);
        if (_233 == 1)
        {
            highp vec3 param = color;
            highp vec3 _241 = tonemap_neutral(param);
            color = _241;
        }
        else
        {
            if (_233 == 2)
            {
                highp vec3 param_1 = color;
                highp vec3 _250 = tonemap_aces(param_1);
                color = _250;
            }
        }
        highp vec3 param_2 = color;
        highp vec3 _253 = linear_to_srgb(param_2);
        return _253;
    }

    highp float attenuation(highp float d, highp float range)
    {
        highp float _647 = 1.0 / max(d * d, 0.00999999977648258209228515625);
        if (range <= 0.0)
        {
            return _647;
        }
        highp float _657 = d / range;
        highp float _667 = clamp(1.0 - (((_657 * _657) * _657) * _657), 0.0, 1.0);
        return (_667 * _667) * _647;
    }

    highp float spot_factor(highp float cos_angle, highp float cos_inner, highp float cos_outer)
    {
        if ((cos_inner - cos_outer) <= 9.9999999747524270787835121154785e-07)
        {
            return float(cos_angle >= cos_outer);
        }
        return smoothstep(cos_outer, cos_inner, cos_angle);
    }

    highp float shadow_factor(int slot, highp vec3 world_pos, highp vec3 n, highp float n_dot_l)
    {
        bool _286 = slot < 0;
        bool _301;
        if (!_286)
        {
            _301 = fs_params[3].z < 0.5;
        }
        else
        {
            _301 = _286;
        }
        if (_301)
        {
            return 1.0;
        }
        highp float _308 = 1.0 - clamp(n_dot_l, 0.0, 1.0);
        highp vec4 _343 = mat4(fs_scene[slot * 4 + 13], fs_scene[slot * 4 + 14], fs_scene[slot * 4 + 15], fs_scene[slot * 4 + 16]) * vec4(world_pos + (n * (fs_scene[slot * 1 + 29].y * (1.0 + (2.0 * _308)))), 1.0);
        highp float _348 = _343.w;
        highp vec3 _357 = (_343.xyz / vec3(max(abs(_348), 9.9999999747524270787835121154785e-07))) * sign(_348);
        highp vec2 _361 = _357.xy;
        highp vec2 uv = (_361 * 0.5) + vec2(0.5);
        if (fs_scene[41].z > 0.5)
        {
            highp vec2 _1299 = uv;
            _1299.y = 1.0 - _1299.y;
            uv = _1299;
        }
        highp float _400 = ((_357.z * fs_scene[41].x) + fs_scene[41].y) - ((fs_scene[slot * 1 + 29].z + (fs_scene[slot * 1 + 29].w * _308)) * fs_scene[slot * 1 + 33].w);
        highp vec2 _406 = vec2(1.0) - abs(_361);
        highp float _412 = min(_406.x, _406.y);
        highp vec2 _443 = clamp(uv, vec2(fs_scene[slot * 1 + 29].x), vec2(1.0 - fs_scene[slot * 1 + 29].x));
        highp float lit = 0.0;
        for (int y = -1; y <= 1; y++)
        {
            for (int x = -1; x <= 1; x++)
            {
                highp float _485 = clamp(_400, 0.0, 1.0);
                lit += texture(shadow_tex_shadow_smp, vec4(vec4(_443 + (vec2(float(x), float(y)) * fs_scene[slot * 1 + 29].x), float(slot), _485).xyz, _485));
            }
        }
        return mix(1.0, lit * 0.111111111938953399658203125, (clamp(_412 * 10.0, 0.0, 1.0) * ((step(0.0, _412) * step(_400, 1.0)) * step(0.0, _348))) * fs_scene[slot * 1 + 37].x);
    }

    highp vec3 env_dir(highp vec3 dir, highp vec4 env)
    {
        return vec3((env.z * dir.x) - (env.w * dir.z), dir.y, (env.w * dir.x) + (env.z * dir.z));
    }

    highp vec3 eval_sh(highp vec3 n)
    {
        highp vec3 _607 = ((((((((fs_scene[3].xyz * 0.2820949852466583251953125) + (fs_scene[4].xyz * (0.48860299587249755859375 * n.y))) + (fs_scene[5].xyz * (0.48860299587249755859375 * n.z))) + (fs_scene[6].xyz * (0.48860299587249755859375 * n.x))) + (fs_scene[7].xyz * ((1.09254801273345947265625 * n.x) * n.y))) + (fs_scene[8].xyz * ((1.09254801273345947265625 * n.y) * n.z))) + (fs_scene[9].xyz * (0.3153919875621795654296875 * (((3.0 * n.z) * n.z) - 1.0)))) + (fs_scene[10].xyz * ((1.09254801273345947265625 * n.x) * n.z))) + (fs_scene[11].xyz * (0.546274006366729736328125 * ((n.x * n.x) - (n.y * n.y))));
        return _607;
    }

    void main()
    {
        int param = 0;
        highp vec4 _703 = texture(base_color_tex_base_color_smp, tex_uv(param));
        highp vec3 param_1 = _703.xyz;
        highp vec4 _721 = (vec4(srgb_to_linear(param_1), _703.w) * fs_params[0]) * v_color;
        highp vec4 base = _721;
        if (_721.w < max(fs_params[3].x, max(v_alpha_mode, 0.0)))
        {
            discard;
        }
        if (v_alpha_mode != 0.0)
        {
            highp vec4 _1285 = base;
            _1285.w = 1.0;
            base = _1285;
        }
        if (fs_params[2].w < 0.5)
        {
            highp vec3 param_2 = base.xyz;
            highp vec4 param_3 = fs_scene[12];
            highp vec3 _755 = to_display(param_2, param_3);
            frag_color = vec4(_755, base.w);
            return;
        }
        highp vec3 _767 = normalize(v_normal);
        highp vec3 n = _767;
        highp vec3 _778 = v_tangent.xyz - (_767 * dot(_767, v_tangent.xyz));
        highp vec3 t = _778;
        if (dot(_778, _778) > 9.9999999392252902907785028219223e-09)
        {
            highp vec3 _792 = t;
            highp vec3 _793 = normalize(_792);
            t = _793;
            int param_4 = 2;
            highp vec3 _813 = (texture(normal_tex_normal_smp, tex_uv(param_4)).xyz * 2.0) - vec3(1.0);
            highp vec2 _818 = _813.xy * fs_params[1].w;
            highp vec3 _1289 = _813;
            _1289.x = _818.x;
            _1289.y = _818.y;
            n = normalize(mat3(t, cross(n, _793) * v_tangent.w, n) * _1289);
        }
        n *= (gl_FrontFacing ? 1.0 : (-1.0));
        int param_5 = 1;
        highp vec4 _854 = texture(metallic_roughness_tex_metallic_roughness_smp, tex_uv(param_5));
        highp float _862 = clamp(fs_params[2].x * _854.z, 0.0, 1.0);
        highp float _869 = clamp(fs_params[2].y * _854.y, 0.02999999932944774627685546875, 1.0);
        highp float _873 = _869 * _869;
        highp float _877 = _873 * _873;
        highp vec3 _884 = mix(vec3(0.039999999105930328369140625), base.xyz, vec3(_862));
        highp vec3 _890 = base.xyz * (1.0 - _862);
        highp vec3 _898 = normalize(fs_scene[0].xyz - v_world_pos);
        highp float _905 = clamp(abs(dot(n, _898)), 9.9999997473787516355514526367188e-05, 1.0);
        int param_6 = 3;
        highp float _920 = 1.0 + (fs_params[2].z * (texture(occlusion_tex_occlusion_smp, tex_uv(param_6)).x - 1.0));
        highp vec3 color = (fs_scene[1].xyz * (_890 + _884)) * _920;
        int _934 = int(fs_params[3].y);
        highp vec3 light_dir;
        highp vec3 _987;
        for (int i = 0; i < 8; i++)
        {
            if (i >= _934)
            {
                break;
            }
            highp float falloff = 1.0;
            int _963 = int(fs_lights[i * 1 + 8].w + 0.5);
            if (_963 == 0)
            {
                light_dir = normalize(fs_lights[i * 1 + 8].xyz);
            }
            else
            {
                highp vec3 _981 = v_world_pos - fs_lights[i * 1 + 0].xyz;
                highp float _984 = length(_981);
                if (_984 > 9.9999999747524270787835121154785e-07)
                {
                    _987 = _981 / vec3(_984);
                }
                else
                {
                    _987 = vec3(0.0, -1.0, 0.0);
                }
                light_dir = _987;
                highp float param_7 = _984;
                highp float param_8 = fs_lights[i * 1 + 0].w;
                falloff = attenuation(param_7, param_8);
                if (_963 == 2)
                {
                    highp float param_9 = dot(light_dir, normalize(fs_lights[i * 1 + 8].xyz));
                    highp float param_10 = fs_lights[i * 1 + 24].x;
                    highp float param_11 = fs_lights[i * 1 + 24].y;
                    falloff *= spot_factor(param_9, param_10, param_11);
                }
            }
            highp vec3 _1029 = -light_dir;
            highp float _1033 = dot(n, _1029);
            if ((_1033 <= 0.0) || (falloff <= 0.0))
            {
                continue;
            }
            highp vec3 _1046 = normalize(_1029 + _898);
            highp float _1051 = clamp(dot(n, _1046), 0.0, 1.0);
            highp vec3 _1067 = _884 + ((vec3(1.0) - _884) * pow(1.0 - clamp(dot(_898, _1046), 0.0, 1.0), 5.0));
            highp float _1075 = ((_1051 * _1051) * (_877 - 1.0)) + 1.0;
            highp float _1090 = 1.0 - _877;
            int _1132 = int(fs_lights[i * 1 + 24].z);
            if (_1132 >= 0)
            {
                int param_12 = _1132;
                highp vec3 param_13 = v_world_pos;
                highp vec3 param_14 = n;
                highp float param_15 = _1033;
                highp float _1146 = shadow_factor(param_12, param_13, param_14, param_15);
                color += ((fs_scene[_1132 * 1 + 33].xyz * (1.0 - _1146)) * _890);
                falloff *= _1146;
            }
            color += (((fs_lights[i * 1 + 16].xyz * falloff) * _1033) * ((((vec3(1.0) - _1067) * _890) * vec3(0.3183098733425140380859375)) + ((_1067 * (_877 / ((3.1415927410125732421875 * _1075) * _1075))) * (0.5 / max((_1033 * sqrt(((_905 * _905) * _1090) + _877)) + (_905 * sqrt(((_1033 * _1033) * _1090) + _877)), 9.9999999747524270787835121154785e-07)))));
        }
        if (fs_scene[2].x > 0.0)
        {
            highp float _1185 = sqrt(clamp(_873, 0.0, 1.0));
            highp vec3 param_16 = n;
            highp vec4 param_17 = fs_scene[2];
            highp vec3 param_18 = env_dir(param_16, param_17);
            highp vec3 param_19 = reflect(-_898, n);
            highp vec4 param_20 = fs_scene[2];
            highp vec4 _1231 = texture(brdf_tex_brdf_smp, vec2(_905, _1185));
            color += ((((max(eval_sh(param_18), vec3(0.0)) * _890) + (textureLod(env_tex_env_smp, env_dir(param_19, param_20), _1185 * fs_scene[2].y).xyz * ((_884 * _1231.x) + vec3(_1231.y)))) * _920) * fs_scene[2].x);
        }
        int param_21 = 4;
        highp vec3 param_22 = texture(emissive_tex_emissive_smp, tex_uv(param_21)).xyz;
        highp vec3 _1269 = color;
        highp vec3 _1270 = _1269 + (fs_params[1].xyz * srgb_to_linear(param_22));
        color = _1270;
        highp vec3 param_23 = _1270;
        highp vec4 param_24 = fs_scene[12];
        highp vec3 _1276 = to_display(param_23, param_24);
        frag_color = vec4(_1276, base.w);
    }

*/
#if defined(SOKOL_GLES3)
static const uint8_t sprite_fs_lit_source_glsl300es[12470] = {
    0x23,0x76,0x65,0x72,0x73,0x69,0x6f,0x6e,0x20,0x33,0x30,0x30,0x20,0x65,0x73,0x0a,
    0x70,0x72,0x65,0x63,0x69,0x73,0x69,0x6f,0x6e,0x20,0x6d,0x65,0x64,0x69,0x75,0x6d,
    0x70,0x20,0x66,0x6c,0x6f,0x61,0x74,0x3b,0x0a,0x70,0x72,0x65,0x63,0x69,0x73,0x69,
    0x6f,0x6e,0x20,0x68,0x69,0x67,0x68,0x70,0x20,0x69,0x6e,0x74,0x3b,0x0a,0x0a,0x75,
    0x6e,0x69,0x66,0x6f,0x72,0x6d,0x20,0x68,0x69,0x67,0x68,0x70,0x20,0x76,0x65,0x63,
    0x34,0x20,0x66,0x73,0x5f,0x70,0x61,0x72,0x61,0x6d,0x73,0x5b,0x31,0x34,0x5d,0x3b,
    0x0a,0x75,0x6e,0x69,0x66,0x6f,0x72,0x6d,0x20,0x68,0x69,0x67,0x68,0x70,0x20,0x76,
    0x65,0x63,0x34,0x20,0x66,0x73,0x5f,0x73,0x63,0x65,0x6e,0x65,0x5b,0x34,0x32,0x5d,
    0x3b,0x0a,0x75,0x6e,0x69,0x66,0x6f,0x72,0x6d,0x20,0x68,0x69,0x67,0x68,0x70,0x20,
    0x76,0x65,0x63,0x34,0x20,0x66,0x73,0x5f,0x6c,0x69,0x67,0x68,0x74,0x73,0x5b,0x33,
    0x32,0x5d,0x3b,0x0a,0x75,0x6e,0x69,0x66,0x6f,0x72,0x6d,0x20,0x68,0x69,0x67,0x68,
    0x70,0x20,0x73,0x61,0x6d,0x70,0x6c,0x65,0x72,0x32,0x44,0x20,0x62,0x61,0x73,0x65,
    0x5f,0x63,0x6f,0x6c,0x6f,0x72,0x5f,0x74,0x65,0x78,0x5f,0x62,0x61,0x73,0x65,0x5f,
    0x63,0x6f,0x6c,0x6f,0x72,0x5f,0x73,0x6d,0x70,0x3b,0x0a,0x75,0x6e,0x69,0x66,0x6f,
    0x72,0x6d,0x20,0x68,0x69,0x67,0x68,0x70,0x20,0x73,0x61,0x6d,0x70,0x6c,0x65,0x72,
    0x32,0x44,0x20,0x6e,0x6f,0x72,0x6d,0x61,0x6c,0x5f,0x74,0x65,0x78,0x5f,0x6e,0x6f,
    0x72,0x6d,0x61,0x6c,0x5f,0x73,0x6d,0x70,0x3b,0x0a,0x75,0x6e,0x69,0x66,0x6f,0x72,
    0x6d,0x20,0x68,0x69,0x67,0x68,0x70,0x20,0x73,0x61,0x6d,0x70,0x6c,0x65,0x72,0x32,
    0x44,0x20,0x6d,0x65,0x74,0x61,0x6c,0x6c,0x69,0x63,0x5f,0x72,0x6f,0x75,0x67,0x68,
    0x6e,0x65,0x73,0x73,0x5f,0x74,0x65,0x78,0x5f,0x6d,0x65,0x74,0x61,0x6c,0x6c,0x69,
    0x63,0x5f,0x72,0x6f,0x75,0x67,0x68,0x6e,0x65,0x73,0x73,0x5f,0x73,0x6d,0x70,0x3b,
    0x0a,0x75,0x6e,0x69,0x66,0x6f,0x72,0x6d,0x20,0x68,0x69,0x67,0x68,0x70,0x20,0x73,
    0x61,0x6d,0x70,0x6c,0x65,0x72,0x32,0x44,0x20,0x6f,0x63,0x63,0x6c,0x75,0x73,0x69,
    0x6f,0x6e,0x5f,0x74,0x65,0x78,0x5f,0x6f,0x63,0x63,0x6c,0x75,0x73,0x69,0x6f,0x6e,
    0x5f,0x73,0x6d,0x70,0x3b,0x0a,0x75,0x6e,0x69,0x66,0x6f,0x72,0x6d,0x20,0x68,0x69,
    0x67,0x68,0x70,0x20,0x73,0x61,0x6d,0x70,0x6c,0x65,0x72,0x32,0x44,0x41,0x72,0x72,
    0x61,0x79,0x53,0x68,0x61,0x64,0x6f,0x77,0x20,0x73,0x68,0x61,0x64,0x6f,0x77,0x5f,
    0x74,0x65,0x78,0x5f,0x73,0x68,0x61,0x64,0x6f,0x77,0x5f,0x73,0x6d,0x70,0x3b,0x0a,
    0x75,0x6e,0x69,0x66,0x6f,0x72,0x6d,0x20,0x68,0x69,0x67,0x68,0x70,0x20,0x73,0x61,
    0x6d,0x70,0x6c,0x65,0x72,0x43,0x75,0x62,0x65,0x20,0x65,0x6e,0x76,0x5f,0x74,0x65,
    0x78,0x5f,0x65,0x6e,0x76,0x5f,0x73,0x6d,0x70,0x3b,0x0a,0x75,0x6e,0x69,0x66,0x6f,
    0x72,0x6d,0x20,0x68,0x69,0x67,0x68,0x70,0x20,0x73,0x61,0x6d,0x70,0x6c,0x65,0x72,
    0x32,0x44,0x20,0x62,0x72,0x64,0x66,0x5f,0x74,0x65,0x78,0x5f,0x62,0x72,0x64,0x66,
    0x5f,0x73,0x6d,0x70,0x3b,0x0a,0x75,0x6e,0x69,0x66,0x6f,0x72,0x6d,0x20,0x68,0x69,
    0x67,0x68,0x70,0x20,0x73,0x61,0x6d,0x70,0x6c,0x65,0x72,0x32,0x44,0x20,0x65,0x6d,
    0x69,0x73,0x73,0x69,0x76,0x65,0x5f,0x74,0x65,0x78,0x5f,0x65,0x6d,0x69,0x73,0x73,
    0x69,0x76,0x65,0x5f,0x73,0x6d,0x70,0x3b,0x0a,0x0a,0x69,0x6e,0x20,0x68,0x69,0x67,
    0x68,0x70,0x20,0x76,0x65,0x63,0x32,0x20,0x76,0x5f,0x75,0x76,0x30,0x3b,0x0a,0x69,
    0x6e,0x20,0x68,0x69,0x67,0x68,0x70,0x20,0x76,0x65,0x63,0x32,0x20,0x76,0x5f,0x75,
    0x76,0x31,0x3b,0x0a,0x69,0x6e,0x20,0x68,0x69,0x67,0x68,0x70,0x20,0x76,0x65,0x63,
    0x34,0x20,0x76,0x5f,0x63,0x6f,0x6c,0x6f,0x72,0x3b,0x0a,0x69,0x6e,0x20,0x68,0x69,
    0x67,0x68,0x70,0x20,0x66,0x6c,0x6f,0x61,0x74,0x20,0x76,0x5f,0x61,0x6c,0x70,0x68,
    0x61,0x5f,0x6d,0x6f,0x64,0x65,0x3b,0x0a,0x6c,0x61,0x79,0x6f,0x75,0x74,0x28,0x6c,
    0x6f,0x63,0x61,0x74,0x69,0x6f,0x6e,0x20,0x3d,0x20,0x30,0x29,0x20,0x6f,0x75,0x74,
    0x20,0x68,0x69,0x67,0x68,0x70,0x20,0x76,0x65,0x63,0x34,0x20,0x66,0x72,0x61,0x67,
    0x5f,0x63,0x6f,0x6c,0x6f,0x72,0x3b,0x0a,0x69,0x6e,0x20,0x68,0x69,0x67,0x68,0x70,
    0x20,0x76,0x65,0x63,0x33,0x20,0x76,0x5f,0x6e,0x6f,0x72,0x6d,0x61,0x6c,0x3b,0x0a,
    0x69,0x6e,0x20,0x68,0x69,0x67,0x68,0x70,0x20,0x76,0x65,0x63,0x34,0x20,0x76,0x5f,
    0x74,0x61,0x6e,0x67,0x65,0x6e,0x74,0x3b,0x0a,0x69,0x6e,0x20,0x68,0x69,0x67,0x68,
    0x70,0x20,0x76,0x65,0x63,0x33,0x20,0x76,0x5f,0x77,0x6f,0x72,0x6c,0x64,0x5f,0x70,
    0x6f,0x73,0x3b,0x0a,0x0a,0x68,0x69,0x67,0x68,0x70,0x20,0x76,0x65,0x63,0x32,0x20,
    0x74,0x65,0x78,0x5f,0x75,0x76,0x28,0x69,0x6e,0x74,0x20,0x69,0x29,0x0a,0x7b,0x0a,
    0x20,0x20,0x20,0x20,0x62,0x76,0x65,0x63,0x32,0x20,0x5f,0x36,0x32,0x31,0x20,0x3d,
    0x20,0x62,0x76,0x65,0x63,0x32,0x28,0x66,0x73,0x5f,0x70,0x61,0x72,0x61,0x6d,0x73,
    0x5b,0x69,0x20,0x2a,0x20,0x31,0x20,0x2b,0x20,0x34,0x5d,0x2e,0x77,0x20,0x3c,0x20,
    0x30,0x2e,0x35,0x29,0x3b,0x0a,0x20,0x20,0x20,0x20,0x68,0x69,0x67,0x68,0x70,0x20,
    0x76,0x65,0x63,0x33,0x20,0x5f,0x36,0x32,0x35,0x20,0x3d,0x20,0x76,0x65,0x63,0x33,
    0x28,0x76,0x65,0x63,0x32,0x28,0x5f,0x36,0x32,0x31,0x2e,0x78,0x20,0x3f,0x20,0x76,
    0x5f,0x75,0x76,0x30,0x2e,0x78,0x20,0x3a,0x20,0x76,0x5f,0x75,0x76,0x31,0x2e,0x78,
    0x2c,0x20,0x5f,0x36,0x32,0x31,0x2e,0x79,0x20,0x3f,0x20,0x76,0x5f,0x75,0x76,0x30,
    0x2e,0x79,0x20,0x3a,0x20,0x76,0x5f,0x75,0x76,0x31,0x2e,0x79,0x29,0x2c,0x20,0x31,
    0x2e,0x30,0x29,0x3b,0x0a,0x20,0x20,0x20,0x20,0x72,0x65,0x74,0x75,0x72,0x6e,0x20,
    0x76,0x65,0x63,0x32,0x28,0x64,0x6f,0x74,0x28,0x66,0x73,0x5f,0x70,0x61,0x72,0x61,
    0x6d,0x73,0x5b,0x69,0x20,0x2a,0x20,0x31,0x20,0x2b,0x20,0x34,0x5d,0x2e,0x78,0x79,
    0x7a,0x2c,0x20,0x5f,0x36,0x32,0x35,0x29,0x2c,0x20,0x64,0x6f,0x74,0x28,0x66,0x73,
    0x5f,0x70,0x61,0x72,0x61,0x6d,0x73,0x5b,0x69,0x20,0x2a,0x20,0x31,0x20,0x2b,0x20,
    0x39,0x5d,0x2e,0x78,0x79,0x7a,0x2c,0x20,0x5f,0x36,0x32,0x35,0x29,0x29,0x3b,0x0a,
    0x7d,0x0a,0x0a,0x68,0x69,0x67,0x68,0x70,0x20,0x76,0x65,0x63,0x33,0x20,0x73,0x72,
    0x67,0x62,0x5f,0x74,0x6f,0x5f,0x6c,0x69,0x6e,0x65,0x61,0x72,0x28,0x68,0x69,0x67,
    0x68,0x70,0x20,0x76,0x65,0x63,0x33,0x20,0x63,0x29,0x0a,0x7b,0x0a,0x20,0x20,0x20,
    0x20,0x72,0x65,0x74,0x75,0x72,0x6e,0x20,0x6d,0x69,0x78,0x28,0x63,0x20,0x2a,0x20,
    0x76,0x65,0x63,0x33,0x28,0x30,0x2e,0x30,0x37,0x37,0x33,0x39,0x39,0x33,0x38,0x30,
    0x35,0x30,0x35,0x30,0x38,0x34,0x39,0x39,0x31,0x34,0x35,0x35,0x30,0x37,0x38,0x31,
    0x32,0x35,0x29,0x2c,0x20,0x70,0x6f,0x77,0x28,0x28,0x6d,0x61,0x78,0x28,0x63,0x2c,
    0x20,0x76,0x65,0x63,0x33,0x28,0x30,0x2e,0x30,0x34,0x30,0x34,0x34,0x39,0x39,0x39,
    0x39,0x32,0x37,0x32,0x38,0x32,0x33,0x33,0x33,0x33,0x37,0x34,0x30,0x32,0x33,0x34,
    0x33,0x37,0x35,0x29,0x29,0x20,0x2b,0x20,0x76,0x65,0x63,0x33,0x28,0x30,0x2e,0x30,
    0x35,0x34,0x39,0x39,0x39,0x39,0x39,0x39,0x37,0x30,0x31,0x39,0x37,0x36,0x37,0x37,
    0x36,0x31,0x32,0x33,0x30,0x34,0x36,0x38,0x37,0x35,0x29,0x29,0x20,0x2a,0x20,0x76,
    0x65,0x63,0x33,0x28,0x30,0x2e,0x39,0x34,0x37,0x38,0x36,0x37,0x33,0x33,0x33,0x38,
    0x38,0x39,0x30,0x30,0x37,0x35,0x36,0x38,0x33,0x35,0x39,0x33,0x37,0x35,0x29,0x2c,
    0x20,0x76,0x65,0x63,0x33,0x28,0x32,0x2e,0x34,0x30,0x30,0x30,0x30,0x30,0x30,0x39,
    0x35,0x33,0x36,0x37,0x34,0x33,0x31,0x36,0x34,0x30,0x36,0x32,0x35,0x29,0x29,0x2c,
    0x20,0x73,0x74,0x65,0x70,0x28,0x76,0x65,0x63,0x33,0x28,0x30,0x2e,0x30,0x34,0x30,
    0x34,0x34,0x39,0x39,0x39,0x39,0x32,0x37,0x32,0x38,0x32,0x33,0x33,0x33,0x33,0x37,
    0x34,0x30,0x32,0x33,0x34,0x33,0x37,0x35,0x29,0x2c,0x20,0x63,0x29,0x29,0x3b,0x0a,
    0x7d,0x0a,0x0a,0x68,0x69,0x67,0x68,0x70,0x20,0x76,0x65,0x63,0x33,0x20,0x74,0x6f,
    0x6e,0x65,0x6d,0x61,0x70,0x5f,0x6e,0x65,0x75,0x74,0x72,0x61,0x6c,0x28,0x69,0x6e,
    0x6f,0x75,0x74,0x20,0x68,0x69,0x67,0x68,0x70,0x20,0x76,0x65,0x63,0x33,0x20,0x63,
    0x6f,0x6c,0x6f,0x72,0x29,0x0a,0x7b,0x0a,0x20,0x20,0x20,0x20,0x68,0x69,0x67,0x68,
    0x70,0x20,0x66,0x6c,0x6f,0x61,0x74,0x20,0x5f,0x31,0x32,0x37,0x20,0x3d,0x20,0x6d,
    0x69,0x6e,0x28,0x63,0x6f,0x6c,0x6f,0x72,0x2e,0x78,0x2c,0x20,0x6d,0x69,0x6e,0x28,
    0x63,0x6f,0x6c,0x6f,0x72,0x2e,0x79,0x2c,0x20,0x63,0x6f,0x6c,0x6f,0x72,0x2e,0x7a,
    0x29,0x29,0x3b,0x0a,0x20,0x20,0x20,0x20,0x68,0x69,0x67,0x68,0x70,0x20,0x66,0x6c,
    0x6f,0x61,0x74,0x20,0x5f,0x31,0x33,0x33,0x3b,0x0a,0x20,0x20,0x20,0x20,0x69,0x66,
    0x20,0x28,0x5f,0x31,0x32,0x37,0x20,0x3c,0x20,0x30,0x2e,0x30,0x37,0x39,0x39,0x39,
    0x39,0x39,0x39,0x38,0x32,0x31,0x31,0x38,0x36,0x30,0x36,0x35,0x36,0x37,0x33,0x38,
    0x32,0x38,0x31,0x32,0x35,0x29,0x0a,0x20,0x20,0x20,0x20,0x7b,0x0a,0x20,0x20,0x20,
    0x20,0x20,0x20,0x20,0x20,0x5f,0x31,0x33,0x33,0x20,0x3d,0x20,0x5f,0x31,0x32,0x37,
    0x20,0x2d,0x20,0x28,0x28,0x36,0x2e,0x32,0x35,0x20,0x2a,0x20,0x5f,0x31,0x32,0x37,
    0x29,0x20,0x2a,0x20,0x5f,0x31,0x32,0x37,0x29,0x3b,0x0a,0x20,0x20,0x20,0x20,0x7d,
    0x0a,0x20,0x20,0x20,0x20,0x65,0x6c,0x73,0x65,0x0a,0x20,0x20,0x20,0x20,0x7b,0x0a,
    0x20,0x20,0x20,0x20,0x20,0x20,0x20,0x20,0x5f,0x31,0x33,0x33,0x20,0x3d,0x20,0x30,
    0x2e,0x30,0x33,0x39,0x39,0x39,0x39,0x39,0x39,0x39,0x31,0x30,0x35,0x39,0x33,0x30,
    0x33,0x32,0x38,0x33,0x36,0x39,0x31,0x34,0x30,0x36,0x32,0x35,0x3b,0x0a,0x20,0x20,
    0x20,0x20,0x7d,0x0a,0x20,0x20,0x20,0x20,0x63,0x6f,0x6c,0x6f,0x72,0x20,0x2d,0x3d,
    0x20,0x76,0x65,0x63,0x33,0x28,0x5f,0x31,0x33,0x33,0x29,0x3b,0x0a,0x20,0x20,0x20,
    0x20,0x68,0x69,0x67,0x68,0x70,0x20,0x66,0x6c,0x6f,0x61,0x74,0x20,0x5f,0x31,0x35,
    0x32,0x20,0x3d,0x20,0x63,0x6f,0x6c,0x6f,0x72,0x2e,0x78,0x3b,0x0a,0x20,0x20,0x20,
    0x20,0x68,0x69,0x67,0x68,0x70,0x20,0x66,0x6c,0x6f,0x61,0x74,0x20,0x5f,0x31,0x35,
    0x34,0x20,0x3d,0x20,0x63,0x6f,0x6c,0x6f,0x72,0x2e,0x79,0x3b,0x0a,0x20,0x20,0x20,
    0x20,0x68,0x69,0x67,0x68,0x70,0x20,0x66,0x6c,0x6f,0x61,0x74,0x20,0x5f,0x31,0x35,
    0x36,0x20,0x3d,0x20,0x63,0x6f,0x6c,0x6f,0x72,0x2e,0x7a,0x3b,0x0a,0x20,0x20,0x20,
    0x20,0x68,0x69,0x67,0x68,0x70,0x20,0x66,0x6c,0x6f,0x61,0x74,0x20,0x5f,0x31,0x35,
    0x38,0x20,0x3d,0x20,0x6d,0x61,0x78,0x28,0x5f,0x31,0x35,0x32,0x2c,0x20,0x6d,0x61,
    0x78,0x28,0x5f,0x31,0x35,0x34,0x2c,0x20,0x5f,0x31,0x35,0x36,0x29,0x29,0x3b,0x0a,
    0x20,0x20,0x20,0x20,0x69,0x66,0x20,0x28,0x5f,0x31,0x35,0x38,0x20,0x3c,0x20,0x30,
    0x2e,0x37,0x35,0x39,0x39,0x39,0x39,0x39,0x39,0x30,0x34,0x36,0x33,0x32,0x35,0x36,
    0x38,0x33,0x35,0x39,0x33,0x37,0x35,0x29,0x0a,0x20,0x20,0x20,0x20,0x7b,0x0a,0x20,
    0x20,0x20,0x20,0x20,0x20,0x20,0x20,0x72,0x65,0x74,0x75,0x72,0x6e,0x20,0x63,0x6f,
    0x6c,0x6f,0x72,0x3b,0x0a,0x20,0x20,0x20,0x20,0x7d,0x0a,0x20,0x20,0x20,0x20,0x68,
    0x69,0x67,0x68,0x70,0x20,0x66,0x6c,0x6f,0x61,0x74,0x20,0x5f,0x31,0x37,0x33,0x20,
    0x3d,0x20,0x31,0x2e,0x30,0x20,0x2d,0x20,0x28,0x30,0x2e,0x30,0x35,0x37,0x35,0x39,
    0x39,0x39,0x39,0x39,0x30,0x31,0x30,0x35,0x36,0x32,0x38,0x39,0x36,0x37,0x32,0x38,
    0x35,0x31,0x35,0x36,0x32,0x35,0x20,0x2f,0x20,0x28,0x5f,0x31,0x35,0x38,0x20,0x2b,
    0x20,0x28,0x2d,0x30,0x2e,0x35,0x31,0x39,0x39,0x39,0x39,0x39,0x38,0x30,0x39,0x32,
    0x36,0x35,0x31,0x33,0x36,0x37,0x31,0x38,0x37,0x35,0x29,0x29,0x29,0x3b,0x0a,0x20,
    0x20,0x20,0x20,0x63,0x6f,0x6c,0x6f,0x72,0x20,0x2a,0x3d,0x20,0x28,0x5f,0x31,0x37,
    0x33,0x20,0x2f,0x20,0x5f,0x31,0x35,0x38,0x29,0x3b,0x0a,0x20,0x20,0x20,0x20,0x72,
    0x65,0x74,0x75,0x72,0x6e,0x20,0x6d,0x69,0x78,0x28,0x63,0x6f,0x6c,0x6f,0x72,0x2c,
    0x20,0x76,0x65,0x63,0x33,0x28,0x5f,0x31,0x37,0x33,0x29,0x2c,0x20,0x76,0x65,0x63,
    0x33,0x28,0x31,0x2e,0x30,0x20,0x2d,0x20,0x28,0x31,0x2e,0x30,0x20,0x2f,0x20,0x28,
    0x28,0x30,0x2e,0x31,0x35,0x30,0x30,0x30,0x30,0x30,0x30,0x35,0x39,0x36,0x30,0x34,
    0x36,0x34,0x34,0x37,0x37,0x35,0x33,0x39,0x30,0x36,0x32,0x35,0x20,0x2a,0x20,0x28,
    0x5f,0x31,0x35,0x38,0x20,0x2d,0x20,0x5f,0x31,0x37,0x33,0x29,0x29,0x20,0x2b,0x20,
    0x31,0x2e,0x30,0x29,0x29,0x29,0x29,0x3b,0x0a,0x7d,0x0a,0x0a,0x68,0x69,0x67,0x68,
    0x70,0x20,0x76,0x65,0x63,0x33,0x20,0x74,0x6f,0x6e,0x65,0x6d,0x61,0x70,0x5f,0x61,
    0x63,0x65,0x73,0x28,0x69,0x6e,0x6f,0x75,0x74,0x20,0x68,0x69,0x67,0x68,0x70,0x20,
    0x76,0x65,0x63,0x33,0x20,0x63,0x6f,0x6c,0x6f,0x72,0x29,0x0a,0x7b,0x0a,0x20,0x20,
    0x20,0x20,0x63,0x6f,0x6c,0x6f,0x72,0x20,0x2a,0x3d,0x20,0x30,0x2e,0x36,0x30,0x30,
    0x30,0x30,0x30,0x30,0x32,0x33,0x38,0x34,0x31,0x38,0x35,0x37,0x39,0x31,0x30,0x31,
    0x35,0x36,0x32,0x35,0x3b,0x0a,0x20,0x20,0x20,0x20,0x72,0x65,0x74,0x75,0x72,0x6e,
    0x20,0x63,0x6c,0x61,0x6d,0x70,0x28,0x28,0x63,0x6f,0x6c,0x6f,0x72,0x20,0x2a,0x20,
    0x28,0x28,0x63,0x6f,0x6c,0x6f,0x72,0x20,0x2a,0x20,0x32,0x2e,0x35,0x30,0x39,0x39,
    0x39,0x39,0x39,0x39,0x30,0x34,0x36,0x33,0x32,0x35,0x36,0x38,0x33,0x35,0x39,0x33,
    0x37,0x35,0x29,0x20,0x2b,0x20,0x76,0x65,0x63,0x33,0x28,0x30,0x2e,0x30,0x32,0x39,
    0x39,0x39,0x39,0x39,0x39,0x39,0x33,0x32,0x39,0x34,0x34,0x37,0x37,0x34,0x36,0x32,
    0x37,0x36,0x38,0x35,0x35,0x34,0x36,0x38,0x37,0x35,0x29,0x29,0x29,0x20,0x2f,0x20,
    0x28,0x28,0x63,0x6f,0x6c,0x6f,0x72,0x20,0x2a,0x20,0x28,0x28,0x63,0x6f,0x6c,0x6f,
    0x72,0x20,0x2a,0x20,0x32,0x2e,0x34,0x33,0x30,0x30,0x30,0x30,0x30,0x36,0x36,0x37,
    0x35,0x37,0x32,0x30,0x32,0x31,0x34,0x38,0x34,0x33,0x37,0x35,0x29,0x20,0x2b,0x20,
    0x76,0x65,0x63,0x33,0x28,0x30,0x2e,0x35,0x38,0x39,0x39,0x39,0x39,0x39,0x37,0x33,
    0x37,0x37,0x33,0x39,0x35,0x36,0x32,0x39,0x38,0x38,0x32,0x38,0x31,0x32,0x35,0x29,
    0x29,0x29,0x20,0x2b,0x20,0x76,0x65,0x63,0x33,0x28,0x30,0x2e,0x31,0x34,0x30,0x30,
    0x30,0x30,0x30,0x30,0x30,0x35,0x39,0x36,0x30,0x34,0x36,0x34,0x34,0x37,0x37,0x35,
    0x33,0x39,0x30,0x36,0x32,0x35,0x29,0x29,0x2c,0x20,0x76,0x65,0x63,0x33,0x28,0x30,
    0x2e,0x30,0x29,0x2c,0x20,0x76,0x65,0x63,0x33,0x28,0x31,0x2e,0x30,0x29,0x29,0x3b,
    0x0a,0x7d,0x0a,0x0a,0x68,0x69,0x67,0x68,0x70,0x20,0x76,0x65,0x63,0x33,0x20,0x6c,
    0x69,0x6e,0x65,0x61,0x72,0x5f,0x74,0x6f,0x5f,0x73,0x72,0x67,0x62,0x28,0x69,0x6e,
    0x6f,0x75,0x74,0x20,0x68,0x69,0x67,0x68,0x70,0x20,0x76,0x65,0x63,0x33,0x20,0x63,
    0x29,0x0a,0x7b,0x0a,0x20,0x20,0x20,0x20,0x63,0x20,0x3d,0x20,0x63,0x6c,0x61,0x6d,
    0x70,0x28,0x63,0x2c,0x20,0x76,0x65,0x63,0x33,0x28,0x30,0x2e,0x30,0x29,0x2c,0x20,
    0x76,0x65,0x63,0x33,0x28,0x31,0x2e,0x30,0x29,0x29,0x3b,0x0a,0x20,0x20,0x20,0x20,
    0x72,0x65,0x74,0x75,0x72,0x6e,0x20,0x6d,0x69,0x78,0x28,0x63,0x20,0x2a,0x20,0x31,
    0x32,0x2e,0x39,0x32,0x30,0x30,0x30,0x30,0x30,0x37,0x36,0x32,0x39,0x33,0x39,0x34,
    0x35,0x33,0x31,0x32,0x35,0x2c,0x20,0x28,0x70,0x6f,0x77,0x28,0x6d,0x61,0x78,0x28,
    0x63,0x2c,0x20,0x76,0x65,0x63,0x33,0x28,0x30,0x2e,0x30,0x30,0x33,0x31,0x33,0x30,
    0x38,0x30,0x30,0x30,0x39,0x30,0x37,0x33,0x30,0x31,0x39,0x30,0x32,0x37,0x37,0x30,
    0x39,0x39,0x36,0x30,0x39,0x33,0x37,0x35,0x29,0x29,0x2c,0x20,0x76,0x65,0x63,0x33,
    0x28,0x30,0x2e,0x34,0x31,0x36,0x36,0x36,0x36,0x36,0x35,0x36,0x37,0x33,0x32,0x35,
    0x35,0x39,0x32,0x30,0x34,0x31,0x30,0x31,0x35,0x36,0x32,0x35,0x29,0x29,0x20,0x2a,
    0x20,0x31,0x2e,0x30,0x35,0x34,0x39,0x39,0x39,0x39,0x34,0x37,0x35,0x34,0x37,0x39,
    0x31,0x32,0x35,0x39,0x37,0x36,0x35,0x36,0x32,0x35,0x29,0x20,0x2d,0x20,0x76,0x65,
    0x63,0x33,0x28,0x30,0x2e,0x30,0x35,0x34,0x39,0x39,0x39,0x39,0x39,0x39,0x37,0x30,
    0x31,0x39,0x37,0x36,0x37,0x37,0x36,0x31,0x32,0x33,0x30,0x34,0x36,0x38,0x37,0x35,
    0x29,0x2c,0x20,0x73,0x74,0x65,0x70,0x28,0x76,0x65,0x63,0x33,0x28,0x30,0x2e,0x30,
    0x30,0x33,0x31,0x33,0x30,0x38,0x30,0x30,0x30,0x39,0x30,0x37,0x33,0x30,0x31,0x39,
    0x30,0x32,0x37,0x37,0x30,0x39,0x39,0x36,0x30,0x39,0x33,0x37,0x35,0x29,0x2c,0x20,
    0x63,0x29,0x29,0x3b,0x0a,0x7d,0x0a,0x0a,0x68,0x69,0x67,0x68,0x70,0x20,0x76,0x65,
    0x63,0x33,0x20,0x74,0x6f,0x5f,0x64,0x69,0x73,0x70,0x6c,0x61,0x79,0x28,0x69,0x6e,
    0x6f,0x75,0x74,0x20,0x68,0x69,0x67,0x68,0x70,0x20,0x76,0x65,0x63,0x33,0x20,0x63,
    0x6f,0x6c,0x6f,0x72,0x2c,0x20,0x68,0x69,0x67,0x68,0x70,0x20,0x76,0x65,0x63,0x34,
    0x20,0x74,0x6f,0x6e,0x65,0x6d,0x61,0x70,0x29,0x0a,0x7b,0x0a,0x20,0x20,0x20,0x20,
    0x63,0x6f,0x6c,0x6f,0x72,0x20,0x2a,0x3d,0x20,0x74,0x6f,0x6e,0x65,0x6d,0x61,0x70,
    0x2e,0x79,0x3b,0x0a,0x20,0x20,0x20,0x20,0x69,0x6e,0x74,0x20,0x5f,0x32,0x33,0x33,
    0x20,0x3d,0x20,0x69,0x6e,0x74,0x28,0x74,0x6f,0x6e,0x65,0x6d,0x61,0x70,0x2e,0x78,
    0x20,0x2b,0x20,0x30,0x2e,0x35,0x29,0x3b,0x0a,0x20,0x20,0x20,0x20,0x69,0x66,0x20,
    0x28,0x5f,0x32,0x33,0x33,0x20,0x3d,0x3d,0x20,0x31,0x29,0x0a,0x20,0x20,0x20,0x20,
    0x7b,0x0a,0x20,0x20,0x20,0x20,0x20,0x20,0x20,0x20,0x68,0x69,0x67,0x68,0x70,0x20,
    0x76,0x65,0x63,0x33,0x20,0x70,0x61,0x72,0x61,0x6d,0x20,0x3d,0x20,0x63,0x6f,0x6c,
    0x6f,0x72,0x3b,0x0a,0x20,0x20,0x20,0x20,0x20,0x20,0x20,0x20,0x68,0x69,0x67,0x68,
    0x70,0x20,0x76,0x65,0x63,0x33,0x20,0x5f,0x32,0x34,0x31,0x20,0x3d,0x20,0x74,0x6f,
    0x6e,0x65,0x6d,0x61,0x70,0x5f,0x6e,0x65,0x75,0x74,0x72,0x61,0x6c,0x28,0x70,0x61,
    0x72,0x61,0x6d,0x29,0x3b,0x0a,0x20,0x20,0x20,0x20,0x20,0x20,0x20,0x20,0x63,0x6f,
    0x6c,0x6f,0x72,0x20,0x3d,0x20,0x5f,0x32,0x34,0x31,0x3b,0x0a,0x20,0x20,0x20,0x20,
    0x7d,0x0a,0x20,0x20,0x20,0x20,0x65,0x6c,0x73,0x65,0x0a,0x20,0x20,0x20,0x20,0x7b,
    0x0a,0x20,0x20,0x20,0x20,0x20,0x20,0x20,0x20,0x69,0x66,0x20,0x28,0x5f,0x32,0x33,
    0x33,0x20,0x3d,0x3d,0x20,0x32,0x29,0x0a,0x20,0x20,0x20,0x20,0x20,0x20,0x20,0x20,
    0x7b,0x0a,0x20,0x20,0x20,0x20,0x20,0x20,0x20,0x20,0x20,0x20,0x20,0x20,0x68,0x69,
    0x67,0x68,0x70,0x20,0x76,0x65,0x63,0x33,0x20,0x70,0x61,0x72,0x61,0x6d,0x5f,0x31,
    0x20,0x3d,0x20,0x63,0x6f,0x6c,0x6f,0x72,0x3b,0x0a,0x20,0x20,0x20,0x20,0x20,0x20,
    0x20,0x20,0x20,0x20,0x20,0x20,0x68,0x69,0x67,0x68,0x70,0x20,0x76,0x65,0x63,0x33,
    0x20,0x5f,0x32,0x35,0x30,0x20,0x3d,0x20,0x74,0x6f,0x6e,0x65,0x6d,0x61,0x70,0x5f,
    0x61,0x63,0x65,0x73,0x28,0x70,0x61,0x72,0x61,0x6d,0x5f,0x31,0x29,0x3b,0x0a,0x20,
    0x20,0x20,0x20,0x20,0x20,0x20,0x20,0x20,0x20,0x20,0x20,0x63,0x6f,0x6c,0x6f,0x72,
    0x20,0x3d,0x20,0x5f,0x32,0x35,0x30,0x3b,0x0a,0x20,0x20,0x20,0x20,0x20,0x20,0x20,
    0x20,0x7d,0x0a,0x20,0x20,0x20,0x20,0x7d,0x0a,0x20,0x20,0x20,0x20,0x68,0x69,0x67,
    0x68,0x70,0x20,0x76,0x65,0x63,0x33,0x20,0x70,0x61,0x72,0x61,0x6d,0x5f,0x32,0x20,
    0x3d,0x20,0x63,0x6f,0x6c,0x6f,0x72,0x3b,0x0a,0x20,0x20,0x20,0x20,0x68,0x69,0x67,
    0x68,0x70,0x20,0x76,0x65,0x63,0x33,0x20,0x5f,0x32,0x35,0x33,0x20,0x3d,0x20,0x6c,
    0x69,0x6e,0x65,0x61,0x72,0x5f,0x74,0x6f,0x5f,0x73,0x72,0x67,0x62,0x28,0x70,0x61,
    0x72,0x61,0x6d,0x5f,0x32,0x29,0x3b,0x0a,0x20,0x20,0x20,0x20,0x72,0x65,0x74,0x75,
    0x72,0x6e,0x20,0x5f,0x32,0x35,0x33,0x3b,0x0a,0x7d,0x0a,0x0a,0x68,0x69,0x67,0x68,
    0x70,0x20,0x66,0x6c,0x6f,0x61,0x74,0x20,0x61,0x74,0x74,0x65,0x6e,0x75,0x61,0x74,
    0x69,0x6f,0x6e,0x28,0x68,0x69,0x67,0x68,0x70,0x20,0x66,0x6c,0x6f,0x61,0x74,0x20,
    0x64,0x2c,0x20,0x68,0x69,0x67,0x68,0x70,0x20,0x66,0x6c,0x6f,0x61,0x74,0x20,0x72,
    0x61,0x6e,0x67,0x65,0x29,0x0a,0x7b,0x0a,0x20,0x20,0x20,0x20,0x68,0x69,0x67,0x68,
    0x70,0x20,0x66,0x6c,0x6f,0x61,0x74,0x20,0x5f,0x36,0x34,0x37,0x20,0x3d,0x20,0x31,
    0x2e,0x30,0x20,0x2f,0x20,0x6d,0x61,0x78,0x28,0x64,0x20,0x2a,0x20,0x64,0x2c,0x20,
    0x30,0x2e,0x30,0x30,0x39,0x39,0x39,0x39,0x39,0x39,0x39,0x37,0x37,0x36,0x34,0x38,
    0x32,0x35,0x38,0x32,0x30,0x39,0x32,0x32,0x38,0x35,0x31,0x35,0x36,0x32,0x35,0x29,
    0x3b,0x0a,0x20,0x20,0x20,0x20,0x69,0x66,0x20,0x28,0x72,0x61,0x6e,0x67,0x65,0x20,
    0x3c,0x3d,0x20,0x30,0x2e,0x30,0x29,0x0a,0x20,0x20,0x20,0x20,0x7b,0x0a,0x20,0x20,
    0x20,0x20,0x20,0x20,0x20,0x20,0x72,0x65,0x74,0x75,0x72,0x6e,0x20,0x5f,0x36,0x34,
    0x37,0x3b,0x0a,0x20,0x20,0x20,0x20,0x7d,0x0a,0x20,0x20,0x20,0x20,0x68,0x69,0x67,
    0x68,0x70,0x20,0x66,0x6c,0x6f,0x61,0x74,0x20,0x5f,0x36,0x35,0x37,0x20,0x3d,0x20,
    0x64,0x20,0x2f,0x20,0x72,0x61,0x6e,0x67,0x65,0x3b,0x0a,0x20,0x20,0x20,0x20,0x68,
    0x69,0x67,0x68,0x70,0x20,0x66,0x6c,0x6f,0x61,0x74,0x20,0x5f,0x36,0x36,0x37,0x20,
    0x3d,0x20,0x63,0x6c,0x61,0x6d,0x70,0x28,0x31,0x2e,0x30,0x20,0x2d,0x20,0x28,0x28,
    0x28,0x5f,0x36,0x35,0x37,0x20,0x2a,0x20,0x5f,0x36,0x35,0x37,0x29,0x20,0x2a,0x20,
    0x5f,0x36,0x35,0x37,0x29,0x20,0x2a,0x20,0x5f,0x36,0x35,0x37,0x29,0x2c,0x20,0x30,
    0x2e,0x30,0x2c,0x20,0x31,0x2e,0x30,0x29,0x3b,0x0a,0x20,0x20,0x20,0x20,0x72,0x65,
    0x74,0x75,0x72,0x6e,0x20,0x28,0x5f,0x36,0x36,0x37,0x20,0x2a,0x20,0x5f,0x36,0x36,
    0x37,0x29,0x20,0x2a,0x20,0x5f,0x36,0x34,0x37,0x3b,0x0a,0x7d,0x0a,0x0a,0x68,0x69,
    0x67,0x68,0x70,0x20,0x66,0x6c,0x6f,0x61,0x74,0x20,0x73,0x70,0x6f,0x74,0x5f,0x66,
    0x61,0x63,0x74,0x6f,0x72,0x28,0x68,0x69,0x67,0x68,0x70,0x20,0x66,0x6c,0x6f,0x61,
    0x74,0x20,0x63,0x6f,0x73,0x5f,0x61,0x6e,0x67,0x6c,0x65,0x2c,0x20,0x68,0x69,0x67,
    0x68,0x70,0x20,0x66,0x6c,0x6f,0x61,0x74,0x20,0x63,0x6f,0x73,0x5f,0x69,0x6e,0x6e,
    0x65,0x72,0x2c,0x20,0x68,0x69,0x67,0x68,0x70,0x20,0x66,0x6c,0x6f,0x61,0x74,0x20,
    0x63,0x6f,0x73,0x5f,0x6f,0x75,0x74,0x65,0x72,0x29,0x0a,0x7b,0x0a,0x20,0x20,0x20,
    0x20,0x69,0x66,0x20,0x28,0x28,0x63,0x6f,0x73,0x5f,0x69,0x6e,0x6e,0x65,0x72,0x20,
    0x2d,0x20,0x63,0x6f,0x73,0x5f,0x6f,0x75,0x74,0x65,0x72,0x29,0x20,0x3c,0x3d,0x20,
    0x39,0x2e,0x39,0x39,0x39,0x39,0x39,0x39,0x39,0x37,0x34,0x37,0x35,0x32,0x34,0x32,
    0x37,0x30,0x37,0x38,0x37,0x38,0x33,0x35,0x31,0x32,0x31,0x31,0x35,0x34,0x37,0x38,
    0x35,0x65,0x2d,0x30,0x37,0x29,0x0a,0x20,0x20,0x20,0x20,0x7b,0x0a,0x20,0x20,0x20,
    0x20,0x20,0x20,0x20,0x20,0x72,0x65,0x74,0x75,0x72,0x6e,0x20,0x66,0x6c,0x6f,0x61,
    0x74,0x28,0x63,0x6f,0x73,0x5f,0x61,0x6e,0x67,0x6c,0x65,0x20,0x3e,0x3d,0x20,0x63,
    0x6f,0x73,0x5f,0x6f,0x75,0x74,0x65,0x72,0x29,0x3b,0x0a,0x20,0x20,0x20,0x20,0x7d,
    0x0a,0x20,0x20,0x20,0x20,0x72,0x65,0x74,0x75,0x72,0x6e,0x20,0x73,0x6d,0x6f,0x6f,
    0x74,0x68,0x73,0x74,0x65,0x70,0x28,0x63,0x6f,0x73,0x5f,0x6f,0x75,0x74,0x65,0x72,
    0x2c,0x20,0x63,0x6f,0x73,0x5f,0x69,0x6e,0x6e,0x65,0x72,0x2c,0x20,0x63,0x6f,0x73,
    0x5f,0x61,0x6e,0x67,0x6c,0x65,0x29,0x3b,0x0a,0x7d,0x0a,0x0a,0x68,0x69,0x67,0x68,
    0x70,0x20,0x66,0x6c,0x6f,0x61,0x74,0x20,0x73,0x68,0x61,0x64,0x6f,0x77,0x5f,0x66,
    0x61,0x63,0x74,0x6f,0x72,0x28,0x69,0x6e,0x74,0x20,0x73,0x6c,0x6f,0x74,0x2c,0x20,
    0x68,0x69,0x67,0x68,0x70,0x20,0x76,0x65,0x63,0x33,0x20,0x77,0x6f,0x72,0x6c,0x64,
    0x5f,0x70,0x6f,0x73,0x2c,0x20,0x68,0x69,0x67,0x68,0x70,0x20,0x76,0x65,0x63,0x33,
    0x20,0x6e,0x2c,0x20,0x68,0x69,0x67,0x68,0x70,0x20,0x66,0x6c,0x6f,0x61,0x74,0x20,
    0x6e,0x5f,0x64,0x6f,0x74,0x5f,0x6c,0x29,0x0a,0x7b,0x0a,0x20,0x20,0x20,0x20,0x62,
    0x6f,0x6f,0x6c,0x20,0x5f,0x32,0x38,0x36,0x20,0x3d,0x20,0x73,0x6c,0x6f,0x74,0x20,
    0x3c,0x20,0x30,0x3b,0x0a,0x20,0x20,0x20,0x20,0x62,0x6f,0x6f,0x6c,0x20,0x5f,0x33,
    0x30,0x31,0x3b,0x0a,0x20,0x20,0x20,0x20,0x69,0x66,0x20,0x28,0x21,0x5f,0x32,0x38,
    0x36,0x29,0x0a,0x20,0x20,0x20,0x20,0x7b,0x0a,0x20,0x20,0x20,0x20,0x20,0x20,0x20,
    0x20,0x5f,0x33,0x30,0x31,0x20,0x3d,0x20,0x66,0x73,0x5f,0x70,0x61,0x72,0x61,0x6d,
    0x73,0x5b,0x33,0x5d,0x2e,0x7a,0x20,0x3c,0x20,0x30,0x2e,0x35,0x3b,0x0a,0x20,0x20,
    0x20,0x20,0x7d,0x0a,0x20,0x20,0x20,0x20,0x65,0x6c,0x73,0x65,0x0a,0x20,0x20,0x20,
    0x20,0x7b,0x0a,0x20,0x20,0x20,0x20,0x20,0x20,0x20,0x20,0x5f,0x33,0x30,0x31,0x20,
    0x3d,0x20,0x5f,0x32,0x38,0x36,0x3b,0x0a,0x20,0x20,0x20,0x20,0x7d,0x0a,0x20,0x20,
    0x20,0x20,0x69,0x66,0x20,0x28,0x5f,0x33,0x30,0x31,0x29,0x0a,0x20,0x20,0x20,0x20,
    0x7b,0x0a,0x20,0x20,0x20,0x20,0x20,0x20,0x20,0x20,0x72,0x65,0x74,0x75,0x72,0x6e,
    0x20,0x31,0x2e,0x30,0x3b,0x0a,0x20,0x20,0x20,0x20,0x7d,0x0a,0x20,0x20,0x20,0x20,
    0x68,0x69,0x67,0x68,0x70,0x20,0x66,0x6c,0x6f,0x61,0x74,0x20,0x5f,0x33,0x30,0x38,
    0x20,0x3d,0x20,0x31,0x2e,0x30,0x20,0x2d,0x20,0x63,0x6c,0x61,0x6d,0x70,0x28,0x6e,
    0x5f,0x64,0x6f,0x74,0x5f,0x6c,0x2c,0x20,0x30,0x2e,0x30,0x2c,0x20,0x31,0x2e,0x30,
    0x29,0x3b,0x0a,0x20,0x20,0x20,0x20,0x68,0x69,0x67,0x68,0x70,0x20,0x76,0x65,0x63,
    0x34,0x20,0x5f,0x33,0x34,0x33,0x20,0x3d,0x20,0x6d,0x61,0x74,0x34,0x28,0x66,0x73,
    0x5f,0x73,0x63,0x65,0x6e,0x65,0x5b,0x73,0x6c,0x6f,0x74,0x20,0x2a,0x20,0x34,0x20,
    0x2b,0x20,0x31,0x33,0x5d,0x2c,0x20,0x66,0x73,0x5f,0x73,0x63,0x65,0x6e,0x65,0x5b,
    0x73,0x6c,0x6f,0x74,0x20,0x2a,0x20,0x34,0x20,0x2b,0x20,0x31,0x34,0x5d,0x2c,0x20,
    0x66,0x73,0x5f,0x73,0x63,0x65,0x6e,0x65,0x5b,0x73,0x6c,0x6f,0x74,0x20,0x2a,0x20,
    0x34,0x20,0x2b,0x20,0x31,0x35,0x5d,0x2c,0x20,0x66,0x73,0x5f,0x73,0x63,0x65,0x6e,
    0x65,0x5b,0x73,0x6c,0x6f,0x74,0x20,0x2a,0x20,0x34,0x20,0x2b,0x20,0x31,0x36,0x5d,
    0x29,0x20,0x2a,0x20,0x76,0x65,0x63,0x34,0x28,0x77,0x6f,0x72,0x6c,0x64,0x5f,0x70,
    0x6f,0x73,0x20,0x2b,0x20,0x28,0x6e,0x20,0x2a,0x20,0x28,0x66,0x73,0x5f,0x73,0x63,
    0x65,0x6e,0x65,0x5b,0x73,0x6c,0x6f,0x74,0x20,0x2a,0x20,0x31,0x20,0x2b,0x20,0x32,
    0x39,0x5d,0x2e,0x79,0x20,0x2a,0x20,0x28,0x31,0x2e,0x30,0x20,0x2b,0x20,0x28,0x32,
    0x2e,0x30,0x20,0x2a,0x20,0x5f,0x33,0x30,0x38,0x29,0x29,0x29,0x29,0x2c,0x20,0x31,
    0x2e,0x30,0x29,0x3b,0x0a,0x20,0x20,0x20,0x20,0x68,0x69,0x67,0x68,0x70,0x20,0x66,
    0x6c,0x6f,0x61,0x74,0x20,0x5f,0x33,0x34,0x38,0x20,0x3d,0x20,0x5f,0x33,0x34,0x33,
    0x2e,0x77,0x3b,0x0a,0x20,0x20,0x20,0x20,0x68,0x69,0x67,0x68,0x70,0x20,0x76,0x65,
    0x63,0x33,0x20,0x5f,0x33,0x35,0x37,0x20,0x3d,0x20,0x28,0x5f,0x33,0x34,0x33,0x2e,
    0x78,0x79,0x7a,0x20,0x2f,0x20,0x76,0x65,0x63,0x33,0x28,0x6d,0x61,0x78,0x28,0x61,
    0x62,0x73,0x28,0x5f,0x33,0x34,0x38,0x29,0x2c,0x20,0x39,0x2e,0x39,0x39,0x39,0x39,
    0x39,0x39,0x39,0x37,0x34,0x37,0x35,0x32,0x34,0x32,0x37,0x30,0x37,0x38,0x37,0x38,
    0x33,0x35,0x31,0x32,0x31,0x31,0x35,0x34,0x37,0x38,0x35,0x65,0x2d,0x30,0x37,0x29,
    0x29,0x29,0x20,0x2a,0x20,0x73,0x69,0x67,0x6e,0x28,0x5f,0x33,0x34,0x38,0x29,0x3b,
    0x0a,0x20,0x20,0x20,0x20,0x68,0x69,0x67,0x68,0x70,0x20,0x76,0x65,0x63,0x32,0x20,
    0x5f,0x33,0x36,0x31,0x20,0x3d,0x20,0x5f,0x33,0x35,0x37,0x2e,0x78,0x79,0x3b,0x0a,
    0x20,0x20,0x20,0x20,0x68,0x69,0x67,0x68,0x70,0x20,0x76,0x65,0x63,0x32,0x20,0x75,
    0x76,0x20,0x3d,0x20,0x28,0x5f,0x33,0x36,0x31,0x20,0x2a,0x20,0x30,0x2e,0x35,0x29,
    0x20,0x2b,0x20,0x76,0x65,0x63,0x32,0x28,0x30,0x2e,0x35,0x29,0x3b,0x0a,0x20,0x20,
    0x20,0x20,0x69,0x66,0x20,0x28,0x66,0x73,0x5f,0x73,0x63,0x65,0x6e,0x65,0x5b,0x34,
    0x31,0x5d,0x2e,0x7a,0x20,0x3e,0x20,0x30,0x2e,0x35,0x29,0x0a,0x20,0x20,0x20,0x20,
    0x7b,0x0a,0x20,0x20,0x20,0x20,0x20,0x20,0x20,0x20,0x68,0x69,0x67,0x68,0x70,0x20,
    0x76,0x65,0x63,0x32,0x20,0x5f,0x31,0x32,0x39,0x39,0x20,0x3d,0x20,0x75,0x76,0x3b,
    0x0a,0x20,0x20,0x20,0x20,0x20,0x20,0x20,0x20,0x5f,0x31,0x32,0x39,0x39,0x2e,0x79,
    0x20,0x3d,0x20,0x31,0x2e,0x30,0x20,0x2d,0x20,0x5f,0x31,0x32,0x39,0x39,0x2e,0x79,
    0x3b,0x0a,0x20,0x20,0x20,0x20,0x20,0x20,0x20,0x20,0x75,0x76,0x20,0x3d,0x20,0x5f,
    0x31,0x32,0x39,0x39,0x3b,0x0a,0x20,0x20,0x20,0x20,0x7d,0x0a,0x20,0x20,0x20,0x20,
    0x68,0x69,0x67,0x68,0x70,0x20,0x66,0x6c,0x6f,0x61,0x74,0x20,0x5f,0x34,0x30,0x30,
    0x20,0x3d,0x20,0x28,0x28,0x5f,0x33,0x35,0x37,0x2e,0x7a,0x20,0x2a,0x20,0x66,0x73,
    0x5f,0x73,0x63,0x65,0x6e,0x65,0x5b,0x34,0x31,0x5d,0x2e,0x78,0x29,0x20,0x2b,0x20,
    0x66,0x73,0x5f,0x73,0x63,0x65,0x6e,0x65,0x5b,0x34,0x31,0x5d,0x2e,0x79,0x29,0x20,
    0x2d,0x20,0x28,0x28,0x66,0x73,0x5f,0x73,0x63,0x65,0x6e,0x65,0x5b,0x73,0x6c,0x6f,
    0x74,0x20,0x2a,0x20,0x31,0x20,0x2b,0x20,0x32,0x39,0x5d,0x2e,0x7a,0x20,0x2b,0x20,
    0x28,0x66,0x73,0x5f,0x73,0x63,0x65,0x6e,0x65,0x5b,0x73,0x6c,0x6f,0x74,0x20,0x2a,
    0x20,0x31,0x20,0x2b,0x20,0x32,0x39,0x5d,0x2e,0x77,0x20,0x2a,0x20,0x5f,0x33,0x30,
    0x38,0x29,0x29,0x20,0x2a,0x20,0x66,0x73,0x5f,0x73,0x63,0x65,0x6e,0x65,0x5b,0x73,
    0x6c,0x6f,0x74,0x20,0x2a,0x20,0x31,0x20,0x2b,0x20,0x33,0x33,0x5d,0x2e,0x77,0x29,
    0x3b,0x0a,0x20,0x20,0x20,0x20,0x68,0x69,0x67,0x68,0x70,0x20,0x76,0x65,0x63,0x32,
    0x20,0x5f,0x34,0x30,0x36,0x20,0x3d,0x20,0x76,0x65,0x63,0x32,0x28,0x31,0x2e,0x30,
    0x29,0x20,0x2d,0x20,0x61,0x62,0x73,0x28,0x5f,0x33,0x36,0x31,0x29,0x3b,0x0a,0x20,
    0x20,0x20,0x20,0x68,0x69,0x67,0x68,0x70,0x20,0x66,0x6c,0x6f,0x61,0x74,0x20,0x5f,
    0x34,0x31,0x32,0x20,0x3d,0x20,0x6d,0x69,0x6e,0x28,0x5f,0x34,0x30,0x36,0x2e,0x78,
    0x2c,0x20,0x5f,0x34,0x30,0x36,0x2e,0x79,0x29,0x3b,0x0a,0x20,0x20,0x20,0x20,0x68,
    0x69,0x67,0x68,0x70,0x20,0x76,0x65,0x63,0x32,0x20,0x5f,0x34,0x34,0x33,0x20,0x3d,
    0x20,0x63,0x6c,0x61,0x6d,0x70,0x28,0x75,0x76,0x2c,0x20,0x76,0x65,0x63,0x32,0x28,
    0x66,0x73,0x5f,0x73,0x63,0x65,0x6e,0x65,0x5b,0x73,0x6c,0x6f,0x74,0x20,0x2a,0x20,
    0x31,0x20,0x2b,0x20,0x32,0x39,0x5d,0x2e,0x78,0x29,0x2c,0x20,0x76,0x65,0x63,0x32,
    0x28,0x31,0x2e,0x30,0x20,0x2d,0x20,0x66,0x73,0x5f,0x73,0x63,0x65,0x6e,0x65,0x5b,
    0x73,0x6c,0x6f,0x74,0x20,0x2a,0x20,0x31,0x20,0x2b,0x20,0x32,0x39,0x5d,0x2e,0x78,
    0x29,0x29,0x3b,0x0a,0x20,0x20,0x20,0x20,0x68,0x69,0x67,0x68,0x70,0x20,0x66,0x6c,
    0x6f,0x61,0x74,0x20,0x6c,0x69,0x74,0x20,0x3d,0x20,0x30,0x2e,0x30,0x3b,0x0a,0x20,
    0x20,0x20,0x20,0x66,0x6f,0x72,0x20,0x28,0x69,0x6e,0x74,0x20,0x79,0x20,0x3d,0x20,
    0x2d,0x31,0x3b,0x20,0x79,0x20,0x3c,0x3d,0x20,0x31,0x3b,0x20,0x79,0x2b,0x2b,0x29,
    0x0a,0x20,0x20,0x20,0x20,0x7b,0x0a,0x20,0x20,0x20,0x20,0x20,0x20,0x20,0x20,0x66,
    0x6f,0x72,0x20,0x28,0x69,0x6e,0x74,0x20,0x78,0x20,0x3d,0x20,0x2d,0x31,0x3b,0x20,
    0x78,0x20,0x3c,0x3d,0x20,0x31,0x3b,0x20,0x78,0x2b,0x2b,0x29,0x0a,0x20,0x20,0x20,
    0x20,0x20,0x20,0x20,0x20,0x7b,0x0a,0x20,0x20,0x20,0x20,0x20,0x20,0x20,0x20,0x20,
    0x20,0x20,0x20,0x68,0x69,0x67,0x68,0x70,0x20,0x66,0x6c,0x6f,0x61,0x74,0x20,0x5f,
    0x34,0x38,0x35,0x20,0x3d,0x20,0x63,0x6c,0x61,0x6d,0x70,0x28,0x5f,0x34,0x30,0x30,
    0x2c,0x20,0x30,0x2e,0x30,0x2c,0x20,0x31,0x2e,0x30,0x29,0x3b,0x0a,0x20,0x20,0x20,
    0x20,0x20,0x20,0x20,0x20,0x20,0x20,0x20,0x20,0x6c,0x69,0x74,0x20,0x2b,0x3d,0x20,
    0x74,0x65,0x78,0x74,0x75,0x72,0x65,0x28,0x73,0x68,0x61,0x64,0x6f,0x77,0x5f,0x74,
    0x65,0x78,0x5f,0x73,0x68,0x61,0x64,0x6f,0x77,0x5f,0x73,0x6d,0x70,0x2c,0x20,0x76,
    0x65,0x63,0x34,0x28,0x76,0x65,0x63,0x34,0x28,0x5f,0x34,0x34,0x33,0x20,0x2b,0x20,
    0x28,0x76,0x65,0x63,0x32,0x28,0x66,0x6c,0x6f,0x61,0x74,0x28,0x78,0x29,0x2c,0x20,
    0x66,0x6c,0x6f,0x61,0x74,0x28,0x79,0x29,0x29,0x20,0x2a,0x20,0x66,0x73,0x5f,0x73,
    0x63,0x65,0x6e,0x65,0x5b,0x73,0x6c,0x6f,0x74,0x20,0x2a,0x20,0x31,0x20,0x2b,0x20,
    0x32,0x39,0x5d,0x2e,0x78,0x29,0x2c,0x20,0x66,0x6c,0x6f,0x61,0x74,0x28,0x73,0x6c,
    0x6f,0x74,0x29,0x2c,0x20,0x5f,0x34,0x38,0x35,0x29,0x2e,0x78,0x79,0x7a,0x2c,0x20,
    0x5f,0x34,0x38,0x35,0x29,0x29,0x3b,0x0a,0x20,0x20,0x20,0x20,0x20,0x20,0x20,0x20,
    0x7d,0x0a,0x20,0x20,0x20,0x20,0x7d,0x0a,0x20,0x20,0x20,0x20,0x72,0x65,0x74,0x75,
    0x72,0x6e,0x20,0x6d,0x69,0x78,0x28,0x31,0x2e,0x30,0x2c,0x20,0x6c,0x69,0x74,0x20,
    0x2a,0x20,0x30,0x2e,0x31,0x31,0x31,0x31,0x31,0x31,0x31,0x31,0x31,0x39,0x33,0x38,
    0x39,0x35,0x33,0x33,0x39,0x39,0x36,0x35,0x38,0x32,0x30,0x33,0x31,0x32,0x35,0x2c,
    0x20,0x28,0x63,0x6c,0x61,0x6d,0x70,0x28,0x5f,0x34,0x31,0x32,0x20,0x2a,0x20,0x31,
    0x30,0x2e,0x30,0x2c,0x20,0x30,0x2e,0x30,0x2c,0x20,0x31,0x2e,0x30,0x29,0x20,0x2a,
    0x20,0x28,0x28,0x73,0x74,0x65,0x70,0x28,0x30,0x2e,0x30,0x2c,0x20,0x5f,0x34,0x31,
    0x32,0x29,0x20,0x2a,0x20,0x73,0x74,0x65,0x70,0x28,0x5f,0x34,0x30,0x30,0x2c,0x20,
    0x31,0x2e,0x30,0x29,0x29,0x20,0x2a,0x20,0x73,0x74,0x65,0x70,0x28,0x30,0x2e,0x30,
    0x2c,0x20,0x5f,0x33,0x34,0x38,0x29,0x29,0x29,0x20,0x2a,0x20,0x66,0x73,0x5f,0x73,
    0x63,0x65,0x6e,0x65,0x5b,0x73,0x6c,0x6f,0x74,0x20,0x2a,0x20,0x31,0x20,0x2b,0x20,
    0x33,0x37,0x5d,0x2e,0x78,0x29,0x3b,0x0a,0x7d,0x0a,0x0a,0x68,0x69,0x67,0x68,0x70,
    0x20,0x76,0x65,0x63,0x33,0x20,0x65,0x6e,0x76,0x5f,0x64,0x69,0x72,0x28,0x68,0x69,
    0x67,0x68,0x70,0x20,0x76,0x65,0x63,0x33,0x20,0x64,0x69,0x72,0x2c,0x20,0x68,0x69,
    0x67,0x68,0x70,0x20,0x76,0x65,0x63,0x34,0x20,0x65,0x6e,0x76,0x29,0x0a,0x7b,0x0a,
    0x20,0x20,0x20,0x20,0x72,0x65,0x74,0x75,0x72,0x6e,0x20,0x76,0x65,0x63,0x33,0x28,
    0x28,0x65,0x6e,0x76,0x2e,0x7a,0x20,0x2a,0x20,0x64,0x69,0x72,0x2e,0x78,0x29,0x20,
    0x2d,0x20,0x28,0x65,0x6e,0x76,0x2e,0x77,0x20,0x2a,0x20,0x64,0x69,0x72,0x2e,0x7a,
    0x29,0x2c,0x20,0x64,0x69,0x72,0x2e,0x79,0x2c,0x20,0x28,0x65,0x6e,0x76,0x2e,0x77,
    0x20,0x2a,0x20,0x64,0x69,0x72,0x2e,0x78,0x29,0x20,0x2b,0x20,0x28,0x65,0x6e,0x76,
    0x2e,0x7a,0x20,0x2a,0x20,0x64,0x69,0x72,0x2e,0x7a,0x29,0x29,0x3b,0x0a,0x7d,0x0a,
    0x0a,0x68,0x69,0x67,0x68,0x70,0x20,0x76,0x65,0x63,0x33,0x20,0x65,0x76,0x61,0x6c,
    0x5f,0x73,0x68,0x28,0x68,0x69,0x67,0x68,0x70,0x20,0x76,0x65,0x63,0x33,0x20,0x6e,
    0x29,0x0a,0x7b,0x0a,0x20,0x20,0x20,0x20,0x68,0x69,0x67,0x68,0x70,0x20,0x76,0x65,
    0x63,0x33,0x20,0x5f,0x36,0x30,0x37,0x20,0x3d,0x20,0x28,0x28,0x28,0x28,0x28,0x28,
    0x28,0x28,0x66,0x73,0x5f,0x73,0x63,0x65,0x6e,0x65,0x5b,0x33,0x5d,0x2e,0x78,0x79,
    0x7a,0x20,0x2a,0x20,0x30,0x2e,0x32,0x38,0x32,0x30,0x39,0x34,0x39,0x38,0x35,0x32,
    0x34,0x36,0x36,0x35,0x38,0x33,0x32,0x35,0x31,0x39,0x35,0x33,0x31,0x32,0x35,0x29,
    0x20,0x2b,0x20,0x28,0x66,0x73,0x5f,0x73,0x63,0x65,0x6e,0x65,0x5b,0x34,0x5d,0x2e,
    0x78,0x79,0x7a,0x20,0x2a,0x20,0x28,0x30,0x2e,0x34,0x38,0x38,0x36,0x30,0x32,0x39,
    0x39,0x35,0x38,0x37,0x32,0x34,0x39,0x37,0x35,0x35,0x38,0x35,0x39,0x33,0x37,0x35,
    0x20,0x2a,0x20,0x6e,0x2e,0x79,0x29,0x29,0x29,0x20,0x2b,0x20,0x28,0x66,0x73,0x5f,
    0x73,0x63,0x65,0x6e,0x65,0x5b,0x35,0x5d,0x2e,0x78,0x79,0x7a,0x20,0x2a,0x20,0x28,
    0x30,0x2e,0x34,0x38,0x38,0x36,0x30,0x32,0x39,0x39,0x35,0x38,0x37,0x32,0x34,0x39,
    0x37,0x35,0x35,0x38,0x35,0x39,0x33,0x37,0x35,0x20,0x2a,0x20,0x6e,0x2e,0x7a,0x29,
    0x29,0x29,0x20,0x2b,0x20,0x28,0x66,0x73,0x5f,0x73,0x63,0x65,0x6e,0x65,0x5b,0x36,
    0x5d,0x2e,0x78,0x79,0x7a,0x20,0x2a,0x20,0x28,0x30,0x2e,0x34,0x38,0x38,0x36,0x30,
    0x32,0x39,0x39,0x35,0x38,0x37,0x32,0x34,0x39,0x37,0x35,0x35,0x38,0x35,0x39,0x33,
    0x37,0x35,0x20,0x2a,0x20,0x6e,0x2e,0x78,0x29,0x29,0x29,0x20,0x2b,0x20,0x28,0x66,
    0x73,0x5f,0x73,0x63,0x65,0x6e,0x65,0x5b,0x37,0x5d,0x2e,0x78,0x79,0x7a,0x20,0x2a,
    0x20,0x28,0x28,0x31,0x2e,0x30,0x39,0x32,0x35,0x34,0x38,0x30,0x31,0x32,0x37,0x33,
    0x33,0x34,0x35,0x39,0x34,0x37,0x32,0x36,0x35,0x36,0x32,0x35,0x20,0x2a,0x20,0x6e,
    0x2e,0x78,0x29,0x20,0x2a,0x20,0x6e,0x2e,0x79,0x29,0x29,0x29,0x20,0x2b,0x20,0x28,
    0x66,0x73,0x5f,0x73,0x63,0x65,0x6e,0x65,0x5b,0x38,0x5d,0x2e,0x78,0x79,0x7a,0x20,
    0x2a,0x20,0x28,0x28,0x31,0x2e,0x30,0x39,0x32,0x35,0x34,0x38,0x30,0x31,0x32,0x37,
    0x33,0x33,0x34,0x35,0x39,0x34,0x37,0x32,0x36,0x35,0x36,0x32,0x35,0x20,0x2a,0x20,
    0x6e,0x2e,0x79,0x29,0x20,0x2a,0x20,0x6e,0x2e,0x7a,0x29,0x29,0x29,0x20,0x2b,0x20,
    0x28,0x66,0x73,0x5f,0x73,0x63,0x65,0x6e,0x65,0x5b,0x39,0x5d,0x2e,0x78,0x79,0x7a,
    0x20,0x2a,0x20,0x28,0x30,0x2e,0x33,0x31,0x35,0x33,0x39,0x31,0x39,0x38,0x37,0x35,
    0x36,0x32,0x31,0x37,0x39,0x35,0x36,0x35,0x34,0x32,0x39,0x36,0x38,0x37,0x35,0x20,
    0x2a,0x20,0x28,0x28,0x28,0x33,0x2e,0x30,0x20,0x2a,0x20,0x6e,0x2e,0x7a,0x29,0x20,
    0x2a,0x20,0x6e,0x2e,0x7a,0x29,0x20,0x2d,0x20,0x31,0x2e,0x30,0x29,0x29,0x29,0x29,
    0x20,0x2b,0x20,0x28,0x66,0x73,0x5f,0x73,0x63,0x65,0x6e,0x65,0x5b,0x31,0x30,0x5d,
    0x2e,0x78,0x79,0x7a,0x20,0x2a,0x20,0x28,0x28,0x31,0x2e,0x30,0x39,0x32,0x35,0x34,
    0x38,0x30,0x31,0x32,0x37,0x33,0x33,0x34,0x35,0x39,0x34,0x37,0x32,0x36,0x35,0x36,
    0x32,0x35,0x20,0x2a,0x20,0x6e,0x2e,0x78,0x29,0x20,0x2a,0x20,0x6e,0x2e,0x7a,0x29,
    0x29,0x29,0x20,0x2b,0x20,0x28,0x66,0x73,0x5f,0x73,0x63,0x65,0x6e,0x65,0x5b,0x31,
    0x31,0x5d,0x2e,0x78,0x79,0x7a,0x20,0x2a,0x20,0x28,0x30,0x2e,0x35,0x34,0x36,0x32,
    0x37,0x34,0x30,0x30,0x36,0x33,0x36,0x36,0x37,0x32,0x39,0x37,0x33,0x36,0x33,0x32,
    0x38,0x31,0x32,0x35,0x20,0x2a,0x20,0x28,0x28,0x6e,0x2e,0x78,0x20,0x2a,0x20,0x6e,
    0x2e,0x78,0x29,0x20,0x2d,0x20,0x28,0x6e,0x2e,0x79,0x20,0x2a,0x20,0x6e,0x2e,0x79,
    0x29,0x29,0x29,0x29,0x3b,0x0a,0x20,0x20,0x20,0x20,0x72,0x65,0x74,0x75,0x72,0x6e,
    0x20,0x5f,0x36,0x30,0x37,0x3b,0x0a,0x7d,0x0a,0x0a,0x76,0x6f,0x69,0x64,0x20,0x6d,
    0x61,0x69,0x6e,0x28,0x29,0x0a,0x7b,0x0a,0x20,0x20,0x20,0x20,0x69,0x6e,0x74,0x20,
    0x70,0x61,0x72,0x61,0x6d,0x20,0x3d,0x20,0x30,0x3b,0x0a,0x20,0x20,0x20,0x20,0x68,
    0x69,0x67,0x68,0x70,0x20,0x76,0x65,0x63,0x34,0x20,0x5f,0x37,0x30,0x33,0x20,0x3d,
    0x20,0x74,0x65,0x78,0x74,0x75,0x72,0x65,0x28,0x62,0x61,0x73,0x65,0x5f,0x63,0x6f,
    0x6c,0x6f,0x72,0x5f,0x74,0x65,0x78,0x5f,0x62,0x61,0x73,0x65,0x5f,0x63,0x6f,0x6c,
    0x6f,0x72,0x5f,0x73,0x6d,0x70,0x2c,0x20,0x74,0x65,0x78,0x5f,0x75,0x76,0x28,0x70,
    0x61,0x72,0x61,0x6d,0x29,0x29,0x3b,0x0a,0x20,0x20,0x20,0x20,0x68,0x69,0x67,0x68,
    0x70,0x20,0x76,0x65,0x63,0x33,0x20,0x70,0x61,0x72,0x61,0x6d,0x5f,0x31,0x20,0x3d,
    0x20,0x5f,0x37,0x30,0x33,0x2e,0x78,0x79,0x7a,0x3b,0x0a,0x20,0x20,0x20,0x20,0x68,
    0x69,0x67,0x68,0x70,0x20,0x76,0x65,0x63,0x34,0x20,0x5f,0x37,0x32,0x31,0x20,0x3d,
    0x20,0x28,0x76,0x65,0x63,0x34,0x28,0x73,0x72,0x67,0x62,0x5f,0x74,0x6f,0x5f,0x6c,
    0x69,0x6e,0x65,0x61,0x72,0x28,0x70,0x61,0x72,0x61,0x6d,0x5f,0x31,0x29,0x2c,0x20,
    0x5f,0x37,0x30,0x33,0x2e,0x77,0x29,0x20,0x2a,0x20,0x66,0x73,0x5f,0x70,0x61,0x72,
    0x61,0x6d,0x73,0x5b,0x30,0x5d,0x29,0x20,0x2a,0x20,0x76,0x5f,0x63,0x6f,0x6c,0x6f,
    0x72,0x3b,0x0a,0x20,0x20,0x20,0x20,0x68,0x69,0x67,0x68,0x70,0x20,0x76,0x65,0x63,
    0x34,0x20,0x62,0x61,0x73,0x65,0x20,0x3d,0x20,0x5f,0x37,0x32,0x31,0x3b,0x0a,0x20,
    0x20,0x20,0x20,0x69,0x66,0x20,0x28,0x5f,0x37,0x32,0x31,0x2e,0x77,0x20,0x3c,0x20,
    0x6d,0x61,0x78,0x28,0x66,0x73,0x5f,0x70,0x61,0x72,0x61,0x6d,0x73,0x5b,0x33,0x5d,
    0x2e,0x78,0x2c,0x20,0x6d,0x61,0x78,0x28,0x76,0x5f,0x61,0x6c,0x70,0x68,0x61,0x5f,
    0x6d,0x6f,0x64,0x65,0x2c,0x20,0x30,0x2e,0x30,0x29,0x29,0x29,0x0a,0x20,0x20,0x20,
    0x20,0x7b,0x0a,0x20,0x20,0x20,0x20,0x20,0x20,0x20,0x20,0x64,0x69,0x73,0x63,0x61,
    0x72,0x64,0x3b,0x0a,0x20,0x20,0x20,0x20,0x7d,0x0a,0x20,0x20,0x20,0x20,0x69,0x66,
    0x20,0x28,0x76,0x5f,0x61,0x6c,0x70,0x68,0x61,0x5f,0x6d,0x6f,0x64,0x65,0x20,0x21,
    0x3d,0x20,0x30,0x2e,0x30,0x29,0x0a,0x20,0x20,0x20,0x20,0x7b,0x0a,0x20,0x20,0x20,
    0x20,0x20,0x20,0x20,0x20,0x68,0x69,0x67,0x68,0x70,0x20,0x76,0x65,0x63,0x34,0x20,
    0x5f,0x31,0x32,0x38,0x35,0x20,0x3d,0x20,0x62,0x61,0x73,0x65,0x3b,0x0a,0x20,0x20,
    0x20,0x20,0x20,0x20,0x20,0x20,0x5f,0x31,0x32,0x38,0x35,0x2e,0x77,0x20,0x3d,0x20,
    0x31,0x2e,0x30,0x3b,0x0a,0x20,0x20,0x20,0x20,0x20,0x20,0x20,0x20,0x62,0x61,0x73,
    0x65,0x20,0x3d,0x20,0x5f,0x31,0x32,0x38,0x35,0x3b,0x0a,0x20,0x20,0x20,0x20,0x7d,
    0x0a,0x20,0x20,0x20,0x20,0x69,0x66,0x20,0x28,0x66,0x73,0x5f,0x70,0x61,0x72,0x61,
    0x6d,0x73,0x5b,0x32,0x5d,0x2e,0x77,0x20,0x3c,0x20,0x30,0x2e,0x35,0x29,0x0a,0x20,
    0x20,0x20,0x20,0x7b,0x0a,0x20,0x20,0x20,0x20,0x20,0x20,0x20,0x20,0x68,0x69,0x67,
    0x68,0x70,0x20,0x76,0x65,0x63,0x33,0x20,0x70,0x61,0x72,0x61,0x6d,0x5f,0x32,0x20,
    0x3d,0x20,0x62,0x61,0x73,0x65,0x2e,0x78,0x79,0x7a,0x3b,0x0a,0x20,0x20,0x20,0x20,
    0x20,0x20,0x20,0x20,0x68,0x69,0x67,0x68,0x70,0x20,0x76,0x65,0x63,0x34,0x20,0x70,
    0x61,0x72,0x61,0x6d,0x5f,0x33,0x20,0x3d,0x20,0x66,0x73,0x5f,0x73,0x63,0x65,0x6e,
    0x65,0x5b,0x31,0x32,0x5d,0x3b,0x0a,0x20,0x20,0x20,0x20,0x20,0x20,0x20,0x20,0x68,
    0x69,0x67,0x68,0x70,0x20,0x76,0x65,0x63,0x33,0x20,0x5f,0x37,0x35,0x35,0x20,0x3d,
    0x20,0x74,0x6f,0x5f,0x64,0x69,0x73,0x70,0x6c,0x61,0x79,0x28,0x70,0x61,0x72,0x61,
    0x6d,0x5f,0x32,0x2c,0x20,0x70,0x61,0x72,0x61,0x6d,0x5f,0x33,0x29,0x3b,0x0a,0x20,
    0x20,0x20,0x20,0x20,0x20,0x20,0x20,0x66,0x72,0x61,0x67,0x5f,0x63,0x6f,0x6c,0x6f,
    0x72,0x20,0x3d,0x20,0x76,0x65,0x63,0x34,0x28,0x5f,0x37,0x35,0x35,0x2c,0x20,0x62,
    0x61,0x73,0x65,0x2e,0x77,0x29,0x3b,0x0a,0x20,0x20,0x20,0x20,0x20,0x20,0x20,0x20,
    0x72,0x65,0x74,0x75,0x72,0x6e,0x3b,0x0a,0x20,0x20,0x20,0x20,0x7d,0x0a,0x20,0x20,
    0x20,0x20,0x68,0x69,0x67,0x68,0x70,0x20,0x76,0x65,0x63,0x33,0x20,0x5f,0x37,0x36,
    0x37,0x20,0x3d,0x20,0x6e,0x6f,0x72,0x6d,0x61,0x6c,0x69,0x7a,0x65,0x28,0x76,0x5f,
    0x6e,0x6f,0x72,0x6d,0x61,0x6c,0x29,0x3b,0x0a,0x20,0x20,0x20,0x20,0x68,0x69,0x67,
    0x68,0x70,0x20,0x76,0x65,0x63,0x33,0x20,0x6e,0x20,0x3d,0x20,0x5f,0x37,0x36,0x37,
    0x3b,0x0a,0x20,0x20,0x20,0x20,0x68,0x69,0x67,0x68,0x70,0x20,0x76,0x65,0x63,0x33,
    0x20,0x5f,0x37,0x37,0x38,0x20,0x3d,0x20,0x76,0x5f,0x74,0x61,0x6e,0x67,0x65,0x6e,
    0x74,0x2e,0x78,0x79,0x7a,0x20,0x2d,0x20,0x28,0x5f,0x37,0x36,0x37,0x20,0x2a,0x20,
    0x64,0x6f,0x74,0x28,0x5f,0x37,0x36,0x37,0x2c,0x20,0x76,0x5f,0x74,0x61,0x6e,0x67,
    0x65,0x6e,0x74,0x2e,0x78,0x79,0x7a,0x29,0x29,0x3b,0x0a,0x20,0x20,0x20,0x20,0x68,
    0x69,0x67,0x68,0x70,0x20,0x76,0x65,0x63,0x33,0x20,0x74,0x20,0x3d,0x20,0x5f,0x37,
    0x37,0x38,0x3b,0x0a,0x20,0x20,0x20,0x20,0x69,0x66,0x20,0x28,0x64,0x6f,0x74,0x28,
    0x5f,0x37,0x37,0x38,0x2c,0x20,0x5f,0x37,0x37,0x38,0x29,0x20,0x3e,0x20,0x39,0x2e,
    0x39,0x39,0x39,0x39,0x39,0x39,0x39,0x33,0x39,0x32,0x32,0x35,0x32,0x39,0x30,0x32,
    0x39,0x30,0x37,0x37,0x38,0x35,0x30,0x32,0x38,0x32,0x31,0x39,0x32,0x32,0x33,0x65,
    0x2d,0x30,0x39,0x29,0x0a,0x20,0x20,0x20,0x20,0x7b,0x0a,0x20,0x20,0x20,0x20,0x20,
    0x20,0x20,0x20,0x68,0x69,0x67,0x68,0x70,0x20,0x76,0x65,0x63,0x33,0x20,0x5f,0x37,
    0x39,0x32,0x20,0x3d,0x20,0x74,0x3b,0x0a,0x20,0x20,0x20,0x20,0x20,0x20,0x20,0x20,
    0x68,0x69,0x67,0x68,0x70,0x20,0x76,0x65,0x63,0x33,0x20,0x5f,0x37,0x39,0x33,0x20,
    0x3d,0x20,0x6e,0x6f,0x72,0x6d,0x61,0x6c,0x69,0x7a,0x65,0x28,0x5f,0x37,0x39,0x32,
    0x29,0x3b,0x0a,0x20,0x20,0x20,0x20,0x20,0x20,0x20,0x20,0x74,0x20,0x3d,0x20,0x5f,
    0x37,0x39,0x33,0x3b,0x0a,0x20,0x20,0x20,0x20,0x20,0x20,0x20,0x20,0x69,0x6e,0x74,
    0x20,0x70,0x61,0x72,0x61,0x6d,0x5f,0x34,0x20,0x3d,0x20,0x32,0x3b,0x0a,0x20,0x20,
    0x20,0x20,0x20,0x20,0x20,0x20,0x68,0x69,0x67,0x68,0x70,0x20,0x76,0x65,0x63,0x33,
    0x20,0x5f,0x38,0x31,0x33,0x20,0x3d,0x20,0x28,0x74,0x65,0x78,0x74,0x75,0x72,0x65,
    0x28,0x6e,0x6f,0x72,0x6d,0x61,0x6c,0x5f,0x74,0x65,0x78,0x5f,0x6e,0x6f,0x72,0x6d,
    0x61,0x6c,0x5f,0x73,0x6d,0x70,0x2c,0x20,0x74,0x65,0x78,0x5f,0x75,0x76,0x28,0x70,
    0x61,0x72,0x61,0x6d,0x5f,0x34,0x29,0x29,0x2e,0x78,0x79,0x7a,0x20,0x2a,0x20,0x32,
    0x2e,0x30,0x29,0x20,0x2d,0x20,0x76,0x65,0x63,0x33,0x28,0x31,0x2e,0x30,0x29,0x3b,
    0x0a,0x20,0x20,0x20,0x20,0x20,0x20,0x20,0x20,0x68,0x69,0x67,0x68,0x70,0x20,0x76,
    0x65,0x63,0x32,0x20,0x5f,0x38,0x31,0x38,0x20,0x3d,0x20,0x5f,0x38,0x31,0x33,0x2e,
    0x78,0x79,0x20,0x2a,0x20,0x66,0x73,0x5f,0x70,0x61,0x72,0x61,0x6d,0x73,0x5b,0x31,
    0x5d,0x2e,0x77,0x3b,0x0a,0x20,0x20,0x20,0x20,0x20,0x20,0x20,0x20,0x68,0x69,0x67,
    0x68,0x70,0x20,0x76,0x65,0x63,0x33,0x20,0x5f,0x31,0x32,0x38,0x39,0x20,0x3d,0x20,
    0x5f,0x38,0x31,0x33,0x3b,0x0a,0x20,0x20,0x20,0x20,0x20,0x20,0x20,0x20,0x5f,0x31,
    0x32,0x38,0x39,0x2e,0x78,0x20,0x3d,0x20,0x5f,0x38,0x31,0x38,0x2e,0x78,0x3b,0x0a,
    0x20,0x20,0x20,0x20,0x20,0x20,0x20,0x20,0x5f,0x31,0x32,0x38,0x39,0x2e,0x79,0x20,
    0x3d,0x20,0x5f,0x38,0x31,0x38,0x2e,0x79,0x3b,0x0a,0x20,0x20,0x20,0x20,0x20,0x20,
    0x20,0x20,0x6e,0x20,0x3d,0x20,0x6e,0x6f,0x72,0x6d,0x61,0x6c,0x69,0x7a,0x65,0x28,
    0x6d,0x61,0x74,0x33,0x28,0x74,0x2c,0x20,0x63,0x72,0x6f,0x73,0x73,0x28,0x6e,0x2c,
    0x20,0x5f,0x37,0x39,0x33,0x29,0x20,0x2a,0x20,0x76,0x5f,0x74,0x61,0x6e,0x67,0x65,
    0x6e,0x74,0x2e,0x77,0x2c,0x20,0x6e,0x29,0x20,0x2a,0x20,0x5f,0x31,0x32,0x38,0x39,
    0x29,0x3b,0x0a,0x20,0x20,0x20,0x20,0x7d,0x0a,0x20,0x20,0x20,0x20,0x6e,0x20,0x2a,
    0x3d,0x20,0x28,0x67,0x6c,0x5f,0x46,0x72,0x6f,0x6e,0x74,0x46,0x61,0x63,0x69,0x6e,
    0x67,0x20,0x3f,0x20,0x31,0x2e,0x30,0x20,0x3a,0x20,0x28,0x2d,0x31,0x2e,0x30,0x29,
    0x29,0x3b,0x0a,0x20,0x20,0x20,0x20,0x69,0x6e,0x74,0x20,0x70,0x61,0x72,0x61,0x6d,
    0x5f,0x35,0x20,0x3d,0x20,0x31,0x3b,0x0a,0x20,0x20,0x20,0x20,0x68,0x69,0x67,0x68,
    0x70,0x20,0x76,0x65,0x63,0x34,0x20,0x5f,0x38,0x35,0x34,0x20,0x3d,0x20,0x74,0x65,
    0x78,0x74,0x75,0x72,0x65,0x28,0x6d,0x65,0x74,0x61,0x6c,0x6c,0x69,0x63,0x5f,0x72,
    0x6f,0x75,0x67,0x68,0x6e,0x65,0x73,0x73,0x5f,0x74,0x65,0x78,0x5f,0x6d,0x65,0x74,
    0x61,0x6c,0x6c,0x69,0x63,0x5f,0x72,0x6f,0x75,0x67,0x68,0x6e,0x65,0x73,0x73,0x5f,
    0x73,0x6d,0x70,0x2c,0x20,0x74,0x65,0x78,0x5f,0x75,0x76,0x28,0x70,0x61,0x72,0x61,
    0x6d,0x5f,0x35,0x29,0x29,0x3b,0x0a,0x20,0x20,0x20,0x20,0x68,0x69,0x67,0x68,0x70,
    0x20,0x66,0x6c,0x6f,0x61,0x74,0x20,0x5f,0x38,0x36,0x32,0x20,0x3d,0x20,0x63,0x6c,
    0x61,0x6d,0x70,0x28,0x66,0x73,0x5f,0x70,0x61,0x72,0x61,0x6d,0x73,0x5b,0x32,0x5d,
    0x2e,0x78,0x20,0x2a,0x20,0x5f,0x38,0x35,0x34,0x2e,0x7a,0x2c,0x20,0x30,0x2e,0x30,
    0x2c,0x20,0x31,0x2e,0x30,0x29,0x3b,0x0a,0x20,0x20,0x20,0x20,0x68,0x69,0x67,0x68,
    0x70,0x20,0x66,0x6c,0x6f,0x61,0x74,0x20,0x5f,0x38,0x36,0x39,0x20,0x3d,0x20,0x63,
    0x6c,0x61,0x6d,0x70,0x28,0x66,0x73,0x5f,0x70,0x61,0x72,0x61,0x6d,0x73,0x5b,0x32,
    0x5d,0x2e,0x79,0x20,0x2a,0x20,0x5f,0x38,0x35,0x34,0x2e,0x79,0x2c,0x20,0x30,0x2e,
    0x30,0x32,0x39,0x39,0x39,0x39,0x39,0x39,0x39,0x33,0x32,0x39,0x34,0x34,0x37,0x37,
    0x34,0x36,0x32,0x37,0x36,0x38,0x35,0x35,0x34,0x36,0x38,0x37,0x35,0x2c,0x20,0x31,
    0x2e,0x30,0x29,0x3b,0x0a,0x20,0x20,0x20,0x20,0x68,0x69,0x67,0x68,0x70,0x20,0x66,
    0x6c,0x6f,0x61,0x74,0x20,0x5f,0x38,0x37,0x33,0x20,0x3d,0x20,0x5f,0x38,0x36,0x39,
    0x20,0x2a,0x20,0x5f,0x38,0x36,0x39,0x3b,0x0a,0x20,0x20,0x20,0x20,0x68,0x69,0x67,
    0x68,0x70,0x20,0x66,0x6c,0x6f,0x61,0x74,0x20,0x5f,0x38,0x37,0x37,0x20,0x3d,0x20,
    0x5f,0x38,0x37,0x33,0x20,0x2a,0x20,0x5f,0x38,0x37,0x33,0x3b,0x0a,0x20,0x20,0x20,
    0x20,0x68,0x69,0x67,0x68,0x70,0x20,0x76,0x65,0x63,0x33,0x20,0x5f,0x38,0x38,0x34,
    0x20,0x3d,0x20,0x6d,0x69,0x78,0x28,0x76,0x65,0x63,0x33,0x28,0x30,0x2e,0x30,0x33,
    0x39,0x39,0x39,0x39,0x39,0x39,0x39,0x31,0x30,0x35,0x39,0x33,0x30,0x33,0x32,0x38,
    0x33,0x36,0x39,0x31,0x34,0x30,0x36,0x32,0x35,0x29,0x2c,0x20,0x62,0x61,0x73,0x65,
    0x2e,0x78,0x79,0x7a,0x2c,0x20,0x76,0x65,0x63,0x33,0x28,0x5f,0x38,0x36,0x32,0x29,
    0x29,0x3b,0x0a,0x20,0x20,0x20,0x20,0x68,0x69,0x67,0x68,0x70,0x20,0x76,0x65,0x63,
    0x33,0x20,0x5f,0x38,0x39,0x30,0x20,0x3d,0x20,0x62,0x61,0x73,0x65,0x2e,0x78,0x79,
    0x7a,0x20,0x2a,0x20,0x28,0x31,0x2e,0x30,0x20,0x2d,0x20,0x5f,0x38,0x36,0x32,0x29,
    0x3b,0x0a,0x20,0x20,0x20,0x20,0x68,0x69,0x67,0x68,0x70,0x20,0x76,0x65,0x63,0x33,
    0x20,0x5f,0x38,0x39,0x38,0x20,0x3d,0x20,0x6e,0x6f,0x72,0x6d,0x61,0x6c,0x69,0x7a,
    0x65,0x28,0x66,0x73,0x5f,0x73,0x63,0x65,0x6e,0x65,0x5b,0x30,0x5d,0x2e,0x78,0x79,
    0x7a,0x20,0x2d,0x20,0x76,0x5f,0x77,0x6f,0x72,0x6c,0x64,0x5f,0x70,0x6f,0x73,0x29,
    0x3b,0x0a,0x20,0x20,0x20,0x20,0x68,0x69,0x67,0x68,0x70,0x20,0x66,0x6c,0x6f,0x61,
    0x74,0x20,0x5f,0x39,0x30,0x35,0x20,0x3d,0x20,0x63,0x6c,0x61,0x6d,0x70,0x28,0x61,
    0x62,0x73,0x28,0x64,0x6f,0x74,0x28,0x6e,0x2c,0x20,0x5f,0x38,0x39,0x38,0x29,0x29,
    0x2c,0x20,0x39,0x2e,0x39,0x39,0x39,0x39,0x39,0x39,0x37,0x34,0x37,0x33,0x37,0x38,
    0x37,0x35,0x31,0x36,0x33,0x35,0x35,0x35,0x31,0x34,0x35,0x32,0x36,0x33,0x36,0x37,
    0x31,0x38,0x38,0x65,0x2d,0x30,0x35,0x2c,0x20,0x31,0x2e,0x30,0x29,0x3b,0x0a,0x20,
    0x20,0x20,0x20,0x69,0x6e,0x74,0x20,0x70,0x61,0x72,0x61,0x6d,0x5f,0x36,0x20,0x3d,
    0x20,0x33,0x3b,0x0a,0x20,0x20,0x20,0x20,0x68,0x69,0x67,0x68,0x70,0x20,0x66,0x6c,
    0x6f,0x61,0x74,0x20,0x5f,0x39,0x32,0x30,0x20,0x3d,0x20,0x31,0x2e,0x30,0x20,0x2b,
    0x20,0x28,0x66,0x73,0x5f,0x70,0x61,0x72,0x61,0x6d,0x73,0x5b,0x32,0x5d,0x2e,0x7a,
    0x20,0x2a,0x20,0x28,0x74,0x65,0x78,0x74,0x75,0x72,0x65,0x28,0x6f,0x63,0x63,0x6c,
    0x75,0x73,0x69,0x6f,0x6e,0x5f,0x74,0x65,0x78,0x5f,0x6f,0x63,0x63,0x6c,0x75,0x73,
    0x69,0x6f,0x6e,0x5f,0x73,0x6d,0x70,0x2c,0x20,0x74,0x65,0x78,0x5f,0x75,0x76,0x28,
    0x70,0x61,0x72,0x61,0x6d,0x5f,0x36,0x29,0x29,0x2e,0x78,0x20,0x2d,0x20,0x31,0x2e,
    0x30,0x29,0x29,0x3b,0x0a,0x20,0x20,0x20,0x20,0x68,0x69,0x67,0x68,0x70,0x20,0x76,
    0x65,0x63,0x33,0x20,0x63,0x6f,0x6c,0x6f,0x72,0x20,0x3d,0x20,0x28,0x66,0x73,0x5f,
    0x73,0x63,0x65,0x6e,0x65,0x5b,0x31,0x5d,0x2e,0x78,0x79,0x7a,0x20,0x2a,0x20,0x28,
    0x5f,0x38,0x39,0x30,0x20,0x2b,0x20,0x5f,0x38,0x38,0x34,0x29,0x29,0x20,0x2a,0x20,
    0x5f,0x39,0x32,0x30,0x3b,0x0a,0x20,0x20,0x20,0x20,0x69,0x6e,0x74,0x20,0x5f,0x39,
    0x33,0x34,0x20,0x3d,0x20,0x69,0x6e,0x74,0x28,0x66,0x73,0x5f,0x70,0x61,0x72,0x61,
    0x6d,0x73,0x5b,0x33,0x5d,0x2e,0x79,0x29,0x3b,0x0a,0x20,0x20,0x20,0x20,0x68,0x69,
    0x67,0x68,0x70,0x20,0x76,0x65,0x63,0x33,0x20,0x6c,0x69,0x67,0x68,0x74,0x5f,0x64,
    0x69,0x72,0x3b,0x0a,0x20,0x20,0x20,0x20,0x68,0x69,0x67,0x68,0x70,0x20,0x76,0x65,
    0x63,0x33,0x20,0x5f,0x39,0x38,0x37,0x3b,0x0a,0x20,0x20,0x20,0x20,0x66,0x6f,0x72,
    0x20,0x28,0x69,0x6e,0x74,0x20,0x69,0x20,0x3d,0x20,0x30,0x3b,0x20,0x69,0x20,0x3c,
    0x20,0x38,0x3b,0x20,0x69,0x2b,0x2b,0x29,0x0a,0x20,0x20,0x20,0x20,0x7b,0x0a,0x20,
    0x20,0x20,0x20,0x20,0x20,0x20,0x20,0x69,0x66,0x20,0x28,0x69,0x20,0x3e,0x3d,0x20,
    0x5f,0x39,0x33,0x34,0x29,0x0a,0x20,0x20,0x20,0x20,0x20,0x20,0x20,0x20,0x7b,0x0a,
    0x20,0x20,0x20,0x20,0x20,0x20,0x20,0x20,0x20,0x20,0x20,0x20,0x62,0x72,0x65,0x61,
    0x6b,0x3b,0x0a,0x20,0x20,0x20,0x20,0x20,0x20,0x20,0x20,0x7d,0x0a,0x20,0x20,0x20,
    0x20,0x20,0x20,0x20,0x20,0x68,0x69,0x67,0x68,0x70,0x20,0x66,0x6c,0x6f,0x61,0x74,
    0x20,0x66,0x61,0x6c,0x6c,0x6f,0x66,0x66,0x20,0x3d,0x20,0x31,0x2e,0x30,0x3b,0x0a,
    0x20,0x20,0x20,0x20,0x20,0x20,0x20,0x20,0x69,0x6e,0x74,0x20,0x5f,0x39,0x36,0x33,
    0x20,0x3d,0x20,0x69,0x6e,0x74,0x28,0x66,0x73,0x5f,0x6c,0x69,0x67,0x68,0x74,0x73,
    0x5b,0x69,0x20,0x2a,0x20,0x31,0x20,0x2b,0x20,0x38,0x5d,0x2e,0x77,0x20,0x2b,0x20,
    0x30,0x2e,0x35,0x29,0x3b,0x0a,0x20,0x20,0x20,0x20,0x20,0x20,0x20,0x20,0x69,0x66,
    0x20,0x28,0x5f,0x39,0x36,0x33,0x20,0x3d,0x3d,0x20,0x30,0x29,0x0a,0x20,0x20,0x20,
    0x20,0x20,0x20,0x20,0x20,0x7b,0x0a,0x20,0x20,0x20,0x20,0x20,0x20,0x20,0x20,0x20,
    0x20,0x20,0x20,0x6c,0x69,0x67,0x68,0x74,0x5f,0x64,0x69,0x72,0x20,0x3d,0x20,0x6e,
    0x6f,0x72,0x6d,0x61,0x6c,0x69,0x7a,0x65,0x28,0x66,0x73,0x5f,0x6c,0x69,0x67,0x68,
    0x74,0x73,0x5b,0x69,0x20,0x2a,0x20,0x31,0x20,0x2b,0x20,0x38,0x5d,0x2e,0x78,0x79,
    0x7a,0x29,0x3b,0x0a,0x20,0x20,0x20,0x20,0x20,0x20,0x20,0x20,0x7d,0x0a,0x20,0x20,
    0x20,0x20,0x20,0x20,0x20,0x20,0x65,0x6c,0x73,0x65,0x0a,0x20,0x20,0x20,0x20,0x20,
    0x20,0x20,0x20,0x7b,0x0a,0x20,0x20,0x20,0x20,0x20,0x20,0x20,0x20,0x20,0x20,0x20,
    0x20,0x68,0x69,0x67,0x68,0x70,0x20,0x76,0x65,0x63,0x33,0x20,0x5f,0x39,0x38,0x31,
    0x20,0x3d,0x20,0x76,0x5f,0x77,0x6f,0x72,0x6c,0x64,0x5f,0x70,0x6f,0x73,0x20,0x2d,
    0x20,0x66,0x73,0x5f,0x6c,0x69,0x67,0x68,0x74,0x73,0x5b,0x69,0x20,0x2a,0x20,0x31,
    0x20,0x2b,0x20,0x30,0x5d,0x2e,0x78,0x79,0x7a,0x3b,0x0a,0x20,0x20,0x20,0x20,0x20,
    0x20,0x20,0x20,0x20,0x20,0x20,0x20,0x68,0x69,0x67,0x68,0x70,0x20,0x66,0x6c,0x6f,
    0x61,0x74,0x20,0x5f,0x39,0x38,0x34,0x20,0x3d,0x20,0x6c,0x65,0x6e,0x67,0x74,0x68,
    0x28,0x5f,0x39,0x38,0x31,0x29,0x3b,0x0a,0x20,0x20,0x20,0x20,0x20,0x20,0x20,0x20,
    0x20,0x20,0x20,0x20,0x69,0x66,0x20,0x28,0x5f,0x39,0x38,0x34,0x20,0x3e,0x20,0x39,
    0x2e,0x39,0x39,0x39,0x39,0x39,0x39,0x39,0x37,0x34,0x37,0x35,0x32,0x34,0x32,0x37,
    0x30,0x37,0x38,0x37,0x38,0x33,0x35,0x31,0x32,0x31,0x31,0x35,0x34,0x37,0x38,0x35,
    0x65,0x2d,0x30,0x37,0x29,0x0a,0x20,0x20,0x20,0x20,0x20,0x20,0x20,0x20,0x20,0x20,
    0x20,0x20,0x7b,0x0a,0x20,0x20,0x20,0x20,0x20,0x20,0x20,0x20,0x20,0x20,0x20,0x20,
    0x20,0x20,0x20,0x20,0x5f,0x39,0x38,0x37,0x20,0x3d,0x20,0x5f,0x39,0x38,0x31,0x20,
    0x2f,0x20,0x76,0x65,0x63,0x33,0x28,0x5f,0x39,0x38,0x34,0x29,0x3b,0x0a,0x20,0x20,
    0x20,0x20,0x20,0x20,0x20,0x20,0x20,0x20,0x20,0x20,0x7d,0x0a,0x20,0x20,0x20,0x20,
    0x20,0x20,0x20,0x20,0x20,0x20,0x20,0x20,0x65,0x6c,0x73,0x65,0x0a,0x20,0x20,0x20,
    0x20,0x20,0x20,0x20,0x20,0x20,0x20,0x20,0x20,0x7b,0x0a,0x20,0x20,0x20,0x20,0x20,
    0x20,0x20,0x20,0x20,0x20,0x20,0x20,0x20,0x20,0x20,0x20,0x5f,0x39,0x38,0x37,0x20,
    0x3d,0x20,0x76,0x65,0x63,0x33,0x28,0x30,0x2e,0x30,0x2c,0x20,0x2d,0x31,0x2e,0x30,
    0x2c,0x20,0x30,0x2e,0x30,0x29,0x3b,0x0a,0x20,0x20,0x20,0x20,0x20,0x20,0x20,0x20,
    0x20,0x20,0x20,0x20,0x7d,0x0a,0x20,0x20,0x20,0x20,0x20,0x20,0x20,0x20,0x20,0x20,
    0x20,0x20,0x6c,0x69,0x67,0x68,0x74,0x5f,0x64,0x69,0x72,0x20,0x3d,0x20,0x5f,0x39,
    0x38,0x37,0x3b,0x0a,0x20,0x20,0x20,0x20,0x20,0x20,0x20,0x20,0x20,0x20,0x20,0x20,
    0x68,0x69,0x67,0x68,0x70,0x20,0x66,0x6c,0x6f,0x61,0x74,0x20,0x70,0x61,0x72,0x61,
    0x6d,0x5f,0x37,0x20,0x3d,0x20,0x5f,0x39,0x38,0x34,0x3b,0x0a,0x20,0x20,0x20,0x20,
    0x20,0x20,0x20,0x20,0x20,0x20,0x20,0x20,0x68,0x69,0x67,0x68,0x70,0x20,0x66,0x6c,
    0x6f,0x61,0x74,0x20,0x70,0x61,0x72,0x61,0x6d,0x5f,0x38,0x20,0x3d,0x20,0x66,0x73,
    0x5f,0x6c,0x69,0x67,0x68,0x74,0x73,0x5b,0x69,0x20,0x2a,0x20,0x31,0x20,0x2b,0x20,
    0x30,0x5d,0x2e,0x77,0x3b,0x0a,0x20,0x20,0x20,0x20,0x20,0x20,0x20,0x20,0x20,0x20,
    0x20,0x20,0x66,0x61,0x6c,0x6c,0x6f,0x66,0x66,0x20,0x3d,0x20,0x61,0x74,0x74,0x65,
    0x6e,0x75,0x61,0x74,0x69,0x6f,0x6e,0x28,0x70,0x61,0x72,0x61,0x6d,0x5f,0x37,0x2c,
    0x20,0x70,0x61,0x72,0x61,0x6d,0x5f,0x38,0x29,0x3b,0x0a,0x20,0x20,0x20,0x20,0x20,
    0x20,0x20,0x20,0x20,0x20,0x20,0x20,0x69,0x66,0x20,0x28,0x5f,0x39,0x36,0x33,0x20,
    0x3d,0x3d,0x20,0x32,0x29,0x0a,0x20,0x20,0x20,0x20,0x20,0x20,0x20,0x20,0x20,0x20,
    0x20,0x20,0x7b,0x0a,0x20,0x20,0x20,0x20,0x20,0x20,0x20,0x20,0x20,0x20,0x20,0x20,
    0x20,0x20,0x20,0x20,0x68,0x69,0x67,0x68,0x70,0x20,0x66,0x6c,0x6f,0x61,0x74,0x20,
    0x70,0x61,0x72,0x61,0x6d,0x5f,0x39,0x20,0x3d,0x20,0x64,0x6f,0x74,0x28,0x6c,0x69,
    0x67,0x68,0x74,0x5f,0x64,0x69,0x72,0x2c,0x20,0x6e,0x6f,0x72,0x6d,0x61,0x6c,0x69,
    0x7a,0x65,0x28,0x66,0x73,0x5f,0x6c,0x69,0x67,0x68,0x74,0x73,0x5b,0x69,0x20,0x2a,
    0x20,0x31,0x20,0x2b,0x20,0x38,0x5d,0x2e,0x78,0x79,0x7a,0x29,0x29,0x3b,0x0a,0x20,
    0x20,0x20,0x20,0x20,0x20,0x20,0x20,0x20,0x20,0x20,0x20,0x20,0x20,0x20,0x20,0x68,
    0x69,0x67,0x68,0x70,0x20,0x66,0x6c,0x6f,0x61,0x74,0x20,0x70,0x61,0x72,0x61,0x6d,
    0x5f,0x31,0x30,0x20,0x3d,0x20,0x66,0x73,0x5f,0x6c,0x69,0x67,0x68,0x74,0x73,0x5b,
    0x69,0x20,0x2a,0x20,0x31,0x20,0x2b,0x20,0x32,0x34,0x5d,0x2e,0x78,0x3b,0x0a,0x20,
    0x20,0x20,0x20,0x20,0x20,0x20,0x20,0x20,0x20,0x20,0x20,0x20,0x20,0x20,0x20,0x68,
    0x69,0x67,0x68,0x70,0x20,0x66,0x6c,0x6f,0x61,0x74,0x20,0x70,0x61,0x72,0x61,0x6d,
    0x5f,0x31,0x31,0x20,0x3d,0x20,0x66,0x73,0x5f,0x6c,0x69,0x67,0x68,0x74,0x73,0x5b,
    0x69,0x20,0x2a,0x20,0x31,0x20,0x2b,0x20,0x32,0x34,0x5d,0x2e,0x79,0x3b,0x0a,0x20,
    0x20,0x20,0x20,0x20,0x20,0x20,0x20,0x20,0x20,0x20,0x20,0x20,0x20,0x20,0x20,0x66,
    0x61,0x6c,0x6c,0x6f,0x66,0x66,0x20,0x2a,0x3d,0x20,0x73,0x70,0x6f,0x74,0x5f,0x66,
    0x61,0x63,0x74,0x6f,0x72,0x28,0x70,0x61,0x72,0x61,0x6d,0x5f,0x39,0x2c,0x20,0x70,
    0x61,0x72,0x61,0x6d,0x5f,0x31,0x30,0x2c,0x20,0x70,0x61,0x72,0x61,0x6d,0x5f,0x31,
    0x31,0x29,0x3b,0x0a,0x20,0x20,0x20,0x20,0x20,0x20,0x20,0x20,0x20,0x20,0x20,0x20,
    0x7d,0x0a,0x20,0x20,0x20,0x20,0x20,0x20,0x20,0x20,0x7d,0x0a,0x20,0x20,0x20,0x20,
    0x20,0x20,0x20,0x20,0x68,0x69,0x67,0x68,0x70,0x20,0x76,0x65,0x63,0x33,0x20,0x5f,
    0x31,0x30,0x32,0x39,0x20,0x3d,0x20,0x2d,0x6c,0x69,0x67,0x68,0x74,0x5f,0x64,0x69,
    0x72,0x3b,0x0a,0x20,0x20,0x20,0x20,0x20,0x20,0x20,0x20,0x68,0x69,0x67,0x68,0x70,
    0x20,0x66,0x6c,0x6f,0x61,0x74,0x20,0x5f,0x31,0x30,0x33,0x33,0x20,0x3d,0x20,0x64,
    0x6f,0x74,0x28,0x6e,0x2c,0x20,0x5f,0x31,0x30,0x32,0x39,0x29,0x3b,0x0a,0x20,0x20,
    0x20,0x20,0x20,0x20,0x20,0x20,0x69,0x66,0x20,0x28,0x28,0x5f,0x31,0x30,0x33,0x33,
    0x20,0x3c,0x3d,0x20,0x30,0x2e,0x30,0x29,0x20,0x7c,0x7c,0x20,0x28,0x66,0x61,0x6c,
    0x6c,0x6f,0x66,0x66,0x20,0x3c,0x3d,0x20,0x30,0x2e,0x30,0x29,0x29,0x0a,0x20,0x20,
    0x20,0x20,0x20,0x20,0x20,0x20,0x7b,0x0a,0x20,0x20,0x20,0x20,0x20,0x20,0x20,0x20,
    0x20,0x20,0x20,0x20,0x63,0x6f,0x6e,0x74,0x69,0x6e,0x75,0x65,0x3b,0x0a,0x20,0x20,
    0x20,0x20,0x20,0x20,0x20,0x20,0x7d,0x0a,0x20,0x20,0x20,0x20,0x20,0x20,0x20,0x20,
    0x68,0x69,0x67,0x68,0x70,0x20,0x76,0x65,0x63,0x33,0x20,0x5f,0x31,0x30,0x34,0x36,
    0x20,0x3d,0x20,0x6e,0x6f,0x72,0x6d,0x61,0x6c,0x69,0x7a,0x65,0x28,0x5f,0x31,0x30,
    0x32,0x39,0x20,0x2b,0x20,0x5f,0x38,0x39,0x38,0x29,0x3b,0x0a,0x20,0x20,0x20,0x20,
    0x20,0x20,0x20,0x20,0x68,0x69,0x67,0x68,0x70,0x20,0x66,0x6c,0x6f,0x61,0x74,0x20,
    0x5f,0x31,0x30,0x35,0x31,0x20,0x3d,0x20,0x63,0x6c,0x61,0x6d,0x70,0x28,0x64,0x6f,
    0x74,0x28,0x6e,0x2c,0x20,0x5f,0x31,0x30,0x34,0x36,0x29,0x2c,0x20,0x30,0x2e,0x30,
    0x2c,0x20,0x31,0x2e,0x30,0x29,0x3b,0x0a,0x20,0x20,0x20,0x20,0x20,0x20,0x20,0x20,
    0x68,0x69,0x67,0x68,0x70,0x20,0x76,0x65,0x63,0x33,0x20,0x5f,0x31,0x30,0x36,0x37,
    0x20,0x3d,0x20,0x5f,0x38,0x38,0x34,0x20,0x2b,0x20,0x28,0x28,0x76,0x65,0x63,0x33,
    0x28,0x31,0x2e,0x30,0x29,0x20,0x2d,0x20,0x5f,0x38,0x38,0x34,0x29,0x20,0x2a,0x20,
    0x70,0x6f,0x77,0x28,0x31,0x2e,0x30,0x20,0x2d,0x20,0x63,0x6c,0x61,0x6d,0x70,0x28,
    0x64,0x6f,0x74,0x28,0x5f,0x38,0x39,0x38,0x2c,0x20,0x5f,0x31,0x30,0x34,0x36,0x29,
    0x2c,0x20,0x30,0x2e,0x30,0x2c,0x20,0x31,0x2e,0x30,0x29,0x2c,0x20,0x35,0x2e,0x30,
    0x29,0x29,0x3b,0x0a,0x20,0x20,0x20,0x20,0x20,0x20,0x20,0x20,0x68,0x69,0x67,0x68,
    0x70,0x20,0x66,0x6c,0x6f,0x61,0x74,0x20,0x5f,0x31,0x30,0x37,0x35,0x20,0x3d,0x20,
    0x28,0x28,0x5f,0x31,0x30,0x35,0x31,0x20,0x2a,0x20,0x5f,0x31,0x30,0x35,0x31,0x29,
    0x20,0x2a,0x20,0x28,0x5f,0x38,0x37,0x37,0x20,0x2d,0x20,0x31,0x2e,0x30,0x29,0x29,
    0x20,0x2b,0x20,0x31,0x2e,0x30,0x3b,0x0a,0x20,0x20,0x20,0x20,0x20,0x20,0x20,0x20,
    0x68,0x69,0x67,0x68,0x70,0x20,0x66,0x6c,0x6f,0x61,0x74,0x20,0x5f,0x31,0x30,0x39,
    0x30,0x20,0x3d,0x20,0x31,0x2e,0x30,0x20,0x2d,0x20,0x5f,0x38,0x37,0x37,0x3b,0x0a,
    0x20,0x20,0x20,0x20,0x20,0x20,0x20,0x20,0x69,0x6e,0x74,0x20,0x5f,0x31,0x31,0x33,
    0x32,0x20,0x3d,0x20,0x69,0x6e,0x74,0x28,0x66,0x73,0x5f,0x6c,0x69,0x67,0x68,0x74,
    0x73,0x5b,0x69,0x20,0x2a,0x20,0x31,0x20,0x2b,0x20,0x32,0x34,0x5d,0x2e,0x7a,0x29,
    0x3b,0x0a,0x20,0x20,0x20,0x20,0x20,0x20,0x20,0x20,0x69,0x66,0x20,0x28,0x5f,0x31,
    0x31,0x33,0x32,0x20,0x3e,0x3d,0x20,0x30,0x29,0x0a,0x20,0x20,0x20,0x20,0x20,0x20,
    0x20,0x20,0x7b,0x0a,0x20,0x20,0x20,0x20,0x20,0x20,0x20,0x20,0x20,0x20,0x20,0x20,
    0x69,0x6e,0x74,0x20,0x70,0x61,0x72,0x61,0x6d,0x5f,0x31,0x32,0x20,0x3d,0x20,0x5f,
    0x31,0x31,0x33,0x32,0x3b,0x0a,0x20,0x20,0x20,0x20,0x20,0x20,0x20,0x20,0x20,0x20,
    0x20,0x20,0x68,0x69,0x67,0x68,0x70,0x20,0x76,0x65,0x63,0x33,0x20,0x70,0x61,0x72,
    0x61,0x6d,0x5f,0x31,0x33,0x20,0x3d,0x20,0x76,0x5f,0x77,0x6f,0x72,0x6c,0x64,0x5f,
    0x70,0x6f,0x73,0x3b,0x0a,0x20,0x20,0x20,0x20,0x20,0x20,0x20,0x20,0x20,0x20,0x20,
    0x20,0x68,0x69,0x67,0x68,0x70,0x20,0x76,0x65,0x63,0x33,0x20,0x70,0x61,0x72,0x61,
    0x6d,0x5f,0x31,0x34,0x20,0x3d,0x20,0x6e,0x3b,0x0a,0x20,0x20,0x20,0x20,0x20,0x20,
    0x20,0x20,0x20,0x20,0x20,0x20,0x68,0x69,0x67,0x68,0x70,0x20,0x66,0x6c,0x6f,0x61,
    0x74,0x20,0x70,0x61,0x72,0x61,0x6d,0x5f,0x31,0x35,0x20,0x3d,0x20,0x5f,0x31,0x30,
    0x33,0x33,0x3b,0x0a,0x20,0x20,0x20,0x20,0x20,0x20,0x20,0x20,0x20,0x20,0x20,0x20,
    0x68,0x69,0x67,0x68,0x70,0x20,0x66,0x6c,0x6f,0x61,0x74,0x20,0x5f,0x31,0x31,0x34,
    0x36,0x20,0x3d,0x20,0x73,0x68,0x61,0x64,0x6f,0x77,0x5f,0x66,0x61,0x63,0x74,0x6f,
    0x72,0x28,0x70,0x61,0x72,0x61,0x6d,0x5f,0x31,0x32,0x2c,0x20,0x70,0x61,0x72,0x61,
    0x6d,0x5f,0x31,0x33,0x2c,0x20,0x70,0x61,0x72,0x61,0x6d,0x5f,0x31,0x34,0x2c,0x20,
    0x70,0x61,0x72,0x61,0x6d,0x5f,0x31,0x35,0x29,0x3b,0x0a,0x20,0x20,0x20,0x20,0x20,
    0x20,0x20,0x20,0x20,0x20,0x20,0x20,0x63,0x6f,0x6c,0x6f,0x72,0x20,0x2b,0x3d,0x20,
    0x28,0x28,0x66,0x73,0x5f,0x73,0x63,0x65,0x6e,0x65,0x5b,0x5f,0x31,0x31,0x33,0x32,
    0x20,0x2a,0x20,0x31,0x20,0x2b,0x20,0x33,0x33,0x5d,0x2e,0x78,0x79,0x7a,0x20,0x2a,
    0x20,0x28,0x31,0x2e,0x30,0x20,0x2d,0x20,0x5f,0x31,0x31,0x34,0x36,0x29,0x29,0x20,
    0x2a,0x20,0x5f,0x38,0x39,0x30,0x29,0x3b,0x0a,0x20,0x20,0x20,0x20,0x20,0x20,0x20,
    0x20,0x20,0x20,0x20,0x20,0x66,0x61,0x6c,0x6c,0x6f,0x66,0x66,0x20,0x2a,0x3d,0x20,
    0x5f,0x31,0x31,0x34,0x36,0x3b,0x0a,0x20,0x20,0x20,0x20,0x20,0x20,0x20,0x20,0x7d,
    0x0a,0x20,0x20,0x20,0x20,0x20,0x20,0x20,0x20,0x63,0x6f,0x6c,0x6f,0x72,0x20,0x2b,
    0x3d,0x20,0x28,0x28,0x28,0x66,0x73,0x5f,0x6c,0x69,0x67,0x68,0x74,0x73,0x5b,0x69,
    0x20,0x2a,0x20,0x31,0x20,0x2b,0x20,0x31,0x36,0x5d,0x2e,0x78,0x79,0x7a,0x20,0x2a,
    0x20,0x66,0x61,0x6c,0x6c,0x6f,0x66,0x66,0x29,0x20,0x2a,0x20,0x5f,0x31,0x30,0x33,
    0x33,0x29,0x20,0x2a,0x20,0x28,0x28,0x28,0x28,0x76,0x65,0x63,0x33,0x28,0x31,0x2e,
    0x30,0x29,0x20,0x2d,0x20,0x5f,0x31,0x30,0x36,0x37,0x29,0x20,0x2a,0x20,0x5f,0x38,
    0x39,0x30,0x29,0x20,0x2a,0x20,0x76,0x65,0x63,0x33,0x28,0x30,0x2e,0x33,0x31,0x38,
    0x33,0x30,0x39,0x38,0x37,0x33,0x33,0x34,0x32,0x35,0x31,0x34,0x30,0x33,0x38,0x30,
    0x38,0x35,0x39,0x33,0x37,0x35,0x29,0x29,0x20,0x2b,0x20,0x28,0x28,0x5f,0x31,0x30,
    0x36,0x37,0x20,0x2a,0x20,0x28,0x5f,0x38,0x37,0x37,0x20,0x2f,0x20,0x28,0x28,0x33,
    0x2e,0x31,0x34,0x31,0x35,0x39,0x32,0x37,0x34,0x31,0x30,0x31,0x32,0x35,0x37,0x33,
    0x32,0x34,0x32,0x31,0x38,0x37,0x35,0x20,0x2a,0x20,0x5f,0x31,0x30,0x37,0x35,0x29,
    0x20,0x2a,0x20,0x5f,0x31,0x30,0x37,0x35,0x29,0x29,0x29,0x20,0x2a,0x20,0x28,0x30,
    0x2e,0x35,0x20,0x2f,0x20,0x6d,0x61,0x78,0x28,0x28,0x5f,0x31,0x30,0x33,0x33,0x20,
    0x2a,0x20,0x73,0x71,0x72,0x74,0x28,0x28,0x28,0x5f,0x39,0x30,0x35,0x20,0x2a,0x20,
    0x5f,0x39,0x30,0x35,0x29,0x20,0x2a,0x20,0x5f,0x31,0x30,0x39,0x30,0x29,0x20,0x2b,
    0x20,0x5f,0x38,0x37,0x37,0x29,0x29,0x20,0x2b,0x20,0x28,0x5f,0x39,0x30,0x35,0x20,
    0x2a,0x20,0x73,0x71,0x72,0x74,0x28,0x28,0x28,0x5f,0x31,0x30,0x33,0x33,0x20,0x2a,
    0x20,0x5f,0x31,0x30,0x33,0x33,0x29,0x20,0x2a,0x20,0x5f,0x31,0x30,0x39,0x30,0x29,
    0x20,0x2b,0x20,0x5f,0x38,0x37,0x37,0x29,0x29,0x2c,0x20,0x39,0x2e,0x39,0x39,0x39,
    0x39,0x39,0x39,0x39,0x37,0x34,0x37,0x35,0x32,0x34,0x32,0x37,0x30,0x37,0x38,0x37,
    0x38,0x33,0x35,0x31,0x32,0x31,0x31,0x35,0x34,0x37,0x38,0x35,0x65,0x2d,0x30,0x37,
    0x29,0x29,0x29,0x29,0x29,0x3b,0x0a,0x20,0x20,0x20,0x20,0x7d,0x0a,0x20,0x20,0x20,
    0x20,0x69,0x66,0x20,0x28,0x66,0x73,0x5f,0x73,0x63,0x65,0x6e,0x65,0x5b,0x32,0x5d,
    0x2e,0x78,0x20,0x3e,0x20,0x30,0x2e,0x30,0x29,0x0a,0x20,0x20,0x20,0x20,0x7b,0x0a,
    0x20,0x20,0x20,0x20,0x20,0x20,0x20,0x20,0x68,0x69,0x67,0x68,0x70,0x20,0x66,0x6c,
    0x6f,0x61,0x74,0x20,0x5f,0x31,0x31,0x38,0x35,0x20,0x3d,0x20,0x73,0x71,0x72,0x74,
    0x28,0x63,0x6c,0x61,0x6d,0x70,0x28,0x5f,0x38,0x37,0x33,0x2c,0x20,0x30,0x2e,0x30,
    0x2c,0x20,0x31,0x2e,0x30,0x29,0x29,0x3b,0x0a,0x20,0x20,0x20,0x20,0x20,0x20,0x20,
    0x20,0x68,0x69,0x67,0x68,0x70,0x20,0x76,0x65,0x63,0x33,0x20,0x70,0x61,0x72,0x61,
    0x6d,0x5f,0x31,0x36,0x20,0x3d,0x20,0x6e,0x3b,0x0a,0x20,0x20,0x20,0x20,0x20,0x20,
    0x20,0x20,0x68,0x69,0x67,0x68,0x70,0x20,0x76,0x65,0x63,0x34,0x20,0x70,0x61,0x72,
    0x61,0x6d,0x5f,0x31,0x37,0x20,0x3d,0x20,0x66,0x73,0x5f,0x73,0x63,0x65,0x6e,0x65,
    0x5b,0x32,0x5d,0x3b,0x0a,0x20,0x20,0x20,0x20,0x20,0x20,0x20,0x20,0x68,0x69,0x67,
    0x68,0x70,0x20,0x76,0x65,0x63,0x33,0x20,0x70,0x61,0x72,0x61,0x6d,0x5f,0x31,0x38,
    0x20,0x3d,0x20,0x65,0x6e,0x76,0x5f,0x64,0x69,0x72,0x28,0x70,0x61,0x72,0x61,0x6d,
    0x5f,0x31,0x36,0x2c,0x20,0x70,0x61,0x72,0x61,0x6d,0x5f,0x31,0x37,0x29,0x3b,0x0a,
    0x20,0x20,0x20,0x20,0x20,0x20,0x20,0x20,0x68,0x69,0x67,0x68,0x70,0x20,0x76,0x65,
    0x63,0x33,0x20,0x70,0x61,0x72,0x61,0x6d,0x5f,0x31,0x39,0x20,0x3d,0x20,0x72,0x65,
    0x66,0x6c,0x65,0x63,0x74,0x28,0x2d,0x5f,0x38,0x39,0x38,0x2c,0x20,0x6e,0x29,0x3b,
    0x0a,0x20,0x20,0x20,0x20,0x20,0x20,0x20,0x20,0x68,0x69,0x67,0x68,0x70,0x20,0x76,
    0x65,0x63,0x34,0x20,0x70,0x61,0x72,0x61,0x6d,0x5f,0x32,0x30,0x20,0x3d,0x20,0x66,
    0x73,0x5f,0x73,0x63,0x65,0x6e,0x65,0x5b,0x32,0x5d,0x3b,0x0a,0x20,0x20,0x20,0x20,
    0x20,0x20,0x20,0x20,0x68,0x69,0x67,0x68,0x70,0x20,0x76,0x65,0x63,0x34,0x20,0x5f,
    0x31,0x32,0x33,0x31,0x20,0x3d,0x20,0x74,0x65,0x78,0x74,0x75,0x72,0x65,0x28,0x62,
    0x72,0x64,0x66,0x5f,0x74,0x65,0x78,0x5f,0x62,0x72,0x64,0x66,0x5f,0x73,0x6d,0x70,
    0x2c,0x20,0x76,0x65,0x63,0x32,0x28,0x5f,0x39,0x30,0x35,0x2c,0x20,0x5f,0x31,0x31,
    0x38,0x35,0x29,0x29,0x3b,0x0a,0x20,0x20,0x20,0x20,0x20,0x20,0x20,0x20,0x63,0x6f,
    0x6c,0x6f,0x72,0x20,0x2b,0x3d,0x20,0x28,0x28,0x28,0x28,0x6d,0x61,0x78,0x28,0x65,
    0x76,0x61,0x6c,0x5f,0x73,0x68,0x28,0x70,0x61,0x72,0x61,0x6d,0x5f,0x31,0x38,0x29,
    0x2c,0x20,0x76,0x65,0x63,0x33,0x28,0x30,0x2e,0x30,0x29,0x29,0x20,0x2a,0x20,0x5f,
    0x38,0x39,0x30,0x29,0x20,0x2b,0x20,0x28,0x74,0x65,0x78,0x74,0x75,0x72,0x65,0x4c,
    0x6f,0x64,0x28,0x65,0x6e,0x76,0x5f,0x74,0x65,0x78,0x5f,0x65,0x6e,0x76,0x5f,0x73,
    0x6d,0x70,0x2c,0x20,0x65,0x6e,0x76,0x5f,0x64,0x69,0x72,0x28,0x70,0x61,0x72,0x61,
    0x6d,0x5f,0x31,0x39,0x2c,0x20,0x70,0x61,0x72,0x61,0x6d,0x5f,0x32,0x30,0x29,0x2c,
    0x20,0x5f,0x31,0x31,0x38,0x35,0x20,0x2a,0x20,0x66,0x73,0x5f,0x73,0x63,0x65,0x6e,
    0x65,0x5b,0x32,0x5d,0x2e,0x79,0x29,0x2e,0x78,0x79,0x7a,0x20,0x2a,0x20,0x28,0x28,
    0x5f,0x38,0x38,0x34,0x20,0x2a,0x20,0x5f,0x31,0x32,0x33,0x31,0x2e,0x78,0x29,0x20,
    0x2b,0x20,0x76,0x65,0x63,0x33,0x28,0x5f,0x31,0x32,0x33,0x31,0x2e,0x79,0x29,0x29,
    0x29,0x29,0x20,0x2a,0x20,0x5f,0x39,0x32,0x30,0x29,0x20,0x2a,0x20,0x66,0x73,0x5f,
    0x73,0x63,0x65,0x6e,0x65,0x5b,0x32,0x5d,0x2e,0x78,0x29,0x3b,0x0a,0x20,0x20,0x20,
    0x20,0x7d,0x0a,0x20,0x20,0x20,0x20,0x69,0x6e,0x74,0x20,0x70,0x61,0x72,0x61,0x6d,
    0x5f,0x32,0x31,0x20,0x3d,0x20,0x34,0x3b,0x0a,0x20,0x20,0x20,0x20,0x68,0x69,0x67,
    0x68,0x70,0x20,0x76,0x65,0x63,0x33,0x20,0x70,0x61,0x72,0x61,0x6d,0x5f,0x32,0x32,
    0x20,0x3d,0x20,0x74,0x65,0x78,0x74,0x75,0x72,0x65,0x28,0x65,0x6d,0x69,0x73,0x73,
    0x69,0x76,0x65,0x5f,0x74,0x65,0x78,0x5f,0x65,0x6d,0x69,0x73,0x73,0x69,0x76,0x65,
    0x5f,0x73,0x6d,0x70,0x2c,0x20,0x74,0x65,0x78,0x5f,0x75,0x76,0x28,0x70,0x61,0x72,
    0x61,0x6d,0x5f,0x32,0x31,0x29,0x29,0x2e,0x78,0x79,0x7a,0x3b,0x0a,0x20,0x20,0x20,
    0x20,0x68,0x69,0x67,0x68,0x70,0x20,0x76,0x65,0x63,0x33,0x20,0x5f,0x31,0x32,0x36,
    0x39,0x20,0x3d,0x20,0x63,0x6f,0x6c,0x6f,0x72,0x3b,0x0a,0x20,0x20,0x20,0x20,0x68,
    0x69,0x67,0x68,0x70,0x20,0x76,0x65,0x63,0x33,0x20,0x5f,0x31,0x32,0x37,0x30,0x20,
    0x3d,0x20,0x5f,0x31,0x32,0x36,0x39,0x20,0x2b,0x20,0x28,0x66,0x73,0x5f,0x70,0x61,
    0x72,0x61,0x6d,0x73,0x5b,0x31,0x5d,0x2e,0x78,0x79,0x7a,0x20,0x2a,0x20,0x73,0x72,
    0x67,0x62,0x5f,0x74,0x6f,0x5f,0x6c,0x69,0x6e,0x65,0x61,0x72,0x28,0x70,0x61,0x72,
    0x61,0x6d,0x5f,0x32,0x32,0x29,0x29,0x3b,0x0a,0x20,0x20,0x20,0x20,0x63,0x6f,0x6c,
    0x6f,0x72,0x20,0x3d,0x20,0x5f,0x31,0x32,0x37,0x30,0x3b,0x0a,0x20,0x20,0x20,0x20,
    0x68,0x69,0x67,0x68,0x70,0x20,0x76,0x65,0x63,0x33,0x20,0x70,0x61,0x72,0x61,0x6d,
    0x5f,0x32,0x33,0x20,0x3d,0x20,0x5f,0x31,0x32,0x37,0x30,0x3b,0x0a,0x20,0x20,0x20,
    0x20,0x68,0x69,0x67,0x68,0x70,0x20,0x76,0x65,0x63,0x34,0x20,0x70,0x61,0x72,0x61,
    0x6d,0x5f,0x32,0x34,0x20,0x3d,0x20,0x66,0x73,0x5f,0x73,0x63,0x65,0x6e,0x65,0x5b,
    0x31,0x32,0x5d,0x3b,0x0a,0x20,0x20,0x20,0x20,0x68,0x69,0x67,0x68,0x70,0x20,0x76,
    0x65,0x63,0x33,0x20,0x5f,0x31,0x32,0x37,0x36,0x20,0x3d,0x20,0x74,0x6f,0x5f,0x64,
    0x69,0x73,0x70,0x6c,0x61,0x79,0x28,0x70,0x61,0x72,0x61,0x6d,0x5f,0x32,0x33,0x2c,
    0x20,0x70,0x61,0x72,0x61,0x6d,0x5f,0x32,0x34,0x29,0x3b,0x0a,0x20,0x20,0x20,0x20,
    0x66,0x72,0x61,0x67,0x5f,0x63,0x6f,0x6c,0x6f,0x72,0x20,0x3d,0x20,0x76,0x65,0x63,
    0x34,0x28,0x5f,0x31,0x32,0x37,0x36,0x2c,0x20,0x62,0x61,0x73,0x65,0x2e,0x77,0x29,
    0x3b,0x0a,0x7d,0x0a,0x0a,0x00,
};
#endif
/*
    diagnostic(off, derivative_uniformity);

    struct vs_params {
      /_ @offset(0) _/
      view_proj : mat4x4f,
      /_ @offset(64) _/
      camera_right : vec4f,
      /_ @offset(80) _/
      camera_up : vec4f,
      /_ @offset(96) _/
      upright : vec4f,
    }

    @binding(0) @group(0) var<uniform> x_41 : vs_params;

    var<private> uv : vec2f;

    var<private> color : vec4f;

    var<private> alpha_mode : f32;

    var<private> corner_1 : vec2f;

    var<private> inst_pos : vec4f;

    var<private> inst_size : vec4f;

    var<private> inst_uv : vec4f;

    var<private> inst_right : vec3f;

    var<private> inst_up : vec4f;

    var<private> inst_color : vec4f;

    var<private> gl_Position : vec4f;

    fn place_vf2_vf4_vf4_vf4_vf3_vf4_vf4_(corner : ptr<function, vec2f>, pos : ptr<function, vec4f>, size : ptr<function, vec4f>, source : ptr<function, vec4f>, right_axis : ptr<function, vec3f>, up_axis : ptr<function, vec4f>, tint : ptr<function, vec4f>) {
      var right : vec3f;
      var up : vec3f;
      right = *(right_axis);
      up = (*(up_axis)).xyz;
      if (((*(pos)).w < 0.5f)) {
        right = x_41.camera_right.xyz;
        up = x_41.camera_up.xyz;
      } else {
        if (((*(pos)).w < 1.5f)) {
          right = x_41.upright.xyz;
          up = vec3f(0.0f, 1.0f, 0.0f);
        }
      }
      let x_101 = (((*(pos)).xyz + (right * ((((*(corner)).x + 0.5f) - (*(size)).z) * (*(size)).x))) + (up * ((((*(corner)).y - 0.5f) + (*(size)).w) * (*(size)).y)));
      gl_Position = (x_41.view_proj * vec4f(x_101.x, x_101.y, x_101.z, 1.0f));
      uv = vec2f(mix((*(source)).x, (*(source)).z, ((*(corner)).x + 0.5f)), mix((*(source)).y, (*(source)).w, (0.5f - (*(corner)).y)));
      color = *(tint);
      alpha_mode = (*(up_axis)).w;
      return;
    }

    fn main_1() {
      var param : vec2f;
      var param_1 : vec4f;
      var param_2 : vec4f;
      var param_3 : vec4f;
      var param_4 : vec3f;
      var param_5 : vec4f;
      var param_6 : vec4f;
      param = corner_1;
      param_1 = inst_pos;
      param_2 = inst_size;
      param_3 = inst_uv;
      param_4 = inst_right;
      param_5 = inst_up;
      param_6 = inst_color;
      place_vf2_vf4_vf4_vf4_vf3_vf4_vf4_(&(param), &(param_1), &(param_2), &(param_3), &(param_4), &(param_5), &(param_6));
      return;
    }

    struct main_out {
      @builtin(position)
      gl_Position : vec4f,
      @location(0)
      uv_1 : vec2f,
      @location(1)
      color_1 : vec4f,
      @location(2)
      alpha_mode_1 : f32,
    }

    @vertex
    fn main(@location(0) corner_1_param : vec2f, @location(1) inst_pos_param : vec4f, @location(2) inst_size_param : vec4f, @location(3) inst_uv_param : vec4f, @location(4) inst_right_param : vec3f, @location(5) inst_up_param : vec4f, @location(6) inst_color_param : vec4f) -> main_out {
      corner_1 = corner_1_param;
      inst_pos = inst_pos_param;
      inst_size = inst_size_param;
      inst_uv = inst_uv_param;
      inst_right = inst_right_param;
      inst_up = inst_up_param;
      inst_color = inst_color_param;
      main_1();
      return main_out(gl_Position, uv, color, alpha_mode);
    }
*/
#if defined(SOKOL_WGPU)
static const uint8_t sprite_vs_source_wgsl[2821] = {
    0x64,0x69,0x61,0x67,0x6e,0x6f,0x73,0x74,0x69,0x63,0x28,0x6f,0x66,0x66,0x2c,0x20,
    0x64,0x65,0x72,0x69,0x76,0x61,0x74,0x69,0x76,0x65,0x5f,0x75,0x6e,0x69,0x66,0x6f,
    0x72,0x6d,0x69,0x74,0x79,0x29,0x3b,0x0a,0x0a,0x73,0x74,0x72,0x75,0x63,0x74,0x20,
    0x76,0x73,0x5f,0x70,0x61,0x72,0x61,0x6d,0x73,0x20,0x7b,0x0a,0x20,0x20,0x2f,0x2a,
    0x20,0x40,0x6f,0x66,0x66,0x73,0x65,0x74,0x28,0x30,0x29,0x20,0x2a,0x2f,0x0a,0x20,
    0x20,0x76,0x69,0x65,0x77,0x5f,0x70,0x72,0x6f,0x6a,0x20,0x3a,0x20,0x6d,0x61,0x74,
    0x34,0x78,0x34,0x66,0x2c,0x0a,0x20,0x20,0x2f,0x2a,0x20,0x40,0x6f,0x66,0x66,0x73,
    0x65,0x74,0x28,0x36,0x34,0x29,0x20,0x2a,0x2f,0x0a,0x20,0x20,0x63,0x61,0x6d,0x65,
    0x72,0x61,0x5f,0x72,0x69,0x67,0x68,0x74,0x20,0x3a,0x20,0x76,0x65,0x63,0x34,0x66,
    0x2c,0x0a,0x20,0x20,0x2f,0x2a,0x20,0x40,0x6f,0x66,0x66,0x73,0x65,0x74,0x28,0x38,
    0x30,0x29,0x20,0x2a,0x2f,0x0a,0x20,0x20,0x63,0x61,0x6d,0x65,0x72,0x61,0x5f,0x75,
    0x70,0x20,0x3a,0x20,0x76,0x65,0x63,0x34,0x66,0x2c,0x0a,0x20,0x20,0x2f,0x2a,0x20,
    0x40,0x6f,0x66,0x66,0x73,0x65,0x74,0x28,0x39,0x36,0x29,0x20,0x2a,0x2f,0x0a,0x20,
    0x20,0x75,0x70,0x72,0x69,0x67,0x68,0x74,0x20,0x3a,0x20,0x76,0x65,0x63,0x34,0x66,
    0x2c,0x0a,0x7d,0x0a,0x0a,0x40,0x62,0x69,0x6e,0x64,0x69,0x6e,0x67,0x28,0x30,0x29,
    0x20,0x40,0x67,0x72,0x6f,0x75,0x70,0x28,0x30,0x29,0x20,0x76,0x61,0x72,0x3c,0x75,
    0x6e,0x69,0x66,0x6f,0x72,0x6d,0x3e,0x20,0x78,0x5f,0x34,0x31,0x20,0x3a,0x20,0x76,
    0x73,0x5f,0x70,0x61,0x72,0x61,0x6d,0x73,0x3b,0x0a,0x0a,0x76,0x61,0x72,0x3c,0x70,
    0x72,0x69,0x76,0x61,0x74,0x65,0x3e,0x20,0x75,0x76,0x20,0x3a,0x20,0x76,0x65,0x63,
    0x32,0x66,0x3b,0x0a,0x0a,0x76,0x61,0x72,0x3c,0x70,0x72,0x69,0x76,0x61,0x74,0x65,
    0x3e,0x20,0x63,0x6f,0x6c,0x6f,0x72,0x20,0x3a,0x20,0x76,0x65,0x63,0x34,0x66,0x3b,
    0x0a,0x0a,0x76,0x61,0x72,0x3c,0x70,0x72,0x69,0x76,0x61,0x74,0x65,0x3e,0x20,0x61,
    0x6c,0x70,0x68,0x61,0x5f,0x6d,0x6f,0x64,0x65,0x20,0x3a,0x20,0x66,0x33,0x32,0x3b,
    0x0a,0x0a,0x76,0x61,0x72,0x3c,0x70,0x72,0x69,0x76,0x61,0x74,0x65,0x3e,0x20,0x63,
    0x6f,0x72,0x6e,0x65,0x72,0x5f,0x31,0x20,0x3a,0x20,0x76,0x65,0x63,0x32,0x66,0x3b,
    0x0a,0x0a,0x76,0x61,0x72,0x3c,0x70,0x72,0x69,0x76,0x61,0x74,0x65,0x3e,0x20,0x69,
    0x6e,0x73,0x74,0x5f,0x70,0x6f,0x73,0x20,0x3a,0x20,0x76,0x65,0x63,0x34,0x66,0x3b,
    0x0a,0x0a,0x76,0x61,0x72,0x3c,0x70,0x72,0x69,0x76,0x61,0x74,0x65,0x3e,0x20,0x69,
    0x6e,0x73,0x74,0x5f,0x73,0x69,0x7a,0x65,0x20,0x3a,0x20,0x76,0x65,0x63,0x34,0x66,
    0x3b,0x0a,0x0a,0x76,0x61,0x72,0x3c,0x70,0x72,0x69,0x76,0x61,0x74,0x65,0x3e,0x20,
    0x69,0x6e,0x73,0x74,0x5f,0x75,0x76,0x20,0x3a,0x20,0x76,0x65,0x63,0x34,0x66,0x3b,
    0x0a,0x0a,0x76,0x61,0x72,0x3c,0x70,0x72,0x69,0x76,0x61,0x74,0x65,0x3e,0x20,0x69,
    0x6e,0x73,0x74,0x5f,0x72,0x69,0x67,0x68,0x74,0x20,0x3a,0x20,0x76,0x65,0x63,0x33,
    0x66,0x3b,0x0a,0x0a,0x76,0x61,0x72,0x3c,0x70,0x72,0x69,0x76,0x61,0x74,0x65,0x3e,
    0x20,0x69,0x6e,0x73,0x74,0x5f,0x75,0x70,0x20,0x3a,0x20,0x76,0x65,0x63,0x34,0x66,
    0x3b,0x0a,0x0a,0x76,0x61,0x72,0x3c,0x70,0x72,0x69,0x76,0x61,0x74,0x65,0x3e,0x20,
    0x69,0x6e,0x73,0x74,0x5f,0x63,0x6f,0x6c,0x6f,0x72,0x20,0x3a,0x20,0x76,0x65,0x63,
    0x34,0x66,0x3b,0x0a,0x0a,0x76,0x61,0x72,0x3c,0x70,0x72,0x69,0x76,0x61,0x74,0x65,
    0x3e,0x20,0x67,0x6c,0x5f,0x50,0x6f,0x73,0x69,0x74,0x69,0x6f,0x6e,0x20,0x3a,0x20,
    0x76,0x65,0x63,0x34,0x66,0x3b,0x0a,0x0a,0x66,0x6e,0x20,0x70,0x6c,0x61,0x63,0x65,
    0x5f,0x76,0x66,0x32,0x5f,0x76,0x66,0x34,0x5f,0x76,0x66,0x34,0x5f,0x76,0x66,0x34,
    0x5f,0x76,0x66,0x33,0x5f,0x76,0x66,0x34,0x5f,0x76,0x66,0x34,0x5f,0x28,0x63,0x6f,
    0x72,0x6e,0x65,0x72,0x20,0x3a,0x20,0x70,0x74,0x72,0x3c,0x66,0x75,0x6e,0x63,0x74,
    0x69,0x6f,0x6e,0x2c,0x20,0x76,0x65,0x63,0x32,0x66,0x3e,0x2c,0x20,0x70,0x6f,0x73,
    0x20,0x3a,0x20,0x70,0x74,0x72,0x3c,0x66,0x75,0x6e,0x63,0x74,0x69,0x6f,0x6e,0x2c,
    0x20,0x76,0x65,0x63,0x34,0x66,0x3e,0x2c,0x20,0x73,0x69,0x7a,0x65,0x20,0x3a,0x20,
    0x70,0x74,0x72,0x3c,0x66,0x75,0x6e,0x63,0x74,0x69,0x6f,0x6e,0x2c,0x20,0x76,0x65,
    0x63,0x34,0x66,0x3e,0x2c,0x20,0x73,0x6f,0x75,0x72,0x63,0x65,0x20,0x3a,0x20,0x70,
    0x74,0x72,0x3c,0x66,0x75,0x6e,0x63,0x74,0x69,0x6f,0x6e,0x2c,0x20,0x76,0x65,0x63,
    0x34,0x66,0x3e,0x2c,0x20,0x72,0x69,0x67,0x68,0x74,0x5f,0x61,0x78,0x69,0x73,0x20,
    0x3a,0x20,0x70,0x74,0x72,0x3c,0x66,0x75,0x6e,0x63,0x74,0x69,0x6f,0x6e,0x2c,0x20,
    0x76,0x65,0x63,0x33,0x66,0x3e,0x2c,0x20,0x75,0x70,0x5f,0x61,0x78,0x69,0x73,0x20,
    0x3a,0x20,0x70,0x74,0x72,0x3c,0x66,0x75,0x6e,0x63,0x74,0x69,0x6f,0x6e,0x2c,0x20,
    0x76,0x65,0x63,0x34,0x66,0x3e,0x2c,0x20,0x74,0x69,0x6e,0x74,0x20,0x3a,0x20,0x70,
    0x74,0x72,0x3c,0x66,0x75,0x6e,0x63,0x74,0x69,0x6f,0x6e,0x2c,0x20,0x76,0x65,0x63,
    0x34,0x66,0x3e,0x29,0x20,0x7b,0x0a,0x20,0x20,0x76,0x61,0x72,0x20,0x72,0x69,0x67,
    0x68,0x74,0x20,0x3a,0x20,0x76,0x65,0x63,0x33,0x66,0x3b,0x0a,0x20,0x20,0x76,0x61,
    0x72,0x20,0x75,0x70,0x20,0x3a,0x20,0x76,0x65,0x63,0x33,0x66,0x3b,0x0a,0x20,0x20,
    0x72,0x69,0x67,0x68,0x74,0x20,0x3d,0x20,0x2a,0x28,0x72,0x69,0x67,0x68,0x74,0x5f,
    0x61,0x78,0x69,0x73,0x29,0x3b,0x0a,0x20,0x20,0x75,0x70,0x20,0x3d,0x20,0x28,0x2a,
    0x28,0x75,0x70,0x5f,0x61,0x78,0x69,0x73,0x29,0x29,0x2e,0x78,0x79,0x7a,0x3b,0x0a,
    0x20,0x20,0x69,0x66,0x20,0x28,0x28,0x28,0x2a,0x28,0x70,0x6f,0x73,0x29,0x29,0x2e,
    0x77,0x20,0x3c,0x20,0x30,0x2e,0x35,0x66,0x29,0x29,0x20,0x7b,0x0a,0x20,0x20,0x20,
    0x20,0x72,0x69,0x67,0x68,0x74,0x20,0x3d,0x20,0x78,0x5f,0x34,0x31,0x2e,0x63,0x61,
    0x6d,0x65,0x72,0x61,0x5f,0x72,0x69,0x67,0x68,0x74,0x2e,0x78,0x79,0x7a,0x3b,0x0a,
    0x20,0x20,0x20,0x20,0x75,0x70,0x20,0x3d,0x20,0x78,0x5f,0x34,0x31,0x2e,0x63,0x61,
    0x6d,0x65,0x72,0x61,0x5f,0x75,0x70,0x2e,0x78,0x79,0x7a,0x3b,0x0a,0x20,0x20,0x7d,
    0x20,0x65,0x6c,0x73,0x65,0x20,0x7b,0x0a,0x20,0x20,0x20,0x20,0x69,0x66,0x20,0x28,
    0x28,0x28,0x2a,0x28,0x70,0x6f,0x73,0x29,0x29,0x2e,0x77,0x20,0x3c,0x20,0x31,0x2e,
    0x35,0x66,0x29,0x29,0x20,0x7b,0x0a,0x20,0x20,0x20,0x20,0x20,0x20,0x72,0x69,0x67,
    0x68,0x74,0x20,0x3d,0x20,0x78,0x5f,0x34,0x31,0x2e,0x75,0x70,0x72,0x69,0x67,0x68,
    0x74,0x2e,0x78,0x79,0x7a,0x3b,0x0a,0x20,0x20,0x20,0x20,0x20,0x20,0x75,0x70,0x20,
    0x3d,0x20,0x76,0x65,0x63,0x33,0x66,0x28,0x30,0x2e,0x30,0x66,0x2c,0x20,0x31,0x2e,
    0x30,0x66,0x2c,0x20,0x30,0x2e,0x30,0x66,0x29,0x3b,0x0a,0x20,0x20,0x20,0x20,0x7d,
    0x0a,0x20,0x20,0x7d,0x0a,0x20,0x20,0x6c,0x65,0x74,0x20,0x78,0x5f,0x31,0x30,0x31,
    0x20,0x3d,0x20,0x28,0x28,0x28,0x2a,0x28,0x70,0x6f,0x73,0x29,0x29,0x2e,0x78,0x79,
    0x7a,0x20,0x2b,0x20,0x28,0x72,0x69,0x67,0x68,0x74,0x20,0x2a,0x20,0x28,0x28,0x28,
    0x28,0x2a,0x28,0x63,0x6f,0x72,0x6e,0x65,0x72,0x29,0x29,0x2e,0x78,0x20,0x2b,0x20,
    0x30,0x2e,0x35,0x66,0x29,0x20,0x2d,0x20,0x28,0x2a,0x28,0x73,0x69,0x7a,0x65,0x29,
    0x29,0x2e,0x7a,0x29,0x20,0x2a,0x20,0x28,0x2a,0x28,0x73,0x69,0x7a,0x65,0x29,0x29,
    0x2e,0x78,0x29,0x29,0x29,0x20,0x2b,0x20,0x28,0x75,0x70,0x20,0x2a,0x20,0x28,0x28,
    0x28,0x28,0x2a,0x28,0x63,0x6f,0x72,0x6e,0x65,0x72,0x29,0x29,0x2e,0x79,0x20,0x2d,
    0x20,0x30,0x2e,0x35,0x66,0x29,0x20,0x2b,0x20,0x28,0x2a,0x28,0x73,0x69,0x7a,0x65,
    0x29,0x29,0x2e,0x77,0x29,0x20,0x2a,0x20,0x28,0x2a,0x28,0x73,0x69,0x7a,0x65,0x29,
    0x29,0x2e,0x79,0x29,0x29,0x29,0x3b,0x0a,0x20,0x20,0x67,0x6c,0x5f,0x50,0x6f,0x73,
    0x69,0x74,0x69,0x6f,0x6e,0x20,0x3d,0x20,0x28,0x78,0x5f,0x34,0x31,0x2e,0x76,0x69,
    0x65,0x77,0x5f,0x70,0x72,0x6f,0x6a,0x20,0x2a,0x20,0x76,0x65,0x63,0x34,0x66,0x28,
    0x78,0x5f,0x31,0x30,0x31,0x2e,0x78,0x2c,0x20,0x78,0x5f,0x31,0x30,0x31,0x2e,0x79,
    0x2c,0x20,0x78,0x5f,0x31,0x30,0x31,0x2e,0x7a,0x2c,0x20,0x31,0x2e,0x30,0x66,0x29,
    0x29,0x3b,0x0a,0x20,0x20,0x75,0x76,0x20,0x3d,0x20,0x76,0x65,0x63,0x32,0x66,0x28,
    0x6d,0x69,0x78,0x28,0x28,0x2a,0x28,0x73,0x6f,0x75,0x72,0x63,0x65,0x29,0x29,0x2e,
    0x78,0x2c,0x20,0x28,0x2a,0x28,0x73,0x6f,0x75,0x72,0x63,0x65,0x29,0x29,0x2e,0x7a,
    0x2c,0x20,0x28,0x28,0x2a,0x28,0x63,0x6f,0x72,0x6e,0x65,0x72,0x29,0x29,0x2e,0x78,
    0x20,0x2b,0x20,0x30,0x2e,0x35,0x66,0x29,0x29,0x2c,0x20,0x6d,0x69,0x78,0x28,0x28,
    0x2a,0x28,0x73,0x6f,0x75,0x72,0x63,0x65,0x29,0x29,0x2e,0x79,0x2c,0x20,0x28,0x2a,
    0x28,0x73,0x6f,0x75,0x72,0x63,0x65,0x29,0x29,0x2e,0x77,0x2c,0x20,0x28,0x30,0x2e,
    0x35,0x66,0x20,0x2d,0x20,0x28,0x2a,0x28,0x63,0x6f,0x72,0x6e,0x65,0x72,0x29,0x29,
    0x2e,0x79,0x29,0x29,0x29,0x3b,0x0a,0x20,0x20,0x63,0x6f,0x6c,0x6f,0x72,0x20,0x3d,
    0x20,0x2a,0x28,0x74,0x69,0x6e,0x74,0x29,0x3b,0x0a,0x20,0x20,0x61,0x6c,0x70,0x68,
    0x61,0x5f,0x6d,0x6f,0x64,0x65,0x20,0x3d,0x20,0x28,0x2a,0x28,0x75,0x70,0x5f,0x61,
    0x78,0x69,0x73,0x29,0x29,0x2e,0x77,0x3b,0x0a,0x20,0x20,0x72,0x65,0x74,0x75,0x72,
    0x6e,0x3b,0x0a,0x7d,0x0a,0x0a,0x66,0x6e,0x20,0x6d,0x61,0x69,0x6e,0x5f,0x31,0x28,
    0x29,0x20,0x7b,0x0a,0x20,0x20,0x76,0x61,0x72,0x20,0x70,0x61,0x72,0x61,0x6d,0x20,
    0x3a,0x20,0x76,0x65,0x63,0x32,0x66,0x3b,0x0a,0x20,0x20,0x76,0x61,0x72,0x20,0x70,
    0x61,0x72,0x61,0x6d,0x5f,0x31,0x20,0x3a,0x20,0x76,0x65,0x63,0x34,0x66,0x3b,0x0a,
    0x20,0x20,0x76,0x61,0x72,0x20,0x70,0x61,0x72,0x61,0x6d,0x5f,0x32,0x20,0x3a,0x20,
    0x76,0x65,0x63,0x34,0x66,0x3b,0x0a,0x20,0x20,0x76,0x61,0x72,0x20,0x70,0x61,0x72,
    0x61,0x6d,0x5f,0x33,0x20,0x3a,0x20,0x76,0x65,0x63,0x34,0x66,0x3b,0x0a,0x20,0x20,
    0x76,0x61,0x72,0x20,0x70,0x61,0x72,0x61,0x6d,0x5f,0x34,0x20,0x3a,0x20,0x76,0x65,
    0x63,0x33,0x66,0x3b,0x0a,0x20,0x20,0x76,0x61,0x72,0x20,0x70,0x61,0x72,0x61,0x6d,
    0x5f,0x35,0x20,0x3a,0x20,0x76,0x65,0x63,0x34,0x66,0x3b,0x0a,0x20,0x20,0x76,0x61,
    0x72,0x20,0x70,0x61,0x72,0x61,0x6d,0x5f,0x36,0x20,0x3a,0x20,0x76,0x65,0x63,0x34,
    0x66,0x3b,0x0a,0x20,0x20,0x70,0x61,0x72,0x61,0x6d,0x20,0x3d,0x20,0x63,0x6f,0x72,
    0x6e,0x65,0x72,0x5f,0x31,0x3b,0x0a,0x20,0x20,0x70,0x61,0x72,0x61,0x6d,0x5f,0x31,
    0x20,0x3d,0x20,0x69,0x6e,0x73,0x74,0x5f,0x70,0x6f,0x73,0x3b,0x0a,0x20,0x20,0x70,
    0x61,0x72,0x61,0x6d,0x5f,0x32,0x20,0x3d,0x20,0x69,0x6e,0x73,0x74,0x5f,0x73,0x69,
    0x7a,0x65,0x3b,0x0a,0x20,0x20,0x70,0x61,0x72,0x61,0x6d,0x5f,0x33,0x20,0x3d,0x20,
    0x69,0x6e,0x73,0x74,0x5f,0x75,0x76,0x3b,0x0a,0x20,0x20,0x70,0x61,0x72,0x61,0x6d,
    0x5f,0x34,0x20,0x3d,0x20,0x69,0x6e,0x73,0x74,0x5f,0x72,0x69,0x67,0x68,0x74,0x3b,
    0x0a,0x20,0x20,0x70,0x61,0x72,0x61,0x6d,0x5f,0x35,0x20,0x3d,0x20,0x69,0x6e,0x73,
    0x74,0x5f,0x75,0x70,0x3b,0x0a,0x20,0x20,0x70,0x61,0x72,0x61,0x6d,0x5f,0x36,0x20,
    0x3d,0x20,0x69,0x6e,0x73,0x74,0x5f,0x63,0x6f,0x6c,0x6f,0x72,0x3b,0x0a,0x20,0x20,
    0x70,0x6c,0x61,0x63,0x65,0x5f,0x76,0x66,0x32,0x5f,0x76,0x66,0x34,0x5f,0x76,0x66,
    0x34,0x5f,0x76,0x66,0x34,0x5f,0x76,0x66,0x33,0x5f,0x76,0x66,0x34,0x5f,0x76,0x66,
    0x34,0x5f,0x28,0x26,0x28,0x70,0x61,0x72,0x61,0x6d,0x29,0x2c,0x20,0x26,0x28,0x70,
    0x61,0x72,0x61,0x6d,0x5f,0x31,0x29,0x2c,0x20,0x26,0x28,0x70,0x61,0x72,0x61,0x6d,
    0x5f,0x32,0x29,0x2c,0x20,0x26,0x28,0x70,0x61,0x72,0x61,0x6d,0x5f,0x33,0x29,0x2c,
    0x20,0x26,0x28,0x70,0x61,0x72,0x61,0x6d,0x5f,0x34,0x29,0x2c,0x20,0x26,0x28,0x70,
    0x61,0x72,0x61,0x6d,0x5f,0x35,0x29,0x2c,0x20,0x26,0x28,0x70,0x61,0x72,0x61,0x6d,
    0x5f,0x36,0x29,0x29,0x3b,0x0a,0x20,0x20,0x72,0x65,0x74,0x75,0x72,0x6e,0x3b,0x0a,
    0x7d,0x0a,0x0a,0x73,0x74,0x72,0x75,0x63,0x74,0x20,0x6d,0x61,0x69,0x6e,0x5f,0x6f,
    0x75,0x74,0x20,0x7b,0x0a,0x20,0x20,0x40,0x62,0x75,0x69,0x6c,0x74,0x69,0x6e,0x28,
    0x70,0x6f,0x73,0x69,0x74,0x69,0x6f,0x6e,0x29,0x0a,0x20,0x20,0x67,0x6c,0x5f,0x50,
    0x6f,0x73,0x69,0x74,0x69,0x6f,0x6e,0x20,0x3a,0x20,0x76,0x65,0x63,0x34,0x66,0x2c,
    0x0a,0x20,0x20,0x40,0x6c,0x6f,0x63,0x61,0x74,0x69,0x6f,0x6e,0x28,0x30,0x29,0x0a,
    0x20,0x20,0x75,0x76,0x5f,0x31,0x20,0x3a,0x20,0x76,0x65,0x63,0x32,0x66,0x2c,0x0a,
    0x20,0x20,0x40,0x6c,0x6f,0x63,0x61,0x74,0x69,0x6f,0x6e,0x28,0x31,0x29,0x0a,0x20,
    0x20,0x63,0x6f,0x6c,0x6f,0x72,0x5f,0x31,0x20,0x3a,0x20,0x76,0x65,0x63,0x34,0x66,
    0x2c,0x0a,0x20,0x20,0x40,0x6c,0x6f,0x63,0x61,0x74,0x69,0x6f,0x6e,0x28,0x32,0x29,
    0x0a,0x20,0x20,0x61,0x6c,0x70,0x68,0x61,0x5f,0x6d,0x6f,0x64,0x65,0x5f,0x31,0x20,
    0x3a,0x20,0x66,0x33,0x32,0x2c,0x0a,0x7d,0x0a,0x0a,0x40,0x76,0x65,0x72,0x74,0x65,
    0x78,0x0a,0x66,0x6e,0x20,0x6d,0x61,0x69,0x6e,0x28,0x40,0x6c,0x6f,0x63,0x61,0x74,
    0x69,0x6f,0x6e,0x28,0x30,0x29,0x20,0x63,0x6f,0x72,0x6e,0x65,0x72,0x5f,0x31,0x5f,
    0x70,0x61,0x72,0x61,0x6d,0x20,0x3a,0x20,0x76,0x65,0x63,0x32,0x66,0x2c,0x20,0x40,
    0x6c,0x6f,0x63,0x61,0x74,0x69,0x6f,0x6e,0x28,0x31,0x29,0x20,0x69,0x6e,0x73,0x74,
    0x5f,0x70,0x6f,0x73,0x5f,0x70,0x61,0x72,0x61,0x6d,0x20,0x3a,0x20,0x76,0x65,0x63,
    0x34,0x66,0x2c,0x20,0x40,0x6c,0x6f,0x63,0x61,0x74,0x69,0x6f,0x6e,0x28,0x32,0x29,
    0x20,0x69,0x6e,0x73,0x74,0x5f,0x73,0x69,0x7a,0x65,0x5f,0x70,0x61,0x72,0x61,0x6d,
    0x20,0x3a,0x20,0x76,0x65,0x63,0x34,0x66,0x2c,0x20,0x40,0x6c,0x6f,0x63,0x61,0x74,
    0x69,0x6f,0x6e,0x28,0x33,0x29,0x20,0x69,0x6e,0x73,0x74,0x5f,0x75,0x76,0x5f,0x70,
    0x61,0x72,0x61,0x6d,0x20,0x3a,0x20,0x76,0x65,0x63,0x34,0x66,0x2c,0x20,0x40,0x6c,
    0x6f,0x63,0x61,0x74,0x69,0x6f,0x6e,0x28,0x34,0x29,0x20,0x69,0x6e,0x73,0x74,0x5f,
    0x72,0x69,0x67,0x68,0x74,0x5f,0x70,0x61,0x72,0x61,0x6d,0x20,0x3a,0x20,0x76,0x65,
    0x63,0x33,0x66,0x2c,0x20,0x40,0x6c,0x6f,0x63,0x61,0x74,0x69,0x6f,0x6e,0x28,0x35,
    0x29,0x20,0x69,0x6e,0x73,0x74,0x5f,0x75,0x70,0x5f,0x70,0x61,0x72,0x61,0x6d,0x20,
    0x3a,0x20,0x76,0x65,0x63,0x34,0x66,0x2c,0x20,0x40,0x6c,0x6f,0x63,0x61,0x74,0x69,
    0x6f,0x6e,0x28,0x36,0x29,0x20,0x69,0x6e,0x73,0x74,0x5f,0x63,0x6f,0x6c,0x6f,0x72,
    0x5f,0x70,0x61,0x72,0x61,0x6d,0x20,0x3a,0x20,0x76,0x65,0x63,0x34,0x66,0x29,0x20,
    0x2d,0x3e,0x20,0x6d,0x61,0x69,0x6e,0x5f,0x6f,0x75,0x74,0x20,0x7b,0x0a,0x20,0x20,
    0x63,0x6f,0x72,0x6e,0x65,0x72,0x5f,0x31,0x20,0x3d,0x20,0x63,0x6f,0x72,0x6e,0x65,
    0x72,0x5f,0x31,0x5f,0x70,0x61,0x72,0x61,0x6d,0x3b,0x0a,0x20,0x20,0x69,0x6e,0x73,
    0x74,0x5f,0x70,0x6f,0x73,0x20,0x3d,0x20,0x69,0x6e,0x73,0x74,0x5f,0x70,0x6f,0x73,
    0x5f,0x70,0x61,0x72,0x61,0x6d,0x3b,0x0a,0x20,0x20,0x69,0x6e,0x73,0x74,0x5f,0x73,
    0x69,0x7a,0x65,0x20,0x3d,0x20,0x69,0x6e,0x73,0x74,0x5f,0x73,0x69,0x7a,0x65,0x5f,
    0x70,0x61,0x72,0x61,0x6d,0x3b,0x0a,0x20,0x20,0x69,0x6e,0x73,0x74,0x5f,0x75,0x76,
    0x20,0x3d,0x20,0x69,0x6e,0x73,0x74,0x5f,0x75,0x76,0x5f,0x70,0x61,0x72,0x61,0x6d,
    0x3b,0x0a,0x20,0x20,0x69,0x6e,0x73,0x74,0x5f,0x72,0x69,0x67,0x68,0x74,0x20,0x3d,
    0x20,0x69,0x6e,0x73,0x74,0x5f,0x72,0x69,0x67,0x68,0x74,0x5f,0x70,0x61,0x72,0x61,
    0x6d,0x3b,0x0a,0x20,0x20,0x69,0x6e,0x73,0x74,0x5f,0x75,0x70,0x20,0x3d,0x20,0x69,
    0x6e,0x73,0x74,0x5f,0x75,0x70,0x5f,0x70,0x61,0x72,0x61,0x6d,0x3b,0x0a,0x20,0x20,
    0x69,0x6e,0x73,0x74,0x5f,0x63,0x6f,0x6c,0x6f,0x72,0x20,0x3d,0x20,0x69,0x6e,0x73,
    0x74,0x5f,0x63,0x6f,0x6c,0x6f,0x72,0x5f,0x70,0x61,0x72,0x61,0x6d,0x3b,0x0a,0x20,
    0x20,0x6d,0x61,0x69,0x6e,0x5f,0x31,0x28,0x29,0x3b,0x0a,0x20,0x20,0x72,0x65,0x74,
    0x75,0x72,0x6e,0x20,0x6d,0x61,0x69,0x6e,0x5f,0x6f,0x75,0x74,0x28,0x67,0x6c,0x5f,
    0x50,0x6f,0x73,0x69,0x74,0x69,0x6f,0x6e,0x2c,0x20,0x75,0x76,0x2c,0x20,0x63,0x6f,
    0x6c,0x6f,0x72,0x2c,0x20,0x61,0x6c,0x70,0x68,0x61,0x5f,0x6d,0x6f,0x64,0x65,0x29,
    0x3b,0x0a,0x7d,0x0a,0x00,
};
#endif
/*
    diagnostic(off, derivative_uniformity);

    struct vs_params {
      /_ @offset(0) _/
      view_proj : mat4x4f,
      /_ @offset(64) _/
      camera_right : vec4f,
      /_ @offset(80) _/
      camera_up : vec4f,
      /_ @offset(96) _/
      upright : vec4f,
    }

    struct vs_batch {
      /_ @offset(0) _/
      batch : vec4f,
    }

    @binding(0) @group(0) var<uniform> x_48 : vs_params;

    var<private> uv : vec2f;

    var<private> color : vec4f;

    var<private> alpha_mode : f32;

    @binding(1) @group(1) var sprite_data : texture_2d<f32>;

    @binding(33) @group(1) var sprite_data_smp : sampler;

    @binding(1) @group(0) var<uniform> x_177 : vs_batch;

    var<private> gl_InstanceIndex : i32;

    var<private> corner_1 : vec2f;

    var<private> gl_Position : vec4f;

    fn texel_i1_i1_(sprite : ptr<function, i32>, k : ptr<function, i32>) -> vec4f {
      let x_171 = textureLoad(sprite_data, vec2i((((*(sprite) % 256i) * 6i) + *(k)), (*(sprite) / 256i)), 0i);
      return x_171;
    }

    fn place_vf2_vf4_vf4_vf4_vf3_vf4_vf4_(corner : ptr<function, vec2f>, pos : ptr<function, vec4f>, size : ptr<function, vec4f>, source : ptr<function, vec4f>, right_axis : ptr<function, vec3f>, up_axis : ptr<function, vec4f>, tint : ptr<function, vec4f>) {
      var right : vec3f;
      var up : vec3f;
      right = *(right_axis);
      up = (*(up_axis)).xyz;
      if (((*(pos)).w < 0.5f)) {
        right = x_48.camera_right.xyz;
        up = x_48.camera_up.xyz;
      } else {
        if (((*(pos)).w < 1.5f)) {
          right = x_48.upright.xyz;
          up = vec3f(0.0f, 1.0f, 0.0f);
        }
      }
      let x_107 = (((*(pos)).xyz + (right * ((((*(corner)).x + 0.5f) - (*(size)).z) * (*(size)).x))) + (up * ((((*(corner)).y - 0.5f) + (*(size)).w) * (*(size)).y)));
      gl_Position = (x_48.view_proj * vec4f(x_107.x, x_107.y, x_107.z, 1.0f));
      uv = vec2f(mix((*(source)).x, (*(source)).z, ((*(corner)).x + 0.5f)), mix((*(source)).y, (*(source)).w, (0.5f - (*(corner)).y)));
      color = *(tint);
      alpha_mode = (*(up_axis)).w;
      return;
    }

    fn main_1() {
      var param : i32;
      var param_1 : i32;
      var param_2 : i32;
      var param_3 : i32;
      var param_4 : i32;
      var param_5 : i32;
      var param_6 : i32;
      var param_7 : i32;
      var param_8 : i32;
      var param_9 : i32;
      var param_10 : i32;
      var param_11 : i32;
      var param_12 : vec2f;
      var param_13 : vec4f;
      var param_14 : vec4f;
      var param_15 : vec4f;
      var param_16 : vec3f;
      var param_17 : vec4f;
      var param_18 : vec4f;
      let x_185 = (i32(x_177.batch.x) + gl_InstanceIndex);
      param = x_185;
      param_1 = 0i;
      let x_191 = texel_i1_i1_(&(param), &(param_1));
      param_2 = x_185;
      param_3 = 1i;
      let x_195 = texel_i1_i1_(&(param_2), &(param_3));
      param_4 = x_185;
      param_5 = 2i;
      let x_199 = texel_i1_i1_(&(param_4), &(param_5));
      param_6 = x_185;
      param_7 = 3i;
      let x_203 = texel_i1_i1_(&(param_6), &(param_7));
      param_8 = x_185;
      param_9 = 4i;
      let x_208 = texel_i1_i1_(&(param_8), &(param_9));
      param_10 = x_185;
      param_11 = 5i;
      let x_213 = texel_i1_i1_(&(param_10), &(param_11));
      param_12 = corner_1;
      param_13 = x_191;
      param_14 = x_195;
      param_15 = x_199;
      param_16 = x_203.xyz;
      param_17 = x_208;
      param_18 = x_213;
      place_vf2_vf4_vf4_vf4_vf3_vf4_vf4_(&(param_12), &(param_13), &(param_14), &(param_15), &(param_16), &(param_17), &(param_18));
      return;
    }

    struct main_out {
      @builtin(position)
      gl_Position : vec4f,
      @location(0)
      uv_1 : vec2f,
      @location(1)
      color_1 : vec4f,
      @location(2)
      alpha_mode_1 : f32,
    }

    @vertex
    fn main(@builtin(instance_index) gl_InstanceIndex_param : u32, @location(0) corner_1_param : vec2f) -> main_out {
      gl_InstanceIndex = bitcast<i32>(gl_InstanceIndex_param);
      corner_1 = corner_1_param;
      main_1();
      return main_out(gl_Position, uv, color, alpha_mode);
    }
*/
#if defined(SOKOL_WGPU)
static const uint8_t sprite_vs_pulled_source_wgsl[3642] = {
    0x64,0x69,0x61,0x67,0x6e,0x6f,0x73,0x74,0x69,0x63,0x28,0x6f,0x66,0x66,0x2c,0x20,
    0x64,0x65,0x72,0x69,0x76,0x61,0x74,0x69,0x76,0x65,0x5f,0x75,0x6e,0x69,0x66,0x6f,
    0x72,0x6d,0x69,0x74,0x79,0x29,0x3b,0x0a,0x0a,0x73,0x74,0x72,0x75,0x63,0x74,0x20,
    0x76,0x73,0x5f,0x70,0x61,0x72,0x61,0x6d,0x73,0x20,0x7b,0x0a,0x20,0x20,0x2f,0x2a,
    0x20,0x40,0x6f,0x66,0x66,0x73,0x65,0x74,0x28,0x30,0x29,0x20,0x2a,0x2f,0x0a,0x20,
    0x20,0x76,0x69,0x65,0x77,0x5f,0x70,0x72,0x6f,0x6a,0x20,0x3a,0x20,0x6d,0x61,0x74,
    0x34,0x78,0x34,0x66,0x2c,0x0a,0x20,0x20,0x2f,0x2a,0x20,0x40,0x6f,0x66,0x66,0x73,
    0x65,0x74,0x28,0x36,0x34,0x29,0x20,0x2a,0x2f,0x0a,0x20,0x20,0x63,0x61,0x6d,0x65,
    0x72,0x61,0x5f,0x72,0x69,0x67,0x68,0x74,0x20,0x3a,0x20,0x76,0x65,0x63,0x34,0x66,
    0x2c,0x0a,0x20,0x20,0x2f,0x2a,0x20,0x40,0x6f,0x66,0x66,0x73,0x65,0x74,0x28,0x38,
    0x30,0x29,0x20,0x2a,0x2f,0x0a,0x20,0x20,0x63,0x61,0x6d,0x65,0x72,0x61,0x5f,0x75,
    0x70,0x20,0x3a,0x20,0x76,0x65,0x63,0x34,0x66,0x2c,0x0a,0x20,0x20,0x2f,0x2a,0x20,
    0x40,0x6f,0x66,0x66,0x73,0x65,0x74,0x28,0x39,0x36,0x29,0x20,0x2a,0x2f,0x0a,0x20,
    0x20,0x75,0x70,0x72,0x69,0x67,0x68,0x74,0x20,0x3a,0x20,0x76,0x65,0x63,0x34,0x66,
    0x2c,0x0a,0x7d,0x0a,0x0a,0x73,0x74,0x72,0x75,0x63,0x74,0x20,0x76,0x73,0x5f,0x62,
    0x61,0x74,0x63,0x68,0x20,0x7b,0x0a,0x20,0x20,0x2f,0x2a,0x20,0x40,0x6f,0x66,0x66,
    0x73,0x65,0x74,0x28,0x30,0x29,0x20,0x2a,0x2f,0x0a,0x20,0x20,0x62,0x61,0x74,0x63,
    0x68,0x20,0x3a,0x20,0x76,0x65,0x63,0x34,0x66,0x2c,0x0a,0x7d,0x0a,0x0a,0x40,0x62,
    0x69,0x6e,0x64,0x69,0x6e,0x67,0x28,0x30,0x29,0x20,0x40,0x67,0x72,0x6f,0x75,0x70,
    0x28,0x30,0x29,0x20,0x76,0x61,0x72,0x3c,0x75,0x6e,0x69,0x66,0x6f,0x72,0x6d,0x3e,
    0x20,0x78,0x5f,0x34,0x38,0x20,0x3a,0x20,0x76,0x73,0x5f,0x70,0x61,0x72,0x61,0x6d,
    0x73,0x3b,0x0a,0x0a,0x76,0x61,0x72,0x3c,0x70,0x72,0x69,0x76,0x61,0x74,0x65,0x3e,
    0x20,0x75,0x76,0x20,0x3a,0x20,0x76,0x65,0x63,0x32,0x66,0x3b,0x0a,0x0a,0x76,0x61,
    0x72,0x3c,0x70,0x72,0x69,0x76,0x61,0x74,0x65,0x3e,0x20,0x63,0x6f,0x6c,0x6f,0x72,
    0x20,0x3a,0x20,0x76,0x65,0x63,0x34,0x66,0x3b,0x0a,0x0a,0x76,0x61,0x72,0x3c,0x70,
    0x72,0x69,0x76,0x61,0x74,0x65,0x3e,0x20,0x61,0x6c,0x70,0x68,0x61,0x5f,0x6d,0x6f,
    0x64,0x65,0x20,0x3a,0x20,0x66,0x33,0x32,0x3b,0x0a,0x0a,0x40,0x62,0x69,0x6e,0x64,
    0x69,0x6e,0x67,0x28,0x31,0x29,0x20,0x40,0x67,0x72,0x6f,0x75,0x70,0x28,0x31,0x29,
    0x20,0x76,0x61,0x72,0x20,0x73,0x70,0x72,0x69,0x74,0x65,0x5f,0x64,0x61,0x74,0x61,
    0x20,0x3a,0x20,0x74,0x65,0x78,0x74,0x75,0x72,0x65,0x5f,0x32,0x64,0x3c,0x66,0x33,
    0x32,0x3e,0x3b,0x0a,0x0a,0x40,0x62,0x69,0x6e,0x64,0x69,0x6e,0x67,0x28,0x33,0x33,
    0x29,0x20,0x40,0x67,0x72,0x6f,0x75,0x70,0x28,0x31,0x29,0x20,0x76,0x61,0x72,0x20,
    0x73,0x70,0x72,0x69,0x74,0x65,0x5f,0x64,0x61,0x74,0x61,0x5f,0x73,0x6d,0x70,0x20,
    0x3a,0x20,0x73,0x61,0x6d,0x70,0x6c,0x65,0x72,0x3b,0x0a,0x0a,0x40,0x62,0x69,0x6e,
    0x64,0x69,0x6e,0x67,0x28,0x31,0x29,0x20,0x40,0x67,0x72,0x6f,0x75,0x70,0x28,0x30,
    0x29,0x20,0x76,0x61,0x72,0x3c,0x75,0x6e,0x69,0x66,0x6f,0x72,0x6d,0x3e,0x20,0x78,
    0x5f,0x31,0x37,0x37,0x20,0x3a,0x20,0x76,0x73,0x5f,0x62,0x61,0x74,0x63,0x68,0x3b,
    0x0a,0x0a,0x76,0x61,0x72,0x3c,0x70,0x72,0x69,0x76,0x61,0x74,0x65,0x3e,0x20,0x67,
    0x6c,0x5f,0x49,0x6e,0x73,0x74,0x61,0x6e,0x63,0x65,0x49,0x6e,0x64,0x65,0x78,0x20,
    0x3a,0x20,0x69,0x33,0x32,0x3b,0x0a,0x0a,0x76,0x61,0x72,0x3c,0x70,0x72,0x69,0x76,
    0x61,0x74,0x65,0x3e,0x20,0x63,0x6f,0x72,0x6e,0x65,0x72,0x5f,0x31,0x20,0x3a,0x20,
    0x76,0x65,0x63,0x32,0x66,0x3b,0x0a,0x0a,0x76,0x61,0x72,0x3c,0x70,0x72,0x69,0x76,
    0x61,0x74,0x65,0x3e,0x20,0x67,0x6c,0x5f,0x50,0x6f,0x73,0x69,0x74,0x69,0x6f,0x6e,
    0x20,0x3a,0x20,0x76,0x65,0x63,0x34,0x66,0x3b,0x0a,0x0a,0x66,0x6e,0x20,0x74,0x65,
    0x78,0x65,0x6c,0x5f,0x69,0x31,0x5f,0x69,0x31,0x5f,0x28,0x73,0x70,0x72,0x69,0x74,
    0x65,0x20,0x3a,0x20,0x70,0x74,0x72,0x3c,0x66,0x75,0x6e,0x63,0x74,0x69,0x6f,0x6e,
    0x2c,0x20,0x69,0x33,0x32,0x3e,0x2c,0x20,0x6b,0x20,0x3a,0x20,0x70,0x74,0x72,0x3c,
    0x66,0x75,0x6e,0x63,0x74,0x69,0x6f,0x6e,0x2c,0x20,0x69,0x33,0x32,0x3e,0x29,0x20,
    0x2d,0x3e,0x20,0x76,0x65,0x63,0x34,0x66,0x20,0x7b,0x0a,0x20,0x20,0x6c,0x65,0x74,
    0x20,0x78,0x5f,0x31,0x37,0x31,0x20,0x3d,0x20,0x74,0x65,0x78,0x74,0x75,0x72,0x65,
    0x4c,0x6f,0x61,0x64,0x28,0x73,0x70,0x72,0x69,0x74,0x65,0x5f,0x64,0x61,0x74,0x61,
    0x2c,0x20,0x76,0x65,0x63,0x32,0x69,0x28,0x28,0x28,0x28,0x2a,0x28,0x73,0x70,0x72,
    0x69,0x74,0x65,0x29,0x20,0x25,0x20,0x32,0x35,0x36,0x69,0x29,0x20,0x2a,0x20,0x36,
    0x69,0x29,0x20,0x2b,0x20,0x2a,0x28,0x6b,0x29,0x29,0x2c,0x20,0x28,0x2a,0x28,0x73,
    0x70,0x72,0x69,0x74,0x65,0x29,0x20,0x2f,0x20,0x32,0x35,0x36,0x69,0x29,0x29,0x2c,
    0x20,0x30,0x69,0x29,0x3b,0x0a,0x20,0x20,0x72,0x65,0x74,0x75,0x72,0x6e,0x20,0x78,
    0x5f,0x31,0x37,0x31,0x3b,0x0a,0x7d,0x0a,0x0a,0x66,0x6e,0x20,0x70,0x6c,0x61,0x63,
    0x65,0x5f,0x76,0x66,0x32,0x5f,0x76,0x66,0x34,0x5f,0x76,0x66,0x34,0x5f,0x76,0x66,
    0x34,0x5f,0x76,0x66,0x33,0x5f,0x76,0x66,0x34,0x5f,0x76,0x66,0x34,0x5f,0x28,0x63,
    0x6f,0x72,0x6e,0x65,0x72,0x20,0x3a,0x20,0x70,0x74,0x72,0x3c,0x66,0x75,0x6e,0x63,
    0x74,0x69,0x6f,0x6e,0x2c,0x20,0x76,0x65,0x63,0x32,0x66,0x3e,0x2c,0x20,0x70,0x6f,
    0x73,0x20,0x3a,0x20,0x70,0x74,0x72,0x3c,0x66,0x75,0x6e,0x63,0x74,0x69,0x6f,0x6e,
    0x2c,0x20,0x76,0x65,0x63,0x34,0x66,0x3e,0x2c,0x20,0x73,0x69,0x7a,0x65,0x20,0x3a,
    0x20,0x70,0x74,0x72,0x3c,0x66,0x75,0x6e,0x63,0x74,0x69,0x6f,0x6e,0x2c,0x20,0x76,
    0x65,0x63,0x34,0x66,0x3e,0x2c,0x20,0x73,0x6f,0x75,0x72,0x63,0x65,0x20,0x3a,0x20,
    0x70,0x74,0x72,0x3c,0x66,0x75,0x6e,0x63,0x74,0x69,0x6f,0x6e,0x2c,0x20,0x76,0x65,
    0x63,0x34,0x66,0x3e,0x2c,0x20,0x72,0x69,0x67,0x68,0x74,0x5f,0x61,0x78,0x69,0x73,
    0x20,0x3a,0x20,0x70,0x74,0x72,0x3c,0x66,0x75,0x6e,0x63,0x74,0x69,0x6f,0x6e,0x2c,
    0x20,0x76,0x65,0x63,0x33,0x66,0x3e,0x2c,0x20,0x75,0x70,0x5f,0x61,0x78,0x69,0x73,
    0x20,0x3a,0x20,0x70,0x74,0x72,0x3c,0x66,0x75,0x6e,0x63,0x74,0x69,0x6f,0x6e,0x2c,
    0x20,0x76,0x65,0x63,0x34,0x66,0x3e,0x2c,0x20,0x74,0x69,0x6e,0x74,0x20,0x3a,0x20,
    0x70,0x74,0x72,0x3c,0x66,0x75,0x6e,0x63,0x74,0x69,0x6f,0x6e,0x2c,0x20,0x76,0x65,
    0x63,0x34,0x66,0x3e,0x29,0x20,0x7b,0x0a,0x20,0x20,0x76,0x61,0x72,0x20,0x72,0x69,
    0x67,0x68,0x74,0x20,0x3a,0x20,0x76,0x65,0x63,0x33,0x66,0x3b,0x0a,0x20,0x20,0x76,
    0x61,0x72,0x20,0x75,0x70,0x20,0x3a,0x20,0x76,0x65,0x63,0x33,0x66,0x3b,0x0a,0x20,
    0x20,0x72,0x69,0x67,0x68,0x74,0x20,0x3d,0x20,0x2a,0x28,0x72,0x69,0x67,0x68,0x74,
    0x5f,0x61,0x78,0x69,0x73,0x29,0x3b,0x0a,0x20,0x20,0x75,0x70,0x20,0x3d,0x20,0x28,
    0x2a,0x28,0x75,0x70,0x5f,0x61,0x78,0x69,0x73,0x29,0x29,0x2e,0x78,0x79,0x7a,0x3b,
    0x0a,0x20,0x20,0x69,0x66,0x20,0x28,0x28,0x28,0x2a,0x28,0x70,0x6f,0x73,0x29,0x29,
    0x2e,0x77,0x20,0x3c,0x20,0x30,0x2e,0x35,0x66,0x29,0x29,0x20,0x7b,0x0a,0x20,0x20,
    0x20,0x20,0x72,0x69,0x67,0x68,0x74,0x20,0x3d,0x20,0x78,0x5f,0x34,0x38,0x2e,0x63,
    0x61,0x6d,0x65,0x72,0x61,0x5f,0x72,0x69,0x67,0x68,0x74,0x2e,0x78,0x79,0x7a,0x3b,
    0x0a,0x20,0x20,0x20,0x20,0x75,0x70,0x20,0x3d,0x20,0x78,0x5f,0x34,0x38,0x2e,0x63,
    0x61,0x6d,0x65,0x72,0x61,0x5f,0x75,0x70,0x2e,0x78,0x79,0x7a,0x3b,0x0a,0x20,0x20,
    0x7d,0x20,0x65,0x6c,0x73,0x65,0x20,0x7b,0x0a,0x20,0x20,0x20,0x20,0x69,0x66,0x20,
    0x28,0x28,0x28,0x2a,0x28,0x70,0x6f,0x73,0x29,0x29,0x2e,0x77,0x20,0x3c,0x20,0x31,
    0x2e,0x35,0x66,0x29,0x29,0x20,0x7b,0x0a,0x20,0x20,0x20,0x20,0x20,0x20,0x72,0x69,
    0x67,0x68,0x74,0x20,0x3d,0x20,0x78,0x5f,0x34,0x38,0x2e,0x75,0x70,0x72,0x69,0x67,
    0x68,0x74,0x2e,0x78,0x79,0x7a,0x3b,0x0a,0x20,0x20,0x20,0x20,0x20,0x20,0x75,0x70,
    0x20,0x3d,0x20,0x76,0x65,0x63,0x33,0x66,0x28,0x30,0x2e,0x30,0x66,0x2c,0x20,0x31,
    0x2e,0x30,0x66,0x2c,0x20,0x30,0x2e,0x30,0x66,0x29,0x3b,0x0a,0x20,0x20,0x20,0x20,
    0x7d,0x0a,0x20,0x20,0x7d,0x0a,0x20,0x20,0x6c,0x65,0x74,0x20,0x78,0x5f,0x31,0x30,
    0x37,0x20,0x3d,0x20,0x28,0x28,0x28,0x2a,0x28,0x70,0x6f,0x73,0x29,0x29,0x2e,0x78,
    0x79,0x7a,0x20,0x2b,0x20,0x28,0x72,0x69,0x67,0x68,0x74,0x20,0x2a,0x20,0x28,0x28,
    0x28,0x28,0x2a,0x28,0x63,0x6f,0x72,0x6e,0x65,0x72,0x29,0x29,0x2e,0x78,0x20,0x2b,
    0x20,0x30,0x2e,0x35,0x66,0x29,0x20,0x2d,0x20,0x28,0x2a,0x28,0x73,0x69,0x7a,0x65,
    0x29,0x29,0x2e,0x7a,0x29,0x20,0x2a,0x20,0x28,0x2a,0x28,0x73,0x69,0x7a,0x65,0x29,
    0x29,0x2e,0x78,0x29,0x29,0x29,0x20,0x2b,0x20,0x28,0x75,0x70,0x20,0x2a,0x20,0x28,
    0x28,0x28,0x28,0x2a,0x28,0x63,0x6f,0x72,0x6e,0x65,0x72,0x29,0x29,0x2e,0x79,0x20,
    0x2d,0x20,0x30,0x2e,0x35,0x66,0x29,0x20,0x2b,0x20,0x28,0x2a,0x28,0x73,0x69,0x7a,
    0x65,0x29,0x29,0x2e,0x77,0x29,0x20,0x2a,0x20,0x28,0x2a,0x28,0x73,0x69,0x7a,0x65,
    0x29,0x29,0x2e,0x79,0x29,0x29,0x29,0x3b,0x0a,0x20,0x20,0x67,0x6c,0x5f,0x50,0x6f,
    0x73,0x69,0x74,0x69,0x6f,0x6e,0x20,0x3d,0x20,0x28,0x78,0x5f,0x34,0x38,0x2e,0x76,
    0x69,0x65,0x77,0x5f,0x70,0x72,0x6f,0x6a,0x20,0x2a,0x20,0x76,0x65,0x63,0x34,0x66,
    0x28,0x78,0x5f,0x31,0x30,0x37,0x2e,0x78,0x2c,0x20,0x78,0x5f,0x31,0x30,0x37,0x2e,
    0x79,0x2c,0x20,0x78,0x5f,0x31,0x30,0x37,0x2e,0x7a,0x2c,0x20,0x31,0x2e,0x30,0x66,
    0x29,0x29,0x3b,0x0a,0x20,0x20,0x75,0x76,0x20,0x3d,0x20,0x76,0x65,0x63,0x32,0x66,
    0x28,0x6d,0x69,0x78,0x28,0x28,0x2a,0x28,0x73,0x6f,0x75,0x72,0x63,0x65,0x29,0x29,
    0x2e,0x78,0x2c,0x20,0x28,0x2a,0x28,0x73,0x6f,0x75,0x72,0x63,0x65,0x29,0x29,0x2e,
    0x7a,0x2c,0x20,0x28,0x28,0x2a,0x28,0x63,0x6f,0x72,0x6e,0x65,0x72,0x29,0x29,0x2e,
    0x78,0x20,0x2b,0x20,0x30,0x2e,0x35,0x66,0x29,0x29,0x2c,0x20,0x6d,0x69,0x78,0x28,
    0x28,0x2a,0x28,0x73,0x6f,0x75,0x72,0x63,0x65,0x29,0x29,0x2e,0x79,0x2c,0x20,0x28,
    0x2a,0x28,0x73,0x6f,0x75,0x72,0x63,0x65,0x29,0x29,0x2e,0x77,0x2c,0x20,0x28,0x30,
    0x2e,0x35,0x66,0x20,0x2d,0x20,0x28,0x2a,0x28,0x63,0x6f,0x72,0x6e,0x65,0x72,0x29,
    0x29,0x2e,0x79,0x29,0x29,0x29,0x3b,0x0a,0x20,0x20,0x63,0x6f,0x6c,0x6f,0x72,0x20,
    0x3d,0x20,0x2a,0x28,0x74,0x69,0x6e,0x74,0x29,0x3b,0x0a,0x20,0x20,0x61,0x6c,0x70,
    0x68,0x61,0x5f,0x6d,0x6f,0x64,0x65,0x20,0x3d,0x20,0x28,0x2a,0x28,0x75,0x70,0x5f,
    0x61,0x78,0x69,0x73,0x29,0x29,0x2e,0x77,0x3b,0x0a,0x20,0x20,0x72,0x65,0x74,0x75,
    0x72,0x6e,0x3b,0x0a,0x7d,0x0a,0x0a,0x66,0x6e,0x20,0x6d,0x61,0x69,0x6e,0x5f,0x31,
    0x28,0x29,0x20,0x7b,0x0a,0x20,0x20,0x76,0x61,0x72,0x20,0x70,0x61,0x72,0x61,0x6d,
    0x20,0x3a,0x20,0x69,0x33,0x32,0x3b,0x0a,0x20,0x20,0x76,0x61,0x72,0x20,0x70,0x61,
    0x72,0x61,0x6d,0x5f,0x31,0x20,0x3a,0x20,0x69,0x33,0x32,0x3b,0x0a,0x20,0x20,0x76,
    0x61,0x72,0x20,0x70,0x61,0x72,0x61,0x6d,0x5f,0x32,0x20,0x3a,0x20,0x69,0x33,0x32,
    0x3b,0x0a,0x20,0x20,0x76,0x61,0x72,0x20,0x70,0x61,0x72,0x61,0x6d,0x5f,0x33,0x20,
    0x3a,0x20,0x69,0x33,0x32,0x3b,0x0a,0x20,0x20,0x76,0x61,0x72,0x20,0x70,0x61,0x72,
    0x61,0x6d,0x5f,0x34,0x20,0x3a,0x20,0x69,0x33,0x32,0x3b,0x0a,0x20,0x20,0x76,0x61,
    0x72,0x20,0x70,0x61,0x72,0x61,0x6d,0x5f,0x35,0x20,0x3a,0x20,0x69,0x33,0x32,0x3b,
    0x0a,0x20,0x20,0x76,0x61,0x72,0x20,0x70,0x61,0x72,0x61,0x6d,0x5f,0x36,0x20,0x3a,
    0x20,0x69,0x33,0x32,0x3b,0x0a,0x20,0x20,0x76,0x61,0x72,0x20,0x70,0x61,0x72,0x61,
    0x6d,0x5f,0x37,0x20,0x3a,0x20,0x69,0x33,0x32,0x3b,0x0a,0x20,0x20,0x76,0x61,0x72,
    0x20,0x70,0x61,0x72,0x61,0x6d,0x5f,0x38,0x20,0x3a,0x20,0x69,0x33,0x32,0x3b,0x0a,
    0x20,0x20,0x76,0x61,0x72,0x20,0x70,0x61,0x72,0x61,0x6d,0x5f,0x39,0x20,0x3a,0x20,
    0x69,0x33,0x32,0x3b,0x0a,0x20,0x20,0x76,0x61,0x72,0x20,0x70,0x61,0x72,0x61,0x6d,
    0x5f,0x31,0x30,0x20,0x3a,0x20,0x69,0x33,0x32,0x3b,0x0a,0x20,0x20,0x76,0x61,0x72,
    0x20,0x70,0x61,0x72,0x61,0x6d,0x5f,0x31,0x31,0x20,0x3a,0x20,0x69,0x33,0x32,0x3b,
    0x0a,0x20,0x20,0x76,0x61,0x72,0x20,0x70,0x61,0x72,0x61,0x6d,0x5f,0x31,0x32,0x20,
    0x3a,0x20,0x76,0x65,0x63,0x32,0x66,0x3b,0x0a,0x20,0x20,0x76,0x61,0x72,0x20,0x70,
    0x61,0x72,0x61,0x6d,0x5f,0x31,0x33,0x20,0x3a,0x20,0x76,0x65,0x63,0x34,0x66,0x3b,
    0x0a,0x20,0x20,0x76,0x61,0x72,0x20,0x70,0x61,0x72,0x61,0x6d,0x5f,0x31,0x34,0x20,
    0x3a,0x20,0x76,0x65,0x63,0x34,0x66,0x3b,0x0a,0x20,0x20,0x76,0x61,0x72,0x20,0x70,
    0x61,0x72,0x61,0x6d,0x5f,0x31,0x35,0x20,0x3a,0x20,0x76,0x65,0x63,0x34,0x66,0x3b,
    0x0a,0x20,0x20,0x76,0x61,0x72,0x20,0x70,0x61,0x72,0x61,0x6d,0x5f,0x31,0x36,0x20,
    0x3a,0x20,0x76,0x65,0x63,0x33,0x66,0x3b,0x0a,0x20,0x20,0x76,0x61,0x72,0x20,0x70,
    0x61,0x72,0x61,0x6d,0x5f,0x31,0x37,0x20,0x3a,0x20,0x76,0x65,0x63,0x34,0x66,0x3b,
    0x0a,0x20,0x20,0x76,0x61,0x72,0x20,0x70,0x61,0x72,0x61,0x6d,0x5f,0x31,0x38,0x20,
    0x3a,0x20,0x76,0x65,0x63,0x34,0x66,0x3b,0x0a,0x20,0x20,0x6c,0x65,0x74,0x20,0x78,
    0x5f,0x31,0x38,0x35,0x20,0x3d,0x20,0x28,0x69,0x33,0x32,0x28,0x78,0x5f,0x31,0x37,
    0x37,0x2e,0x62,0x61,0x74,0x63,0x68,0x2e,0x78,0x29,0x20,0x2b,0x20,0x67,0x6c,0x5f,
    0x49,0x6e,0x73,0x74,0x61,0x6e,0x63,0x65,0x49,0x6e,0x64,0x65,0x78,0x29,0x3b,0x0a,
    0x20,0x20,0x70,0x61,0x72,0x61,0x6d,0x20,0x3d,0x20,0x78,0x5f,0x31,0x38,0x35,0x3b,
    0x0a,0x20,0x20,0x70,0x61,0x72,0x61,0x6d,0x5f,0x31,0x20,0x3d,0x20,0x30,0x69,0x3b,
    0x0a,0x20,0x20,0x6c,0x65,0x74,0x20,0x78,0x5f,0x31,0x39,0x31,0x20,0x3d,0x20,0x74,
    0x65,0x78,0x65,0x6c,0x5f,0x69,0x31,0x5f,0x69,0x31,0x5f,0x28,0x26,0x28,0x70,0x61,
    0x72,0x61,0x6d,0x29,0x2c,0x20,0x26,0x28,0x70,0x61,0x72,0x61,0x6d,0x5f,0x31,0x29,
    0x29,0x3b,0x0a,0x20,0x20,0x70,0x61,0x72,0x61,0x6d,0x5f,0x32,0x20,0x3d,0x20,0x78,
    0x5f,0x31,0x38,0x35,0x3b,0x0a,0x20,0x20,0x70,0x61,0x72,0x61,0x6d,0x5f,0x33,0x20,
    0x3d,0x20,0x31,0x69,0x3b,0x0a,0x20,0x20,0x6c,0x65,0x74,0x20,0x78,0x5f,0x31,0x39,
    0x35,0x20,0x3d,0x20,0x74,0x65,0x78,0x65,0x6c,0x5f,0x69,0x31,0x5f,0x69,0x31,0x5f,
    0x28,0x26,0x28,0x70,0x61,0x72,0x61,0x6d,0x5f,0x32,0x29,0x2c,0x20,0x26,0x28,0x70,
    0x61,0x72,0x61,0x6d,0x5f,0x33,0x29,0x29,0x3b,0x0a,0x20,0x20,0x70,0x61,0x72,0x61,
    0x6d,0x5f,0x34,0x20,0x3d,0x20,0x78,0x5f,0x31,0x38,0x35,0x3b,0x0a,0x20,0x20,0x70,
    0x61,0x72,0x61,0x6d,0x5f,0x35,0x20,0x3d,0x20,0x32,0x69,0x3b,0x0a,0x20,0x20,0x6c,
    0x65,0x74,0x20,0x78,0x5f,0x31,0x39,0x39,0x20,0x3d,0x20,0x74,0x65,0x78,0x65,0x6c,
    0x5f,0x69,0x31,0x5f,0x69,0x31,0x5f,0x28,0x26,0x28,0x70,0x61,0x72,0x61,0x6d,0x5f,
    0x34,0x29,0x2c,0x20,0x26,0x28,0x70,0x61,0x72,0x61,0x6d,0x5f,0x35,0x29,0x29,0x3b,
    0x0a,0x20,0x20,0x70,0x61,0x72,0x61,0x6d,0x5f,0x36,0x20,0x3d,0x20,0x78,0x5f,0x31,
    0x38,0x35,0x3b,0x0a,0x20,0x20,0x70,0x61,0x72,0x61,0x6d,0x5f,0x37,0x20,0x3d,0x20,
    0x33,0x69,0x3b,0x0a,0x20,0x20,0x6c,0x65,0x74,0x20,0x78,0x5f,0x32,0x30,0x33,0x20,
    0x3d,0x20,0x74,0x65,0x78,0x65,0x6c,0x5f,0x69,0x31,0x5f,0x69,0x31,0x5f,0x28,0x26,
    0x28,0x70,0x61,0x72,0x61,0x6d,0x5f,0x36,0x29,0x2c,0x20,0x26,0x28,0x70,0x61,0x72,
    0x61,0x6d,0x5f,0x37,0x29,0x29,0x3b,0x0a,0x20,0x20,0x70,0x61,0x72,0x61,0x6d,0x5f,
    0x38,0x20,0x3d,0x20,0x78,0x5f,0x31,0x38,0x35,0x3b,0x0a,0x20,0x20,0x70,0x61,0x72,
    0x61,0x6d,0x5f,0x39,0x20,0x3d,0x20,0x34,0x69,0x3b,0x0a,0x20,0x20,0x6c,0x65,0x74,
    0x20,0x78,0x5f,0x32,0x30,0x38,0x20,0x3d,0x20,0x74,0x65,0x78,0x65,0x6c,0x5f,0x69,
    0x31,0x5f,0x69,0x31,0x5f,0x28,0x26,0x28,0x70,0x61,0x72,0x61,0x6d,0x5f,0x38,0x29,
    0x2c,0x20,0x26,0x28,0x70,0x61,0x72,0x61,0x6d,0x5f,0x39,0x29,0x29,0x3b,0x0a,0x20,
    0x20,0x70,0x61,0x72,0x61,0x6d,0x5f,0x31,0x30,0x20,0x3d,0x20,0x78,0x5f,0x31,0x38,
    0x35,0x3b,0x0a,0x20,0x20,0x70,0x61,0x72,0x61,0x6d,0x5f,0x31,0x31,0x20,0x3d,0x20,
    0x35,0x69,0x3b,0x0a,0x20,0x20,0x6c,0x65,0x74,0x20,0x78,0x5f,0x32,0x31,0x33,0x20,
    0x3d,0x20,0x74,0x65,0x78,0x65,0x6c,0x5f,0x69,0x31,0x5f,0x69,0x31,0x5f,0x28,0x26,
    0x28,0x70,0x61,0x72,0x61,0x6d,0x5f,0x31,0x30,0x29,0x2c,0x20,0x26,0x28,0x70,0x61,
    0x72,0x61,0x6d,0x5f,0x31,0x31,0x29,0x29,0x3b,0x0a,0x20,0x20,0x70,0x61,0x72,0x61,
    0x6d,0x5f,0x31,0x32,0x20,0x3d,0x20,0x63,0x6f,0x72,0x6e,0x65,0x72,0x5f,0x31,0x3b,
    0x0a,0x20,0x20,0x70,0x61,0x72,0x61,0x6d,0x5f,0x31,0x33,0x20,0x3d,0x20,0x78,0x5f,
    0x31,0x39,0x31,0x3b,0x0a,0x20,0x20,0x70,0x61,0x72,0x61,0x6d,0x5f,0x31,0x34,0x20,
    0x3d,0x20,0x78,0x5f,0x31,0x39,0x35,0x3b,0x0a,0x20,0x20,0x70,0x61,0x72,0x61,0x6d,
    0x5f,0x31,0x35,0x20,0x3d,0x20,0x78,0x5f,0x31,0x39,0x39,0x3b,0x0a,0x20,0x20,0x70,
    0x61,0x72,0x61,0x6d,0x5f,0x31,0x36,0x20,0x3d,0x20,0x78,0x5f,0x32,0x30,0x33,0x2e,
    0x78,0x79,0x7a,0x3b,0x0a,0x20,0x20,0x70,0x61,0x72,0x61,0x6d,0x5f,0x31,0x37,0x20,
    0x3d,0x20,0x78,0x5f,0x32,0x30,0x38,0x3b,0x0a,0x20,0x20,0x70,0x61,0x72,0x61,0x6d,
    0x5f,0x31,0x38,0x20,0x3d,0x20,0x78,0x5f,0x32,0x31,0x33,0x3b,0x0a,0x20,0x20,0x70,
    0x6c,0x61,0x63,0x65,0x5f,0x76,0x66,0x32,0x5f,0x76,0x66,0x34,0x5f,0x76,0x66,0x34,
    0x5f,0x76,0x66,0x34,0x5f,0x76,0x66,0x33,0x5f,0x76,0x66,0x34,0x5f,0x76,0x66,0x34,
    0x5f,0x28,0x26,0x28,0x70,0x61,0x72,0x61,0x6d,0x5f,0x31,0x32,0x29,0x2c,0x20,0x26,
    0x28,0x70,0x61,0x72,0x61,0x6d,0x5f,0x31,0x33,0x29,0x2c,0x20,0x26,0x28,0x70,0x61,
    0x72,0x61,0x6d,0x5f,0x31,0x34,0x29,0x2c,0x20,0x26,0x28,0x70,0x61,0x72,0x61,0x6d,
    0x5f,0x31,0x35,0x29,0x2c,0x20,0x26,0x28,0x70,0x61,0x72,0x61,0x6d,0x5f,0x31,0x36,
    0x29,0x2c,0x20,0x26,0x28,0x70,0x61,0x72,0x61,0x6d,0x5f,0x31,0x37,0x29,0x2c,0x20,
    0x26,0x28,0x70,0x61,0x72,0x61,0x6d,0x5f,0x31,0x38,0x29,0x29,0x3b,0x0a,0x20,0x20,
    0x72,0x65,0x74,0x75,0x72,0x6e,0x3b,0x0a,0x7d,0x0a,0x0a,0x73,0x74,0x72,0x75,0x63,
    0x74,0x20,0x6d,0x61,0x69,0x6e,0x5f,0x6f,0x75,0x74,0x20,0x7b,0x0a,0x20,0x20,0x40,
    0x62,0x75,0x69,0x6c,0x74,0x69,0x6e,0x28,0x70,0x6f,0x73,0x69,0x74,0x69,0x6f,0x6e,
    0x29,0x0a,0x20,0x20,0x67,0x6c,0x5f,0x50,0x6f,0x73,0x69,0x74,0x69,0x6f,0x6e,0x20,
    0x3a,0x20,0x76,0x65,0x63,0x34,0x66,0x2c,0x0a,0x20,0x20,0x40,0x6c,0x6f,0x63,0x61,
    0x74,0x69,0x6f,0x6e,0x28,0x30,0x29,0x0a,0x20,0x20,0x75,0x76,0x5f,0x31,0x20,0x3a,
    0x20,0x76,0x65,0x63,0x32,0x66,0x2c,0x0a,0x20,0x20,0x40,0x6c,0x6f,0x63,0x61,0x74,
    0x69,0x6f,0x6e,0x28,0x31,0x29,0x0a,0x20,0x20,0x63,0x6f,0x6c,0x6f,0x72,0x5f,0x31,
    0x20,0x3a,0x20,0x76,0x65,0x63,0x34,0x66,0x2c,0x0a,0x20,0x20,0x40,0x6c,0x6f,0x63,
    0x61,0x74,0x69,0x6f,0x6e,0x28,0x32,0x29,0x0a,0x20,0x20,0x61,0x6c,0x70,0x68,0x61,
    0x5f,0x6d,0x6f,0x64,0x65,0x5f,0x31,0x20,0x3a,0x20,0x66,0x33,0x32,0x2c,0x0a,0x7d,
    0x0a,0x0a,0x40,0x76,0x65,0x72,0x74,0x65,0x78,0x0a,0x66,0x6e,0x20,0x6d,0x61,0x69,
    0x6e,0x28,0x40,0x62,0x75,0x69,0x6c,0x74,0x69,0x6e,0x28,0x69,0x6e,0x73,0x74,0x61,
    0x6e,0x63,0x65,0x5f,0x69,0x6e,0x64,0x65,0x78,0x29,0x20,0x67,0x6c,0x5f,0x49,0x6e,
    0x73,0x74,0x61,0x6e,0x63,0x65,0x49,0x6e,0x64,0x65,0x78,0x5f,0x70,0x61,0x72,0x61,
    0x6d,0x20,0x3a,0x20,0x75,0x33,0x32,0x2c,0x20,0x40,0x6c,0x6f,0x63,0x61,0x74,0x69,
    0x6f,0x6e,0x28,0x30,0x29,0x20,0x63,0x6f,0x72,0x6e,0x65,0x72,0x5f,0x31,0x5f,0x70,
    0x61,0x72,0x61,0x6d,0x20,0x3a,0x20,0x76,0x65,0x63,0x32,0x66,0x29,0x20,0x2d,0x3e,
    0x20,0x6d,0x61,0x69,0x6e,0x5f,0x6f,0x75,0x74,0x20,0x7b,0x0a,0x20,0x20,0x67,0x6c,
    0x5f,0x49,0x6e,0x73,0x74,0x61,0x6e,0x63,0x65,0x49,0x6e,0x64,0x65,0x78,0x20,0x3d,
    0x20,0x62,0x69,0x74,0x63,0x61,0x73,0x74,0x3c,0x69,0x33,0x32,0x3e,0x28,0x67,0x6c,
    0x5f,0x49,0x6e,0x73,0x74,0x61,0x6e,0x63,0x65,0x49,0x6e,0x64,0x65,0x78,0x5f,0x70,
    0x61,0x72,0x61,0x6d,0x29,0x3b,0x0a,0x20,0x20,0x63,0x6f,0x72,0x6e,0x65,0x72,0x5f,
    0x31,0x20,0x3d,0x20,0x63,0x6f,0x72,0x6e,0x65,0x72,0x5f,0x31,0x5f,0x70,0x61,0x72,
    0x61,0x6d,0x3b,0x0a,0x20,0x20,0x6d,0x61,0x69,0x6e,0x5f,0x31,0x28,0x29,0x3b,0x0a,
    0x20,0x20,0x72,0x65,0x74,0x75,0x72,0x6e,0x20,0x6d,0x61,0x69,0x6e,0x5f,0x6f,0x75,
    0x74,0x28,0x67,0x6c,0x5f,0x50,0x6f,0x73,0x69,0x74,0x69,0x6f,0x6e,0x2c,0x20,0x75,
    0x76,0x2c,0x20,0x63,0x6f,0x6c,0x6f,0x72,0x2c,0x20,0x61,0x6c,0x70,0x68,0x61,0x5f,
    0x6d,0x6f,0x64,0x65,0x29,0x3b,0x0a,0x7d,0x0a,0x00,
};
#endif
/*
    diagnostic(off, derivative_uniformity);

    alias Arr = array<vec4f, 2u>;

    alias Arr_1 = array<vec4f, 2u>;

    alias Arr_2 = array<vec4f, 2u>;

    alias Arr_3 = array<vec4f, 8u>;

    alias Arr_4 = array<vec4f, 8u>;

    struct particle_params {
      /_ @offset(0) _/
      view_proj : mat4x4f,
      /_ @offset(64) _/
      axis_x : vec4f,
      /_ @offset(80) _/
      axis_y : vec4f,
      /_ @offset(96) _/
      gravity_now : vec4f,
      /_ @offset(112) _/
      counts : vec4f,
      /_ @offset(128) _/
      source : vec4f,
      /_ @offset(144) _/
      dynamics : vec4f,
      /_ @offset(160) _/
      frames : vec4f,
      /_ @offset(176) _/
      size_times : Arr,
      /_ @offset(208) _/
      size_values : Arr_1,
      /_ @offset(240) _/
      color_times : Arr_2,
      /_ @offset(272) _/
      color_values : Arr_3,
      /_ @offset(400) _/
      palette : Arr_4,
    }

    @binding(0) @group(0) var<uniform> x_63 : particle_params;

    var<private> born : vec4f;

    var<private> motion : vec4f;

    var<private> uv : vec2f;

    var<private> color : vec4f;

    var<private> alpha_mode : f32;

    var<private> shape : vec4f;

    var<private> corner : vec2f;

    var<private> gl_Position : vec4f;

    fn curve_key_vf4_vf4_i1_(lo : ptr<function, vec4f>, hi : ptr<function, vec4f>, i : ptr<function, i32>) -> f32 {
      var q : vec4f;
      q = mix(*(lo), *(hi), vec4f(step(3.5f, f32(*(i)))));
      let x_49 = q[(*(i) % 4i)];
      return x_49;
    }

    fn size_value_i1_(i_2 : ptr<function, i32>) -> f32 {
      var param_3 : vec4f;
      var param_4 : vec4f;
      var param_5 : i32;
      param_3 = x_63.size_values[0i];
      param_4 = x_63.size_values[1i];
      param_5 = *(i_2);
      let x_88 = curve_key_vf4_vf4_i1_(&(param_3), &(param_4), &(param_5));
      return x_88;
    }

    fn size_time_i1_(i_1 : ptr<function, i32>) -> f32 {
      var param : vec4f;
      var param_1 : vec4f;
      var param_2 : i32;
      param = x_63.size_times[0i];
      param_1 = x_63.size_times[1i];
      param_2 = *(i_1);
      let x_76 = curve_key_vf4_vf4_i1_(&(param), &(param_1), &(param_2));
      return x_76;
    }

    fn size_at_f1_(t : ptr<function, f32>) -> f32 {
      var value : f32;
      var param_9 : i32;
      var prev_t : f32;
      var param_10 : i32;
      var i_4 : i32;
      var param_11 : i32;
      var param_12 : i32;
      var x_145 : f32;
      let x_108 = i32(x_63.counts.x);
      param_9 = 0i;
      let x_111 = size_value_i1_(&(param_9));
      value = x_111;
      param_10 = 0i;
      let x_114 = size_time_i1_(&(param_10));
      prev_t = x_114;
      i_4 = 1i;
      loop {
        if ((i_4 < 8i)) {
        } else {
          break;
        }
        if (((i_4 >= x_108) | (*(t) <= prev_t))) {
          break;
        }
        param_11 = i_4;
        let x_137 = size_time_i1_(&(param_11));
        param_12 = i_4;
        let x_141 = size_value_i1_(&(param_12));
        if ((*(t) >= x_137)) {
          x_145 = x_141;
        } else {
          x_145 = mix(value, x_141, ((*(t) - prev_t) / max((x_137 - prev_t), 0.00000099999999747524f)));
        }
        value = x_145;
        prev_t = x_137;

        continuing {
          i_4 = (i_4 + 1i);
        }
      }
      let x_166 = value;
      return x_166;
    }

    fn color_time_i1_(i_3 : ptr<function, i32>) -> f32 {
      var param_6 : vec4f;
      var param_7 : vec4f;
      var param_8 : i32;
      param_6 = x_63.color_times[0i];
      param_7 = x_63.color_times[1i];
      param_8 = *(i_3);
      let x_100 = curve_key_vf4_vf4_i1_(&(param_6), &(param_7), &(param_8));
      return x_100;
    }

    fn color_at_f1_(t_1 : ptr<function, f32>) -> vec4f {
      var value_1 : vec4f;
      var prev_t_1 : f32;
      var param_13 : i32;
      var i_5 : i32;
      var param_14 : i32;
      var x_206 : vec4f;
      let x_173 = i32(x_63.counts.y);
      value_1 = x_63.color_values[0i];
      param_13 = 0i;
      let x_180 = color_time_i1_(&(param_13));
      prev_t_1 = x_180;
      i_5 = 1i;
      loop {
        if ((i_5 < 8i)) {
        } else {
          break;
        }
        if (((i_5 >= x_173) | (*(t_1) <= prev_t_1))) {
          break;
        }
        param_14 = i_5;
        let x_202 = color_time_i1_(&(param_14));
        if ((*(t_1) >= x_202)) {
          x_206 = x_63.color_values[i_5];
        } else {
          x_206 = mix(value_1, x_63.color_values[i_5], vec4f(((*(t_1) - prev_t_1) / max((x_202 - prev_t_1), 0.00000099999999747524f))));
        }
        value_1 = x_206;
        prev_t_1 = x_202;

        continuing {
          i_5 = (i_5 + 1i);
        }
      }
      let x_231 = value_1;
      return x_231;
    }

    fn main_1() {
      var pos : vec3f;
      var vel : vec3f;
      var param_15 : f32;
      var along : f32;
      var up : vec3f;
      var right : vec3f;
      var cell : vec4f;
      var x_514 : f32;
      var param_16 : f32;
      let x_244 = (x_63.gravity_now.w - born.w);
      let x_250 = (x_244 / motion.w);
      if (((x_244 < 0.0f) | (x_250 >= 1.0f))) {
        gl_Position = vec4f(2.0f, 2.0f, 2.0f, 1.0f);
        uv = vec2f();
        color = vec4f();
        alpha_mode = 0.0f;
        return;
      }
      let x_280 = x_63.dynamics.x;
      if ((x_280 > 0.00009999999747378752f)) {
        let x_294 = (x_63.gravity_now.xyz / vec3f(x_280));
        let x_300 = exp((-(x_280) * x_244));
        let x_311 = (motion.xyz - x_294);
        pos = ((born.xyz + (x_294 * x_244)) + (x_311 * ((1.0f - x_300) / x_280)));
        vel = (x_294 + (x_311 * x_300));
      } else {
        let x_331 = motion.xyz;
        let x_338 = x_63.gravity_now.xyz;
        pos = ((born.xyz + (x_331 * x_244)) + (((x_338 * 0.5f) * x_244) * x_244));
        vel = (x_331 + (x_338 * x_244));
      }
      param_15 = x_250;
      let x_356 = size_at_f1_(&(param_15));
      let x_360 = (x_356 * shape.x);
      along = x_360;
      let x_368 = x_63.axis_x.xyz;
      let x_374 = x_63.axis_y.xyz;
      let x_376 = vec2f(dot(vel, x_368), dot(vel, x_374));
      let x_379 = length(x_376);
      let x_381 = x_63.dynamics.y;
      if (((x_381 > 0.0f) & (x_379 > 0.00000999999974737875f))) {
        let x_393 = (x_376 / vec2f(x_379));
        let x_399 = x_393.x;
        let x_405 = x_393.y;
        let x_407 = ((x_368 * x_399) + (x_374 * x_405));
        up = x_407;
        right = ((x_368 * x_405) - (x_374 * x_399));
        let x_426 = (x_379 * x_381);
        along = (x_360 + x_426);
        pos = (pos - (x_407 * (x_426 * 0.5f)));
      } else {
        let x_444 = (shape.z + (shape.y * x_244));
        let x_447 = cos(x_444);
        let x_450 = sin(x_444);
        right = ((x_368 * x_447) - (x_374 * x_450));
        up = ((x_368 * x_450) + (x_374 * x_447));
      }
      var x_505 : f32;
      let x_481 = corner.x;
      let x_488 = corner.y;
      let x_492 = ((pos + (right * (x_481 * x_360))) + (up * (x_488 * along)));
      gl_Position = (x_63.view_proj * vec4f(x_492.x, x_492.y, x_492.z, 1.0f));
      let x_502 = x_63.source;
      cell = x_502;
      x_505 = x_63.frames.z;
      if ((x_505 > 1.5f)) {
        let x_512 = x_63.frames.w;
        if ((x_512 > 0.0f)) {
          let x_522 = shape.w;
          x_514 = (floor(((x_244 * x_512) + (fract((x_522 * 7.30999994277954101562f)) * x_505))) - (x_505 * floor((floor(((x_244 * x_512) + (fract((x_522 * 7.30999994277954101562f)) * x_505))) / x_505))));
        } else {
          x_514 = min(floor((x_250 * x_505)), (x_505 - 1.0f));
        }
        let x_551 = x_502.xy;
        let x_556 = ((x_502.zw - x_551) / x_63.frames.xy);
        let x_563 = x_63.frames.x;
        let x_572 = (x_551 + (x_556 * vec2f((x_514 - (x_563 * floor((x_514 / x_563)))), floor((x_514 / x_563)))));
        let x_574 = x_572.x;
        var x_634_1 = vec4f();
        x_634_1.x = x_574;
        let x_634 = x_634_1;
        let x_576 = x_572.y;
        var x_636_1 = x_634;
        x_636_1.y = x_576;
        let x_580 = (x_636_1.xy + x_556);
        cell = vec4f(x_574, x_576, x_580.x, x_580.y);
      }
      uv = vec2f(mix(cell.x, cell.z, (x_481 + 0.5f)), mix(cell.y, cell.w, (0.5f - x_488)));
      param_16 = x_250;
      let x_604 = color_at_f1_(&(param_16));
      color = x_604;
      let x_608 = i32(x_63.counts.w);
      if ((x_608 > 0i)) {
        color = (color * x_63.palette[min(i32((shape.w * f32(x_608))), (x_608 - 1i))]);
      }
      alpha_mode = x_63.counts.z;
      return;
    }

    struct main_out {
      @builtin(position)
      gl_Position : vec4f,
      @location(0)
      uv_1 : vec2f,
      @location(1)
      color_1 : vec4f,
      @location(2)
      alpha_mode_1 : f32,
    }

    @vertex
    fn main(@location(1) born_param : vec4f, @location(2) motion_param : vec4f, @location(3) shape_param : vec4f, @location(0) corner_param : vec2f) -> main_out {
      born = born_param;
      motion = motion_param;
      shape = shape_param;
      corner = corner_param;
      main_1();
      return main_out(gl_Position, uv, color, alpha_mode);
    }
*/
#if defined(SOKOL_WGPU)
static const uint8_t sprite_vs_particle_source_wgsl[7895] = {
    0x64,0x69,0x61,0x67,0x6e,0x6f,0x73,0x74,0x69,0x63,0x28,0x6f,0x66,0x66,0x2c,0x20,
    0x64,0x65,0x72,0x69,0x76,0x61,0x74,0x69,0x76,0x65,0x5f,0x75,0x6e,0x69,0x66,0x6f,
    0x72,0x6d,0x69,0x74,0x79,0x29,0x3b,0x0a,0x0a,0x61,0x6c,0x69,0x61,0x73,0x20,0x41,
    0x72,0x72,0x20,0x3d,0x20,0x61,0x72,0x72,0x61,0x79,0x3c,0x76,0x65,0x63,0x34,0x66,
    0x2c,0x20,0x32,0x75,0x3e,0x3b,0x0a,0x0a,0x61,0x6c,0x69,0x61,0x73,0x20,0x41,0x72,
    0x72,0x5f,0x31,0x20,0x3d,0x20,0x61,0x72,0x72,0x61,0x79,0x3c,0x76,0x65,0x63,0x34,
    0x66,0x2c,0x20,0x32,0x75,0x3e,0x3b,0x0a,0x0a,0x61,0x6c,0x69,0x61,0x73,0x20,0x41,
    0x72,0x72,0x5f,0x32,0x20,0x3d,0x20,0x61,0x72,0x72,0x61,0x79,0x3c,0x76,0x65,0x63,
    0x34,0x66,0x2c,0x20,0x32,0x75,0x3e,0x3b,0x0a,0x0a,0x61,0x6c,0x69,0x61,0x73,0x20,
    0x41,0x72,0x72,0x5f,0x33,0x20,0x3d,0x20,0x61,0x72,0x72,0x61,0x79,0x3c,0x76,0x65,
    0x63,0x34,0x66,0x2c,0x20,0x38,0x75,0x3e,0x3b,0x0a,0x0a,0x61,0x6c,0x69,0x61,0x73,
    0x20,0x41,0x72,0x72,0x5f,0x34,0x20,0x3d,0x20,0x61,0x72,0x72,0x61,0x79,0x3c,0x76,
    0x65,0x63,0x34,0x66,0x2c,0x20,0x38,0x75,0x3e,0x3b,0x0a,0x0a,0x73,0x74,0x72,0x75,
    0x63,0x74,0x20,0x70,0x61,0x72,0x74,0x69,0x63,0x6c,0x65,0x5f,0x70,0x61,0x72,0x61,
    0x6d,0x73,0x20,0x7b,0x0a,0x20,0x20,0x2f,0x2a,0x20,0x40,0x6f,0x66,0x66,0x73,0x65,
    0x74,0x28,0x30,0x29,0x20,0x2a,0x2f,0x0a,0x20,0x20,0x76,0x69,0x65,0x77,0x5f,0x70,
    0x72,0x6f,0x6a,0x20,0x3a,0x20,0x6d,0x61,0x74,0x34,0x78,0x34,0x66,0x2c,0x0a,0x20,
    0x20,0x2f,0x2a,0x20,0x40,0x6f,0x66,0x66,0x73,0x65,0x74,0x28,0x36,0x34,0x29,0x20,
    0x2a,0x2f,0x0a,0x20,0x20,0x61,0x78,0x69,0x73,0x5f,0x78,0x20,0x3a,0x20,0x76,0x65,
    0x63,0x34,0x66,0x2c,0x0a,0x20,0x20,0x2f,0x2a,0x20,0x40,0x6f,0x66,0x66,0x73,0x65,
    0x74,0x28,0x38,0x30,0x29,0x20,0x2a,0x2f,0x0a,0x20,0x20,0x61,0x78,0x69,0x73,0x5f,
    0x79,0x20,0x3a,0x20,0x76,0x65,0x63,0x34,0x66,0x2c,0x0a,0x20,0x20,0x2f,0x2a,0x20,
    0x40,0x6f,0x66,0x66,0x73,0x65,0x74,0x28,0x39,0x36,0x29,0x20,0x2a,0x2f,0x0a,0x20,
    0x20,0x67,0x72,0x61,0x76,0x69,0x74,0x79,0x5f,0x6e,0x6f,0x77,0x20,0x3a,0x20,0x76,
    0x65,0x63,0x34,0x66,0x2c,0x0a,0x20,0x20,0x2f,0x2a,0x20,0x40,0x6f,0x66,0x66,0x73,
    0x65,0x74,0x28,0x31,0x31,0x32,0x29,0x20,0x2a,0x2f,0x0a,0x20,0x20,0x63,0x6f,0x75,
    0x6e,0x74,0x73,0x20,0x3a,0x20,0x76,0x65,0x63,0x34,0x66,0x2c,0x0a,0x20,0x20,0x2f,
    0x2a,0x20,0x40,0x6f,0x66,0x66,0x73,0x65,0x74,0x28,0x31,0x32,0x38,0x29,0x20,0x2a,
    0x2f,0x0a,0x20,0x20,0x73,0x6f,0x75,0x72,0x63,0x65,0x20,0x3a,0x20,0x76,0x65,0x63,
    0x34,0x66,0x2c,0x0a,0x20,0x20,0x2f,0x2a,0x20,0x40,0x6f,0x66,0x66,0x73,0x65,0x74,
    0x28,0x31,0x34,0x34,0x29,0x20,0x2a,0x2f,0x0a,0x20,0x20,0x64,0x79,0x6e,0x61,0x6d,
    0x69,0x63,0x73,0x20,0x3a,0x20,0x76,0x65,0x63,0x34,0x66,0x2c,0x0a,0x20,0x20,0x2f,
    0x2a,0x20,0x40,0x6f,0x66,0x66,0x73,0x65,0x74,0x28,0x31,0x36,0x30,0x29,0x20,0x2a,
    0x2f,0x0a,0x20,0x20,0x66,0x72,0x61,0x6d,0x65,0x73,0x20,0x3a,0x20,0x76,0x65,0x63,
    0x34,0x66,0x2c,0x0a,0x20,0x20,0x2f,0x2a,0x20,0x40,0x6f,0x66,0x66,0x73,0x65,0x74,
    0x28,0x31,0x37,0x36,0x29,0x20,0x2a,0x2f,0x0a,0x20,0x20,0x73,0x69,0x7a,0x65,0x5f,
    0x74,0x69,0x6d,0x65,0x73,0x20,0x3a,0x20,0x41,0x72,0x72,0x2c,0x0a,0x20,0x20,0x2f,
    0x2a,0x20,0x40,0x6f,0x66,0x66,0x73,0x65,0x74,0x28,0x32,0x30,0x38,0x29,0x20,0x2a,
    0x2f,0x0a,0x20,0x20,0x73,0x69,0x7a,0x65,0x5f,0x76,0x61,0x6c,0x75,0x65,0x73,0x20,
    0x3a,0x20,0x41,0x72,0x72,0x5f,0x31,0x2c,0x0a,0x20,0x20,0x2f,0x2a,0x20,0x40,0x6f,
    0x66,0x66,0x73,0x65,0x74,0x28,0x32,0x34,0x30,0x29,0x20,0x2a,0x2f,0x0a,0x20,0x20,
    0x63,0x6f,0x6c,0x6f,0x72,0x5f,0x74,0x69,0x6d,0x65,0x73,0x20,0x3a,0x20,0x41,0x72,
    0x72,0x5f,0x32,0x2c,0x0a,0x20,0x20,0x2f,0x2a,0x20,0x40,0x6f,0x66,0x66,0x73,0x65,
    0x74,0x28,0x32,0x37,0x32,0x29,0x20,0x2a,0x2f,0x0a,0x20,0x20,0x63,0x6f,0x6c,0x6f,
    0x72,0x5f,0x76,0x61,0x6c,0x75,0x65,0x73,0x20,0x3a,0x20,0x41,0x72,0x72,0x5f,0x33,
    0x2c,0x0a,0x20,0x20,0x2f,0x2a,0x20,0x40,0x6f,0x66,0x66,0x73,0x65,0x74,0x28,0x34,
    0x30,0x30,0x29,0x20,0x2a,0x2f,0x0a,0x20,0x20,0x70,0x61,0x6c,0x65,0x74,0x74,0x65,
    0x20,0x3a,0x20,0x41,0x72,0x72,0x5f,0x34,0x2c,0x0a,0x7d,0x0a,0x0a,0x40,0x62,0x69,
    0x6e,0x64,0x69,0x6e,0x67,0x28,0x30,0x29,0x20,0x40,0x67,0x72,0x6f,0x75,0x70,0x28,
    0x30,0x29,0x20,0x76,0x61,0x72,0x3c,0x75,0x6e,0x69,0x66,0x6f,0x72,0x6d,0x3e,0x20,
    0x78,0x5f,0x36,0x33,0x20,0x3a,0x20,0x70,0x61,0x72,0x74,0x69,0x63,0x6c,0x65,0x5f,
    0x70,0x61,0x72,0x61,0x6d,0x73,0x3b,0x0a,0x0a,0x76,0x61,0x72,0x3c,0x70,0x72,0x69,
    0x76,0x61,0x74,0x65,0x3e,0x20,0x62,0x6f,0x72,0x6e,0x20,0x3a,0x20,0x76,0x65,0x63,
    0x34,0x66,0x3b,0x0a,0x0a,0x76,0x61,0x72,0x3c,0x70,0x72,0x69,0x76,0x61,0x74,0x65,
    0x3e,0x20,0x6d,0x6f,0x74,0x69,0x6f,0x6e,0x20,0x3a,0x20,0x76,0x65,0x63,0x34,0x66,
    0x3b,0x0a,0x0a,0x76,0x61,0x72,0x3c,0x70,0x72,0x69,0x76,0x61,0x74,0x65,0x3e,0x20,
    0x75,0x76,0x20,0x3a,0x20,0x76,0x65,0x63,0x32,0x66,0x3b,0x0a,0x0a,0x76,0x61,0x72,
    0x3c,0x70,0x72,0x69,0x76,0x61,0x74,0x65,0x3e,0x20,0x63,0x6f,0x6c,0x6f,0x72,0x20,
    0x3a,0x20,0x76,0x65,0x63,0x34,0x66,0x3b,0x0a,0x0a,0x76,0x61,0x72,0x3c,0x70,0x72,
    0x69,0x76,0x61,0x74,0x65,0x3e,0x20,0x61,0x6c,0x70,0x68,0x61,0x5f,0x6d,0x6f,0x64,
    0x65,0x20,0x3a,0x20,0x66,0x33,0x32,0x3b,0x0a,0x0a,0x76,0x61,0x72,0x3c,0x70,0x72,
    0x69,0x76,0x61,0x74,0x65,0x3e,0x20,0x73,0x68,0x61,0x70,0x65,0x20,0x3a,0x20,0x76,
    0x65,0x63,0x34,0x66,0x3b,0x0a,0x0a,0x76,0x61,0x72,0x3c,0x70,0x72,0x69,0x76,0x61,
    0x74,0x65,0x3e,0x20,0x63,0x6f,0x72,0x6e,0x65,0x72,0x20,0x3a,0x20,0x76,0x65,0x63,
    0x32,0x66,0x3b,0x0a,0x0a,0x76,0x61,0x72,0x3c,0x70,0x72,0x69,0x76,0x61,0x74,0x65,
    0x3e,0x20,0x67,0x6c,0x5f,0x50,0x6f,0x73,0x69,0x74,0x69,0x6f,0x6e,0x20,0x3a,0x20,
    0x76,0x65,0x63,0x34,0x66,0x3b,0x0a,0x0a,0x66,0x6e,0x20,0x63,0x75,0x72,0x76,0x65,
    0x5f,0x6b,0x65,0x79,0x5f,0x76,0x66,0x34,0x5f,0x76,0x66,0x34,0x5f,0x69,0x31,0x5f,
    0x28,0x6c,0x6f,0x20,0x3a,0x20,0x70,0x74,0x72,0x3c,0x66,0x75,0x6e,0x63,0x74,0x69,
    0x6f,0x6e,0x2c,0x20,0x76,0x65,0x63,0x34,0x66,0x3e,0x2c,0x20,0x68,0x69,0x20,0x3a,
    0x20,0x70,0x74,0x72,0x3c,0x66,0x75,0x6e,0x63,0x74,0x69,0x6f,0x6e,0x2c,0x20,0x76,
    0x65,0x63,0x34,0x66,0x3e,0x2c,0x20,0x69,0x20,0x3a,0x20,0x70,0x74,0x72,0x3c,0x66,
    0x75,0x6e,0x63,0x74,0x69,0x6f,0x6e,0x2c,0x20,0x69,0x33,0x32,0x3e,0x29,0x20,0x2d,
    0x3e,0x20,0x66,0x33,0x32,0x20,0x7b,0x0a,0x20,0x20,0x76,0x61,0x72,0x20,0x71,0x20,
    0x3a,0x20,0x76,0x65,0x63,0x34,0x66,0x3b,0x0a,0x20,0x20,0x71,0x20,0x3d,0x20,0x6d,
    0x69,0x78,0x28,0x2a,0x28,0x6c,0x6f,0x29,0x2c,0x20,0x2a,0x28,0x68,0x69,0x29,0x2c,
    0x20,0x76,0x65,0x63,0x34,0x66,0x28,0x73,0x74,0x65,0x70,0x28,0x33,0x2e,0x35,0x66,
    0x2c,0x20,0x66,0x33,0x32,0x28,0x2a,0x28,0x69,0x29,0x29,0x29,0x29,0x29,0x3b,0x0a,
    0x20,0x20,0x6c,0x65,0x74,0x20,0x78,0x5f,0x34,0x39,0x20,0x3d,0x20,0x71,0x5b,0x28,
    0x2a,0x28,0x69,0x29,0x20,0x25,0x20,0x34,0x69,0x29,0x5d,0x3b,0x0a,0x20,0x20,0x72,
    0x65,0x74,0x75,0x72,0x6e,0x20,0x78,0x5f,0x34,0x39,0x3b,0x0a,0x7d,0x0a,0x0a,0x66,
    0x6e,0x20,0x73,0x69,0x7a,0x65,0x5f,0x76,0x61,0x6c,0x75,0x65,0x5f,0x69,0x31,0x5f,
    0x28,0x69,0x5f,0x32,0x20,0x3a,0x20,0x70,0x74,0x72,0x3c,0x66,0x75,0x6e,0x63,0x74,
    0x69,0x6f,0x6e,0x2c,0x20,0x69,0x33,0x32,0x3e,0x29,0x20,0x2d,0x3e,0x20,0x66,0x33,
    0x32,0x20,0x7b,0x0a,0x20,0x20,0x76,0x61,0x72,0x20,0x70,0x61,0x72,0x61,0x6d,0x5f,
    0x33,0x20,0x3a,0x20,0x76,0x65,0x63,0x34,0x66,0x3b,0x0a,0x20,0x20,0x76,0x61,0x72,
    0x20,0x70,0x61,0x72,0x61,0x6d,0x5f,0x34,0x20,0x3a,0x20,0x76,0x65,0x63,0x34,0x66,
    0x3b,0x0a,0x20,0x20,0x76,0x61,0x72,0x20,0x70,0x61,0x72,0x61,0x6d,0x5f,0x35,0x20,
    0x3a,0x20,0x69,0x33,0x32,0x3b,0x0a,0x20,0x20,0x70,0x61,0x72,0x61,0x6d,0x5f,0x33,
    0x20,0x3d,0x20,0x78,0x5f,0x36,0x33,0x2e,0x73,0x69,0x7a,0x65,0x5f,0x76,0x61,0x6c,
    0x75,0x65,0x73,0x5b,0x30,0x69,0x5d,0x3b,0x0a,0x20,0x20,0x70,0x61,0x72,0x61,0x6d,
    0x5f,0x34,0x20,0x3d,0x20,0x78,0x5f,0x36,0x33,0x2e,0x73,0x69,0x7a,0x65,0x5f,0x76,
    0x61,0x6c,0x75,0x65,0x73,0x5b,0x31,0x69,0x5d,0x3b,0x0a,0x20,0x20,0x70,0x61,0x72,
    0x61,0x6d,0x5f,0x35,0x20,0x3d,0x20,0x2a,0x28,0x69,0x5f,0x32,0x29,0x3b,0x0a,0x20,
    0x20,0x6c,0x65,0x74,0x20,0x78,0x5f,0x38,0x38,0x20,0x3d,0x20,0x63,0x75,0x72,0x76,
    0x65,0x5f,0x6b,0x65,0x79,0x5f,0x76,0x66,0x34,0x5f,0x76,0x66,0x34,0x5f,0x69,0x31,
    0x5f,0x28,0x26,0x28,0x70,0x61,0x72,0x61,0x6d,0x5f,0x33,0x29,0x2c,0x20,0x26,0x28,
    0x70,0x61,0x72,0x61,0x6d,0x5f,0x34,0x29,0x2c,0x20,0x26,0x28,0x70,0x61,0x72,0x61,
    0x6d,0x5f,0x35,0x29,0x29,0x3b,0x0a,0x20,0x20,0x72,0x65,0x74,0x75,0x72,0x6e,0x20,
    0x78,0x5f,0x38,0x38,0x3b,0x0a,0x7d,0x0a,0x0a,0x66,0x6e,0x20,0x73,0x69,0x7a,0x65,
    0x5f,0x74,0x69,0x6d,0x65,0x5f,0x69,0x31,0x5f,0x28,0x69,0x5f,0x31,0x20,0x3a,0x20,
    0x70,0x74,0x72,0x3c,0x66,0x75,0x6e,0x63,0x74,0x69,0x6f,0x6e,0x2c,0x20,0x69,0x33,
    0x32,0x3e,0x29,0x20,0x2d,0x3e,0x20,0x66,0x33,0x32,0x20,0x7b,0x0a,0x20,0x20,0x76,
    0x61,0x72,0x20,0x70,0x61,0x72,0x61,0x6d,0x20,0x3a,0x20,0x76,0x65,0x63,0x34,0x66,
    0x3b,0x0a,0x20,0x20,0x76,0x61,0x72,0x20,0x70,0x61,0x72,0x61,0x6d,0x5f,0x31,0x20,
    0x3a,0x20,0x76,0x65,0x63,0x34,0x66,0x3b,0x0a,0x20,0x20,0x76,0x61,0x72,0x20,0x70,
    0x61,0x72,0x61,0x6d,0x5f,0x32,0x20,0x3a,0x20,0x69,0x33,0x32,0x3b,0x0a,0x20,0x20,
    0x70,0x61,0x72,0x61,0x6d,0x20,0x3d,0x20,0x78,0x5f,0x36,0x33,0x2e,0x73,0x69,0x7a,
    0x65,0x5f,0x74,0x69,0x6d,0x65,0x73,0x5b,0x30,0x69,0x5d,0x3b,0x0a,0x20,0x20,0x70,
    0x61,0x72,0x61,0x6d,0x5f,0x31,0x20,0x3d,0x20,0x78,0x5f,0x36,0x33,0x2e,0x73,0x69,
    0x7a,0x65,0x5f,0x74,0x69,0x6d,0x65,0x73,0x5b,0x31,0x69,0x5d,0x3b,0x0a,0x20,0x20,
    0x70,0x61,0x72,0x61,0x6d,0x5f,0x32,0x20,0x3d,0x20,0x2a,0x28,0x69,0x5f,0x31,0x29,
    0x3b,0x0a,0x20,0x20,0x6c,0x65,0x74,0x20,0x78,0x5f,0x37,0x36,0x20,0x3d,0x20,0x63,
    0x75,0x72,0x76,0x65,0x5f,0x6b,0x65,0x79,0x5f,0x76,0x66,0x34,0x5f,0x76,0x66,0x34,
    0x5f,0x69,0x31,0x5f,0x28,0x26,0x28,0x70,0x61,0x72,0x61,0x6d,0x29,0x2c,0x20,0x26,
    0x28,0x70,0x61,0x72,0x61,0x6d,0x5f,0x31,0x29,0x2c,0x20,0x26,0x28,0x70,0x61,0x72,
    0x61,0x6d,0x5f,0x32,0x29,0x29,0x3b,0x0a,0x20,0x20,0x72,0x65,0x74,0x75,0x72,0x6e,
    0x20,0x78,0x5f,0x37,0x36,0x3b,0x0a,0x7d,0x0a,0x0a,0x66,0x6e,0x20,0x73,0x69,0x7a,
    0x65,0x5f,0x61,0x74,0x5f,0x66,0x31,0x5f,0x28,0x74,0x20,0x3a,0x20,0x70,0x74,0x72,
    0x3c,0x66,0x75,0x6e,0x63,0x74,0x69,0x6f,0x6e,0x2c,0x20,0x66,0x33,0x32,0x3e,0x29,
    0x20,0x2d,0x3e,0x20,0x66,0x33,0x32,0x20,0x7b,0x0a,0x20,0x20,0x76,0x61,0x72,0x20,
    0x76,0x61,0x6c,0x75,0x65,0x20,0x3a,0x20,0x66,0x33,0x32,0x3b,0x0a,0x20,0x20,0x76,
    0x61,0x72,0x20,0x70,0x61,0x72,0x61,0x6d,0x5f,0x39,0x20,0x3a,0x20,0x69,0x33,0x32,
    0x3b,0x0a,0x20,0x20,0x76,0x61,0x72,0x20,0x70,0x72,0x65,0x76,0x5f,0x74,0x20,0x3a,
    0x20,0x66,0x33,0x32,0x3b,0x0a,0x20,0x20,0x76,0x61,0x72,0x20,0x70,0x61,0x72,0x61,
    0x6d,0x5f,0x31,0x30,0x20,0x3a,0x20,0x69,0x33,0x32,0x3b,0x0a,0x20,0x20,0x76,0x61,
    0x72,0x20,0x69,0x5f,0x34,0x20,0x3a,0x20,0x69,0x33,0x32,0x3b,0x0a,0x20,0x20,0x76,
    0x61,0x72,0x20,0x70,0x61,0x72,0x61,0x6d,0x5f,0x31,0x31,0x20,0x3a,0x20,0x69,0x33,
    0x32,0x3b,0x0a,0x20,0x20,0x76,0x61,0x72,0x20,0x70,0x61,0x72,0x61,0x6d,0x5f,0x31,
    0x32,0x20,0x3a,0x20,0x69,0x33,0x32,0x3b,0x0a,0x20,0x20,0x76,0x61,0x72,0x20,0x78,
    0x5f,0x31,0x34,0x35,0x20,0x3a,0x20,0x66,0x33,0x32,0x3b,0x0a,0x20,0x20,0x6c,0x65,
    0x74,0x20,0x78,0x5f,0x31,0x30,0x38,0x20,0x3d,0x20,0x69,0x33,0x32,0x28,0x78,0x5f,
    0x36,0x33,0x2e,0x63,0x6f,0x75,0x6e,0x74,0x73,0x2e,0x78,0x29,0x3b,0x0a,0x20,0x20,
    0x70,0x61,0x72,0x61,0x6d,0x5f,0x39,0x20,0x3d,0x20,0x30,0x69,0x3b,0x0a,0x20,0x20,
    0x6c,0x65,0x74,0x20,0x78,0x5f,0x31,0x31,0x31,0x20,0x3d,0x20,0x73,0x69,0x7a,0x65,
    0x5f,0x76,0x61,0x6c,0x75,0x65,0x5f,0x69,0x31,0x5f,0x28,0x26,0x28,0x70,0x61,0x72,
    0x61,0x6d,0x5f,0x39,0x29,0x29,0x3b,0x0a,0x20,0x20,0x76,0x61,0x6c,0x75,0x65,0x20,
    0x3d,0x20,0x78,0x5f,0x31,0x31,0x31,0x3b,0x0a,0x20,0x20,0x70,0x61,0x72,0x61,0x6d,
    0x5f,0x31,0x30,0x20,0x3d,0x20,0x30,0x69,0x3b,0x0a,0x20,0x20,0x6c,0x65,0x74,0x20,
    0x78,0x5f,0x31,0x31,0x34,0x20,0x3d,0x20,0x73,0x69,0x7a,0x65,0x5f,0x74,0x69,0x6d,
    0x65,0x5f,0x69,0x31,0x5f,0x28,0x26,0x28,0x70,0x61,0x72,0x61,0x6d,0x5f,0x31,0x30,
    0x29,0x29,0x3b,0x0a,0x20,0x20,0x70,0x72,0x65,0x76,0x5f,0x74,0x20,0x3d,0x20,0x78,
    0x5f,0x31,0x31,0x34,0x3b,0x0a,0x20,0x20,0x69,0x5f,0x34,0x20,0x3d,0x20,0x31,0x69,
    0x3b,0x0a,0x20,0x20,0x6c,0x6f,0x6f,0x70,0x20,0x7b,0x0a,0x20,0x20,0x20,0x20,0x69,
    0x66,0x20,0x28,0x28,0x69,0x5f,0x34,0x20,0x3c,0x20,0x38,0x69,0x29,0x29,0x20,0x7b,
    0x0a,0x20,0x20,0x20,0x20,0x7d,0x20,0x65,0x6c,0x73,0x65,0x20,0x7b,0x0a,0x20,0x20,
    0x20,0x20,0x20,0x20,0x62,0x72,0x65,0x61,0x6b,0x3b,0x0a,0x20,0x20,0x20,0x20,0x7d,
    0x0a,0x20,0x20,0x20,0x20,0x69,0x66,0x20,0x28,0x28,0x28,0x69,0x5f,0x34,0x20,0x3e,
    0x3d,0x20,0x78,0x5f,0x31,0x30,0x38,0x29,0x20,0x7c,0x20,0x28,0x2a,0x28,0x74,0x29,
    0x20,0x3c,0x3d,0x20,0x70,0x72,0x65,0x76,0x5f,0x74,0x29,0x29,0x29,0x20,0x7b,0x0a,
    0x20,0x20,0x20,0x20,0x20,0x20,0x62,0x72,0x65,0x61,0x6b,0x3b,0x0a,0x20,0x20,0x20,
    0x20,0x7d,0x0a,0x20,0x20,0x20,0x20,0x70,0x61,0x72,0x61,0x6d,0x5f,0x31,0x31,0x20,
    0x3d,0x20,0x69,0x5f,0x34,0x3b,0x0a,0x20,0x20,0x20,0x20,0x6c,0x65,0x74,0x20,0x78,
    0x5f,0x31,0x33,0x37,0x20,0x3d,0x20,0x73,0x69,0x7a,0x65,0x5f,0x74,0x69,0x6d,0x65,
    0x5f,0x69,0x31,0x5f,0x28,0x26,0x28,0x70,0x61,0x72,0x61,0x6d,0x5f,0x31,0x31,0x29,
    0x29,0x3b,0x0a,0x20,0x20,0x20,0x20,0x70,0x61,0x72,0x61,0x6d,0x5f,0x31,0x32,0x20,
    0x3d,0x20,0x69,0x5f,0x34,0x3b,0x0a,0x20,0x20,0x20,0x20,0x6c,0x65,0x74,0x20,0x78,
    0x5f,0x31,0x34,0x31,0x20,0x3d,0x20,0x73,0x69,0x7a,0x65,0x5f,0x76,0x61,0x6c,0x75,
    0x65,0x5f,0x69,0x31,0x5f,0x28,0x26,0x28,0x70,0x61,0x72,0x61,0x6d,0x5f,0x31,0x32,
    0x29,0x29,0x3b,0x0a,0x20,0x20,0x20,0x20,0x69,0x66,0x20,0x28,0x28,0x2a,0x28,0x74,
    0x29,0x20,0x3e,0x3d,0x20,0x78,0x5f,0x31,0x33,0x37,0x29,0x29,0x20,0x7b,0x0a,0x20,
    0x20,0x20,0x20,0x20,0x20,0x78,0x5f,0x31,0x34,0x35,0x20,0x3d,0x20,0x78,0x5f,0x31,
    0x34,0x31,0x3b,0x0a,0x20,0x20,0x20,0x20,0x7d,0x20,0x65,0x6c,0x73,0x65,0x20,0x7b,
    0x0a,0x20,0x20,0x20,0x20,0x20,0x20,0x78,0x5f,0x31,0x34,0x35,0x20,0x3d,0x20,0x6d,
    0x69,0x78,0x28,0x76,0x61,0x6c,0x75,0x65,0x2c,0x20,0x78,0x5f,0x31,0x34,0x31,0x2c,
    0x20,0x28,0x28,0x2a,0x28,0x74,0x29,0x20,0x2d,0x20,0x70,0x72,0x65,0x76,0x5f,0x74,
    0x29,0x20,0x2f,0x20,0x6d,0x61,0x78,0x28,0x28,0x78,0x5f,0x31,0x33,0x37,0x20,0x2d,
    0x20,0x70,0x72,0x65,0x76,0x5f,0x74,0x29,0x2c,0x20,0x30,0x2e,0x30,0x30,0x30,0x30,
    0x30,0x30,0x39,0x39,0x39,0x39,0x39,0x39,0x39,0x39,0x37,0x34,0x37,0x35,0x32,0x34,
    0x66,0x29,0x29,0x29,0x3b,0x0a,0x20,0x20,0x20,0x20,0x7d,0x0a,0x20,0x20,0x20,0x20,
    0x76,0x61,0x6c,0x75,0x65,0x20,0x3d,0x20,0x78,0x5f,0x31,0x34,0x35,0x3b,0x0a,0x20,
    0x20,0x20,0x20,0x70,0x72,0x65,0x76,0x5f,0x74,0x20,0x3d,0x20,0x78,0x5f,0x31,0x33,
    0x37,0x3b,0x0a,0x0a,0x20,0x20,0x20,0x20,0x63,0x6f,0x6e,0x74,0x69,0x6e,0x75,0x69,
    0x6e,0x67,0x20,0x7b,0x0a,0x20,0x20,0x20,0x20,0x20,0x20,0x69,0x5f,0x34,0x20,0x3d,
    0x20,0x28,0x69,0x5f,0x34,0x20,0x2b,0x20,0x31,0x69,0x29,0x3b,0x0a,0x20,0x20,0x20,
    0x20,0x7d,0x0a,0x20,0x20,0x7d,0x0a,0x20,0x20,0x6c,0x65,0x74,0x20,0x78,0x5f,0x31,
    0x36,0x36,0x20,0x3d,0x20,0x76,0x61,0x6c,0x75,0x65,0x3b,0x0a,0x20,0x20,0x72,0x65,
    0x74,0x75,0x72,0x6e,0x20,0x78,0x5f,0x31,0x36,0x36,0x3b,0x0a,0x7d,0x0a,0x0a,0x66,
    0x6e,0x20,0x63,0x6f,0x6c,0x6f,0x72,0x5f,0x74,0x69,0x6d,0x65,0x5f,0x69,0x31,0x5f,
    0x28,0x69,0x5f,0x33,0x20,0x3a,0x20,0x70,0x74,0x72,0x3c,0x66,0x75,0x6e,0x63,0x74,
    0x69,0x6f,0x6e,0x2c,0x20,0x69,0x33,0x32,0x3e,0x29,0x20,0x2d,0x3e,0x20,0x66,0x33,
    0x32,0x20,0x7b,0x0a,0x20,0x20,0x76,0x61,0x72,0x20,0x70,0x61,0x72,0x61,0x6d,0x5f,
    0x36,0x20,0x3a,0x20,0x76,0x65,0x63,0x34,0x66,0x3b,0x0a,0x20,0x20,0x76,0x61,0x72,
    0x20,0x70,0x61,0x72,0x61,0x6d,0x5f,0x37,0x20,0x3a,0x20,0x76,0x65,0x63,0x34,0x66,
    0x3b,0x0a,0x20,0x20,0x76,0x61,0x72,0x20,0x70,0x61,0x72,0x61,0x6d,0x5f,0x38,0x20,
    0x3a,0x20,0x69,0x33,0x32,0x3b,0x0a,0x20,0x20,0x70,0x61,0x72,0x61,0x6d,0x5f,0x36,
    0x20,0x3d,0x20,0x78,0x5f,0x36,0x33,0x2e,0x63,0x6f,0x6c,0x6f,0x72,0x5f,0x74,0x69,
    0x6d,0x65,0x73,0x5b,0x30,0x69,0x5d,0x3b,0x0a,0x20,0x20,0x70,0x61,0x72,0x61,0x6d,
    0x5f,0x37,0x20,0x3d,0x20,0x78,0x5f,0x36,0x33,0x2e,0x63,0x6f,0x6c,0x6f,0x72,0x5f,
    0x74,0x69,0x6d,0x65,0x73,0x5b,0x31,0x69,0x5d,0x3b,0x0a,0x20,0x20,0x70,0x61,0x72,
    0x61,0x6d,0x5f,0x38,0x20,0x3d,0x20,0x2a,0x28,0x69,0x5f,0x33,0x29,0x3b,0x0a,0x20,
    0x20,0x6c,0x65,0x74,0x20,0x78,0x5f,0x31,0x30,0x30,0x20,0x3d,0x20,0x63,0x75,0x72,
    0x76,0x65,0x5f,0x6b,0x65,0x79,0x5f,0x76,0x66,0x34,0x5f,0x76,0x66,0x34,0x5f,0x69,
    0x31,0x5f,0x28,0x26,0x28,0x70,0x61,0x72,0x61,0x6d,0x5f,0x36,0x29,0x2c,0x20,0x26,
    0x28,0x70,0x61,0x72,0x61,0x6d,0x5f,0x37,0x29,0x2c,0x20,0x26,0x28,0x70,0x61,0x72,
    0x61,0x6d,0x5f,0x38,0x29,0x29,0x3b,0x0a,0x20,0x20,0x72,0x65,0x74,0x75,0x72,0x6e,
    0x20,0x78,0x5f,0x31,0x30,0x30,0x3b,0x0a,0x7d,0x0a,0x0a,0x66,0x6e,0x20,0x63,0x6f,
    0x6c,0x6f,0x72,0x5f,0x61,0x74,0x5f,0x66,0x31,0x5f,0x28,0x74,0x5f,0x31,0x20,0x3a,
    0x20,0x70,0x74,0x72,0x3c,0x66,0x75,0x6e,0x63,0x74,0x69,0x6f,0x6e,0x2c,0x20,0x66,
    0x33,0x32,0x3e,0x29,0x20,0x2d,0x3e,0x20,0x76,0x65,0x63,0x34,0x66,0x20,0x7b,0x0a,
    0x20,0x20,0x76,0x61,0x72,0x20,0x76,0x61,0x6c,0x75,0x65,0x5f,0x31,0x20,0x3a,0x20,
    0x76,0x65,0x63,0x34,0x66,0x3b,0x0a,0x20,0x20,0x76,0x61,0x72,0x20,0x70,0x72,0x65,
    0x76,0x5f,0x74,0x5f,0x31,0x20,0x3a,0x20,0x66,0x33,0x32,0x3b,0x0a,0x20,0x20,0x76,
    0x61,0x72,0x20,0x70,0x61,0x72,0x61,0x6d,0x5f,0x31,0x33,0x20,0x3a,0x20,0x69,0x33,
    0x32,0x3b,0x0a,0x20,0x20,0x76,0x61,0x72,0x20,0x69,0x5f,0x35,0x20,0x3a,0x20,0x69,
    0x33,0x32,0x3b,0x0a,0x20,0x20,0x76,0x61,0x72,0x20,0x70,0x61,0x72,0x61,0x6d,0x5f,
    0x31,0x34,0x20,0x3a,0x20,0x69,0x33,0x32,0x3b,0x0a,0x20,0x20,0x76,0x61,0x72,0x20,
    0x78,0x5f,0x32,0x30,0x36,0x20,0x3a,0x20,0x76,0x65,0x63,0x34,0x66,0x3b,0x0a,0x20,
    0x20,0x6c,0x65,0x74,0x20,0x78,0x5f,0x31,0x37,0x33,0x20,0x3d,0x20,0x69,0x33,0x32,
    0x28,0x78,0x5f,0x36,0x33,0x2e,0x63,0x6f,0x75,0x6e,0x74,0x73,0x2e,0x79,0x29,0x3b,
    0x0a,0x20,0x20,0x76,0x61,0x6c,0x75,0x65,0x5f,0x31,0x20,0x3d,0x20,0x78,0x5f,0x36,
    0x33,0x2e,0x63,0x6f,0x6c,0x6f,0x72,0x5f,0x76,0x61,0x6c,0x75,0x65,0x73,0x5b,0x30,
    0x69,0x5d,0x3b,0x0a,0x20,0x20,0x70,0x61,0x72,0x61,0x6d,0x5f,0x31,0x33,0x20,0x3d,
    0x20,0x30,0x69,0x3b,0x0a,0x20,0x20,0x6c,0x65,0x74,0x20,0x78,0x5f,0x31,0x38,0x30,
    0x20,0x3d,0x20,0x63,0x6f,0x6c,0x6f,0x72,0x5f,0x74,0x69,0x6d,0x65,0x5f,0x69,0x31,
    0x5f,0x28,0x26,0x28,0x70,0x61,0x72,0x61,0x6d,0x5f,0x31,0x33,0x29,0x29,0x3b,0x0a,
    0x20,0x20,0x70,0x72,0x65,0x76,0x5f,0x74,0x5f,0x31,0x20,0x3d,0x20,0x78,0x5f,0x31,
    0x38,0x30,0x3b,0x0a,0x20,0x20,0x69,0x5f,0x35,0x20,0x3d,0x20,0x31,0x69,0x3b,0x0a,
    0x20,0x20,0x6c,0x6f,0x6f,0x70,0x20,0x7b,0x0a,0x20,0x20,0x20,0x20,0x69,0x66,0x20,
    0x28,0x28,0x69,0x5f,0x35,0x20,0x3c,0x20,0x38,0x69,0x29,0x29,0x20,0x7b,0x0a,0x20,
    0x20,0x20,0x20,0x7d,0x20,0x65,0x6c,0x73,0x65,0x20,0x7b,0x0a,0x20,0x20,0x20,0x20,
    0x20,0x20,0x62,0x72,0x65,0x61,0x6b,0x3b,0x0a,0x20,0x20,0x20,0x20,0x7d,0x0a,0x20,
    0x20,0x20,0x20,0x69,0x66,0x20,0x28,0x28,0x28,0x69,0x5f,0x35,0x20,0x3e,0x3d,0x20,
    0x78,0x5f,0x31,0x37,0x33,0x29,0x20,0x7c,0x20,0x28,0x2a,0x28,0x74,0x5f,0x31,0x29,
    0x20,0x3c,0x3d,0x20,0x70,0x72,0x65,0x76,0x5f,0x74,0x5f,0x31,0x29,0x29,0x29,0x20,
    0x7b,0x0a,0x20,0x20,0x20,0x20,0x20,0x20,0x62,0x72,0x65,0x61,0x6b,0x3b,0x0a,0x20,
    0x20,0x20,0x20,0x7d,0x0a,0x20,0x20,0x20,0x20,0x70,0x61,0x72,0x61,0x6d,0x5f,0x31,
    0x34,0x20,0x3d,0x20,0x69,0x5f,0x35,0x3b,0x0a,0x20,0x20,0x20,0x20,0x6c,0x65,0x74,
    0x20,0x78,0x5f,0x32,0x30,0x32,0x20,0x3d,0x20,0x63,0x6f,0x6c,0x6f,0x72,0x5f,0x74,
    0x69,0x6d,0x65,0x5f,0x69,0x31,0x5f,0x28,0x26,0x28,0x70,0x61,0x72,0x61,0x6d,0x5f,
    0x31,0x34,0x29,0x29,0x3b,0x0a,0x20,0x20,0x20,0x20,0x69,0x66,0x20,0x28,0x28,0x2a,
    0x28,0x74,0x5f,0x31,0x29,0x20,0x3e,0x3d,0x20,0x78,0x5f,0x32,0x30,0x32,0x29,0x29,
    0x20,0x7b,0x0a,0x20,0x20,0x20,0x20,0x20,0x20,0x78,0x5f,0x32,0x30,0x36,0x20,0x3d,
    0x20,0x78,0x5f,0x36,0x33,0x2e,0x63,0x6f,0x6c,0x6f,0x72,0x5f,0x76,0x61,0x6c,0x75,
    0x65,0x73,0x5b,0x69,0x5f,0x35,0x5d,0x3b,0x0a,0x20,0x20,0x20,0x20,0x7d,0x20,0x65,
    0x6c,0x73,0x65,0x20,0x7b,0x0a,0x20,0x20,0x20,0x20,0x20,0x20,0x78,0x5f,0x32,0x30,
    0x36,0x20,0x3d,0x20,0x6d,0x69,0x78,0x28,0x76,0x61,0x6c,0x75,0x65,0x5f,0x31,0x2c,
    0x20,0x78,0x5f,0x36,0x33,0x2e,0x63,0x6f,0x6c,0x6f,0x72,0x5f,0x76,0x61,0x6c,0x75,
    0x65,0x73,0x5b,0x69,0x5f,0x35,0x5d,0x2c,0x20,0x76,0x65,0x63,0x34,0x66,0x28,0x28,
    0x28,0x2a,0x28,0x74,0x5f,0x31,0x29,0x20,0x2d,0x20,0x70,0x72,0x65,0x76,0x5f,0x74,
    0x5f,0x31,0x29,0x20,0x2f,0x20,0x6d,0x61,0x78,0x28,0x28,0x78,0x5f,0x32,0x30,0x32,
    0x20,0x2d,0x20,0x70,0x72,0x65,0x76,0x5f,0x74,0x5f,0x31,0x29,0x2c,0x20,0x30,0x2e,
    0x30,0x30,0x30,0x30,0x30,0x30,0x39,0x39,0x39,0x39,0x39,0x39,0x39,0x39,0x37,0x34,
    0x37,0x35,0x32,0x34,0x66,0x29,0x29,0x29,0x29,0x3b,0x0a,0x20,0x20,0x20,0x20,0x7d,
    0x0a,0x20,0x20,0x20,0x20,0x76,0x61,0x6c,0x75,0x65,0x5f,0x31,0x20,0x3d,0x20,0x78,
    0x5f,0x32,0x30,0x36,0x3b,0x0a,0x20,0x20,0x20,0x20,0x70,0x72,0x65,0x76,0x5f,0x74,
    0x5f,0x31,0x20,0x3d,0x20,0x78,0x5f,0x32,0x30,0x32,0x3b,0x0a,0x0a,0x20,0x20,0x20,
    0x20,0x63,0x6f,0x6e,0x74,0x69,0x6e,0x75,0x69,0x6e,0x67,0x20,0x7b,0x0a,0x20,0x20,
    0x20,0x20,0x20,0x20,0x69,0x5f,0x35,0x20,0x3d,0x20,0x28,0x69,0x5f,0x35,0x20,0x2b,
    0x20,0x31,0x69,0x29,0x3b,0x0a,0x20,0x20,0x20,0x20,0x7d,0x0a,0x20,0x20,0x7d,0x0a,
    0x20,0x20,0x6c,0x65,0x74,0x20,0x78,0x5f,0x32,0x33,0x31,0x20,0x3d,0x20,0x76,0x61,
    0x6c,0x75,0x65,0x5f,0x31,0x3b,0x0a,0x20,0x20,0x72,0x65,0x74,0x75,0x72,0x6e,0x20,
    0x78,0x5f,0x32,0x33,0x31,0x3b,0x0a,0x7d,0x0a,0x0a,0x66,0x6e,0x20,0x6d,0x61,0x69,
    0x6e,0x5f,0x31,0x28,0x29,0x20,0x7b,0x0a,0x20,0x20,0x76,0x61,0x72,0x20,0x70,0x6f,
    0x73,0x20,0x3a,0x20,0x76,0x65,0x63,0x33,0x66,0x3b,0x0a,0x20,0x20,0x76,0x61,0x72,
    0x20,0x76,0x65,0x6c,0x20,0x3a,0x20,0x76,0x65,0x63,0x33,0x66,0x3b,0x0a,0x20,0x20,
    0x76,0x61,0x72,0x20,0x70,0x61,0x72,0x61,0x6d,0x5f,0x31,0x35,0x20,0x3a,0x20,0x66,
    0x33,0x32,0x3b,0x0a,0x20,0x20,0x76,0x61,0x72,0x20,0x61,0x6c,0x6f,0x6e,0x67,0x20,
    0x3a,0x20,0x66,0x33,0x32,0x3b,0x0a,0x20,0x20,0x76,0x61,0x72,0x20,0x75,0x70,0x20,
    0x3a,0x20,0x76,0x65,0x63,0x33,0x66,0x3b,0x0a,0x20,0x20,0x76,0x61,0x72,0x20,0x72,
    0x69,0x67,0x68,0x74,0x20,0x3a,0x20,0x76,0x65,0x63,0x33,0x66,0x3b,0x0a,0x20,0x20,
    0x76,0x61,0x72,0x20,0x63,0x65,0x6c,0x6c,0x20,0x3a,0x20,0x76,0x65,0x63,0x34,0x66,
    0x3b,0x0a,0x20,0x20,0x76,0x61,0x72,0x20,0x78,0x5f,0x35,0x31,0x34,0x20,0x3a,0x20,
    0x66,0x33,0x32,0x3b,0x0a,0x20,0x20,0x76,0x61,0x72,0x20,0x70,0x61,0x72,0x61,0x6d,
    0x5f,0x31,0x36,0x20,0x3a,0x20,0x66,0x33,0x32,0x3b,0x0a,0x20,0x20,0x6c,0x65,0x74,
    0x20,0x78,0x5f,0x32,0x34,0x34,0x20,0x3d,0x20,0x28,0x78,0x5f,0x36,0x33,0x2e,0x67,
    0x72,0x61,0x76,0x69,0x74,0x79,0x5f,0x6e,0x6f,0x77,0x2e,0x77,0x20,0x2d,0x20,0x62,
    0x6f,0x72,0x6e,0x2e,0x77,0x29,0x3b,0x0a,0x20,0x20,0x6c,0x65,0x74,0x20,0x78,0x5f,
    0x32,0x35,0x30,0x20,0x3d,0x20,0x28,0x78,0x5f,0x32,0x34,0x34,0x20,0x2f,0x20,0x6d,
    0x6f,0x74,0x69,0x6f,0x6e,0x2e,0x77,0x29,0x3b,0x0a,0x20,0x20,0x69,0x66,0x20,0x28,
    0x28,0x28,0x78,0x5f,0x32,0x34,0x34,0x20,0x3c,0x20,0x30,0x2e,0x30,0x66,0x29,0x20,
    0x7c,0x20,0x28,0x78,0x5f,0x32,0x35,0x30,0x20,0x3e,0x3d,0x20,0x31,0x2e,0x30,0x66,
    0x29,0x29,0x29,0x20,0x7b,0x0a,0x20,0x20,0x20,0x20,0x67,0x6c,0x5f,0x50,0x6f,0x73,
    0x69,0x74,0x69,0x6f,0x6e,0x20,0x3d,0x20,0x76,0x65,0x63,0x34,0x66,0x28,0x32,0x2e,
    0x30,0x66,0x2c,0x20,0x32,0x2e,0x30,0x66,0x2c,0x20,0x32,0x2e,0x30,0x66,0x2c,0x20,
    0x31,0x2e,0x30,0x66,0x29,0x3b,0x0a,0x20,0x20,0x20,0x20,0x75,0x76,0x20,0x3d,0x20,
    0x76,0x65,0x63,0x32,0x66,0x28,0x29,0x3b,0x0a,0x20,0x20,0x20,0x20,0x63,0x6f,0x6c,
    0x6f,0x72,0x20,0x3d,0x20,0x76,0x65,0x63,0x34,0x66,0x28,0x29,0x3b,0x0a,0x20,0x20,
    0x20,0x20,0x61,0x6c,0x70,0x68,0x61,0x5f,0x6d,0x6f,0x64,0x65,0x20,0x3d,0x20,0x30,
    0x2e,0x30,0x66,0x3b,0x0a,0x20,0x20,0x20,0x20,0x72,0x65,0x74,0x75,0x72,0x6e,0x3b,
    0x0a,0x20,0x20,0x7d,0x0a,0x20,0x20,0x6c,0x65,0x74,0x20,0x78,0x5f,0x32,0x38,0x30,
    0x20,0x3d,0x20,0x78,0x5f,0x36,0x33,0x2e,0x64,0x79,0x6e,0x61,0x6d,0x69,0x63,0x73,
    0x2e,0x78,0x3b,0x0a,0x20,0x20,0x69,0x66,0x20,0x28,0x28,0x78,0x5f,0x32,0x38,0x30,
    0x20,0x3e,0x20,0x30,0x2e,0x30,0x30,0x30,0x30,0x39,0x39,0x39,0x39,0x39,0x39,0x39,
    0x37,0x34,0x37,0x33,0x37,0x38,0x37,0x35,0x32,0x66,0x29,0x29,0x20,0x7b,0x0a,0x20,
    0x20,0x20,0x20,0x6c,0x65,0x74,0x20,0x78,0x5f,0x32,0x39,0x34,0x20,0x3d,0x20,0x28,
    0x78,0x5f,0x36,0x33,0x2e,0x67,0x72,0x61,0x76,0x69,0x74,0x79,0x5f,0x6e,0x6f,0x77,
    0x2e,0x78,0x79,0x7a,0x20,0x2f,0x20,0x76,0x65,0x63,0x33,0x66,0x28,0x78,0x5f,0x32,
    0x38,0x30,0x29,0x29,0x3b,0x0a,0x20,0x20,0x20,0x20,0x6c,0x65,0x74,0x20,0x78,0x5f,
    0x33,0x30,0x30,0x20,0x3d,0x20,0x65,0x78,0x70,0x28,0x28,0x2d,0x28,0x78,0x5f,0x32,
    0x38,0x30,0x29,0x20,0x2a,0x20,0x78,0x5f,0x32,0x34,0x34,0x29,0x29,0x3b,0x0a,0x20,
    0x20,0x20,0x20,0x6c,0x65,0x74,0x20,0x78,0x5f,0x33,0x31,0x31,0x20,0x3d,0x20,0x28,
    0x6d,0x6f,0x74,0x69,0x6f,0x6e,0x2e,0x78,0x79,0x7a,0x20,0x2d,0x20,0x78,0x5f,0x32,
    0x39,0x34,0x29,0x3b,0x0a,0x20,0x20,0x20,0x20,0x70,0x6f,0x73,0x20,0x3d,0x20,0x28,
    0x28,0x62,0x6f,0x72,0x6e,0x2e,0x78,0x79,0x7a,0x20,0x2b,0x20,0x28,0x78,0x5f,0x32,
    0x39,0x34,0x20,0x2a,0x20,0x78,0x5f,0x32,0x34,0x34,0x29,0x29,0x20,0x2b,0x20,0x28,
    0x78,0x5f,0x33,0x31,0x31,0x20,0x2a,0x20,0x28,0x28,0x31,0x2e,0x30,0x66,0x20,0x2d,
    0x20,0x78,0x5f,0x33,0x30,0x30,0x29,0x20,0x2f,0x20,0x78,0x5f,0x32,0x38,0x30,0x29,
    0x29,0x29,0x3b,0x0a,0x20,0x20,0x20,0x20,0x76,0x65,0x6c,0x20,0x3d,0x20,0x28,0x78,
    0x5f,0x32,0x39,0x34,0x20,0x2b,0x20,0x28,0x78,0x5f,0x33,0x31,0x31,0x20,0x2a,0x20,
    0x78,0x5f,0x33,0x30,0x30,0x29,0x29,0x3b,0x0a,0x20,0x20,0x7d,0x20,0x65,0x6c,0x73,
    0x65,0x20,0x7b,0x0a,0x20,0x20,0x20,0x20,0x6c,0x65,0x74,0x20,0x78,0x5f,0x33,0x33,
    0x31,0x20,0x3d,0x20,0x6d,0x6f,0x74,0x69,0x6f,0x6e,0x2e,0x78,0x79,0x7a,0x3b,0x0a,
    0x20,0x20,0x20,0x20,0x6c,0x65,0x74,0x20,0x78,0x5f,0x33,0x33,0x38,0x20,0x3d,0x20,
    0x78,0x5f,0x36,0x33,0x2e,0x67,0x72,0x61,0x76,0x69,0x74,0x79,0x5f,0x6e,0x6f,0x77,
    0x2e,0x78,0x79,0x7a,0x3b,0x0a,0x20,0x20,0x20,0x20,0x70,0x6f,0x73,0x20,0x3d,0x20,
    0x28,0x28,0x62,0x6f,0x72,0x6e,0x2e,0x78,0x79,0x7a,0x20,0x2b,0x20,0x28,0x78,0x5f,
    0x33,0x33,0x31,0x20,0x2a,0x20,0x78,0x5f,0x32,0x34,0x34,0x29,0x29,0x20,0x2b,0x20,
    0x28,0x28,0x28,0x78,0x5f,0x33,0x33,0x38,0x20,0x2a,0x20,0x30,0x2e,0x35,0x66,0x29,
    0x20,0x2a,0x20,0x78,0x5f,0x32,0x34,0x34,0x29,0x20,0x2a,0x20,0x78,0x5f,0x32,0x34,
    0x34,0x29,0x29,0x3b,0x0a,0x20,0x20,0x20,0x20,0x76,0x65,0x6c,0x20,0x3d,0x20,0x28,
    0x78,0x5f,0x33,0x33,0x31,0x20,0x2b,0x20,0x28,0x78,0x5f,0x33,0x33,0x38,0x20,0x2a,
    0x20,0x78,0x5f,0x32,0x34,0x34,0x29,0x29,0x3b,0x0a,0x20,0x20,0x7d,0x0a,0x20,0x20,
    0x70,0x61,0x72,0x61,0x6d,0x5f,0x31,0x35,0x20,0x3d,0x20,0x78,0x5f,0x32,0x35,0x30,
    0x3b,0x0a,0x20,0x20,0x6c,0x65,0x74,0x20,0x78,0x5f,0x33,0x35,0x36,0x20,0x3d,0x20,
    0x73,0x69,0x7a,0x65,0x5f,0x61,0x74,0x5f,0x66,0x31,0x5f,0x28,0x26,0x28,0x70,0x61,
    0x72,0x61,0x6d,0x5f,0x31,0x35,0x29,0x29,0x3b,0x0a,0x20,0x20,0x6c,0x65,0x74,0x20,
    0x78,0x5f,0x33,0x36,0x30,0x20,0x3d,0x20,0x28,0x78,0x5f,0x33,0x35,0x36,0x20,0x2a,
    0x20,0x73,0x68,0x61,0x70,0x65,0x2e,0x78,0x29,0x3b,0x0a,0x20,0x20,0x61,0x6c,0x6f,
    0x6e,0x67,0x20,0x3d,0x20,0x78,0x5f,0x33,0x36,0x30,0x3b,0x0a,0x20,0x20,0x6c,0x65,
    0x74,0x20,0x78,0x5f,0x33,0x36,0x38,0x20,0x3d,0x20,0x78,0x5f,0x36,0x33,0x2e,0x61,
    0x78,0x69,0x73,0x5f,0x78,0x2e,0x78,0x79,0x7a,0x3b,0x0a,0x20,0x20,0x6c,0x65,0x74,
    0x20,0x78,0x5f,0x33,0x37,0x34,0x20,0x3d,0x20,0x78,0x5f,0x36,0x33,0x2e,0x61,0x78,
    0x69,0x73,0x5f,0x79,0x2e,0x78,0x79,0x7a,0x3b,0x0a,0x20,0x20,0x6c,0x65,0x74,0x20,
    0x78,0x5f,0x33,0x37,0x36,0x20,0x3d,0x20,0x76,0x65,0x63,0x32,0x66,0x28,0x64,0x6f,
    0x74,0x28,0x76,0x65,0x6c,0x2c,0x20,0x78,0x5f,0x33,0x36,0x38,0x29,0x2c,0x20,0x64,
    0x6f,0x74,0x28,0x76,0x65,0x6c,0x2c,0x20,0x78,0x5f,0x33,0x37,0x34,0x29,0x29,0x3b,
    0x0a,0x20,0x20,0x6c,0x65,0x74,0x20,0x78,0x5f,0x33,0x37,0x39,0x20,0x3d,0x20,0x6c,
    0x65,0x6e,0x67,0x74,0x68,0x28,0x78,0x5f,0x33,0x37,0x36,0x29,0x3b,0x0a,0x20,0x20,
    0x6c,0x65,0x74,0x20,0x78,0x5f,0x33,0x38,0x31,0x20,0x3d,0x20,0x78,0x5f,0x36,0x33,
    0x2e,0x64,0x79,0x6e,0x61,0x6d,0x69,0x63,0x73,0x2e,0x79,0x3b,0x0a,0x20,0x20,0x69,
    0x66,0x20,0x28,0x28,0x28,0x78,0x5f,0x33,0x38,0x31,0x20,0x3e,0x20,0x30,0x2e,0x30,
    0x66,0x29,0x20,0x26,0x20,0x28,0x78,0x5f,0x33,0x37,0x39,0x20,0x3e,0x20,0x30,0x2e,
    0x30,0x30,0x30,0x30,0x30,0x39,0x39,0x39,0x39,0x39,0x39,0x39,0x37,0x34,0x37,0x33,
    0x37,0x38,0x37,0x35,0x66,0x29,0x29,0x29,0x20,0x7b,0x0a,0x20,0x20,0x20,0x20,0x6c,
    0x65,0x74,0x20,0x78,0x5f,0x33,0x39,0x33,0x20,0x3d,0x20,0x28,0x78,0x5f,0x33,0x37,
    0x36,0x20,0x2f,0x20,0x76,0x65,0x63,0x32,0x66,0x28,0x78,0x5f,0x33,0x37,0x39,0x29,
    0x29,0x3b,0x0a,0x20,0x20,0x20,0x20,0x6c,0x65,0x74,0x20,0x78,0x5f,0x33,0x39,0x39,
    0x20,0x3d,0x20,0x78,0x5f,0x33,0x39,0x33,0x2e,0x78,0x3b,0x0a,0x20,0x20,0x20,0x20,
    0x6c,0x65,0x74,0x20,0x78,0x5f,0x34,0x30,0x35,0x20,0x3d,0x20,0x78,0x5f,0x33,0x39,
    0x33,0x2e,0x79,0x3b,0x0a,0x20,0x20,0x20,0x20,0x6c,0x65,0x74,0x20,0x78,0x5f,0x34,
    0x30,0x37,0x20,0x3d,0x20,0x28,0x28,0x78,0x5f,0x33,0x36,0x38,0x20,0x2a,0x20,0x78,
    0x5f,0x33,0x39,0x39,0x29,0x20,0x2b,0x20,0x28,0x78,0x5f,0x33,0x37,0x34,0x20,0x2a,
    0x20,0x78,0x5f,0x34,0x30,0x35,0x29,0x29,0x3b,0x0a,0x20,0x20,0x20,0x20,0x75,0x70,
    0x20,0x3d,0x20,0x78,0x5f,0x34,0x30,0x37,0x3b,0x0a,0x20,0x20,0x20,0x20,0x72,0x69,
    0x67,0x68,0x74,0x20,0x3d,0x20,0x28,0x28,0x78,0x5f,0x33,0x36,0x38,0x20,0x2a,0x20,
    0x78,0x5f,0x34,0x30,0x35,0x29,0x20,0x2d,0x20,0x28,0x78,0x5f,0x33,0x37,0x34,0x20,
    0x2a,0x20,0x78,0x5f,0x33,0x39,0x39,0x29,0x29,0x3b,0x0a,0x20,0x20,0x20,0x20,0x6c,
    0x65,0x74,0x20,0x78,0x5f,0x34,0x32,0x36,0x20,0x3d,0x20,0x28,0x78,0x5f,0x33,0x37,
    0x39,0x20,0x2a,0x20,0x78,0x5f,0x33,0x38,0x31,0x29,0x3b,0x0a,0x20,0x20,0x20,0x20,
    0x61,0x6c,0x6f,0x6e,0x67,0x20,0x3d,0x20,0x28,0x78,0x5f,0x33,0x36,0x30,0x20,0x2b,
    0x20,0x78,0x5f,0x34,0x32,0x36,0x29,0x3b,0x0a,0x20,0x20,0x20,0x20,0x70,0x6f,0x73,
    0x20,0x3d,0x20,0x28,0x70,0x6f,0x73,0x20,0x2d,0x20,0x28,0x78,0x5f,0x34,0x30,0x37,
    0x20,0x2a,0x20,0x28,0x78,0x5f,0x34,0x32,0x36,0x20,0x2a,0x20,0x30,0x2e,0x35,0x66,
    0x29,0x29,0x29,0x3b,0x0a,0x20,0x20,0x7d,0x20,0x65,0x6c,0x73,0x65,0x20,0x7b,0x0a,
    0x20,0x20,0x20,0x20,0x6c,0x65,0x74,0x20,0x78,0x5f,0x34,0x34,0x34,0x20,0x3d,0x20,
    0x28,0x73,0x68,0x61,0x70,0x65,0x2e,0x7a,0x20,0x2b,0x20,0x28,0x73,0x68,0x61,0x70,
    0x65,0x2e,0x79,0x20,0x2a,0x20,0x78,0x5f,0x32,0x34,0x34,0x29,0x29,0x3b,0x0a,0x20,
    0x20,0x20,0x20,0x6c,0x65,0x74,0x20,0x78,0x5f,0x34,0x34,0x37,0x20,0x3d,0x20,0x63,
    0x6f,0x73,0x28,0x78,0x5f,0x34,0x34,0x34,0x29,0x3b,0x0a,0x20,0x20,0x20,0x20,0x6c,
    0x65,0x74,0x20,0x78,0x5f,0x34,0x35,0x30,0x20,0x3d,0x20,0x73,0x69,0x6e,0x28,0x78,
    0x5f,0x34,0x34,0x34,0x29,0x3b,0x0a,0x20,0x20,0x20,0x20,0x72,0x69,0x67,0x68,0x74,
    0x20,0x3d,0x20,0x28,0x28,0x78,0x5f,0x33,0x36,0x38,0x20,0x2a,0x20,0x78,0x5f,0x34,
    0x34,0x37,0x29,0x20,0x2d,0x20,0x28,0x78,0x5f,0x33,0x37,0x34,0x20,0x2a,0x20,0x78,
    0x5f,0x34,0x35,0x30,0x29,0x29,0x3b,0x0a,0x20,0x20,0x20,0x20,0x75,0x70,0x20,0x3d,
    0x20,0x28,0x28,0x78,0x5f,0x33,0x36,0x38,0x20,0x2a,0x20,0x78,0x5f,0x34,0x35,0x30,
    0x29,0x20,0x2b,0x20,0x28,0x78,0x5f,0x33,0x37,0x34,0x20,0x2a,0x20,0x78,0x5f,0x34,
    0x34,0x37,0x29,0x29,0x3b,0x0a,0x20,0x20,0x7d,0x0a,0x20,0x20,0x76,0x61,0x72,0x20,
    0x78,0x5f,0x35,0x30,0x35,0x20,0x3a,0x20,0x66,0x33,0x32,0x3b,0x0a,0x20,0x20,0x6c,
    0x65,0x74,0x20,0x78,0x5f,0x34,0x38,0x31,0x20,0x3d,0x20,0x63,0x6f,0x72,0x6e,0x65,
    0x72,0x2e,0x78,0x3b,0x0a,0x20,0x20,0x6c,0x65,0x74,0x20,0x78,0x5f,0x34,0x38,0x38,
    0x20,0x3d,0x20,0x63,0x6f,0x72,0x6e,0x65,0x72,0x2e,0x79,0x3b,0x0a,0x20,0x20,0x6c,
    0x65,0x74,0x20,0x78,0x5f,0x34,0x39,0x32,0x20,0x3d,0x20,0x28,0x28,0x70,0x6f,0x73,
    0x20,0x2b,0x20,0x28,0x72,0x69,0x67,0x68,0x74,0x20,0x2a,0x20,0x28,0x78,0x5f,0x34,
    0x38,0x31,0x20,0x2a,0x20,0x78,0x5f,0x33,0x36,0x30,0x29,0x29,0x29,0x20,0x2b,0x20,
    0x28,0x75,0x70,0x20,0x2a,0x20,0x28,0x78,0x5f,0x34,0x38,0x38,0x20,0x2a,0x20,0x61,
    0x6c,0x6f,0x6e,0x67,0x29,0x29,0x29,0x3b,0x0a,0x20,0x20,0x67,0x6c,0x5f,0x50,0x6f,
    0x73,0x69,0x74,0x69,0x6f,0x6e,0x20,0x3d,0x20,0x28,0x78,0x5f,0x36,0x33,0x2e,0x76,
    0x69,0x65,0x77,0x5f,0x70,0x72,0x6f,0x6a,0x20,0x2a,0x20,0x76,0x65,0x63,0x34,0x66,
    0x28,0x78,0x5f,0x34,0x39,0x32,0x2e,0x78,0x2c,0x20,0x78,0x5f,0x34,0x39,0x32,0x2e,
    0x79,0x2c,0x20,0x78,0x5f,0x34,0x39,0x32,0x2e,0x7a,0x2c,0x20,0x31,0x2e,0x30,0x66,
    0x29,0x29,0x3b,0x0a,0x20,0x20,0x6c,0x65,0x74,0x20,0x78,0x5f,0x35,0x30,0x32,0x20,
    0x3d,0x20,0x78,0x5f,0x36,0x33,0x2e,0x73,0x6f,0x75,0x72,0x63,0x65,0x3b,0x0a,0x20,
    0x20,0x63,0x65,0x6c,0x6c,0x20,0x3d,0x20,0x78,0x5f,0x35,0x30,0x32,0x3b,0x0a,0x20,
    0x20,0x78,0x5f,0x35,0x30,0x35,0x20,0x3d,0x20,0x78,0x5f,0x36,0x33,0x2e,0x66,0x72,
    0x61,0x6d,0x65,0x73,0x2e,0x7a,0x3b,0x0a,0x20,0x20,0x69,0x66,0x20,0x28,0x28,0x78,
    0x5f,0x35,0x30,0x35,0x20,0x3e,0x20,0x31,0x2e,0x35,0x66,0x29,0x29,0x20,0x7b,0x0a,
    0x20,0x20,0x20,0x20,0x6c,0x65,0x74,0x20,0x78,0x5f,0x35,0x31,0x32,0x20,0x3d,0x20,
    0x78,0x5f,0x36,0x33,0x2e,0x66,0x72,0x61,0x6d,0x65,0x73,0x2e,0x77,0x3b,0x0a,0x20,
    0x20,0x20,0x20,0x69,0x66,0x20,0x28,0x28,0x78,0x5f,0x35,0x31,0x32,0x20,0x3e,0x20,
    0x30,0x2e,0x30,0x66,0x29,0x29,0x20,0x7b,0x0a,0x20,0x20,0x20,0x20,0x20,0x20,0x6c,
    0x65,0x74,0x20,0x78,0x5f,0x35,0x32,0x32,0x20,0x3d,0x20,0x73,0x68,0x61,0x70,0x65,
    0x2e,0x77,0x3b,0x0a,0x20,0x20,0x20,0x20,0x20,0x20,0x78,0x5f,0x35,0x31,0x34,0x20,
    0x3d,0x20,0x28,0x66,0x6c,0x6f,0x6f,0x72,0x28,0x28,0x28,0x78,0x5f,0x32,0x34,0x34,
    0x20,0x2a,0x20,0x78,0x5f,0x35,0x31,0x32,0x29,0x20,0x2b,0x20,0x28,0x66,0x72,0x61,
    0x63,0x74,0x28,0x28,0x78,0x5f,0x35,0x32,0x32,0x20,0x2a,0x20,0x37,0x2e,0x33,0x30,
    0x39,0x39,0x39,0x39,0x39,0x34,0x32,0x37,0x37,0x39,0x35,0x34,0x31,0x30,0x31,0x35,
    0x36,0x32,0x66,0x29,0x29,0x20,0x2a,0x20,0x78,0x5f,0x35,0x30,0x35,0x29,0x29,0x29,
    0x20,0x2d,0x20,0x28,0x78,0x5f,0x35,0x30,0x35,0x20,0x2a,0x20,0x66,0x6c,0x6f,0x6f,
    0x72,0x28,0x28,0x66,0x6c,0x6f,0x6f,0x72,0x28,0x28,0x28,0x78,0x5f,0x32,0x34,0x34,
    0x20,0x2a,0x20,0x78,0x5f,0x35,0x31,0x32,0x29,0x20,0x2b,0x20,0x28,0x66,0x72,0x61,
    0x63,0x74,0x28,0x28,0x78,0x5f,0x35,0x32,0x32,0x20,0x2a,0x20,0x37,0x2e,0x33,0x30,
    0x39,0x39,0x39,0x39,0x39,0x34,0x32,0x37,0x37,0x39,0x35,0x34,0x31,0x30,0x31,0x35,
    0x36,0x32,0x66,0x29,0x29,0x20,0x2a,0x20,0x78,0x5f,0x35,0x30,0x35,0x29,0x29,0x29,
    0x20,0x2f,0x20,0x78,0x5f,0x35,0x30,0x35,0x29,0x29,0x29,0x29,0x3b,0x0a,0x20,0x20,
    0x20,0x20,0x7d,0x20,0x65,0x6c,0x73,0x65,0x20,0x7b,0x0a,0x20,0x20,0x20,0x20,0x20,
    0x20,0x78,0x5f,0x35,0x31,0x34,0x20,0x3d,0x20,0x6d,0x69,0x6e,0x28,0x66,0x6c,0x6f,
    0x6f,0x72,0x28,0x28,0x78,0x5f,0x32,0x35,0x30,0x20,0x2a,0x20,0x78,0x5f,0x35,0x30,
    0x35,0x29,0x29,0x2c,0x20,0x28,0x78,0x5f,0x35,0x30,0x35,0x20,0x2d,0x20,0x31,0x2e,
    0x30,0x66,0x29,0x29,0x3b,0x0a,0x20,0x20,0x20,0x20,0x7d,0x0a,0x20,0x20,0x20,0x20,
    0x6c,0x65,0x74,0x20,0x78,0x5f,0x35,0x35,0x31,0x20,0x3d,0x20,0x78,0x5f,0x35,0x30,
    0x32,0x2e,0x78,0x79,0x3b,0x0a,0x20,0x20,0x20,0x20,0x6c,0x65,0x74,0x20,0x78,0x5f,
    0x35,0x35,0x36,0x20,0x3d,0x20,0x28,0x28,0x78,0x5f,0x35,0x30,0x32,0x2e,0x7a,0x77,
    0x20,0x2d,0x20,0x78,0x5f,0x35,0x35,0x31,0x29,0x20,0x2f,0x20,0x78,0x5f,0x36,0x33,
    0x2e,0x66,0x72,0x61,0x6d,0x65,0x73,0x2e,0x78,0x79,0x29,0x3b,0x0a,0x20,0x20,0x20,
    0x20,0x6c,0x65,0x74,0x20,0x78,0x5f,0x35,0x36,0x33,0x20,0x3d,0x20,0x78,0x5f,0x36,
    0x33,0x2e,0x66,0x72,0x61,0x6d,0x65,0x73,0x2e,0x78,0x3b,0x0a,0x20,0x20,0x20,0x20,
    0x6c,0x65,0x74,0x20,0x78,0x5f,0x35,0x37,0x32,0x20,0x3d,0x20,0x28,0x78,0x5f,0x35,
    0x35,0x31,0x20,0x2b,0x20,0x28,0x78,0x5f,0x35,0x35,0x36,0x20,0x2a,0x20,0x76,0x65,
    0x63,0x32,0x66,0x28,0x28,0x78,0x5f,0x35,0x31,0x34,0x20,0x2d,0x20,0x28,0x78,0x5f,
    0x35,0x36,0x33,0x20,0x2a,0x20,0x66,0x6c,0x6f,0x6f,0x72,0x28,0x28,0x78,0x5f,0x35,
    0x31,0x34,0x20,0x2f,0x20,0x78,0x5f,0x35,0x36,0x33,0x29,0x29,0x29,0x29,0x2c,0x20,
    0x66,0x6c,0x6f,0x6f,0x72,0x28,0x28,0x78,0x5f,0x35,0x31,0x34,0x20,0x2f,0x20,0x78,
    0x5f,0x35,0x36,0x33,0x29,0x29,0x29,0x29,0x29,0x3b,0x0a,0x20,0x20,0x20,0x20,0x6c,
    0x65,0x74,0x20,0x78,0x5f,0x35,0x37,0x34,0x20,0x3d,0x20,0x78,0x5f,0x35,0x37,0x32,
    0x2e,0x78,0x3b,0x0a,0x20,0x20,0x20,0x20,0x76,0x61,0x72,0x20,0x78,0x5f,0x36,0x33,
    0x34,0x5f,0x31,0x20,0x3d,0x20,0x76,0x65,0x63,0x34,0x66,0x28,0x29,0x3b,0x0a,0x20,
    0x20,0x20,0x20,0x78,0x5f,0x36,0x33,0x34,0x5f,0x31,0x2e,0x78,0x20,0x3d,0x20,0x78,
    0x5f,0x35,0x37,0x34,0x3b,0x0a,0x20,0x20,0x20,0x20,0x6c,0x65,0x74,0x20,0x78,0x5f,
    0x36,0x33,0x34,0x20,0x3d,0x20,0x78,0x5f,0x36,0x33,0x34,0x5f,0x31,0x3b,0x0a,0x20,
    0x20,0x20,0x20,0x6c,0x65,0x74,0x20,0x78,0x5f,0x35,0x37,0x36,0x20,0x3d,0x20,0x78,
    0x5f,0x35,0x37,0x32,0x2e,0x79,0x3b,0x0a,0x20,0x20,0x20,0x20,0x76,0x61,0x72,0x20,
    0x78,0x5f,0x36,0x33,0x36,0x5f,0x31,0x20,0x3d,0x20,0x78,0x5f,0x36,0x33,0x34,0x3b,
    0x0a,0x20,0x20,0x20,0x20,0x78,0x5f,0x36,0x33,0x36,0x5f,0x31,0x2e,0x79,0x20,0x3d,
    0x20,0x78,0x5f,0x35,0x37,0x36,0x3b,0x0a,0x20,0x20,0x20,0x20,0x6c,0x65,0x74,0x20,
    0x78,0x5f,0x35,0x38,0x30,0x20,0x3d,0x20,0x28,0x78,0x5f,0x36,0x33,0x36,0x5f,0x31,
    0x2e,0x78,0x79,0x20,0x2b,0x20,0x78,0x5f,0x35,0x35,0x36,0x29,0x3b,0x0a,0x20,0x20,
    0x20,0x20,0x63,0x65,0x6c,0x6c,0x20,0x3d,0x20,0x76,0x65,0x63,0x34,0x66,0x28,0x78,
    0x5f,0x35,0x37,0x34,0x2c,0x20,0x78,0x5f,0x35,0x37,0x36,0x2c,0x20,0x78,0x5f,0x35,
    0x38,0x30,0x2e,0x78,0x2c,0x20,0x78,0x5f,0x35,0x38,0x30,0x2e,0x79,0x29,0x3b,0x0a,
    0x20,0x20,0x7d,0x0a,0x20,0x20,0x75,0x76,0x20,0x3d,0x20,0x76,0x65,0x63,0x32,0x66,
    0x28,0x6d,0x69,0x78,0x28,0x63,0x65,0x6c,0x6c,0x2e,0x78,0x2c,0x20,0x63,0x65,0x6c,
    0x6c,0x2e,0x7a,0x2c,0x20,0x28,0x78,0x5f,0x34,0x38,0x31,0x20,0x2b,0x20,0x30,0x2e,
    0x35,0x66,0x29,0x29,0x2c,0x20,0x6d,0x69,0x78,0x28,0x63,0x65,0x6c,0x6c,0x2e,0x79,
    0x2c,0x20,0x63,0x65,0x6c,0x6c,0x2e,0x77,0x2c,0x20,0x28,0x30,0x2e,0x35,0x66,0x20,
    0x2d,0x20,0x78,0x5f,0x34,0x38,0x38,0x29,0x29,0x29,0x3b,0x0a,0x20,0x20,0x70,0x61,
    0x72,0x61,0x6d,0x5f,0x31,0x36,0x20,0x3d,0x20,0x78,0x5f,0x32,0x35,0x30,0x3b,0x0a,
    0x20,0x20,0x6c,0x65,0x74,0x20,0x78,0x5f,0x36,0x30,0x34,0x20,0x3d,0x20,0x63,0x6f,
    0x6c,0x6f,0x72,0x5f,0x61,0x74,0x5f,0x66,0x31,0x5f,0x28,0x26,0x28,0x70,0x61,0x72,
    0x61,0x6d,0x5f,0x31,0x36,0x29,0x29,0x3b,0x0a,0x20,0x20,0x63,0x6f,0x6c,0x6f,0x72,
    0x20,0x3d,0x20,0x78,0x5f,0x36,0x30,0x34,0x3b,0x0a,0x20,0x20,0x6c,0x65,0x74,0x20,
    0x78,0x5f,0x36,0x30,0x38,0x20,0x3d,0x20,0x69,0x33,0x32,0x28,0x78,0x5f,0x36,0x33,
    0x2e,0x63,0x6f,0x75,0x6e,0x74,0x73,0x2e,0x77,0x29,0x3b,0x0a,0x20,0x20,0x69,0x66,
    0x20,0x28,0x28,0x78,0x5f,0x36,0x30,0x38,0x20,0x3e,0x20,0x30,0x69,0x29,0x29,0x20,
    0x7b,0x0a,0x20,0x20,0x20,0x20,0x63,0x6f,0x6c,0x6f,0x72,0x20,0x3d,0x20,0x28,0x63,
    0x6f,0x6c,0x6f,0x72,0x20,0x2a,0x20,0x78,0x5f,0x36,0x33,0x2e,0x70,0x61,0x6c,0x65,
    0x74,0x74,0x65,0x5b,0x6d,0x69,0x6e,0x28,0x69,0x33,0x32,0x28,0x28,0x73,0x68,0x61,
    0x70,0x65,0x2e,0x77,0x20,0x2a,0x20,0x66,0x33,0x32,0x28,0x78,0x5f,0x36,0x30,0x38,
    0x29,0x29,0x29,0x2c,0x20,0x28,0x78,0x5f,0x36,0x30,0x38,0x20,0x2d,0x20,0x31,0x69,
    0x29,0x29,0x5d,0x29,0x3b,0x0a,0x20,0x20,0x7d,0x0a,0x20,0x20,0x61,0x6c,0x70,0x68,
    0x61,0x5f,0x6d,0x6f,0x64,0x65,0x20,0x3d,0x20,0x78,0x5f,0x36,0x33,0x2e,0x63,0x6f,
    0x75,0x6e,0x74,0x73,0x2e,0x7a,0x3b,0x0a,0x20,0x20,0x72,0x65,0x74,0x75,0x72,0x6e,
    0x3b,0x0a,0x7d,0x0a,0x0a,0x73,0x74,0x72,0x75,0x63,0x74,0x20,0x6d,0x61,0x69,0x6e,
    0x5f,0x6f,0x75,0x74,0x20,0x7b,0x0a,0x20,0x20,0x40,0x62,0x75,0x69,0x6c,0x74,0x69,
    0x6e,0x28,0x70,0x6f,0x73,0x69,0x74,0x69,0x6f,0x6e,0x29,0x0a,0x20,0x20,0x67,0x6c,
    0x5f,0x50,0x6f,0x73,0x69,0x74,0x69,0x6f,0x6e,0x20,0x3a,0x20,0x76,0x65,0x63,0x34,
    0x66,0x2c,0x0a,0x20,0x20,0x40,0x6c,0x6f,0x63,0x61,0x74,0x69,0x6f,0x6e,0x28,0x30,
    0x29,0x0a,0x20,0x20,0x75,0x76,0x5f,0x31,0x20,0x3a,0x20,0x76,0x65,0x63,0x32,0x66,
    0x2c,0x0a,0x20,0x20,0x40,0x6c,0x6f,0x63,0x61,0x74,0x69,0x6f,0x6e,0x28,0x31,0x29,
    0x0a,0x20,0x20,0x63,0x6f,0x6c,0x6f,0x72,0x5f,0x31,0x20,0x3a,0x20,0x76,0x65,0x63,
    0x34,0x66,0x2c,0x0a,0x20,0x20,0x40,0x6c,0x6f,0x63,0x61,0x74,0x69,0x6f,0x6e,0x28,
    0x32,0x29,0x0a,0x20,0x20,0x61,0x6c,0x70,0x68,0x61,0x5f,0x6d,0x6f,0x64,0x65,0x5f,
    0x31,0x20,0x3a,0x20,0x66,0x33,0x32,0x2c,0x0a,0x7d,0x0a,0x0a,0x40,0x76,0x65,0x72,
    0x74,0x65,0x78,0x0a,0x66,0x6e,0x20,0x6d,0x61,0x69,0x6e,0x28,0x40,0x6c,0x6f,0x63,
    0x61,0x74,0x69,0x6f,0x6e,0x28,0x31,0x29,0x20,0x62,0x6f,0x72,0x6e,0x5f,0x70,0x61,
    0x72,0x61,0x6d,0x20,0x3a,0x20,0x76,0x65,0x63,0x34,0x66,0x2c,0x20,0x40,0x6c,0x6f,
    0x63,0x61,0x74,0x69,0x6f,0x6e,0x28,0x32,0x29,0x20,0x6d,0x6f,0x74,0x69,0x6f,0x6e,
    0x5f,0x70,0x61,0x72,0x61,0x6d,0x20,0x3a,0x20,0x76,0x65,0x63,0x34,0x66,0x2c,0x20,
    0x40,0x6c,0x6f,0x63,0x61,0x74,0x69,0x6f,0x6e,0x28,0x33,0x29,0x20,0x73,0x68,0x61,
    0x70,0x65,0x5f,0x70,0x61,0x72,0x61,0x6d,0x20,0x3a,0x20,0x76,0x65,0x63,0x34,0x66,
    0x2c,0x20,0x40,0x6c,0x6f,0x63,0x61,0x74,0x69,0x6f,0x6e,0x28,0x30,0x29,0x20,0x63,
    0x6f,0x72,0x6e,0x65,0x72,0x5f,0x70,0x61,0x72,0x61,0x6d,0x20,0x3a,0x20,0x76,0x65,
    0x63,0x32,0x66,0x29,0x20,0x2d,0x3e,0x20,0x6d,0x61,0x69,0x6e,0x5f,0x6f,0x75,0x74,
    0x20,0x7b,0x0a,0x20,0x20,0x62,0x6f,0x72,0x6e,0x20,0x3d,0x20,0x62,0x6f,0x72,0x6e,
    0x5f,0x70,0x61,0x72,0x61,0x6d,0x3b,0x0a,0x20,0x20,0x6d,0x6f,0x74,0x69,0x6f,0x6e,
    0x20,0x3d,0x20,0x6d,0x6f,0x74,0x69,0x6f,0x6e,0x5f,0x70,0x61,0x72,0x61,0x6d,0x3b,
    0x0a,0x20,0x20,0x73,0x68,0x61,0x70,0x65,0x20,0x3d,0x20,0x73,0x68,0x61,0x70,0x65,
    0x5f,0x70,0x61,0x72,0x61,0x6d,0x3b,0x0a,0x20,0x20,0x63,0x6f,0x72,0x6e,0x65,0x72,
    0x20,0x3d,0x20,0x63,0x6f,0x72,0x6e,0x65,0x72,0x5f,0x70,0x61,0x72,0x61,0x6d,0x3b,
    0x0a,0x20,0x20,0x6d,0x61,0x69,0x6e,0x5f,0x31,0x28,0x29,0x3b,0x0a,0x20,0x20,0x72,
    0x65,0x74,0x75,0x72,0x6e,0x20,0x6d,0x61,0x69,0x6e,0x5f,0x6f,0x75,0x74,0x28,0x67,
    0x6c,0x5f,0x50,0x6f,0x73,0x69,0x74,0x69,0x6f,0x6e,0x2c,0x20,0x75,0x76,0x2c,0x20,
    0x63,0x6f,0x6c,0x6f,0x72,0x2c,0x20,0x61,0x6c,0x70,0x68,0x61,0x5f,0x6d,0x6f,0x64,
    0x65,0x29,0x3b,0x0a,0x7d,0x0a,0x00,
};
#endif
/*
    diagnostic(off, derivative_uniformity);

    var<private> frag_color : vec4f;

    @binding(0) @group(1) var tex : texture_2d<f32>;

    @binding(32) @group(1) var smp : sampler;

    var<private> uv : vec2f;

    var<private> color : vec4f;

    var<private> alpha_mode : f32;

    fn main_1() {
      var x_43 : bool;
      var x_44 : bool;
      let x_23 = uv;
      let x_24 = textureSample(tex, smp, x_23);
      frag_color = (x_24 * color);
      let x_32 = alpha_mode;
      let x_34 = (alpha_mode > 0.0f);
      x_44 = x_34;
      if (x_34) {
        x_43 = (frag_color.w < x_32);
        x_44 = x_43;
      }
      if (x_44) {
        discard;
      }
      if (!((x_32 == 0.0f))) {
        frag_color.w = 1.0f;
      }
      return;
    }

    struct main_out {
      @location(0)
      frag_color_1 : vec4f,
    }

    @fragment
    fn main(@location(0) uv_param : vec2f, @location(1) color_param : vec4f, @location(2) alpha_mode_param : f32) -> main_out {
      uv = uv_param;
      color = color_param;
      alpha_mode = alpha_mode_param;
      main_1();
      return main_out(frag_color);
    }
*/
#if defined(SOKOL_WGPU)
static const uint8_t sprite_fs_source_wgsl[955] = {
    0x64,0x69,0x61,0x67,0x6e,0x6f,0x73,0x74,0x69,0x63,0x28,0x6f,0x66,0x66,0x2c,0x20,
    0x64,0x65,0x72,0x69,0x76,0x61,0x74,0x69,0x76,0x65,0x5f,0x75,0x6e,0x69,0x66,0x6f,
    0x72,0x6d,0x69,0x74,0x79,0x29,0x3b,0x0a,0x0a,0x76,0x61,0x72,0x3c,0x70,0x72,0x69,
    0x76,0x61,0x74,0x65,0x3e,0x20,0x66,0x72,0x61,0x67,0x5f,0x63,0x6f,0x6c,0x6f,0x72,
    0x20,0x3a,0x20,0x76,0x65,0x63,0x34,0x66,0x3b,0x0a,0x0a,0x40,0x62,0x69,0x6e,0x64,
    0x69,0x6e,0x67,0x28,0x30,0x29,0x20,0x40,0x67,0x72,0x6f,0x75,0x70,0x28,0x31,0x29,
    0x20,0x76,0x61,0x72,0x20,0x74,0x65,0x78,0x20,0x3a,0x20,0x74,0x65,0x78,0x74,0x75,
    0x72,0x65,0x5f,0x32,0x64,0x3c,0x66,0x33,0x32,0x3e,0x3b,0x0a,0x0a,0x40,0x62,0x69,
    0x6e,0x64,0x69,0x6e,0x67,0x28,0x33,0x32,0x29,0x20,0x40,0x67,0x72,0x6f,0x75,0x70,
    0x28,0x31,0x29,0x20,0x76,0x61,0x72,0x20,0x73,0x6d,0x70,0x20,0x3a,0x20,0x73,0x61,
    0x6d,0x70,0x6c,0x65,0x72,0x3b,0x0a,0x0a,0x76,0x61,0x72,0x3c,0x70,0x72,0x69,0x76,
    0x61,0x74,0x65,0x3e,0x20,0x75,0x76,0x20,0x3a,0x20,0x76,0x65,0x63,0x32,0x66,0x3b,
    0x0a,0x0a,0x76,0x61,0x72,0x3c,0x70,0x72,0x69,0x76,0x61,0x74,0x65,0x3e,0x20,0x63,
    0x6f,0x6c,0x6f,0x72,0x20,0x3a,0x20,0x76,0x65,0x63,0x34,0x66,0x3b,0x0a,0x0a,0x76,
    0x61,0x72,0x3c,0x70,0x72,0x69,0x76,0x61,0x74,0x65,0x3e,0x20,0x61,0x6c,0x70,0x68,
    0x61,0x5f,0x6d,0x6f,0x64,0x65,0x20,0x3a,0x20,0x66,0x33,0x32,0x3b,0x0a,0x0a,0x66,
    0x6e,0x20,0x6d,0x61,0x69,0x6e,0x5f,0x31,0x28,0x29,0x20,0x7b,0x0a,0x20,0x20,0x76,
    0x61,0x72,0x20,0x78,0x5f,0x34,0x33,0x20,0x3a,0x20,0x62,0x6f,0x6f,0x6c,0x3b,0x0a,
    0x20,0x20,0x76,0x61,0x72,0x20,0x78,0x5f,0x34,0x34,0x20,0x3a,0x20,0x62,0x6f,0x6f,
    0x6c,0x3b,0x0a,0x20,0x20,0x6c,0x65,0x74,0x20,0x78,0x5f,0x32,0x33,0x20,0x3d,0x20,
    0x75,0x76,0x3b,0x0a,0x20,0x20,0x6c,0x65,0x74,0x20,0x78,0x5f,0x32,0x34,0x20,0x3d,
    0x20,0x74,0x65,0x78,0x74,0x75,0x72,0x65,0x53,0x61,0x6d,0x70,0x6c,0x65,0x28,0x74,
    0x65,0x78,0x2c,0x20,0x73,0x6d,0x70,0x2c,0x20,0x78,0x5f,0x32,0x33,0x29,0x3b,0x0a,
    0x20,0x20,0x66,0x72,0x61,0x67,0x5f,0x63,0x6f,0x6c,0x6f,0x72,0x20,0x3d,0x20,0x28,
    0x78,0x5f,0x32,0x34,0x20,0x2a,0x20,0x63,0x6f,0x6c,0x6f,0x72,0x29,0x3b,0x0a,0x20,
    0x20,0x6c,0x65,0x74,0x20,0x78,0x5f,0x33,0x32,0x20,0x3d,0x20,0x61,0x6c,0x70,0x68,
    0x61,0x5f,0x6d,0x6f,0x64,0x65,0x3b,0x0a,0x20,0x20,0x6c,0x65,0x74,0x20,0x78,0x5f,
    0x33,0x34,0x20,0x3d,0x20,0x28,0x61,0x6c,0x70,0x68,0x61,0x5f,0x6d,0x6f,0x64,0x65,
    0x20,0x3e,0x20,0x30,0x2e,0x30,0x66,0x29,0x3b,0x0a,0x20,0x20,0x78,0x5f,0x34,0x34,
    0x20,0x3d,0x20,0x78,0x5f,0x33,0x34,0x3b,0x0a,0x20,0x20,0x69,0x66,0x20,0x28,0x78,
    0x5f,0x33,0x34,0x29,0x20,0x7b,0x0a,0x20,0x20,0x20,0x20,0x78,0x5f,0x34,0x33,0x20,
    0x3d,0x20,0x28,0x66,0x72,0x61,0x67,0x5f,0x63,0x6f,0x6c,0x6f,0x72,0x2e,0x77,0x20,
    0x3c,0x20,0x78,0x5f,0x33,0x32,0x29,0x3b,0x0a,0x20,0x20,0x20,0x20,0x78,0x5f,0x34,
    0x34,0x20,0x3d,0x20,0x78,0x5f,0x34,0x33,0x3b,0x0a,0x20,0x20,0x7d,0x0a,0x20,0x20,
    0x69,0x66,0x20,0x28,0x78,0x5f,0x34,0x34,0x29,0x20,0x7b,0x0a,0x20,0x20,0x20,0x20,
    0x64,0x69,0x73,0x63,0x61,0x72,0x64,0x3b,0x0a,0x20,0x20,0x7d,0x0a,0x20,0x20,0x69,
    0x66,0x20,0x28,0x21,0x28,0x28,0x78,0x5f,0x33,0x32,0x20,0x3d,0x3d,0x20,0x30,0x2e,
    0x30,0x66,0x29,0x29,0x29,0x20,0x7b,0x0a,0x20,0x20,0x20,0x20,0x66,0x72,0x61,0x67,
    0x5f,0x63,0x6f,0x6c,0x6f,0x72,0x2e,0x77,0x20,0x3d,0x20,0x31,0x2e,0x30,0x66,0x3b,
    0x0a,0x20,0x20,0x7d,0x0a,0x20,0x20,0x72,0x65,0x74,0x75,0x72,0x6e,0x3b,0x0a,0x7d,
    0x0a,0x0a,0x73,0x74,0x72,0x75,0x63,0x74,0x20,0x6d,0x61,0x69,0x6e,0x5f,0x6f,0x75,
    0x74,0x20,0x7b,0x0a,0x20,0x20,0x40,0x6c,0x6f,0x63,0x61,0x74,0x69,0x6f,0x6e,0x28,
    0x30,0x29,0x0a,0x20,0x20,0x66,0x72,0x61,0x67,0x5f,0x63,0x6f,0x6c,0x6f,0x72,0x5f,
    0x31,0x20,0x3a,0x20,0x76,0x65,0x63,0x34,0x66,0x2c,0x0a,0x7d,0x0a,0x0a,0x40,0x66,
    0x72,0x61,0x67,0x6d,0x65,0x6e,0x74,0x0a,0x66,0x6e,0x20,0x6d,0x61,0x69,0x6e,0x28,
    0x40,0x6c,0x6f,0x63,0x61,0x74,0x69,0x6f,0x6e,0x28,0x30,0x29,0x20,0x75,0x76,0x5f,
    0x70,0x61,0x72,0x61,0x6d,0x20,0x3a,0x20,0x76,0x65,0x63,0x32,0x66,0x2c,0x20,0x40,
    0x6c,0x6f,0x63,0x61,0x74,0x69,0x6f,0x6e,0x28,0x31,0x29,0x20,0x63,0x6f,0x6c,0x6f,
    0x72,0x5f,0x70,0x61,0x72,0x61,0x6d,0x20,0x3a,0x20,0x76,0x65,0x63,0x34,0x66,0x2c,
    0x20,0x40,0x6c,0x6f,0x63,0x61,0x74,0x69,0x6f,0x6e,0x28,0x32,0x29,0x20,0x61,0x6c,
    0x70,0x68,0x61,0x5f,0x6d,0x6f,0x64,0x65,0x5f,0x70,0x61,0x72,0x61,0x6d,0x20,0x3a,
    0x20,0x66,0x33,0x32,0x29,0x20,0x2d,0x3e,0x20,0x6d,0x61,0x69,0x6e,0x5f,0x6f,0x75,
    0x74,0x20,0x7b,0x0a,0x20,0x20,0x75,0x76,0x20,0x3d,0x20,0x75,0x76,0x5f,0x70,0x61,
    0x72,0x61,0x6d,0x3b,0x0a,0x20,0x20,0x63,0x6f,0x6c,0x6f,0x72,0x20,0x3d,0x20,0x63,
    0x6f,0x6c,0x6f,0x72,0x5f,0x70,0x61,0x72,0x61,0x6d,0x3b,0x0a,0x20,0x20,0x61,0x6c,
    0x70,0x68,0x61,0x5f,0x6d,0x6f,0x64,0x65,0x20,0x3d,0x20,0x61,0x6c,0x70,0x68,0x61,
    0x5f,0x6d,0x6f,0x64,0x65,0x5f,0x70,0x61,0x72,0x61,0x6d,0x3b,0x0a,0x20,0x20,0x6d,
    0x61,0x69,0x6e,0x5f,0x31,0x28,0x29,0x3b,0x0a,0x20,0x20,0x72,0x65,0x74,0x75,0x72,
    0x6e,0x20,0x6d,0x61,0x69,0x6e,0x5f,0x6f,0x75,0x74,0x28,0x66,0x72,0x61,0x67,0x5f,
    0x63,0x6f,0x6c,0x6f,0x72,0x29,0x3b,0x0a,0x7d,0x0a,0x00,
};
#endif
/*
    diagnostic(off, derivative_uniformity);

    struct vs_params {
      /_ @offset(0) _/
      view_proj : mat4x4f,
      /_ @offset(64) _/
      camera_right : vec4f,
      /_ @offset(80) _/
      camera_up : vec4f,
      /_ @offset(96) _/
      upright : vec4f,
    }

    @binding(0) @group(0) var<uniform> x_71 : vs_params;

    var<private> v_world_pos : vec3f;

    var<private> v_normal : vec3f;

    var<private> v_tangent : vec4f;

    var<private> v_uv0 : vec2f;

    var<private> v_uv1 : vec2f;

    var<private> v_color : vec4f;

    var<private> v_alpha_mode : f32;

    var<private> corner_1 : vec2f;

    var<private> inst_pos : vec4f;

    var<private> inst_size : vec4f;

    var<private> inst_uv : vec4f;

    var<private> inst_right : vec3f;

    var<private> inst_up : vec4f;

    var<private> inst_color : vec4f;

    var<private> gl_Position : vec4f;

    const x_35 = vec3f(0.04044999927282333374f);

    fn srgb_to_linear_vf3_(c : ptr<function, vec3f>) -> vec3f {
      let x_28 = *(c);
      let x_33 = *(c);
      let x_48 = *(c);
      return mix((x_28 * vec3f(0.07739938050508499146f)), pow(((max(x_33, x_35) + vec3f(0.05499999970197677612f)) * vec3f(0.94786733388900756836f)), vec3f(2.40000009536743164062f)), step(x_35, x_48));
    }

    fn place_lit_vf2_vf4_vf4_vf4_vf3_vf4_vf4_(corner : ptr<function, vec2f>, pos : ptr<function, vec4f>, size : ptr<function, vec4f>, source : ptr<function, vec4f>, right_axis : ptr<function, vec3f>, up_axis : ptr<function, vec4f>, tint : ptr<function, vec4f>) {
      var right : vec3f;
      var up : vec3f;
      var param : vec3f;
      right = *(right_axis);
      up = (*(up_axis)).xyz;
      if (((*(pos)).w < 0.5f)) {
        right = x_71.camera_right.xyz;
        up = x_71.camera_up.xyz;
      } else {
        if (((*(pos)).w < 1.5f)) {
          right = x_71.upright.xyz;
          up = vec3f(0.0f, 1.0f, 0.0f);
        }
      }
      let x_122 = right;
      let x_127 = up;
      let x_131 = (((*(pos)).xyz + (right * ((((*(corner)).x + 0.5f) - (*(size)).z) * (*(size)).x))) + (up * ((((*(corner)).y - 0.5f) + (*(size)).w) * (*(size)).y)));
      gl_Position = (x_71.view_proj * vec4f(x_131.x, x_131.y, x_131.z, 1.0f));
      v_world_pos = x_131;
      v_normal = cross(x_122, x_127);
      v_tangent = vec4f(x_122.x, x_122.y, x_122.z, 1.0f);
      v_uv0 = vec2f(mix((*(source)).x, (*(source)).z, ((*(corner)).x + 0.5f)), mix((*(source)).y, (*(source)).w, (0.5f - (*(corner)).y)));
      v_uv1 = v_uv0;
      param = (*(tint)).xyz;
      let x_186 = srgb_to_linear_vf3_(&(param));
      v_color = vec4f(x_186.x, x_186.y, x_186.z, (*(tint)).w);
      v_alpha_mode = (*(up_axis)).w;
      return;
    }

    fn main_1() {
      var param_1 : vec2f;
      var param_2 : vec4f;
      var param_3 : vec4f;
      var param_4 : vec4f;
      var param_5 : vec3f;
      var param_6 : vec4f;
      var param_7 : vec4f;
      param_1 = corner_1;
      param_2 = inst_pos;
      param_3 = inst_size;
      param_4 = inst_uv;
      param_5 = inst_right;
      param_6 = inst_up;
      param_7 = inst_color;
      place_lit_vf2_vf4_vf4_vf4_vf3_vf4_vf4_(&(param_1), &(param_2), &(param_3), &(param_4), &(param_5), &(param_6), &(param_7));
      return;
    }

    struct main_out {
      @builtin(position)
      gl_Position : vec4f,
      @location(5)
      v_world_pos_1 : vec3f,
      @location(0)
      v_normal_1 : vec3f,
      @location(1)
      v_tangent_1 : vec4f,
      @location(2)
      v_uv0_1 : vec2f,
      @location(3)
      v_uv1_1 : vec2f,
      @location(4)
      v_color_1 : vec4f,
      @location(6)
      v_alpha_mode_1 : f32,
    }

    @vertex
    fn main(@location(0) corner_1_param : vec2f, @location(1) inst_pos_param : vec4f, @location(2) inst_size_param : vec4f, @location(3) inst_uv_param : vec4f, @location(4) inst_right_param : vec3f, @location(5) inst_up_param : vec4f, @location(6) inst_color_param : vec4f) -> main_out {
      corner_1 = corner_1_param;
      inst_pos = inst_pos_param;
      inst_size = inst_size_param;
      inst_uv = inst_uv_param;
      inst_right = inst_right_param;
      inst_up = inst_up_param;
      inst_color = inst_color_param;
      main_1();
      return main_out(gl_Position, v_world_pos, v_normal, v_tangent, v_uv0, v_uv1, v_color, v_alpha_mode);
    }
*/
#if defined(SOKOL_WGPU)
static const uint8_t sprite_vs_lit_source_wgsl[3841] = {
    0x64,0x69,0x61,0x67,0x6e,0x6f,0x73,0x74,0x69,0x63,0x28,0x6f,0x66,0x66,0x2c,0x20,
    0x64,0x65,0x72,0x69,0x76,0x61,0x74,0x69,0x76,0x65,0x5f,0x75,0x6e,0x69,0x66,0x6f,
    0x72,0x6d,0x69,0x74,0x79,0x29,0x3b,0x0a,0x0a,0x73,0x74,0x72,0x75,0x63,0x74,0x20,
    0x76,0x73,0x5f,0x70,0x61,0x72,0x61,0x6d,0x73,0x20,0x7b,0x0a,0x20,0x20,0x2f,0x2a,
    0x20,0x40,0x6f,0x66,0x66,0x73,0x65,0x74,0x28,0x30,0x29,0x20,0x2a,0x2f,0x0a,0x20,
    0x20,0x76,0x69,0x65,0x77,0x5f,0x70,0x72,0x6f,0x6a,0x20,0x3a,0x20,0x6d,0x61,0x74,
    0x34,0x78,0x34,0x66,0x2c,0x0a,0x20,0x20,0x2f,0x2a,0x20,0x40,0x6f,0x66,0x66,0x73,
    0x65,0x74,0x28,0x36,0x34,0x29,0x20,0x2a,0x2f,0x0a,0x20,0x20,0x63,0x61,0x6d,0x65,
    0x72,0x61,0x5f,0x72,0x69,0x67,0x68,0x74,0x20,0x3a,0x20,0x76,0x65,0x63,0x34,0x66,
    0x2c,0x0a,0x20,0x20,0x2f,0x2a,0x20,0x40,0x6f,0x66,0x66,0x73,0x65,0x74,0x28,0x38,
    0x30,0x29,0x20,0x2a,0x2f,0x0a,0x20,0x20,0x63,0x61,0x6d,0x65,0x72,0x61,0x5f,0x75,
    0x70,0x20,0x3a,0x20,0x76,0x65,0x63,0x34,0x66,0x2c,0x0a,0x20,0x20,0x2f,0x2a,0x20,
    0x40,0x6f,0x66,0x66,0x73,0x65,0x74,0x28,0x39,0x36,0x29,0x20,0x2a,0x2f,0x0a,0x20,
    0x20,0x75,0x70,0x72,0x69,0x67,0x68,0x74,0x20,0x3a,0x20,0x76,0x65,0x63,0x34,0x66,
    0x2c,0x0a,0x7d,0x0a,0x0a,0x40,0x62,0x69,0x6e,0x64,0x69,0x6e,0x67,0x28,0x30,0x29,
    0x20,0x40,0x67,0x72,0x6f,0x75,0x70,0x28,0x30,0x29,0x20,0x76,0x61,0x72,0x3c,0x75,
    0x6e,0x69,0x66,0x6f,0x72,0x6d,0x3e,0x20,0x78,0x5f,0x37,0x31,0x20,0x3a,0x20,0x76,
    0x73,0x5f,0x70,0x61,0x72,0x61,0x6d,0x73,0x3b,0x0a,0x0a,0x76,0x61,0x72,0x3c,0x70,
    0x72,0x69,0x76,0x61,0x74,0x65,0x3e,0x20,0x76,0x5f,0x77,0x6f,0x72,0x6c,0x64,0x5f,
    0x70,0x6f,0x73,0x20,0x3a,0x20,0x76,0x65,0x63,0x33,0x66,0x3b,0x0a,0x0a,0x76,0x61,
    0x72,0x3c,0x70,0x72,0x69,0x76,0x61,0x74,0x65,0x3e,0x20,0x76,0x5f,0x6e,0x6f,0x72,
    0x6d,0x61,0x6c,0x20,0x3a,0x20,0x76,0x65,0x63,0x33,0x66,0x3b,0x0a,0x0a,0x76,0x61,
    0x72,0x3c,0x70,0x72,0x69,0x76,0x61,0x74,0x65,0x3e,0x20,0x76,0x5f,0x74,0x61,0x6e,
    0x67,0x65,0x6e,0x74,0x20,0x3a,0x20,0x76,0x65,0x63,0x34,0x66,0x3b,0x0a,0x0a,0x76,
    0x61,0x72,0x3c,0x70,0x72,0x69,0x76,0x61,0x74,0x65,0x3e,0x20,0x76,0x5f,0x75,0x76,
    0x30,0x20,0x3a,0x20,0x76,0x65,0x63,0x32,0x66,0x3b,0x0a,0x0a,0x76,0x61,0x72,0x3c,
    0x70,0x72,0x69,0x76,0x61,0x74,0x65,0x3e,0x20,0x76,0x5f,0x75,0x76,0x31,0x20,0x3a,
    0x20,0x76,0x65,0x63,0x32,0x66,0x3b,0x0a,0x0a,0x76,0x61,0x72,0x3c,0x70,0x72,0x69,
    0x76,0x61,0x74,0x65,0x3e,0x20,0x76,0x5f,0x63,0x6f,0x6c,0x6f,0x72,0x20,0x3a,0x20,
    0x76,0x65,0x63,0x34,0x66,0x3b,0x0a,0x0a,0x76,0x61,0x72,0x3c,0x70,0x72,0x69,0x76,
    0x61,0x74,0x65,0x3e,0x20,0x76,0x5f,0x61,0x6c,0x70,0x68,0x61,0x5f,0x6d,0x6f,0x64,
    0x65,0x20,0x3a,0x20,0x66,0x33,0x32,0x3b,0x0a,0x0a,0x76,0x61,0x72,0x3c,0x70,0x72,
    0x69,0x76,0x61,0x74,0x65,0x3e,0x20,0x63,0x6f,0x72,0x6e,0x65,0x72,0x5f,0x31,0x20,
    0x3a,0x20,0x76,0x65,0x63,0x32,0x66,0x3b,0x0a,0x0a,0x76,0x61,0x72,0x3c,0x70,0x72,
    0x69,0x76,0x61,0x74,0x65,0x3e,0x20,0x69,0x6e,0x73,0x74,0x5f,0x70,0x6f,0x73,0x20,
    0x3a,0x20,0x76,0x65,0x63,0x34,0x66,0x3b,0x0a,0x0a,0x76,0x61,0x72,0x3c,0x70,0x72,
    0x69,0x76,0x61,0x74,0x65,0x3e,0x20,0x69,0x6e,0x73,0x74,0x5f,0x73,0x69,0x7a,0x65,
    0x20,0x3a,0x20,0x76,0x65,0x63,0x34,0x66,0x3b,0x0a,0x0a,0x76,0x61,0x72,0x3c,0x70,
    0x72,0x69,0x76,0x61,0x74,0x65,0x3e,0x20,0x69,0x6e,0x73,0x74,0x5f,0x75,0x76,0x20,
    0x3a,0x20,0x76,0x65,0x63,0x34,0x66,0x3b,0x0a,0x0a,0x76,0x61,0x72,0x3c,0x70,0x72,
    0x69,0x76,0x61,0x74,0x65,0x3e,0x20,0x69,0x6e,0x73,0x74,0x5f,0x72,0x69,0x67,0x68,
    0x74,0x20,0x3a,0x20,0x76,0x65,0x63,0x33,0x66,0x3b,0x0a,0x0a,0x76,0x61,0x72,0x3c,
    0x70,0x72,0x69,0x76,0x61,0x74,0x65,0x3e,0x20,0x69,0x6e,0x73,0x74,0x5f,0x75,0x70,
    0x20,0x3a,0x20,0x76,0x65,0x63,0x34,0x66,0x3b,0x0a,0x0a,0x76,0x61,0x72,0x3c,0x70,
    0x72,0x69,0x76,0x61,0x74,0x65,0x3e,0x20,0x69,0x6e,0x73,0x74,0x5f,0x63,0x6f,0x6c,
    0x6f,0x72,0x20,0x3a,0x20,0x76,0x65,0x63,0x34,0x66,0x3b,0x0a,0x0a,0x76,0x61,0x72,
    0x3c,0x70,0x72,0x69,0x76,0x61,0x74,0x65,0x3e,0x20,0x67,0x6c,0x5f,0x50,0x6f,0x73,
    0x69,0x74,0x69,0x6f,0x6e,0x20,0x3a,0x20,0x76,0x65,0x63,0x34,0x66,0x3b,0x0a,0x0a,
    0x63,0x6f,0x6e,0x73,0x74,0x20,0x78,0x5f,0x33,0x35,0x20,0x3d,0x20,0x76,0x65,0x63,
    0x33,0x66,0x28,0x30,0x2e,0x30,0x34,0x30,0x34,0x34,0x39,0x39,0x39,0x39,0x32,0x37,
    0x32,0x38,0x32,0x33,0x33,0x33,0x33,0x37,0x34,0x66,0x29,0x3b,0x0a,0x0a,0x66,0x6e,
    0x20,0x73,0x72,0x67,0x62,0x5f,0x74,0x6f,0x5f,0x6c,0x69,0x6e,0x65,0x61,0x72,0x5f,
    0x76,0x66,0x33,0x5f,0x28,0x63,0x20,0x3a,0x20,0x70,0x74,0x72,0x3c,0x66,0x75,0x6e,
    0x63,0x74,0x69,0x6f,0x6e,0x2c,0x20,0x76,0x65,0x63,0x33,0x66,0x3e,0x29,0x20,0x2d,
    0x3e,0x20,0x76,0x65,0x63,0x33,0x66,0x20,0x7b,0x0a,0x20,0x20,0x6c,0x65,0x74,0x20,
    0x78,0x5f,0x32,0x38,0x20,0x3d,0x20,0x2a,0x28,0x63,0x29,0x3b,0x0a,0x20,0x20,0x6c,
    0x65,0x74,0x20,0x78,0x5f,0x33,0x33,0x20,0x3d,0x20,0x2a,0x28,0x63,0x29,0x3b,0x0a,
    0x20,0x20,0x6c,0x65,0x74,0x20,0x78,0x5f,0x34,0x38,0x20,0x3d,0x20,0x2a,0x28,0x63,
    0x29,0x3b,0x0a,0x20,0x20,0x72,0x65,0x74,0x75,0x72,0x6e,0x20,0x6d,0x69,0x78,0x28,
    0x28,0x78,0x5f,0x32,0x38,0x20,0x2a,0x20,0x76,0x65,0x63,0x33,0x66,0x28,0x30,0x2e,
    0x30,0x37,0x37,0x33,0x39,0x39,0x33,0x38,0x30,0x35,0x30,0x35,0x30,0x38,0x34,0x39,
    0x39,0x31,0x34,0x36,0x66,0x29,0x29,0x2c,0x20,0x70,0x6f,0x77,0x28,0x28,0x28,0x6d,
    0x61,0x78,0x28,0x78,0x5f,0x33,0x33,0x2c,0x20,0x78,0x5f,0x33,0x35,0x29,0x20,0x2b,
    0x20,0x76,0x65,0x63,0x33,0x66,0x28,0x30,0x2e,0x30,0x35,0x34,0x39,0x39,0x39,0x39,
    0x39,0x39,0x37,0x30,0x31,0x39,0x37,0x36,0x37,0x37,0x36,0x31,0x32,0x66,0x29,0x29,
    0x20,0x2a,0x20,0x76,0x65,0x63,0x33,0x66,0x28,0x30,0x2e,0x39,0x34,0x37,0x38,0x36,
    0x37,0x33,0x33,0x33,0x38,0x38,0x39,0x30,0x30,0x37,0x35,0x36,0x38,0x33,0x36,0x66,
    0x29,0x29,0x2c,0x20,0x76,0x65,0x63,0x33,0x66,0x28,0x32,0x2e,0x34,0x30,0x30,0x30,
    0x30,0x30,0x30,0x39,0x35,0x33,0x36,0x37,0x34,0x33,0x31,0x36,0x34,0x30,0x36,0x32,
    0x66,0x29,0x29,0x2c,0x20,0x73,0x74,0x65,0x70,0x28,0x78,0x5f,0x33,0x35,0x2c,0x20,
    0x78,0x5f,0x34,0x38,0x29,0x29,0x3b,0x0a,0x7d,0x0a,0x0a,0x66,0x6e,0x20,0x70,0x6c,
    0x61,0x63,0x65,0x5f,0x6c,0x69,0x74,0x5f,0x76,0x66,0x32,0x5f,0x76,0x66,0x34,0x5f,
    0x76,0x66,0x34,0x5f,0x76,0x66,0x34,0x5f,0x76,0x66,0x33,0x5f,0x76,0x66,0x34,0x5f,
    0x76,0x66,0x34,0x5f,0x28,0x63,0x6f,0x72,0x6e,0x65,0x72,0x20,0x3a,0x20,0x70,0x74,
    0x72,0x3c,0x66,0x75,0x6e,0x63,0x74,0x69,0x6f,0x6e,0x2c,0x20,0x76,0x65,0x63,0x32,
    0x66,0x3e,0x2c,0x20,0x70,0x6f,0x73,0x20,0x3a,0x20,0x70,0x74,0x72,0x3c,0x66,0x75,
    0x6e,0x63,0x74,0x69,0x6f,0x6e,0x2c,0x20,0x76,0x65,0x63,0x34,0x66,0x3e,0x2c,0x20,
    0x73,0x69,0x7a,0x65,0x20,0x3a,0x20,0x70,0x74,0x72,0x3c,0x66,0x75,0x6e,0x63,0x74,
    0x69,0x6f,0x6e,0x2c,0x20,0x76,0x65,0x63,0x34,0x66,0x3e,0x2c,0x20,0x73,0x6f,0x75,
    0x72,0x63,0x65,0x20,0x3a,0x20,0x70,0x74,0x72,0x3c,0x66,0x75,0x6e,0x63,0x74,0x69,
    0x6f,0x6e,0x2c,0x20,0x76,0x65,0x63,0x34,0x66,0x3e,0x2c,0x20,0x72,0x69,0x67,0x68,
    0x74,0x5f,0x61,0x78,0x69,0x73,0x20,0x3a,0x20,0x70,0x74,0x72,0x3c,0x66,0x75,0x6e,
    0x63,0x74,0x69,0x6f,0x6e,0x2c,0x20,0x76,0x65,0x63,0x33,0x66,0x3e,0x2c,0x20,0x75,
    0x70,0x5f,0x61,0x78,0x69,0x73,0x20,0x3a,0x20,0x70,0x74,0x72,0x3c,0x66,0x75,0x6e,
    0x63,0x74,0x69,0x6f,0x6e,0x2c,0x20,0x76,0x65,0x63,0x34,0x66,0x3e,0x2c,0x20,0x74,
    0x69,0x6e,0x74,0x20,0x3a,0x20,0x70,0x74,0x72,0x3c,0x66,0x75,0x6e,0x63,0x74,0x69,
    0x6f,0x6e,0x2c,0x20,0x76,0x65,0x63,0x34,0x66,0x3e,0x29,0x20,0x7b,0x0a,0x20,0x20,
    0x76,0x61,0x72,0x20,0x72,0x69,0x67,0x68,0x74,0x20,0x3a,0x20,0x76,0x65,0x63,0x33,
    0x66,0x3b,0x0a,0x20,0x20,0x76,0x61,0x72,0x20,0x75,0x70,0x20,0x3a,0x20,0x76,0x65,
    0x63,0x33,0x66,0x3b,0x0a,0x20,0x20,0x76,0x61,0x72,0x20,0x70,0x61,0x72,0x61,0x6d,
    0x20,0x3a,0x20,0x76,0x65,0x63,0x33,0x66,0x3b,0x0a,0x20,0x20,0x72,0x69,0x67,0x68,
    0x74,0x20,0x3d,0x20,0x2a,0x28,0x72,0x69,0x67,0x68,0x74,0x5f,0x61,0x78,0x69,0x73,
    0x29,0x3b,0x0a,0x20,0x20,0x75,0x70,0x20,0x3d,0x20,0x28,0x2a,0x28,0x75,0x70,0x5f,
    0x61,0x78,0x69,0x73,0x29,0x29,0x2e,0x78,0x79,0x7a,0x3b,0x0a,0x20,0x20,0x69,0x66,
    0x20,0x28,0x28,0x28,0x2a,0x28,0x70,0x6f,0x73,0x29,0x29,0x2e,0x77,0x20,0x3c,0x20,
    0x30,0x2e,0x35,0x66,0x29,0x29,0x20,0x7b,0x0a,0x20,0x20,0x20,0x20,0x72,0x69,0x67,
    0x68,0x74,0x20,0x3d,0x20,0x78,0x5f,0x37,0x31,0x2e,0x63,0x61,0x6d,0x65,0x72,0x61,
    0x5f,0x72,0x69,0x67,0x68,0x74,0x2e,0x78,0x79,0x7a,0x3b,0x0a,0x20,0x20,0x20,0x20,
    0x75,0x70,0x20,0x3d,0x20,0x78,0x5f,0x37,0x31,0x2e,0x63,0x61,0x6d,0x65,0x72,0x61,
    0x5f,0x75,0x70,0x2e,0x78,0x79,0x7a,0x3b,0x0a,0x20,0x20,0x7d,0x20,0x65,0x6c,0x73,
    0x65,0x20,0x7b,0x0a,0x20,0x20,0x20,0x20,0x69,0x66,0x20,0x28,0x28,0x28,0x2a,0x28,
    0x70,0x6f,0x73,0x29,0x29,0x2e,0x77,0x20,0x3c,0x20,0x31,0x2e,0x35,0x66,0x29,0x29,
    0x20,0x7b,0x0a,0x20,0x20,0x20,0x20,0x20,0x20,0x72,0x69,0x67,0x68,0x74,0x20,0x3d,
    0x20,0x78,0x5f,0x37,0x31,0x2e,0x75,0x70,0x72,0x69,0x67,0x68,0x74,0x2e,0x78,0x79,
    0x7a,0x3b,0x0a,0x20,0x20,0x20,0x20,0x20,0x20,0x75,0x70,0x20,0x3d,0x20,0x76,0x65,
    0x63,0x33,0x66,0x28,0x30,0x2e,0x30,0x66,0x2c,0x20,0x31,0x2e,0x30,0x66,0x2c,0x20,
    0x30,0x2e,0x30,0x66,0x29,0x3b,0x0a,0x20,0x20,0x20,0x20,0x7d,0x0a,0x20,0x20,0x7d,
    0x0a,0x20,0x20,0x6c,0x65,0x74,0x20,0x78,0x5f,0x31,0x32,0x32,0x20,0x3d,0x20,0x72,
    0x69,0x67,0x68,0x74,0x3b,0x0a,0x20,0x20,0x6c,0x65,0x74,0x20,0x78,0x5f,0x31,0x32,
    0x37,0x20,0x3d,0x20,0x75,0x70,0x3b,0x0a,0x20,0x20,0x6c,0x65,0x74,0x20,0x78,0x5f,
    0x31,0x33,0x31,0x20,0x3d,0x20,0x28,0x28,0x28,0x2a,0x28,0x70,0x6f,0x73,0x29,0x29,
    0x2e,0x78,0x79,0x7a,0x20,0x2b,0x20,0x28,0x72,0x69,0x67,0x68,0x74,0x20,0x2a,0x20,
    0x28,0x28,0x28,0x28,0x2a,0x28,0x63,0x6f,0x72,0x6e,0x65,0x72,0x29,0x29,0x2e,0x78,
    0x20,0x2b,0x20,0x30,0x2e,0x35,0x66,0x29,0x20,0x2d,0x20,0x28,0x2a,0x28,0x73,0x69,
    0x7a,0x65,0x29,0x29,0x2e,0x7a,0x29,0x20,0x2a,0x20,0x28,0x2a,0x28,0x73,0x69,0x7a,
    0x65,0x29,0x29,0x2e,0x78,0x29,0x29,0x29,0x20,0x2b,0x20,0x28,0x75,0x70,0x20,0x2a,
    0x20,0x28,0x28,0x28,0x28,0x2a,0x28,0x63,0x6f,0x72,0x6e,0x65,0x72,0x29,0x29,0x2e,
    0x79,0x20,0x2d,0x20,0x30,0x2e,0x35,0x66,0x29,0x20,0x2b,0x20,0x28,0x2a,0x28,0x73,
    0x69,0x7a,0x65,0x29,0x29,0x2e,0x77,0x29,0x20,0x2a,0x20,0x28,0x2a,0x28,0x73,0x69,
    0x7a,0x65,0x29,0x29,0x2e,0x79,0x29,0x29,0x29,0x3b,0x0a,0x20,0x20,0x67,0x6c,0x5f,
    0x50,0x6f,0x73,0x69,0x74,0x69,0x6f,0x6e,0x20,0x3d,0x20,0x28,0x78,0x5f,0x37,0x31,
    0x2e,0x76,0x69,0x65,0x77,0x5f,0x70,0x72,0x6f,0x6a,0x20,0x2a,0x20,0x76,0x65,0x63,
    0x34,0x66,0x28,0x78,0x5f,0x31,0x33,0x31,0x2e,0x78,0x2c,0x20,0x78,0x5f,0x31,0x33,
    0x31,0x2e,0x79,0x2c,0x20,0x78,0x5f,0x31,0x33,0x31,0x2e,0x7a,0x2c,0x20,0x31,0x2e,
    0x30,0x66,0x29,0x29,0x3b,0x0a,0x20,0x20,0x76,0x5f,0x77,0x6f,0x72,0x6c,0x64,0x5f,
    0x70,0x6f,0x73,0x20,0x3d,0x20,0x78,0x5f,0x31,0x33,0x31,0x3b,0x0a,0x20,0x20,0x76,
    0x5f,0x6e,0x6f,0x72,0x6d,0x61,0x6c,0x20,0x3d,0x20,0x63,0x72,0x6f,0x73,0x73,0x28,
    0x78,0x5f,0x31,0x32,0x32,0x2c,0x20,0x78,0x5f,0x31,0x32,0x37,0x29,0x3b,0x0a,0x20,
    0x20,0x76,0x5f,0x74,0x61,0x6e,0x67,0x65,0x6e,0x74,0x20,0x3d,0x20,0x76,0x65,0x63,
    0x34,0x66,0x28,0x78,0x5f,0x31,0x32,0x32,0x2e,0x78,0x2c,0x20,0x78,0x5f,0x31,0x32,
    0x32,0x2e,0x79,0x2c,0x20,0x78,0x5f,0x31,0x32,0x32,0x2e,0x7a,0x2c,0x20,0x31,0x2e,
    0x30,0x66,0x29,0x3b,0x0a,0x20,0x20,0x76,0x5f,0x75,0x76,0x30,0x20,0x3d,0x20,0x76,
    0x65,0x63,0x32,0x66,0x28,0x6d,0x69,0x78,0x28,0x28,0x2a,0x28,0x73,0x6f,0x75,0x72,
    0x63,0x65,0x29,0x29,0x2e,0x78,0x2c,0x20,0x28,0x2a,0x28,0x73,0x6f,0x75,0x72,0x63,
    0x65,0x29,0x29,0x2e,0x7a,0x2c,0x20,0x28,0x28,0x2a,0x28,0x63,0x6f,0x72,0x6e,0x65,
    0x72,0x29,0x29,0x2e,0x78,0x20,0x2b,0x20,0x30,0x2e,0x35,0x66,0x29,0x29,0x2c,0x20,
    0x6d,0x69,0x78,0x28,0x28,0x2a,0x28,0x73,0x6f,0x75,0x72,0x63,0x65,0x29,0x29,0x2e,
    0x79,0x2c,0x20,0x28,0x2a,0x28,0x73,0x6f,0x75,0x72,0x63,0x65,0x29,0x29,0x2e,0x77,
    0x2c,0x20,0x28,0x30,0x2e,0x35,0x66,0x20,0x2d,0x20,0x28,0x2a,0x28,0x63,0x6f,0x72,
    0x6e,0x65,0x72,0x29,0x29,0x2e,0x79,0x29,0x29,0x29,0x3b,0x0a,0x20,0x20,0x76,0x5f,
    0x75,0x76,0x31,0x20,0x3d,0x20,0x76,0x5f,0x75,0x76,0x30,0x3b,0x0a,0x20,0x20,0x70,
    0x61,0x72,0x61,0x6d,0x20,0x3d,0x20,0x28,0x2a,0x28,0x74,0x69,0x6e,0x74,0x29,0x29,
    0x2e,0x78,0x79,0x7a,0x3b,0x0a,0x20,0x20,0x6c,0x65,0x74,0x20,0x78,0x5f,0x31,0x38,
    0x36,0x20,0x3d,0x20,0x73,0x72,0x67,0x62,0x5f,0x74,0x6f,0x5f,0x6c,0x69,0x6e,0x65,
    0x61,0x72,0x5f,0x76,0x66,0x33,0x5f,0x28,0x26,0x28,0x70,0x61,0x72,0x61,0x6d,0x29,
    0x29,0x3b,0x0a,0x20,0x20,0x76,0x5f,0x63,0x6f,0x6c,0x6f,0x72,0x20,0x3d,0x20,0x76,
    0x65,0x63,0x34,0x66,0x28,0x78,0x5f,0x31,0x38,0x36,0x2e,0x78,0x2c,0x20,0x78,0x5f,
    0x31,0x38,0x36,0x2e,0x79,0x2c,0x20,0x78,0x5f,0x31,0x38,0x36,0x2e,0x7a,0x2c,0x20,
    0x28,0x2a,0x28,0x74,0x69,0x6e,0x74,0x29,0x29,0x2e,0x77,0x29,0x3b,0x0a,0x20,0x20,
    0x76,0x5f,0x61,0x6c,0x70,0x68,0x61,0x5f,0x6d,0x6f,0x64,0x65,0x20,0x3d,0x20,0x28,
    0x2a,0x28,0x75,0x70,0x5f,0x61,0x78,0x69,0x73,0x29,0x29,0x2e,0x77,0x3b,0x0a,0x20,
    0x20,0x72,0x65,0x74,0x75,0x72,0x6e,0x3b,0x0a,0x7d,0x0a,0x0a,0x66,0x6e,0x20,0x6d,
    0x61,0x69,0x6e,0x5f,0x31,0x28,0x29,0x20,0x7b,0x0a,0x20,0x20,0x76,0x61,0x72,0x20,
    0x70,0x61,0x72,0x61,0x6d,0x5f,0x31,0x20,0x3a,0x20,0x76,0x65,0x63,0x32,0x66,0x3b,
    0x0a,0x20,0x20,0x76,0x61,0x72,0x20,0x70,0x61,0x72,0x61,0x6d,0x5f,0x32,0x20,0x3a,
    0x20,0x76,0x65,0x63,0x34,0x66,0x3b,0x0a,0x20,0x20,0x76,0x61,0x72,0x20,0x70,0x61,
    0x72,0x61,0x6d,0x5f,0x33,0x20,0x3a,0x20,0x76,0x65,0x63,0x34,0x66,0x3b,0x0a,0x20,
    0x20,0x76,0x61,0x72,0x20,0x70,0x61,0x72,0x61,0x6d,0x5f,0x34,0x20,0x3a,0x20,0x76,
    0x65,0x63,0x34,0x66,0x3b,0x0a,0x20,0x20,0x76,0x61,0x72,0x20,0x70,0x61,0x72,0x61,
    0x6d,0x5f,0x35,0x20,0x3a,0x20,0x76,0x65,0x63,0x33,0x66,0x3b,0x0a,0x20,0x20,0x76,
    0x61,0x72,0x20,0x70,0x61,0x72,0x61,0x6d,0x5f,0x36,0x20,0x3a,0x20,0x76,0x65,0x63,
    0x34,0x66,0x3b,0x0a,0x20,0x20,0x76,0x61,0x72,0x20,0x70,0x61,0x72,0x61,0x6d,0x5f,
    0x37,0x20,0x3a,0x20,0x76,0x65,0x63,0x34,0x66,0x3b,0x0a,0x20,0x20,0x70,0x61,0x72,
    0x61,0x6d,0x5f,0x31,0x20,0x3d,0x20,0x63,0x6f,0x72,0x6e,0x65,0x72,0x5f,0x31,0x3b,
    0x0a,0x20,0x20,0x70,0x61,0x72,0x61,0x6d,0x5f,0x32,0x20,0x3d,0x20,0x69,0x6e,0x73,
    0x74,0x5f,0x70,0x6f,0x73,0x3b,0x0a,0x20,0x20,0x70,0x61,0x72,0x61,0x6d,0x5f,0x33,
    0x20,0x3d,0x20,0x69,0x6e,0x73,0x74,0x5f,0x73,0x69,0x7a,0x65,0x3b,0x0a,0x20,0x20,
    0x70,0x61,0x72,0x61,0x6d,0x5f,0x34,0x20,0x3d,0x20,0x69,0x6e,0x73,0x74,0x5f,0x75,
    0x76,0x3b,0x0a,0x20,0x20,0x70,0x61,0x72,0x61,0x6d,0x5f,0x35,0x20,0x3d,0x20,0x69,
    0x6e,0x73,0x74,0x5f,0x72,0x69,0x67,0x68,0x74,0x3b,0x0a,0x20,0x20,0x70,0x61,0x72,
    0x61,0x6d,0x5f,0x36,0x20,0x3d,0x20,0x69,0x6e,0x73,0x74,0x5f,0x75,0x70,0x3b,0x0a,
    0x20,0x20,0x70,0x61,0x72,0x61,0x6d,0x5f,0x37,0x20,0x3d,0x20,0x69,0x6e,0x73,0x74,
    0x5f,0x63,0x6f,0x6c,0x6f,0x72,0x3b,0x0a,0x20,0x20,0x70,0x6c,0x61,0x63,0x65,0x5f,
    0x6c,0x69,0x74,0x5f,0x76,0x66,0x32,0x5f,0x76,0x66,0x34,0x5f,0x76,0x66,0x34,0x5f,
    0x76,0x66,0x34,0x5f,0x76,0x66,0x33,0x5f,0x76,0x66,0x34,0x5f,0x76,0x66,0x34,0x5f,
    0x28,0x26,0x28,0x70,0x61,0x72,0x61,0x6d,0x5f,0x31,0x29,0x2c,0x20,0x26,0x28,0x70,
    0x61,0x72,0x61,0x6d,0x5f,0x32,0x29,0x2c,0x20,0x26,0x28,0x70,0x61,0x72,0x61,0x6d,
    0x5f,0x33,0x29,0x2c,0x20,0x26,0x28,0x70,0x61,0x72,0x61,0x6d,0x5f,0x34,0x29,0x2c,
    0x20,0x26,0x28,0x70,0x61,0x72,0x61,0x6d,0x5f,0x35,0x29,0x2c,0x20,0x26,0x28,0x70,
    0x61,0x72,0x61,0x6d,0x5f,0x36,0x29,0x2c,0x20,0x26,0x28,0x70,0x61,0x72,0x61,0x6d,
    0x5f,0x37,0x29,0x29,0x3b,0x0a,0x20,0x20,0x72,0x65,0x74,0x75,0x72,0x6e,0x3b,0x0a,
    0x7d,0x0a,0x0a,0x73,0x74,0x72,0x75,0x63,0x74,0x20,0x6d,0x61,0x69,0x6e,0x5f,0x6f,
    0x75,0x74,0x20,0x7b,0x0a,0x20,0x20,0x40,0x62,0x75,0x69,0x6c,0x74,0x69,0x6e,0x28,
    0x70,0x6f,0x73,0x69,0x74,0x69,0x6f,0x6e,0x29,0x0a,0x20,0x20,0x67,0x6c,0x5f,0x50,
    0x6f,0x73,0x69,0x74,0x69,0x6f,0x6e,0x20,0x3a,0x20,0x76,0x65,0x63,0x34,0x66,0x2c,
    0x0a,0x20,0x20,0x40,0x6c,0x6f,0x63,0x61,0x74,0x69,0x6f,0x6e,0x28,0x35,0x29,0x0a,
    0x20,0x20,0x76,0x5f,0x77,0x6f,0x72,0x6c,0x64,0x5f,0x70,0x6f,0x73,0x5f,0x31,0x20,
    0x3a,0x20,0x76,0x65,0x63,0x33,0x66,0x2c,0x0a,0x20,0x20,0x40,0x6c,0x6f,0x63,0x61,
    0x74,0x69,0x6f,0x6e,0x28,0x30,0x29,0x0a,0x20,0x20,0x76,0x5f,0x6e,0x6f,0x72,0x6d,
    0x61,0x6c,0x5f,0x31,0x20,0x3a,0x20,0x76,0x65,0x63,0x33,0x66,0x2c,0x0a,0x20,0x20,
    0x40,0x6c,0x6f,0x63,0x61,0x74,0x69,0x6f,0x6e,0x28,0x31,0x29,0x0a,0x20,0x20,0x76,
    0x5f,0x74,0x61,0x6e,0x67,0x65,0x6e,0x74,0x5f,0x31,0x20,0x3a,0x20,0x76,0x65,0x63,
    0x34,0x66,0x2c,0x0a,0x20,0x20,0x40,0x6c,0x6f,0x63,0x61,0x74,0x69,0x6f,0x6e,0x28,
    0x32,0x29,0x0a,0x20,0x20,0x76,0x5f,0x75,0x76,0x30,0x5f,0x31,0x20,0x3a,0x20,0x76,
    0x65,0x63,0x32,0x66,0x2c,0x0a,0x20,0x20,0x40,0x6c,0x6f,0x63,0x61,0x74,0x69,0x6f,
    0x6e,0x28,0x33,0x29,0x0a,0x20,0x20,0x76,0x5f,0x75,0x76,0x31,0x5f,0x31,0x20,0x3a,
    0x20,0x76,0x65,0x63,0x32,0x66,0x2c,0x0a,0x20,0x20,0x40,0x6c,0x6f,0x63,0x61,0x74,
    0x69,0x6f,0x6e,0x28,0x34,0x29,0x0a,0x20,0x20,0x76,0x5f,0x63,0x6f,0x6c,0x6f,0x72,
    0x5f,0x31,0x20,0x3a,0x20,0x76,0x65,0x63,0x34,0x66,0x2c,0x0a,0x20,0x20,0x40,0x6c,
    0x6f,0x63,0x61,0x74,0x69,0x6f,0x6e,0x28,0x36,0x29,0x0a,0x20,0x20,0x76,0x5f,0x61,
    0x6c,0x70,0x68,0x61,0x5f,0x6d,0x6f,0x64,0x65,0x5f,0x31,0x20,0x3a,0x20,0x66,0x33,
    0x32,0x2c,0x0a,0x7d,0x0a,0x0a,0x40,0x76,0x65,0x72,0x74,0x65,0x78,0x0a,0x66,0x6e,
    0x20,0x6d,0x61,0x69,0x6e,0x28,0x40,0x6c,0x6f,0x63,0x61,0x74,0x69,0x6f,0x6e,0x28,
    0x30,0x29,0x20,0x63,0x6f,0x72,0x6e,0x65,0x72,0x5f,0x31,0x5f,0x70,0x61,0x72,0x61,
    0x6d,0x20,0x3a,0x20,0x76,0x65,0x63,0x32,0x66,0x2c,0x20,0x40,0x6c,0x6f,0x63,0x61,
    0x74,0x69,0x6f,0x6e,0x28,0x31,0x29,0x20,0x69,0x6e,0x73,0x74,0x5f,0x70,0x6f,0x73,
    0x5f,0x70,0x61,0x72,0x61,0x6d,0x20,0x3a,0x20,0x76,0x65,0x63,0x34,0x66,0x2c,0x20,
    0x40,0x6c,0x6f,0x63,0x61,0x74,0x69,0x6f,0x6e,0x28,0x32,0x29,0x20,0x69,0x6e,0x73,
    0x74,0x5f,0x73,0x69,0x7a,0x65,0x5f,0x70,0x61,0x72,0x61,0x6d,0x20,0x3a,0x20,0x76,
    0x65,0x63,0x34,0x66,0x2c,0x20,0x40,0x6c,0x6f,0x63,0x61,0x74,0x69,0x6f,0x6e,0x28,
    0x33,0x29,0x20,0x69,0x6e,0x73,0x74,0x5f,0x75,0x76,0x5f,0x70,0x61,0x72,0x61,0x6d,
    0x20,0x3a,0x20,0x76,0x65,0x63,0x34,0x66,0x2c,0x20,0x40,0x6c,0x6f,0x63,0x61,0x74,
    0x69,0x6f,0x6e,0x28,0x34,0x29,0x20,0x69,0x6e,0x73,0x74,0x5f,0x72,0x69,0x67,0x68,
    0x74,0x5f,0x70,0x61,0x72,0x61,0x6d,0x20,0x3a,0x20,0x76,0x65,0x63,0x33,0x66,0x2c,
    0x20,0x40,0x6c,0x6f,0x63,0x61,0x74,0x69,0x6f,0x6e,0x28,0x35,0x29,0x20,0x69,0x6e,
    0x73,0x74,0x5f,0x75,0x70,0x5f,0x70,0x61,0x72,0x61,0x6d,0x20,0x3a,0x20,0x76,0x65,
    0x63,0x34,0x66,0x2c,0x20,0x40,0x6c,0x6f,0x63,0x61,0x74,0x69,0x6f,0x6e,0x28,0x36,
    0x29,0x20,0x69,0x6e,0x73,0x74,0x5f,0x63,0x6f,0x6c,0x6f,0x72,0x5f,0x70,0x61,0x72,
    0x61,0x6d,0x20,0x3a,0x20,0x76,0x65,0x63,0x34,0x66,0x29,0x20,0x2d,0x3e,0x20,0x6d,
    0x61,0x69,0x6e,0x5f,0x6f,0x75,0x74,0x20,0x7b,0x0a,0x20,0x20,0x63,0x6f,0x72,0x6e,
    0x65,0x72,0x5f,0x31,0x20,0x3d,0x20,0x63,0x6f,0x72,0x6e,0x65,0x72,0x5f,0x31,0x5f,
    0x70,0x61,0x72,0x61,0x6d,0x3b,0x0a,0x20,0x20,0x69,0x6e,0x73,0x74,0x5f,0x70,0x6f,
    0x73,0x20,0x3d,0x20,0x69,0x6e,0x73,0x74,0x5f,0x70,0x6f,0x73,0x5f,0x70,0x61,0x72,
    0x61,0x6d,0x3b,0x0a,0x20,0x20,0x69,0x6e,0x73,0x74,0x5f,0x73,0x69,0x7a,0x65,0x20,
    0x3d,0x20,0x69,0x6e,0x73,0x74,0x5f,0x73,0x69,0x7a,0x65,0x5f,0x70,0x61,0x72,0x61,
    0x6d,0x3b,0x0a,0x20,0x20,0x69,0x6e,0x73,0x74,0x5f,0x75,0x76,0x20,0x3d,0x20,0x69,
    0x6e,0x73,0x74,0x5f,0x75,0x76,0x5f,0x70,0x61,0x72,0x61,0x6d,0x3b,0x0a,0x20,0x20,
    0x69,0x6e,0x73,0x74,0x5f,0x72,0x69,0x67,0x68,0x74,0x20,0x3d,0x20,0x69,0x6e,0x73,
    0x74,0x5f,0x72,0x69,0x67,0x68,0x74,0x5f,0x70,0x61,0x72,0x61,0x6d,0x3b,0x0a,0x20,
    0x20,0x69,0x6e,0x73,0x74,0x5f,0x75,0x70,0x20,0x3d,0x20,0x69,0x6e,0x73,0x74,0x5f,
    0x75,0x70,0x5f,0x70,0x61,0x72,0x61,0x6d,0x3b,0x0a,0x20,0x20,0x69,0x6e,0x73,0x74,
    0x5f,0x63,0x6f,0x6c,0x6f,0x72,0x20,0x3d,0x20,0x69,0x6e,0x73,0x74,0x5f,0x63,0x6f,
    0x6c,0x6f,0x72,0x5f,0x70,0x61,0x72,0x61,0x6d,0x3b,0x0a,0x20,0x20,0x6d,0x61,0x69,
    0x6e,0x5f,0x31,0x28,0x29,0x3b,0x0a,0x20,0x20,0x72,0x65,0x74,0x75,0x72,0x6e,0x20,
    0x6d,0x61,0x69,0x6e,0x5f,0x6f,0x75,0x74,0x28,0x67,0x6c,0x5f,0x50,0x6f,0x73,0x69,
    0x74,0x69,0x6f,0x6e,0x2c,0x20,0x76,0x5f,0x77,0x6f,0x72,0x6c,0x64,0x5f,0x70,0x6f,
    0x73,0x2c,0x20,0x76,0x5f,0x6e,0x6f,0x72,0x6d,0x61,0x6c,0x2c,0x20,0x76,0x5f,0x74,
    0x61,0x6e,0x67,0x65,0x6e,0x74,0x2c,0x20,0x76,0x5f,0x75,0x76,0x30,0x2c,0x20,0x76,
    0x5f,0x75,0x76,0x31,0x2c,0x20,0x76,0x5f,0x63,0x6f,0x6c,0x6f,0x72,0x2c,0x20,0x76,
    0x5f,0x61,0x6c,0x70,0x68,0x61,0x5f,0x6d,0x6f,0x64,0x65,0x29,0x3b,0x0a,0x7d,0x0a,
    0x00,
};
#endif
/*
    diagnostic(off, derivative_uniformity);

    struct vs_params {
      /_ @offset(0) _/
      view_proj : mat4x4f,
      /_ @offset(64) _/
      camera_right : vec4f,
      /_ @offset(80) _/
      camera_up : vec4f,
      /_ @offset(96) _/
      upright : vec4f,
    }

    struct vs_batch_lit {
      /_ @offset(0) _/
      batch_lit : vec4f,
    }

    @binding(0) @group(0) var<uniform> x_78 : vs_params;

    var<private> v_world_pos : vec3f;

    var<private> v_normal : vec3f;

    var<private> v_tangent : vec4f;

    var<private> v_uv0 : vec2f;

    var<private> v_uv1 : vec2f;

    var<private> v_color : vec4f;

    var<private> v_alpha_mode : f32;

    @binding(7) @group(1) var sprite_data_lit : texture_2d<f32>;

    @binding(39) @group(1) var sprite_data_lit_smp : sampler;

    @binding(4) @group(0) var<uniform> x_231 : vs_batch_lit;

    var<private> gl_InstanceIndex : i32;

    var<private> corner_1 : vec2f;

    var<private> gl_Position : vec4f;

    fn texel_lit_i1_i1_(sprite : ptr<function, i32>, k : ptr<function, i32>) -> vec4f {
      let x_225 = textureLoad(sprite_data_lit, vec2i((((*(sprite) % 256i) * 6i) + *(k)), (*(sprite) / 256i)), 0i);
      return x_225;
    }

    const x_42 = vec3f(0.04044999927282333374f);

    fn srgb_to_linear_vf3_(c : ptr<function, vec3f>) -> vec3f {
      let x_35 = *(c);
      let x_40 = *(c);
      let x_55 = *(c);
      return mix((x_35 * vec3f(0.07739938050508499146f)), pow(((max(x_40, x_42) + vec3f(0.05499999970197677612f)) * vec3f(0.94786733388900756836f)), vec3f(2.40000009536743164062f)), step(x_42, x_55));
    }

    fn place_lit_vf2_vf4_vf4_vf4_vf3_vf4_vf4_(corner : ptr<function, vec2f>, pos : ptr<function, vec4f>, size : ptr<function, vec4f>, source : ptr<function, vec4f>, right_axis : ptr<function, vec3f>, up_axis : ptr<function, vec4f>, tint : ptr<function, vec4f>) {
      var right : vec3f;
      var up : vec3f;
      var param : vec3f;
      right = *(right_axis);
      up = (*(up_axis)).xyz;
      if (((*(pos)).w < 0.5f)) {
        right = x_78.camera_right.xyz;
        up = x_78.camera_up.xyz;
      } else {
        if (((*(pos)).w < 1.5f)) {
          right = x_78.upright.xyz;
          up = vec3f(0.0f, 1.0f, 0.0f);
        }
      }
      let x_128 = right;
      let x_133 = up;
      let x_137 = (((*(pos)).xyz + (right * ((((*(corner)).x + 0.5f) - (*(size)).z) * (*(size)).x))) + (up * ((((*(corner)).y - 0.5f) + (*(size)).w) * (*(size)).y)));
      gl_Position = (x_78.view_proj * vec4f(x_137.x, x_137.y, x_137.z, 1.0f));
      v_world_pos = x_137;
      v_normal = cross(x_128, x_133);
      v_tangent = vec4f(x_128.x, x_128.y, x_128.z, 1.0f);
      v_uv0 = vec2f(mix((*(source)).x, (*(source)).z, ((*(corner)).x + 0.5f)), mix((*(source)).y, (*(source)).w, (0.5f - (*(corner)).y)));
      v_uv1 = v_uv0;
      param = (*(tint)).xyz;
      let x_192 = srgb_to_linear_vf3_(&(param));
      v_color = vec4f(x_192.x, x_192.y, x_192.z, (*(tint)).w);
      v_alpha_mode = (*(up_axis)).w;
      return;
    }

    fn main_1() {
      var param_1 : i32;
      var param_2 : i32;
      var param_3 : i32;
      var param_4 : i32;
      var param_5 : i32;
      var param_6 : i32;
      var param_7 : i32;
      var param_8 : i32;
      var param_9 : i32;
      var param_10 : i32;
      var param_11 : i32;
      var param_12 : i32;
      var param_13 : vec2f;
      var param_14 : vec4f;
      var param_15 : vec4f;
      var param_16 : vec4f;
      var param_17 : vec3f;
      var param_18 : vec4f;
      var param_19 : vec4f;
      let x_239 = (i32(x_231.batch_lit.x) + gl_InstanceIndex);
      param_1 = x_239;
      param_2 = 0i;
      let x_245 = texel_lit_i1_i1_(&(param_1), &(param_2));
      param_3 = x_239;
      param_4 = 1i;
      let x_249 = texel_lit_i1_i1_(&(param_3), &(param_4));
      param_5 = x_239;
      param_6 = 2i;
      let x_253 = texel_lit_i1_i1_(&(param_5), &(param_6));
      param_7 = x_239;
      param_8 = 3i;
      let x_257 = texel_lit_i1_i1_(&(param_7), &(param_8));
      param_9 = x_239;
      param_10 = 4i;
      let x_262 = texel_lit_i1_i1_(&(param_9), &(param_10));
      param_11 = x_239;
      param_12 = 5i;
      let x_267 = texel_lit_i1_i1_(&(param_11), &(param_12));
      param_13 = corner_1;
      param_14 = x_245;
      param_15 = x_249;
      param_16 = x_253;
      param_17 = x_257.xyz;
      param_18 = x_262;
      param_19 = x_267;
      place_lit_vf2_vf4_vf4_vf4_vf3_vf4_vf4_(&(param_13), &(param_14), &(param_15), &(param_16), &(param_17), &(param_18), &(param_19));
      return;
    }

    struct main_out {
      @builtin(position)
      gl_Position : vec4f,
      @location(5)
      v_world_pos_1 : vec3f,
      @location(0)
      v_normal_1 : vec3f,
      @location(1)
      v_tangent_1 : vec4f,
      @location(2)
      v_uv0_1 : vec2f,
      @location(3)
      v_uv1_1 : vec2f,
      @location(4)
      v_color_1 : vec4f,
      @location(6)
      v_alpha_mode_1 : f32,
    }

    @vertex
    fn main(@builtin(instance_index) gl_InstanceIndex_param : u32, @location(0) corner_1_param : vec2f) -> main_out {
      gl_InstanceIndex = bitcast<i32>(gl_InstanceIndex_param);
      corner_1 = corner_1_param;
      main_1();
      return main_out(gl_Position, v_world_pos, v_normal, v_tangent, v_uv0, v_uv1, v_color, v_alpha_mode);
    }
*/
#if defined(SOKOL_WGPU)
static const uint8_t sprite_vs_lit_pulled_source_wgsl[4721] = {
    0x64,0x69,0x61,0x67,0x6e,0x6f,0x73,0x74,0x69,0x63,0x28,0x6f,0x66,0x66,0x2c,0x20,
    0x64,0x65,0x72,0x69,0x76,0x61,0x74,0x69,0x76,0x65,0x5f,0x75,0x6e,0x69,0x66,0x6f,
    0x72,0x6d,0x69,0x74,0x79,0x29,0x3b,0x0a,0x0a,0x73,0x74,0x72,0x75,0x63,0x74,0x20,
    0x76,0x73,0x5f,0x70,0x61,0x72,0x61,0x6d,0x73,0x20,0x7b,0x0a,0x20,0x20,0x2f,0x2a,
    0x20,0x40,0x6f,0x66,0x66,0x73,0x65,0x74,0x28,0x30,0x29,0x20,0x2a,0x2f,0x0a,0x20,
    0x20,0x76,0x69,0x65,0x77,0x5f,0x70,0x72,0x6f,0x6a,0x20,0x3a,0x20,0x6d,0x61,0x74,
    0x34,0x78,0x34,0x66,0x2c,0x0a,0x20,0x20,0x2f,0x2a,0x20,0x40,0x6f,0x66,0x66,0x73,
    0x65,0x74,0x28,0x36,0x34,0x29,0x20,0x2a,0x2f,0x0a,0x20,0x20,0x63,0x61,0x6d,0x65,
    0x72,0x61,0x5f,0x72,0x69,0x67,0x68,0x74,0x20,0x3a,0x20,0x76,0x65,0x63,0x34,0x66,
    0x2c,0x0a,0x20,0x20,0x2f,0x2a,0x20,0x40,0x6f,0x66,0x66,0x73,0x65,0x74,0x28,0x38,
    0x30,0x29,0x20,0x2a,0x2f,0x0a,0x20,0x20,0x63,0x61,0x6d,0x65,0x72,0x61,0x5f,0x75,
    0x70,0x20,0x3a,0x20,0x76,0x65,0x63,0x34,0x66,0x2c,0x0a,0x20,0x20,0x2f,0x2a,0x20,
    0x40,0x6f,0x66,0x66,0x73,0x65,0x74,0x28,0x39,0x36,0x29,0x20,0x2a,0x2f,0x0a,0x20,
    0x20,0x75,0x70,0x72,0x69,0x67,0x68,0x74,0x20,0x3a,0x20,0x76,0x65,0x63,0x34,0x66,
    0x2c,0x0a,0x7d,0x0a,0x0a,0x73,0x74,0x72,0x75,0x63,0x74,0x20,0x76,0x73,0x5f,0x62,
    0x61,0x74,0x63,0x68,0x5f,0x6c,0x69,0x74,0x20,0x7b,0x0a,0x20,0x20,0x2f,0x2a,0x20,
    0x40,0x6f,0x66,0x66,0x73,0x65,0x74,0x28,0x30,0x29,0x20,0x2a,0x2f,0x0a,0x20,0x20,
    0x62,0x61,0x74,0x63,0x68,0x5f,0x6c,0x69,0x74,0x20,0x3a,0x20,0x76,0x65,0x63,0x34,
    0x66,0x2c,0x0a,0x7d,0x0a,0x0a,0x40,0x62,0x69,0x6e,0x64,0x69,0x6e,0x67,0x28,0x30,
    0x29,0x20,0x40,0x67,0x72,0x6f,0x75,0x70,0x28,0x30,0x29,0x20,0x76,0x61,0x72,0x3c,
    0x75,0x6e,0x69,0x66,0x6f,0x72,0x6d,0x3e,0x20,0x78,0x5f,0x37,0x38,0x20,0x3a,0x20,
    0x76,0x73,0x5f,0x70,0x61,0x72,0x61,0x6d,0x73,0x3b,0x0a,0x0a,0x76,0x61,0x72,0x3c,
    0x70,0x72,0x69,0x76,0x61,0x74,0x65,0x3e,0x20,0x76,0x5f,0x77,0x6f,0x72,0x6c,0x64,
    0x5f,0x70,0x6f,0x73,0x20,0x3a,0x20,0x76,0x65,0x63,0x33,0x66,0x3b,0x0a,0x0a,0x76,
    0x61,0x72,0x3c,0x70,0x72,0x69,0x76,0x61,0x74,0x65,0x3e,0x20,0x76,0x5f,0x6e,0x6f,
    0x72,0x6d,0x61,0x6c,0x20,0x3a,0x20,0x76,0x65,0x63,0x33,0x66,0x3b,0x0a,0x0a,0x76,
    0x61,0x72,0x3c,0x70,0x72,0x69,0x76,0x61,0x74,0x65,0x3e,0x20,0x76,0x5f,0x74,0x61,
    0x6e,0x67,0x65,0x6e,0x74,0x20,0x3a,0x20,0x76,0x65,0x63,0x34,0x66,0x3b,0x0a,0x0a,
    0x76,0x61,0x72,0x3c,0x70,0x72,0x69,0x76,0x61,0x74,0x65,0x3e,0x20,0x76,0x5f,0x75,
    0x76,0x30,0x20,0x3a,0x20,0x76,0x65,0x63,0x32,0x66,0x3b,0x0a,0x0a,0x76,0x61,0x72,
    0x3c,0x70,0x72,0x69,0x76,0x61,0x74,0x65,0x3e,0x20,0x76,0x5f,0x75,0x76,0x31,0x20,
    0x3a,0x20,0x76,0x65,0x63,0x32,0x66,0x3b,0x0a,0x0a,0x76,0x61,0x72,0x3c,0x70,0x72,
    0x69,0x76,0x61,0x74,0x65,0x3e,0x20,0x76,0x5f,0x63,0x6f,0x6c,0x6f,0x72,0x20,0x3a,
    0x20,0x76,0x65,0x63,0x34,0x66,0x3b,0x0a,0x0a,0x76,0x61,0x72,0x3c,0x70,0x72,0x69,
    0x76,0x61,0x74,0x65,0x3e,0x20,0x76,0x5f,0x61,0x6c,0x70,0x68,0x61,0x5f,0x6d,0x6f,
    0x64,0x65,0x20,0x3a,0x20,0x66,0x33,0x32,0x3b,0x0a,0x0a,0x40,0x62,0x69,0x6e,0x64,
    0x69,0x6e,0x67,0x28,0x37,0x29,0x20,0x40,0x67,0x72,0x6f,0x75,0x70,0x28,0x31,0x29,
    0x20,0x76,0x61,0x72,0x20,0x73,0x70,0x72,0x69,0x74,0x65,0x5f,0x64,0x61,0x74,0x61,
    0x5f,0x6c,0x69,0x74,0x20,0x3a,0x20,0x74,0x65,0x78,0x74,0x75,0x72,0x65,0x5f,0x32,
    0x64,0x3c,0x66,0x33,0x32,0x3e,0x3b,0x0a,0x0a,0x40,0x62,0x69,0x6e,0x64,0x69,0x6e,
    0x67,0x28,0x33,0x39,0x29,0x20,0x40,0x67,0x72,0x6f,0x75,0x70,0x28,0x31,0x29,0x20,
    0x76,0x61,0x72,0x20,0x73,0x70,0x72,0x69,0x74,0x65,0x5f,0x64,0x61,0x74,0x61,0x5f,
    0x6c,0x69,0x74,0x5f,0x73,0x6d,0x70,0x20,0x3a,0x20,0x73,0x61,0x6d,0x70,0x6c,0x65,
    0x72,0x3b,0x0a,0x0a,0x40,0x62,0x69,0x6e,0x64,0x69,0x6e,0x67,0x28,0x34,0x29,0x20,
    0x40,0x67,0x72,0x6f,0x75,0x70,0x28,0x30,0x29,0x20,0x76,0x61,0x72,0x3c,0x75,0x6e,
    0x69,0x66,0x6f,0x72,0x6d,0x3e,0x20,0x78,0x5f,0x32,0x33,0x31,0x20,0x3a,0x20,0x76,
    0x73,0x5f,0x62,0x61,0x74,0x63,0x68,0x5f,0x6c,0x69,0x74,0x3b,0x0a,0x0a,0x76,0x61,
    0x72,0x3c,0x70,0x72,0x69,0x76,0x61,0x74,0x65,0x3e,0x20,0x67,0x6c,0x5f,0x49,0x6e,
    0x73,0x74,0x61,0x6e,0x63,0x65,0x49,0x6e,0x64,0x65,0x78,0x20,0x3a,0x20,0x69,0x33,
    0x32,0x3b,0x0a,0x0a,0x76,0x61,0x72,0x3c,0x70,0x72,0x69,0x76,0x61,0x74,0x65,0x3e,
    0x20,0x63,0x6f,0x72,0x6e,0x65,0x72,0x5f,0x31,0x20,0x3a,0x20,0x76,0x65,0x63,0x32,
    0x66,0x3b,0x0a,0x0a,0x76,0x61,0x72,0x3c,0x70,0x72,0x69,0x76,0x61,0x74,0x65,0x3e,
    0x20,0x67,0x6c,0x5f,0x50,0x6f,0x73,0x69,0x74,0x69,0x6f,0x6e,0x20,0x3a,0x20,0x76,
    0x65,0x63,0x34,0x66,0x3b,0x0a,0x0a,0x66,0x6e,0x20,0x74,0x65,0x78,0x65,0x6c,0x5f,
    0x6c,0x69,0x74,0x5f,0x69,0x31,0x5f,0x69,0x31,0x5f,0x28,0x73,0x70,0x72,0x69,0x74,
    0x65,0x20,0x3a,0x20,0x70,0x74,0x72,0x3c,0x66,0x75,0x6e,0x63,0x74,0x69,0x6f,0x6e,
    0x2c,0x20,0x69,0x33,0x32,0x3e,0x2c,0x20,0x6b,0x20,0x3a,0x20,0x70,0x74,0x72,0x3c,
    0x66,0x75,0x6e,0x63,0x74,0x69,0x6f,0x6e,0x2c,0x20,0x69,0x33,0x32,0x3e,0x29,0x20,
    0x2d,0x3e,0x20,0x76,0x65,0x63,0x34,0x66,0x20,0x7b,0x0a,0x20,0x20,0x6c,0x65,0x74,
    0x20,0x78,0x5f,0x32,0x32,0x35,0x20,0x3d,0x20,0x74,0x65,0x78,0x74,0x75,0x72,0x65,
    0x4c,0x6f,0x61,0x64,0x28,0x73,0x70,0x72,0x69,0x74,0x65,0x5f,0x64,0x61,0x74,0x61,
    0x5f,0x6c,0x69,0x74,0x2c,0x20,0x76,0x65,0x63,0x32,0x69,0x28,0x28,0x28,0x28,0x2a,
    0x28,0x73,0x70,0x72,0x69,0x74,0x65,0x29,0x20,0x25,0x20,0x32,0x35,0x36,0x69,0x29,
    0x20,0x2a,0x20,0x36,0x69,0x29,0x20,0x2b,0x20,0x2a,0x28,0x6b,0x29,0x29,0x2c,0x20,
    0x28,0x2a,0x28,0x73,0x70,0x72,0x69,0x74,0x65,0x29,0x20,0x2f,0x20,0x32,0x35,0x36,
    0x69,0x29,0x29,0x2c,0x20,0x30,0x69,0x29,0x3b,0x0a,0x20,0x20,0x72,0x65,0x74,0x75,
    0x72,0x6e,0x20,0x78,0x5f,0x32,0x32,0x35,0x3b,0x0a,0x7d,0x0a,0x0a,0x63,0x6f,0x6e,
    0x73,0x74,0x20,0x78,0x5f,0x34,0x32,0x20,0x3d,0x20,0x76,0x65,0x63,0x33,0x66,0x28,
    0x30,0x2e,0x30,0x34,0x30,0x34,0x34,0x39,0x39,0x39,0x39,0x32,0x37,0x32,0x38,0x32,
    0x33,0x33,0x33,0x33,0x37,0x34,0x66,0x29,0x3b,0x0a,0x0a,0x66,0x6e,0x20,0x73,0x72,
    0x67,0x62,0x5f,0x74,0x6f,0x5f,0x6c,0x69,0x6e,0x65,0x61,0x72,0x5f,0x76,0x66,0x33,
    0x5f,0x28,0x63,0x20,0x3a,0x20,0x70,0x74,0x72,0x3c,0x66,0x75,0x6e,0x63,0x74,0x69,
    0x6f,0x6e,0x2c,0x20,0x76,0x65,0x63,0x33,0x66,0x3e,0x29,0x20,0x2d,0x3e,0x20,0x76,
    0x65,0x63,0x33,0x66,0x20,0x7b,0x0a,0x20,0x20,0x6c,0x65,0x74,0x20,0x78,0x5f,0x33,
    0x35,0x20,0x3d,0x20,0x2a,0x28,0x63,0x29,0x3b,0x0a,0x20,0x20,0x6c,0x65,0x74,0x20,
    0x78,0x5f,0x34,0x30,0x20,0x3d,0x20,0x2a,0x28,0x63,0x29,0x3b,0x0a,0x20,0x20,0x6c,
    0x65,0x74,0x20,0x78,0x5f,0x35,0x35,0x20,0x3d,0x20,0x2a,0x28,0x63,0x29,0x3b,0x0a,
    0x20,0x20,0x72,0x65,0x74,0x75,0x72,0x6e,0x20,0x6d,0x69,0x78,0x28,0x28,0x78,0x5f,
    0x33,0x35,0x20,0x2a,0x20,0x76,0x65,0x63,0x33,0x66,0x28,0x30,0x2e,0x30,0x37,0x37,
    0x33,0x39,0x39,0x33,0x38,0x30,0x35,0x30,0x35,0x30,0x38,0x34,0x39,0x39,0x31,0x34,
    0x36,0x66,0x29,0x29,0x2c,0x20,0x70,0x6f,0x77,0x28,0x28,0x28,0x6d,0x61,0x78,0x28,
    0x78,0x5f,0x34,0x30,0x2c,0x20,0x78,0x5f,0x34,0x32,0x29,0x20,0x2b,0x20,0x76,0x65,
    0x63,0x33,0x66,0x28,0x30,0x2e,0x30,0x35,0x34,0x39,0x39,0x39,0x39,0x39,0x39,0x37,
    0x30,0x31,0x39,0x37,0x36,0x37,0x37,0x36,0x31,0x32,0x66,0x29,0x29,0x20,0x2a,0x20,
    0x76,0x65,0x63,0x33,0x66,0x28,0x30,0x2e,0x39,0x34,0x37,0x38,0x36,0x37,0x33,0x33,
    0x33,0x38,0x38,0x39,0x30,0x30,0x37,0x35,0x36,0x38,0x33,0x36,0x66,0x29,0x29,0x2c,
    0x20,0x76,0x65,0x63,0x33,0x66,0x28,0x32,0x2e,0x34,0x30,0x30,0x30,0x30,0x30,0x30,
    0x39,0x35,0x33,0x36,0x37,0x34,0x33,0x31,0x36,0x34,0x30,0x36,0x32,0x66,0x29,0x29,
    0x2c,0x20,0x73,0x74,0x65,0x70,0x28,0x78,0x5f,0x34,0x32,0x2c,0x20,0x78,0x5f,0x35,
    0x35,0x29,0x29,0x3b,0x0a,0x7d,0x0a,0x0a,0x66,0x6e,0x20,0x70,0x6c,0x61,0x63,0x65,
    0x5f,0x6c,0x69,0x74,0x5f,0x76,0x66,0x32,0x5f,0x76,0x66,0x34,0x5f,0x76,0x66,0x34,
    0x5f,0x76,0x66,0x34,0x5f,0x76,0x66,0x33,0x5f,0x76,0x66,0x34,0x5f,0x76,0x66,0x34,
    0x5f,0x28,0x63,0x6f,0x72,0x6e,0x65,0x72,0x20,0x3a,0x20,0x70,0x74,0x72,0x3c,0x66,
    0x75,0x6e,0x63,0x74,0x69,0x6f,0x6e,0x2c,0x20,0x76,0x65,0x63,0x32,0x66,0x3e,0x2c,
    0x20,0x70,0x6f,0x73,0x20,0x3a,0x20,0x70,0x74,0x72,0x3c,0x66,0x75,0x6e,0x63,0x74,
    0x69,0x6f,0x6e,0x2c,0x20,0x76,0x65,0x63,0x34,0x66,0x3e,0x2c,0x20,0x73,0x69,0x7a,
    0x65,0x20,0x3a,0x20,0x70,0x74,0x72,0x3c,0x66,0x75,0x6e,0x63,0x74,0x69,0x6f,0x6e,
    0x2c,0x20,0x76,0x65,0x63,0x34,0x66,0x3e,0x2c,0x20,0x73,0x6f,0x75,0x72,0x63,0x65,
    0x20,0x3a,0x20,0x70,0x74,0x72,0x3c,0x66,0x75,0x6e,0x63,0x74,0x69,0x6f,0x6e,0x2c,
    0x20,0x76,0x65,0x63,0x34,0x66,0x3e,0x2c,0x20,0x72,0x69,0x67,0x68,0x74,0x5f,0x61,
    0x78,0x69,0x73,0x20,0x3a,0x20,0x70,0x74,0x72,0x3c,0x66,0x75,0x6e,0x63,0x74,0x69,
    0x6f,0x6e,0x2c,0x20,0x76,0x65,0x63,0x33,0x66,0x3e,0x2c,0x20,0x75,0x70,0x5f,0x61,
    0x78,0x69,0x73,0x20,0x3a,0x20,0x70,0x74,0x72,0x3c,0x66,0x75,0x6e,0x63,0x74,0x69,
    0x6f,0x6e,0x2c,0x20,0x76,0x65,0x63,0x34,0x66,0x3e,0x2c,0x20,0x74,0x69,0x6e,0x74,
    0x20,0x3a,0x20,0x70,0x74,0x72,0x3c,0x66,0x75,0x6e,0x63,0x74,0x69,0x6f,0x6e,0x2c,
    0x20,0x76,0x65,0x63,0x34,0x66,0x3e,0x29,0x20,0x7b,0x0a,0x20,0x20,0x76,0x61,0x72,
    0x20,0x72,0x69,0x67,0x68,0x74,0x20,0x3a,0x20,0x76,0x65,0x63,0x33,0x66,0x3b,0x0a,
    0x20,0x20,0x76,0x61,0x72,0x20,0x75,0x70,0x20,0x3a,0x20,0x76,0x65,0x63,0x33,0x66,
    0x3b,0x0a,0x20,0x20,0x76,0x61,0x72,0x20,0x70,0x61,0x72,0x61,0x6d,0x20,0x3a,0x20,
    0x76,0x65,0x63,0x33,0x66,0x3b,0x0a,0x20,0x20,0x72,0x69,0x67,0x68,0x74,0x20,0x3d,
    0x20,0x2a,0x28,0x72,0x69,0x67,0x68,0x74,0x5f,0x61,0x78,0x69,0x73,0x29,0x3b,0x0a,
    0x20,0x20,0x75,0x70,0x20,0x3d,0x20,0x28,0x2a,0x28,0x75,0x70,0x5f,0x61,0x78,0x69,
    0x73,0x29,0x29,0x2e,0x78,0x79,0x7a,0x3b,0x0a,0x20,0x20,0x69,0x66,0x20,0x28,0x28,
    0x28,0x2a,0x28,0x70,0x6f,0x73,0x29,0x29,0x2e,0x77,0x20,0x3c,0x20,0x30,0x2e,0x35,
    0x66,0x29,0x29,0x20,0x7b,0x0a,0x20,0x20,0x20,0x20,0x72,0x69,0x67,0x68,0x74,0x20,
    0x3d,0x20,0x78,0x5f,0x37,0x38,0x2e,0x63,0x61,0x6d,0x65,0x72,0x61,0x5f,0x72,0x69,
    0x67,0x68,0x74,0x2e,0x78,0x79,0x7a,0x3b,0x0a,0x20,0x20,0x20,0x20,0x75,0x70,0x20,
    0x3d,0x20,0x78,0x5f,0x37,0x38,0x2e,0x63,0x61,0x6d,0x65,0x72,0x61,0x5f,0x75,0x70,
    0x2e,0x78,0x79,0x7a,0x3b,0x0a,0x20,0x20,0x7d,0x20,0x65,0x6c,0x73,0x65,0x20,0x7b,
    0x0a,0x20,0x20,0x20,0x20,0x69,0x66,0x20,0x28,0x28,0x28,0x2a,0x28,0x70,0x6f,0x73,
    0x29,0x29,0x2e,0x77,0x20,0x3c,0x20,0x31,0x2e,0x35,0x66,0x29,0x29,0x20,0x7b,0x0a,
    0x20,0x20,0x20,0x20,0x20,0x20,0x72,0x69,0x67,0x68,0x74,0x20,0x3d,0x20,0x78,0x5f,
    0x37,0x38,0x2e,0x75,0x70,0x72,0x69,0x67,0x68,0x74,0x2e,0x78,0x79,0x7a,0x3b,0x0a,
    0x20,0x20,0x20,0x20,0x20,0x20,0x75,0x70,0x20,0x3d,0x20,0x76,0x65,0x63,0x33,0x66,
    0x28,0x30,0x2e,0x30,0x66,0x2c,0x20,0x31,0x2e,0x30,0x66,0x2c,0x20,0x30,0x2e,0x30,
    0x66,0x29,0x3b,0x0a,0x20,0x20,0x20,0x20,0x7d,0x0a,0x20,0x20,0x7d,0x0a,0x20,0x20,
    0x6c,0x65,0x74,0x20,0x78,0x5f,0x31,0x32,0x38,0x20,0x3d,0x20,0x72,0x69,0x67,0x68,
    0x74,0x3b,0x0a,0x20,0x20,0x6c,0x65,0x74,0x20,0x78,0x5f,0x31,0x33,0x33,0x20,0x3d,
    0x20,0x75,0x70,0x3b,0x0a,0x20,0x20,0x6c,0x65,0x74,0x20,0x78,0x5f,0x31,0x33,0x37,
    0x20,0x3d,0x20,0x28,0x28,0x28,0x2a,0x28,0x70,0x6f,0x73,0x29,0x29,0x2e,0x78,0x79,
    0x7a,0x20,0x2b,0x20,0x28,0x72,0x69,0x67,0x68,0x74,0x20,0x2a,0x20,0x28,0x28,0x28,
    0x28,0x2a,0x28,0x63,0x6f,0x72,0x6e,0x65,0x72,0x29,0x29,0x2e,0x78,0x20,0x2b,0x20,
    0x30,0x2e,0x35,0x66,0x29,0x20,0x2d,0x20,0x28,0x2a,0x28,0x73,0x69,0x7a,0x65,0x29,
    0x29,0x2e,0x7a,0x29,0x20,0x2a,0x20,0x28,0x2a,0x28,0x73,0x69,0x7a,0x65,0x29,0x29,
    0x2e,0x78,0x29,0x29,0x29,0x20,0x2b,0x20,0x28,0x75,0x70,0x20,0x2a,0x20,0x28,0x28,
    0x28,0x28,0x2a,0x28,0x63,0x6f,0x72,0x6e,0x65,0x72,0x29,0x29,0x2e,0x79,0x20,0x2d,
    0x20,0x30,0x2e,0x35,0x66,0x29,0x20,0x2b,0x20,0x28,0x2a,0x28,0x73,0x69,0x7a,0x65,
    0x29,0x29,0x2e,0x77,0x29,0x20,0x2a,0x20,0x28,0x2a,0x28,0x73,0x69,0x7a,0x65,0x29,
    0x29,0x2e,0x79,0x29,0x29,0x29,0x3b,0x0a,0x20,0x20,0x67,0x6c,0x5f,0x50,0x6f,0x73,
    0x69,0x74,0x69,0x6f,0x6e,0x20,0x3d,0x20,0x28,0x78,0x5f,0x37,0x38,0x2e,0x76,0x69,
    0x65,0x77,0x5f,0x70,0x72,0x6f,0x6a,0x20,0x2a,0x20,0x76,0x65,0x63,0x34,0x66,0x28,
    0x78,0x5f,0x31,0x33,0x37,0x2e,0x78,0x2c,0x20,0x78,0x5f,0x31,0x33,0x37,0x2e,0x79,
    0x2c,0x20,0x78,0x5f,0x31,0x33,0x37,0x2e,0x7a,0x2c,0x20,0x31,0x2e,0x30,0x66,0x29,
    0x29,0x3b,0x0a,0x20,0x20,0x76,0x5f,0x77,0x6f,0x72,0x6c,0x64,0x5f,0x70,0x6f,0x73,
    0x20,0x3d,0x20,0x78,0x5f,0x31,0x33,0x37,0x3b,0x0a,0x20,0x20,0x76,0x5f,0x6e,0x6f,
    0x72,0x6d,0x61,0x6c,0x20,0x3d,0x20,0x63,0x72,0x6f,0x73,0x73,0x28,0x78,0x5f,0x31,
    0x32,0x38,0x2c,0x20,0x78,0x5f,0x31,0x33,0x33,0x29,0x3b,0x0a,0x20,0x20,0x76,0x5f,
    0x74,0x61,0x6e,0x67,0x65,0x6e,0x74,0x20,0x3d,0x20,0x76,0x65,0x63,0x34,0x66,0x28,
    0x78,0x5f,0x31,0x32,0x38,0x2e,0x78,0x2c,0x20,0x78,0x5f,0x31,0x32,0x38,0x2e,0x79,
    0x2c,0x20,0x78,0x5f,0x31,0x32,0x38,0x2e,0x7a,0x2c,0x20,0x31,0x2e,0x30,0x66,0x29,
    0x3b,0x0a,0x20,0x20,0x76,0x5f,0x75,0x76,0x30,0x20,0x3d,0x20,0x76,0x65,0x63,0x32,
    0x66,0x28,0x6d,0x69,0x78,0x28,0x28,0x2a,0x28,0x73,0x6f,0x75,0x72,0x63,0x65,0x29,
    0x29,0x2e,0x78,0x2c,0x20,0x28,0x2a,0x28,0x73,0x6f,0x75,0x72,0x63,0x65,0x29,0x29,
    0x2e,0x7a,0x2c,0x20,0x28,0x28,0x2a,0x28,0x63,0x6f,0x72,0x6e,0x65,0x72,0x29,0x29,
    0x2e,0x78,0x20,0x2b,0x20,0x30,0x2e,0x35,0x66,0x29,0x29,0x2c,0x20,0x6d,0x69,0x78,
    0x28,0x28,0x2a,0x28,0x73,0x6f,0x75,0x72,0x63,0x65,0x29,0x29,0x2e,0x79,0x2c,0x20,
    0x28,0x2a,0x28,0x73,0x6f,0x75,0x72,0x63,0x65,0x29,0x29,0x2e,0x77,0x2c,0x20,0x28,
    0x30,0x2e,0x35,0x66,0x20,0x2d,0x20,0x28,0x2a,0x28,0x63,0x6f,0x72,0x6e,0x65,0x72,
    0x29,0x29,0x2e,0x79,0x29,0x29,0x29,0x3b,0x0a,0x20,0x20,0x76,0x5f,0x75,0x76,0x31,
    0x20,0x3d,0x20,0x76,0x5f,0x75,0x76,0x30,0x3b,0x0a,0x20,0x20,0x70,0x61,0x72,0x61,
    0x6d,0x20,0x3d,0x20,0x28,0x2a,0x28,0x74,0x69,0x6e,0x74,0x29,0x29,0x2e,0x78,0x79,
    0x7a,0x3b,0x0a,0x20,0x20,0x6c,0x65,0x74,0x20,0x78,0x5f,0x31,0x39,0x32,0x20,0x3d,
    0x20,0x73,0x72,0x67,0x62,0x5f,0x74,0x6f,0x5f,0x6c,0x69,0x6e,0x65,0x61,0x72,0x5f,
    0x76,0x66,0x33,0x5f,0x28,0x26,0x28,0x70,0x61,0x72,0x61,0x6d,0x29,0x29,0x3b,0x0a,
    0x20,0x20,0x76,0x5f,0x63,0x6f,0x6c,0x6f,0x72,0x20,0x3d,0x20,0x76,0x65,0x63,0x34,
    0x66,0x28,0x78,0x5f,0x31,0x39,0x32,0x2e,0x78,0x2c,0x20,0x78,0x5f,0x31,0x39,0x32,
    0x2e,0x79,0x2c,0x20,0x78,0x5f,0x31,0x39,0x32,0x2e,0x7a,0x2c,0x20,0x28,0x2a,0x28,
    0x74,0x69,0x6e,0x74,0x29,0x29,0x2e,0x77,0x29,0x3b,0x0a,0x20,0x20,0x76,0x5f,0x61,
    0x6c,0x70,0x68,0x61,0x5f,0x6d,0x6f,0x64,0x65,0x20,0x3d,0x20,0x28,0x2a,0x28,0x75,
    0x70,0x5f,0x61,0x78,0x69,0x73,0x29,0x29,0x2e,0x77,0x3b,0x0a,0x20,0x20,0x72,0x65,
    0x74,0x75,0x72,0x6e,0x3b,0x0a,0x7d,0x0a,0x0a,0x66,0x6e,0x20,0x6d,0x61,0x69,0x6e,
    0x5f,0x31,0x28,0x29,0x20,0x7b,0x0a,0x20,0x20,0x76,0x61,0x72,0x20,0x70,0x61,0x72,
    0x61,0x6d,0x5f,0x31,0x20,0x3a,0x20,0x69,0x33,0x32,0x3b,0x0a,0x20,0x20,0x76,0x61,
    0x72,0x20,0x70,0x61,0x72,0x61,0x6d,0x5f,0x32,0x20,0x3a,0x20,0x69,0x33,0x32,0x3b,
    0x0a,0x20,0x20,0x76,0x61,0x72,0x20,0x70,0x61,0x72,0x61,0x6d,0x5f,0x33,0x20,0x3a,
    0x20,0x69,0x33,0x32,0x3b,0x0a,0x20,0x20,0x76,0x61,0x72,0x20,0x70,0x61,0x72,0x61,
    0x6d,0x5f,0x34,0x20,0x3a,0x20,0x69,0x33,0x32,0x3b,0x0a,0x20,0x20,0x76,0x61,0x72,
    0x20,0x70,0x61,0x72,0x61,0x6d,0x5f,0x35,0x20,0x3a,0x20,0x69,0x33,0x32,0x3b,0x0a,
    0x20,0x20,0x76,0x61,0x72,0x20,0x70,0x61,0x72,0x61,0x6d,0x5f,0x36,0x20,0x3a,0x20,
    0x69,0x33,0x32,0x3b,0x0a,0x20,0x20,0x76,0x61,0x72,0x20,0x70,0x61,0x72,0x61,0x6d,
    0x5f,0x37,0x20,0x3a,0x20,0x69,0x33,0x32,0x3b,0x0a,0x20,0x20,0x76,0x61,0x72,0x20,
    0x70,0x61,0x72,0x61,0x6d,0x5f,0x38,0x20,0x3a,0x20,0x69,0x33,0x32,0x3b,0x0a,0x20,
    0x20,0x76,0x61,0x72,0x20,0x70,0x61,0x72,0x61,0x6d,0x5f,0x39,0x20,0x3a,0x20,0x69,
    0x33,0x32,0x3b,0x0a,0x20,0x20,0x76,0x61,0x72,0x20,0x70,0x61,0x72,0x61,0x6d,0x5f,
    0x31,0x30,0x20,0x3a,0x20,0x69,0x33,0x32,0x3b,0x0a,0x20,0x20,0x76,0x61,0x72,0x20,
    0x70,0x61,0x72,0x61,0x6d,0x5f,0x31,0x31,0x20,0x3a,0x20,0x69,0x33,0x32,0x3b,0x0a,
    0x20,0x20,0x76,0x61,0x72,0x20,0x70,0x61,0x72,0x61,0x6d,0x5f,0x31,0x32,0x20,0x3a,
    0x20,0x69,0x33,0x32,0x3b,0x0a,0x20,0x20,0x76,0x61,0x72,0x20,0x70,0x61,0x72,0x61,
    0x6d,0x5f,0x31,0x33,0x20,0x3a,0x20,0x76,0x65,0x63,0x32,0x66,0x3b,0x0a,0x20,0x20,
    0x76,0x61,0x72,0x20,0x70,0x61,0x72,0x61,0x6d,0x5f,0x31,0x34,0x20,0x3a,0x20,0x76,
    0x65,0x63,0x34,0x66,0x3b,0x0a,0x20,0x20,0x76,0x61,0x72,0x20,0x70,0x61,0x72,0x61,
    0x6d,0x5f,0x31,0x35,0x20,0x3a,0x20,0x76,0x65,0x63,0x34,0x66,0x3b,0x0a,0x20,0x20,
    0x76,0x61,0x72,0x20,0x70,0x61,0x72,0x61,0x6d,0x5f,0x31,0x36,0x20,0x3a,0x20,0x76,
    0x65,0x63,0x34,0x66,0x3b,0x0a,0x20,0x20,0x76,0x61,0x72,0x20,0x70,0x61,0x72,0x61,
    0x6d,0x5f,0x31,0x37,0x20,0x3a,0x20,0x76,0x65,0x63,0x33,0x66,0x3b,0x0a,0x20,0x20,
    0x76,0x61,0x72,0x20,0x70,0x61,0x72,0x61,0x6d,0x5f,0x31,0x38,0x20,0x3a,0x20,0x76,
    0x65,0x63,0x34,0x66,0x3b,0x0a,0x20,0x20,0x76,0x61,0x72,0x20,0x70,0x61,0x72,0x61,
    0x6d,0x5f,0x31,0x39,0x20,0x3a,0x20,0x76,0x65,0x63,0x34,0x66,0x3b,0x0a,0x20,0x20,
    0x6c,0x65,0x74,0x20,0x78,0x5f,0x32,0x33,0x39,0x20,0x3d,0x20,0x28,0x69,0x33,0x32,
    0x28,0x78,0x5f,0x32,0x33,0x31,0x2e,0x62,0x61,0x74,0x63,0x68,0x5f,0x6c,0x69,0x74,
    0x2e,0x78,0x29,0x20,0x2b,0x20,0x67,0x6c,0x5f,0x49,0x6e,0x73,0x74,0x61,0x6e,0x63,
    0x65,0x49,0x6e,0x64,0x65,0x78,0x29,0x3b,0x0a,0x20,0x20,0x70,0x61,0x72,0x61,0x6d,
    0x5f,0x31,0x20,0x3d,0x20,0x78,0x5f,0x32,0x33,0x39,0x3b,0x0a,0x20,0x20,0x70,0x61,
    0x72,0x61,0x6d,0x5f,0x32,0x20,0x3d,0x20,0x30,0x69,0x3b,0x0a,0x20,0x20,0x6c,0x65,
    0x74,0x20,0x78,0x5f,0x32,0x34,0x35,0x20,0x3d,0x20,0x74,0x65,0x78,0x65,0x6c,0x5f,
    0x6c,0x69,0x74,0x5f,0x69,0x31,0x5f,0x69,0x31,0x5f,0x28,0x26,0x28,0x70,0x61,0x72,
    0x61,0x6d,0x5f,0x31,0x29,0x2c,0x20,0x26,0x28,0x70,0x61,0x72,0x61,0x6d,0x5f,0x32,
    0x29,0x29,0x3b,0x0a,0x20,0x20,0x70,0x61,0x72,0x61,0x6d,0x5f,0x33,0x20,0x3d,0x20,
    0x78,0x5f,0x32,0x33,0x39,0x3b,0x0a,0x20,0x20,0x70,0x61,0x72,0x61,0x6d,0x5f,0x34,
    0x20,0x3d,0x20,0x31,0x69,0x3b,0x0a,0x20,0x20,0x6c,0x65,0x74,0x20,0x78,0x5f,0x32,
    0x34,0x39,0x20,0x3d,0x20,0x74,0x65,0x78,0x65,0x6c,0x5f,0x6c,0x69,0x74,0x5f,0x69,
    0x31,0x5f,0x69,0x31,0x5f,0x28,0x26,0x28,0x70,0x61,0x72,0x61,0x6d,0x5f,0x33,0x29,
    0x2c,0x20,0x26,0x28,0x70,0x61,0x72,0x61,0x6d,0x5f,0x34,0x29,0x29,0x3b,0x0a,0x20,
    0x20,0x70,0x61,0x72,0x61,0x6d,0x5f,0x35,0x20,0x3d,0x20,0x78,0x5f,0x32,0x33,0x39,
    0x3b,0x0a,0x20,0x20,0x70,0x61,0x72,0x61,0x6d,0x5f,0x36,0x20,0x3d,0x20,0x32,0x69,
    0x3b,0x0a,0x20,0x20,0x6c,0x65,0x74,0x20,0x78,0x5f,0x32,0x35,0x33,0x20,0x3d,0x20,
    0x74,0x65,0x78,0x65,0x6c,0x5f,0x6c,0x69,0x74,0x5f,0x69,0x31,0x5f,0x69,0x31,0x5f,
    0x28,0x26,0x28,0x70,0x61,0x72,0x61,0x6d,0x5f,0x35,0x29,0x2c,0x20,0x26,0x28,0x70,
    0x61,0x72,0x61,0x6d,0x5f,0x36,0x29,0x29,0x3b,0x0a,0x20,0x20,0x70,0x61,0x72,0x61,
    0x6d,0x5f,0x37,0x20,0x3d,0x20,0x78,0x5f,0x32,0x33,0x39,0x3b,0x0a,0x20,0x20,0x70,
    0x61,0x72,0x61,0x6d,0x5f,0x38,0x20,0x3d,0x20,0x33,0x69,0x3b,0x0a,0x20,0x20,0x6c,
    0x65,0x74,0x20,0x78,0x5f,0x32,0x35,0x37,0x20,0x3d,0x20,0x74,0x65,0x78,0x65,0x6c,
    0x5f,0x6c,0x69,0x74,0x5f,0x69,0x31,0x5f,0x69,0x31,0x5f,0x28,0x26,0x28,0x70,0x61,
    0x72,0x61,0x6d,0x5f,0x37,0x29,0x2c,0x20,0x26,0x28,0x70,0x61,0x72,0x61,0x6d,0x5f,
    0x38,0x29,0x29,0x3b,0x0a,0x20,0x20,0x70,0x61,0x72,0x61,0x6d,0x5f,0x39,0x20,0x3d,
    0x20,0x78,0x5f,0x32,0x33,0x39,0x3b,0x0a,0x20,0x20,0x70,0x61,0x72,0x61,0x6d,0x5f,
    0x31,0x30,0x20,0x3d,0x20,0x34,0x69,0x3b,0x0a,0x20,0x20,0x6c,0x65,0x74,0x20,0x78,
    0x5f,0x32,0x36,0x32,0x20,0x3d,0x20,0x74,0x65,0x78,0x65,0x6c,0x5f,0x6c,0x69,0x74,
    0x5f,0x69,0x31,0x5f,0x69,0x31,0x5f,0x28,0x26,0x28,0x70,0x61,0x72,0x61,0x6d,0x5f,
    0x39,0x29,0x2c,0x20,0x26,0x28,0x70,0x61,0x72,0x61,0x6d,0x5f,0x31,0x30,0x29,0x29,
    0x3b,0x0a,0x20,0x20,0x70,0x61,0x72,0x61,0x6d,0x5f,0x31,0x31,0x20,0x3d,0x20,0x78,
    0x5f,0x32,0x33,0x39,0x3b,0x0a,0x20,0x20,0x70,0x61,0x72,0x61,0x6d,0x5f,0x31,0x32,
    0x20,0x3d,0x20,0x35,0x69,0x3b,0x0a,0x20,0x20,0x6c,0x65,0x74,0x20,0x78,0x5f,0x32,
    0x36,0x37,0x20,0x3d,0x20,0x74,0x65,0x78,0x65,0x6c,0x5f,0x6c,0x69,0x74,0x5f,0x69,
    0x31,0x5f,0x69,0x31,0x5f,0x28,0x26,0x28,0x70,0x61,0x72,0x61,0x6d,0x5f,0x31,0x31,
    0x29,0x2c,0x20,0x26,0x28,0x70,0x61,0x72,0x61,0x6d,0x5f,0x31,0x32,0x29,0x29,0x3b,
    0x0a,0x20,0x20,0x70,0x61,0x72,0x61,0x6d,0x5f,0x31,0x33,0x20,0x3d,0x20,0x63,0x6f,
    0x72,0x6e,0x65,0x72,0x5f,0x31,0x3b,0x0a,0x20,0x20,0x70,0x61,0x72,0x61,0x6d,0x5f,
    0x31,0x34,0x20,0x3d,0x20,0x78,0x5f,0x32,0x34,0x35,0x3b,0x0a,0x20,0x20,0x70,0x61,
    0x72,0x61,0x6d,0x5f,0x31,0x35,0x20,0x3d,0x20,0x78,0x5f,0x32,0x34,0x39,0x3b,0x0a,
    0x20,0x20,0x70,0x61,0x72,0x61,0x6d,0x5f,0x31,0x36,0x20,0x3d,0x20,0x78,0x5f,0x32,
    0x35,0x33,0x3b,0x0a,0x20,0x20,0x70,0x61,0x72,0x61,0x6d,0x5f,0x31,0x37,0x20,0x3d,
    0x20,0x78,0x5f,0x32,0x35,0x37,0x2e,0x78,0x79,0x7a,0x3b,0x0a,0x20,0x20,0x70,0x61,
    0x72,0x61,0x6d,0x5f,0x31,0x38,0x20,0x3d,0x20,0x78,0x5f,0x32,0x36,0x32,0x3b,0x0a,
    0x20,0x20,0x70,0x61,0x72,0x61,0x6d,0x5f,0x31,0x39,0x20,0x3d,0x20,0x78,0x5f,0x32,
    0x36,0x37,0x3b,0x0a,0x20,0x20,0x70,0x6c,0x61,0x63,0x65,0x5f,0x6c,0x69,0x74,0x5f,
    0x76,0x66,0x32,0x5f,0x76,0x66,0x34,0x5f,0x76,0x66,0x34,0x5f,0x76,0x66,0x34,0x5f,
    0x76,0x66,0x33,0x5f,0x76,0x66,0x34,0x5f,0x76,0x66,0x34,0x5f,0x28,0x26,0x28,0x70,
    0x61,0x72,0x61,0x6d,0x5f,0x31,0x33,0x29,0x2c,0x20,0x26,0x28,0x70,0x61,0x72,0x61,
    0x6d,0x5f,0x31,0x34,0x29,0x2c,0x20,0x26,0x28,0x70,0x61,0x72,0x61,0x6d,0x5f,0x31,
    0x35,0x29,0x2c,0x20,0x26,0x28,0x70,0x61,0x72,0x61,0x6d,0x5f,0x31,0x36,0x29,0x2c,
    0x20,0x26,0x28,0x70,0x61,0x72,0x61,0x6d,0x5f,0x31,0x37,0x29,0x2c,0x20,0x26,0x28,
    0x70,0x61,0x72,0x61,0x6d,0x5f,0x31,0x38,0x29,0x2c,0x20,0x26,0x28,0x70,0x61,0x72,
    0x61,0x6d,0x5f,0x31,0x39,0x29,0x29,0x3b,0x0a,0x20,0x20,0x72,0x65,0x74,0x75,0x72,
    0x6e,0x3b,0x0a,0x7d,0x0a,0x0a,0x73,0x74,0x72,0x75,0x63,0x74,0x20,0x6d,0x61,0x69,
    0x6e,0x5f,0x6f,0x75,0x74,0x20,0x7b,0x0a,0x20,0x20,0x40,0x62,0x75,0x69,0x6c,0x74,
    0x69,0x6e,0x28,0x70,0x6f,0x73,0x69,0x74,0x69,0x6f,0x6e,0x29,0x0a,0x20,0x20,0x67,
    0x6c,0x5f,0x50,0x6f,0x73,0x69,0x74,0x69,0x6f,0x6e,0x20,0x3a,0x20,0x76,0x65,0x63,
    0x34,0x66,0x2c,0x0a,0x20,0x20,0x40,0x6c,0x6f,0x63,0x61,0x74,0x69,0x6f,0x6e,0x28,
    0x35,0x29,0x0a,0x20,0x20,0x76,0x5f,0x77,0x6f,0x72,0x6c,0x64,0x5f,0x70,0x6f,0x73,
    0x5f,0x31,0x20,0x3a,0x20,0x76,0x65,0x63,0x33,0x66,0x2c,0x0a,0x20,0x20,0x40,0x6c,
    0x6f,0x63,0x61,0x74,0x69,0x6f,0x6e,0x28,0x30,0x29,0x0a,0x20,0x20,0x76,0x5f,0x6e,
    0x6f,0x72,0x6d,0x61,0x6c,0x5f,0x31,0x20,0x3a,0x20,0x76,0x65,0x63,0x33,0x66,0x2c,
    0x0a,0x20,0x20,0x40,0x6c,0x6f,0x63,0x61,0x74,0x69,0x6f,0x6e,0x28,0x31,0x29,0x0a,
    0x20,0x20,0x76,0x5f,0x74,0x61,0x6e,0x67,0x65,0x6e,0x74,0x5f,0x31,0x20,0x3a,0x20,
    0x76,0x65,0x63,0x34,0x66,0x2c,0x0a,0x20,0x20,0x40,0x6c,0x6f,0x63,0x61,0x74,0x69,
    0x6f,0x6e,0x28,0x32,0x29,0x0a,0x20,0x20,0x76,0x5f,0x75,0x76,0x30,0x5f,0x31,0x20,
    0x3a,0x20,0x76,0x65,0x63,0x32,0x66,0x2c,0x0a,0x20,0x20,0x40,0x6c,0x6f,0x63,0x61,
    0x74,0x69,0x6f,0x6e,0x28,0x33,0x29,0x0a,0x20,0x20,0x76,0x5f,0x75,0x76,0x31,0x5f,
    0x31,0x20,0x3a,0x20,0x76,0x65,0x63,0x32,0x66,0x2c,0x0a,0x20,0x20,0x40,0x6c,0x6f,
    0x63,0x61,0x74,0x69,0x6f,0x6e,0x28,0x34,0x29,0x0a,0x20,0x20,0x76,0x5f,0x63,0x6f,
    0x6c,0x6f,0x72,0x5f,0x31,0x20,0x3a,0x20,0x76,0x65,0x63,0x34,0x66,0x2c,0x0a,0x20,
    0x20,0x40,0x6c,0x6f,0x63,0x61,0x74,0x69,0x6f,0x6e,0x28,0x36,0x29,0x0a,0x20,0x20,
    0x76,0x5f,0x61,0x6c,0x70,0x68,0x61,0x5f,0x6d,0x6f,0x64,0x65,0x5f,0x31,0x20,0x3a,
    0x20,0x66,0x33,0x32,0x2c,0x0a,0x7d,0x0a,0x0a,0x40,0x76,0x65,0x72,0x74,0x65,0x78,
    0x0a,0x66,0x6e,0x20,0x6d,0x61,0x69,0x6e,0x28,0x40,0x62,0x75,0x69,0x6c,0x74,0x69,
    0x6e,0x28,0x69,0x6e,0x73,0x74,0x61,0x6e,0x63,0x65,0x5f,0x69,0x6e,0x64,0x65,0x78,
    0x29,0x20,0x67,0x6c,0x5f,0x49,0x6e,0x73,0x74,0x61,0x6e,0x63,0x65,0x49,0x6e,0x64,
    0x65,0x78,0x5f,0x70,0x61,0x72,0x61,0x6d,0x20,0x3a,0x20,0x75,0x33,0x32,0x2c,0x20,
    0x40,0x6c,0x6f,0x63,0x61,0x74,0x69,0x6f,0x6e,0x28,0x30,0x29,0x20,0x63,0x6f,0x72,
    0x6e,0x65,0x72,0x5f,0x31,0x5f,0x70,0x61,0x72,0x61,0x6d,0x20,0x3a,0x20,0x76,0x65,
    0x63,0x32,0x66,0x29,0x20,0x2d,0x3e,0x20,0x6d,0x61,0x69,0x6e,0x5f,0x6f,0x75,0x74,
    0x20,0x7b,0x0a,0x20,0x20,0x67,0x6c,0x5f,0x49,0x6e,0x73,0x74,0x61,0x6e,0x63,0x65,
    0x49,0x6e,0x64,0x65,0x78,0x20,0x3d,0x20,0x62,0x69,0x74,0x63,0x61,0x73,0x74,0x3c,
    0x69,0x33,0x32,0x3e,0x28,0x67,0x6c,0x5f,0x49,0x6e,0x73,0x74,0x61,0x6e,0x63,0x65,
    0x49,0x6e,0x64,0x65,0x78,0x5f,0x70,0x61,0x72,0x61,0x6d,0x29,0x3b,0x0a,0x20,0x20,
    0x63,0x6f,0x72,0x6e,0x65,0x72,0x5f,0x31,0x20,0x3d,0x20,0x63,0x6f,0x72,0x6e,0x65,
    0x72,0x5f,0x31,0x5f,0x70,0x61,0x72,0x61,0x6d,0x3b,0x0a,0x20,0x20,0x6d,0x61,0x69,
    0x6e,0x5f,0x31,0x28,0x29,0x3b,0x0a,0x20,0x20,0x72,0x65,0x74,0x75,0x72,0x6e,0x20,
    0x6d,0x61,0x69,0x6e,0x5f,0x6f,0x75,0x74,0x28,0x67,0x6c,0x5f,0x50,0x6f,0x73,0x69,
    0x74,0x69,0x6f,0x6e,0x2c,0x20,0x76,0x5f,0x77,0x6f,0x72,0x6c,0x64,0x5f,0x70,0x6f,
    0x73,0x2c,0x20,0x76,0x5f,0x6e,0x6f,0x72,0x6d,0x61,0x6c,0x2c,0x20,0x76,0x5f,0x74,
    0x61,0x6e,0x67,0x65,0x6e,0x74,0x2c,0x20,0x76,0x5f,0x75,0x76,0x30,0x2c,0x20,0x76,
    0x5f,0x75,0x76,0x31,0x2c,0x20,0x76,0x5f,0x63,0x6f,0x6c,0x6f,0x72,0x2c,0x20,0x76,
    0x5f,0x61,0x6c,0x70,0x68,0x61,0x5f,0x6d,0x6f,0x64,0x65,0x29,0x3b,0x0a,0x7d,0x0a,
    0x00,
};
#endif
/*
    diagnostic(off, derivative_uniformity);

    alias Arr = array<vec4f, 5u>;

    alias Arr_1 = array<vec4f, 5u>;

    struct fs_params {
      /_ @offset(0) _/
      u_base_color : vec4f,
      /_ @offset(16) _/
      u_emissive : vec4f,
      /_ @offset(32) _/
      u_pbr : vec4f,
      /_ @offset(48) _/
      u_material : vec4f,
      /_ @offset(64) _/
      u_uv_row0 : Arr,
      /_ @offset(144) _/
      u_uv_row1 : Arr_1,
    }

    alias Arr_2 = array<vec4f, 9u>;

    alias Arr_3 = array<mat4x4f, 4u>;

    alias Arr_4 = array<vec4f, 4u>;

    alias Arr_5 = array<vec4f, 4u>;

    alias Arr_6 = array<vec4f, 4u>;

    struct fs_scene {
      /_ @offset(0) _/
      u_camera_pos : vec4f,
      /_ @offset(16) _/
      u_ambient : vec4f,
      /_ @offset(32) _/
      u_env : vec4f,
      /_ @offset(48) _/
      u_sh : Arr_2,
      /_ @offset(192) _/
      u_tonemap : vec4f,
      /_ @offset(208) _/
      u_shadow_mat : Arr_3,
      /_ @offset(464) _/
      u_shadow_params : Arr_4,
      /_ @offset(528) _/
      u_shadow_tint : Arr_5,
      /_ @offset(592) _/
      u_shadow_extra : Arr_6,
      /_ @offset(656) _/
      u_shadow_map : vec4f,
    }

    alias Arr_7 = array<vec4f, 8u>;

    alias Arr_8 = array<vec4f, 8u>;

    alias Arr_9 = array<vec4f, 8u>;

    alias Arr_10 = array<vec4f, 8u>;

    struct fs_lights {
      /_ @offset(0) _/
      u_light_pos_range : Arr_7,
      /_ @offset(128) _/
      u_light_dir_type : Arr_8,
      /_ @offset(256) _/
      u_light_radiance : Arr_9,
      /_ @offset(384) _/
      u_light_spot : Arr_10,
    }

    @binding(1) @group(0) var<uniform> x_295 : fs_params;

    @binding(2) @group(0) var<uniform> x_320 : fs_scene;

    @binding(8) @group(1) var shadow_tex : texture_depth_2d_array;

    @binding(40) @group(1) var shadow_smp : sampler_comparison;

    var<private> v_uv0 : vec2f;

    var<private> v_uv1 : vec2f;

    @binding(0) @group(1) var base_color_tex : texture_2d<f32>;

    @binding(32) @group(1) var base_color_smp : sampler;

    var<private> v_color : vec4f;

    var<private> v_alpha_mode : f32;

    var<private> frag_color : vec4f;

    var<private> v_normal : vec3f;

    var<private> v_tangent : vec4f;

    var<private> gl_FrontFacing : bool;

    @binding(2) @group(1) var normal_tex : texture_2d<f32>;

    @binding(34) @group(1) var normal_smp : sampler;

    @binding(1) @group(1) var metallic_roughness_tex : texture_2d<f32>;

    @binding(33) @group(1) var metallic_roughness_smp : sampler;

    var<private> v_world_pos : vec3f;

    @binding(3) @group(1) var occlusion_tex : texture_2d<f32>;

    @binding(35) @group(1) var occlusion_smp : sampler;

    @binding(3) @group(0) var<uniform> x_958 : fs_lights;

    @binding(5) @group(1) var env_tex : texture_cube<f32>;

    @binding(37) @group(1) var env_smp : sampler;

    @binding(6) @group(1) var brdf_tex : texture_2d<f32>;

    @binding(38) @group(1) var brdf_smp : sampler;

    @binding(4) @group(1) var emissive_tex : texture_2d<f32>;

    @binding(36) @group(1) var emissive_smp : sampler;

    fn tex_uv_i1_(i : ptr<function, i32>) -> vec2f {
      let x_622 = select(v_uv1, v_uv0, vec2<bool>((x_295.u_uv_row0[*(i)].w < 0.5f)));
      let x_625 = vec3f(x_622.x, x_622.y, 1.0f);
      let x_628 = x_295.u_uv_row0[*(i)];
      let x_634 = x_295.u_uv_row1[*(i)];
      return vec2f(dot(x_628.xyz, x_625), dot(x_634.xyz, x_625));
    }

    const x_70 = vec3f(0.04044999927282333374f);

    const x_1314 = vec3f(0.05499999970197677612f);

    fn srgb_to_linear_vf3_(c : ptr<function, vec3f>) -> vec3f {
      let x_63 = *(c);
      let x_68 = *(c);
      let x_83 = *(c);
      return mix((x_63 * vec3f(0.07739938050508499146f)), pow(((max(x_68, x_70) + x_1314) * vec3f(0.94786733388900756836f)), vec3f(2.40000009536743164062f)), step(x_70, x_83));
    }

    fn tonemap_neutral_vf3_(color : ptr<function, vec3f>) -> vec3f {
      var x_133 : f32;
      let x_127 = min((*(color)).x, min((*(color)).y, (*(color)).z));
      if ((x_127 < 0.07999999821186065674f)) {
        x_133 = (x_127 - ((6.25f * x_127) * x_127));
      } else {
        x_133 = 0.03999999910593032837f;
      }
      *(color) = (*(color) - vec3f(x_133));
      let x_158 = max((*(color)).x, max((*(color)).y, (*(color)).z));
      if ((x_158 < 0.75999999046325683594f)) {
        let x_164 = *(color);
        return x_164;
      }
      let x_173 = (1.0f - (0.05759999901056289673f / (x_158 + -0.51999998092651367188f)));
      *(color) = (*(color) * (x_173 / x_158));
      let x_187 = (1.0f - (1.0f / ((0.15000000596046447754f * (x_158 - x_173)) + 1.0f)));
      let x_188 = *(color);
      return mix(x_188, vec3f(x_173), vec3f(x_187));
    }

    const x_92 = vec3f(1.0f);

    fn tonemap_aces_vf3_(color_1 : ptr<function, vec3f>) -> vec3f {
      *(color_1) = (*(color_1) * 0.60000002384185791016f);
      let x_199 = *(color_1);
      let x_201 = *(color_1);
      let x_207 = *(color_1);
      let x_209 = *(color_1);
      return clamp(((x_199 * ((x_201 * 2.50999999046325683594f) + vec3f(0.02999999932944774628f))) / ((x_207 * ((x_209 * 2.43000006675720214844f) + vec3f(0.58999997377395629883f))) + vec3f(0.14000000059604644775f))), vec3f(), x_92);
    }

    const x_100 = vec3f(0.00313080009073019028f);

    fn linear_to_srgb_vf3_(c_1 : ptr<function, vec3f>) -> vec3f {
      *(c_1) = clamp(*(c_1), vec3f(), x_92);
      let x_95 = *(c_1);
      let x_98 = *(c_1);
      let x_110 = *(c_1);
      return mix((x_95 * 12.9200000762939453125f), ((pow(max(x_98, x_100), vec3f(0.4166666567325592041f)) * 1.05499994754791259766f) - x_1314), step(x_100, x_110));
    }

    fn to_display_vf3_vf4_(color_2 : ptr<function, vec3f>, tonemap : ptr<function, vec4f>) -> vec3f {
      var param : vec3f;
      var param_1 : vec3f;
      var param_2 : vec3f;
      var x_233 : i32;
      *(color_2) = (*(color_2) * (*(tonemap)).y);
      x_233 = i32(((*(tonemap)).x + 0.5f));
      if ((x_233 == 1i)) {
        param = *(color_2);
        let x_241 = tonemap_neutral_vf3_(&(param));
        *(color_2) = x_241;
      } else {
        if ((x_233 == 2i)) {
          param_1 = *(color_2);
          let x_250 = tonemap_aces_vf3_(&(param_1));
          *(color_2) = x_250;
        }
      }
      param_2 = *(color_2);
      let x_253 = linear_to_srgb_vf3_(&(param_2));
      return x_253;
    }

    fn attenuation_f1_f1_(d : ptr<function, f32>, range : ptr<function, f32>) -> f32 {
      let x_647 = (1.0f / max((*(d) * *(d)), 0.00999999977648258209f));
      if ((*(range) <= 0.0f)) {
        return x_647;
      }
      let x_657 = (*(d) / *(range));
      let x_667 = clamp((1.0f - (((x_657 * x_657) * x_657) * x_657)), 0.0f, 1.0f);
      return ((x_667 * x_667) * x_647);
    }

    fn spot_factor_f1_f1_f1_(cos_angle : ptr<function, f32>, cos_inner : ptr<function, f32>, cos_outer : ptr<function, f32>) -> f32 {
      if (((*(cos_inner) - *(cos_outer)) <= 0.00000099999999747524f)) {
        let x_681 = *(cos_angle);
        let x_682 = *(cos_outer);
        return select(0.0f, 1.0f, (x_681 >= x_682));
      }
      let x_686 = *(cos_outer);
      let x_687 = *(cos_inner);
      let x_688 = *(cos_angle);
      return smoothstep(x_686, x_687, x_688);
    }

    fn shadow_factor_i1_vf3_vf3_f1_(slot : ptr<function, i32>, world_pos : ptr<function, vec3f>, n : ptr<function, vec3f>, n_dot_l : ptr<function, f32>) -> f32 {
      var uv : vec2f;
      var lit : f32;
      var y : i32;
      var x : i32;
      var x_300 : bool;
      var x_301 : bool;
      let x_286 = (*(slot) < 0i);
      x_301 = x_286;
      if (!(x_286)) {
        x_300 = (x_295.u_material.z < 0.5f);
        x_301 = x_300;
      }
      if (x_301) {
        return 1.0f;
      }
      let x_308 = (1.0f - clamp(*(n_dot_l), 0.0f, 1.0f));
      let x_338 = (*(world_pos) + (*(n) * (x_320.u_shadow_params[*(slot)].y * (1.0f + (2.0f * x_308)))));
      let x_343 = (x_320.u_shadow_mat[*(slot)] * vec4f(x_338.x, x_338.y, x_338.z, 1.0f));
      let x_348 = x_343.w;
      let x_357 = ((x_343.xyz / vec3f(max(abs(x_348), 0.00000099999999747524f))) * sign(x_348));
      let x_361 = x_357.xy;
      uv = ((x_361 * 0.5f) + vec2f(0.5f));
      if ((x_320.u_shadow_map.z > 0.5f)) {
        let x_1299 = uv;
        var x_1301_1 = x_1299;
        x_1301_1.y = (1.0f - x_1299.y);
        uv = x_1301_1;
      }
      let x_400 = (((x_357.z * x_320.u_shadow_map.x) + x_320.u_shadow_map.y) - ((x_320.u_shadow_params[*(slot)].z + (x_320.u_shadow_params[*(slot)].w * x_308)) * x_320.u_shadow_tint[*(slot)].w));
      let x_406 = (vec2f(1.0f) - abs(x_361));
      let x_412 = min(x_406.x, x_406.y);
      let x_435 = x_320.u_shadow_params[*(slot)].x;
      let x_443 = clamp(uv, vec2f(x_435), vec2f((1.0f - x_435)));
      lit = 0.0f;
      y = -1i;
      loop {
        if ((y <= 1i)) {
        } else {
          break;
        }
        x = -1i;
        loop {
          if ((x <= 1i)) {
          } else {
            break;
          }
          let x_481 = (x_443 + (vec2f(f32(x), f32(y)) * x_435));
          let x_482 = *(slot);
          let x_485 = clamp(x_400, 0.0f, 1.0f);
          let x_490 = textureSampleCompare(shadow_tex, shadow_smp, vec4f(x_481.x, x_481.y, f32(x_482), x_485).xy, i32(round(vec4f(x_481.x, x_481.y, f32(x_482), x_485).z)), x_485);
          lit = (lit + x_490);

          continuing {
            x = (x + 1i);
          }
        }

        continuing {
          y = (y + 1i);
        }
      }
      let x_497 = lit;
      let x_504 = x_320.u_shadow_extra[*(slot)].x;
      return mix(1.0f, (x_497 * 0.11111111193895339966f), ((clamp((x_412 * 10.0f), 0.0f, 1.0f) * ((step(0.0f, x_412) * step(x_400, 1.0f)) * step(0.0f, x_348))) * x_504));
    }

    fn env_dir_vf3_vf4_(dir : ptr<function, vec3f>, env : ptr<function, vec4f>) -> vec3f {
      let x_257 = (*(env)).z;
      let x_259 = (*(dir)).x;
      let x_263 = (*(env)).w;
      let x_265 = (*(dir)).z;
      let x_269 = (*(dir)).y;
      let x_271 = (*(env)).w;
      let x_273 = (*(dir)).x;
      let x_276 = (*(env)).z;
      let x_278 = (*(dir)).z;
      return vec3f(((x_257 * x_259) - (x_263 * x_265)), x_269, ((x_271 * x_273) + (x_276 * x_278)));
    }

    fn eval_sh_vf3_(n_1 : ptr<function, vec3f>) -> vec3f {
      let x_511 = x_320.u_sh[0i];
      let x_516 = x_320.u_sh[1i];
      let x_520 = (*(n_1)).y;
      let x_525 = x_320.u_sh[2i];
      let x_528 = (*(n_1)).z;
      let x_533 = x_320.u_sh[3i];
      let x_536 = (*(n_1)).x;
      let x_542 = x_320.u_sh[4i];
      let x_546 = (*(n_1)).x;
      let x_549 = (*(n_1)).y;
      let x_554 = x_320.u_sh[5i];
      let x_557 = (*(n_1)).y;
      let x_560 = (*(n_1)).z;
      let x_565 = x_320.u_sh[6i];
      let x_570 = (*(n_1)).z;
      let x_573 = (*(n_1)).z;
      let x_580 = x_320.u_sh[7i];
      let x_583 = (*(n_1)).x;
      let x_586 = (*(n_1)).z;
      let x_591 = x_320.u_sh[8i];
      let x_595 = (*(n_1)).x;
      let x_597 = (*(n_1)).x;
      let x_600 = (*(n_1)).y;
      let x_602 = (*(n_1)).y;
      return (((((((((x_511.xyz * 0.2820949852466583252f) + (x_516.xyz * (0.48860299587249755859f * x_520))) + (x_525.xyz * (0.48860299587249755859f * x_528))) + (x_533.xyz * (0.48860299587249755859f * x_536))) + (x_542.xyz * ((1.09254801273345947266f * x_546) * x_549))) + (x_554.xyz * ((1.09254801273345947266f * x_557) * x_560))) + (x_565.xyz * (0.31539198756217956543f * (((3.0f * x_570) * x_573) - 1.0f)))) + (x_580.xyz * ((1.09254801273345947266f * x_583) * x_586))) + (x_591.xyz * (0.54627400636672973633f * ((x_595 * x_597) - (x_600 * x_602)))));
    }

    fn main_1() {
      var param_3 : i32;
      var base : vec4f;
      var param_4 : vec3f;
      var param_5 : vec3f;
      var param_6 : vec4f;
      var n_2 : vec3f;
      var t : vec3f;
      var param_7 : i32;
      var param_8 : i32;
      var param_9 : i32;
      var color_3 : vec3f;
      var i_1 : i32;
      var falloff : f32;
      var light_dir : vec3f;
      var x_987 : vec3f;
      var param_10 : f32;
      var param_11 : f32;
      var param_12 : f32;
      var param_13 : f32;
      var param_14 : f32;
      var param_15 : i32;
      var param_16 : vec3f;
      var param_17 : vec3f;
      var param_18 : f32;
      var param_19 : vec3f;
      var param_20 : vec4f;
      var param_21 : vec3f;
      var param_22 : vec3f;
      var param_23 : vec4f;
      var param_24 : i32;
      var param_25 : vec3f;
      var param_26 : vec3f;
      var param_27 : vec4f;
      param_3 = 0i;
      let x_702 = tex_uv_i1_(&(param_3));
      let x_703 = textureSample(base_color_tex, base_color_smp, x_702);
      param_4 = x_703.xyz;
      let x_708 = srgb_to_linear_vf3_(&(param_4));
      let x_721 = ((vec4f(x_708.x, x_708.y, x_708.z, x_703.w) * x_295.u_base_color) * v_color);
      base = x_721;
      let x_727 = v_alpha_mode;
      if ((x_721.w < max(x_295.u_material.x, max(v_alpha_mode, 0.0f)))) {
        discard;
      }
      if (!((x_727 == 0.0f))) {
        let x_1285 = base;
        var x_1286_1 = x_1285;
        x_1286_1.w = 1.0f;
        base = x_1286_1;
      }
      if ((x_295.u_pbr.w < 0.5f)) {
        param_5 = base.xyz;
        param_6 = x_320.u_tonemap;
        let x_755 = to_display_vf3_vf4_(&(param_5), &(param_6));
        frag_color = vec4f(x_755.x, x_755.y, x_755.z, base.w);
        return;
      }
      let x_767 = normalize(v_normal);
      n_2 = x_767;
      let x_771 = v_tangent.xyz;
      let x_778 = (x_771 - (x_767 * dot(x_767, x_771)));
      t = x_778;
      let x_784 = select(-1.0f, 1.0f, gl_FrontFacing);
      if ((dot(x_778, x_778) > 0.00000000999999993923f)) {
        let x_793 = normalize(t);
        t = x_793;
        let x_795 = n_2;
        let x_799 = v_tangent.w;
        param_7 = 2i;
        let x_808 = tex_uv_i1_(&(param_7));
        let x_809 = textureSample(normal_tex, normal_smp, x_808);
        let x_813 = ((x_809.xyz * 2.0f) - x_92);
        let x_818 = (x_813.xy * x_295.u_emissive.w);
        var x_1289_1 = x_813;
        x_1289_1.x = x_818.x;
        let x_1289 = x_1289_1;
        var x_1291_1 = x_1289;
        x_1291_1.y = x_818.y;
        n_2 = normalize((mat3x3f(t, (cross(x_795, x_793) * x_799), n_2) * x_1291_1));
      }
      n_2 = (n_2 * x_784);
      param_8 = 1i;
      let x_853 = tex_uv_i1_(&(param_8));
      let x_854 = textureSample(metallic_roughness_tex, metallic_roughness_smp, x_853);
      let x_862 = clamp((x_295.u_pbr.x * x_854.z), 0.0f, 1.0f);
      let x_869 = clamp((x_295.u_pbr.y * x_854.y), 0.02999999932944774628f, 1.0f);
      let x_873 = (x_869 * x_869);
      let x_877 = (x_873 * x_873);
      let x_881 = base.xyz;
      let x_884 = mix(vec3f(0.03999999910593032837f), x_881, vec3f(x_862));
      let x_890 = (x_881 * (1.0f - x_862));
      let x_896 = v_world_pos;
      let x_898 = normalize((x_320.u_camera_pos.xyz - v_world_pos));
      let x_905 = clamp(abs(dot(n_2, x_898)), 0.00009999999747378752f, 1.0f);
      let x_908 = x_295.u_pbr.z;
      param_9 = 3i;
      let x_915 = tex_uv_i1_(&(param_9));
      let x_916 = textureSample(occlusion_tex, occlusion_smp, x_915);
      let x_920 = (1.0f + (x_908 * (x_916.x - 1.0f)));
      color_3 = ((x_320.u_ambient.xyz * (x_890 + x_884)) * x_920);
      let x_934 = i32(x_295.u_material.y);
      i_1 = 0i;
      loop {
        if ((i_1 < 8i)) {
        } else {
          break;
        }
        if ((i_1 >= x_934)) {
          break;
        }
        var x_963 : i32;
        falloff = 1.0f;
        x_963 = i32((x_958.u_light_dir_type[i_1].w + 0.5f));
        if ((x_963 == 0i)) {
          light_dir = normalize(x_958.u_light_dir_type[i_1].xyz);
        } else {
          let x_981 = (x_896 - x_958.u_light_pos_range[i_1].xyz);
          let x_984 = length(x_981);
          if ((x_984 > 0.00000099999999747524f)) {
            x_987 = (x_981 / vec3f(x_984));
          } else {
            x_987 = vec3f(0.0f, -1.0f, 0.0f);
          }
          light_dir = x_987;
          let x_997 = i_1;
          param_10 = x_984;
          param_11 = x_958.u_light_pos_range[x_997].w;
          let x_1003 = attenuation_f1_f1_(&(param_10), &(param_11));
          falloff = x_1003;
          if ((x_963 == 2i)) {
            let x_1009 = i_1;
            param_12 = dot(light_dir, normalize(x_958.u_light_dir_type[i_1].xyz));
            param_13 = x_958.u_light_spot[x_1009].x;
            param_14 = x_958.u_light_spot[x_1009].y;
            let x_1024 = spot_factor_f1_f1_f1_(&(param_12), &(param_13), &(param_14));
            falloff = (falloff * x_1024);
          }
        }
        let x_1029 = -(light_dir);
        let x_1033 = dot(n_2, x_1029);
        if (((x_1033 <= 0.0f) | (falloff <= 0.0f))) {
          continue;
        }
        let x_1046 = normalize((x_1029 + x_898));
        let x_1051 = clamp(dot(n_2, x_1046), 0.0f, 1.0f);
        let x_1067 = (x_884 + ((x_92 - x_884) * pow((1.0f - clamp(dot(x_898, x_1046), 0.0f, 1.0f)), 5.0f)));
        let x_1075 = (((x_1051 * x_1051) * (x_877 - 1.0f)) + 1.0f);
        let x_1090 = (1.0f - x_877);
        let x_1121 = (((x_92 - x_1067) * x_890) * vec3f(0.31830987334251403809f));
        let x_1127 = ((x_1067 * (x_877 / ((3.14159274101257324219f * x_1075) * x_1075))) * (0.5f / max(((x_1033 * sqrt((((x_905 * x_905) * x_1090) + x_877))) + (x_905 * sqrt((((x_1033 * x_1033) * x_1090) + x_877)))), 0.00000099999999747524f)));
        let x_1132 = i32(x_958.u_light_spot[i_1].z);
        if ((x_1132 >= 0i)) {
          param_15 = x_1132;
          param_16 = x_896;
          param_17 = n_2;
          param_18 = x_1033;
          let x_1146 = shadow_factor_i1_vf3_vf3_f1_(&(param_15), &(param_16), &(param_17), &(param_18));
          color_3 = (color_3 + ((x_320.u_shadow_tint[x_1132].xyz * (1.0f - x_1146)) * x_890));
          falloff = (falloff * x_1146);
        }
        color_3 = (color_3 + (((x_958.u_light_radiance[i_1].xyz * falloff) * x_1033) * (x_1121 + x_1127)));

        continuing {
          i_1 = (i_1 + 1i);
        }
      }
      let x_1178 = x_320.u_env.x;
      if ((x_1178 > 0.0f)) {
        let x_1185 = sqrt(clamp(x_873, 0.0f, 1.0f));
        param_19 = n_2;
        let x_1191 = x_320.u_env;
        param_20 = x_1191;
        let x_1192 = env_dir_vf3_vf4_(&(param_19), &(param_20));
        param_21 = x_1192;
        let x_1194 = eval_sh_vf3_(&(param_21));
        param_22 = reflect(-(x_898), n_2);
        param_23 = x_1191;
        let x_1205 = env_dir_vf3_vf4_(&(param_22), &(param_23));
        let x_1220 = textureSampleLevel(env_tex, env_smp, x_1205, (x_1185 * x_320.u_env.y));
        let x_1231 = textureSample(brdf_tex, brdf_smp, vec2f(x_905, x_1185));
        color_3 = (color_3 + ((((max(x_1194, vec3f()) * x_890) + (x_1220.xyz * ((x_884 * x_1231.x) + vec3f(x_1231.y)))) * x_920) * x_1178));
      }
      let x_1255 = x_295.u_emissive;
      param_24 = 4i;
      let x_1263 = tex_uv_i1_(&(param_24));
      let x_1264 = textureSample(emissive_tex, emissive_smp, x_1263);
      param_25 = x_1264.xyz;
      let x_1267 = srgb_to_linear_vf3_(&(param_25));
      let x_1270 = (color_3 + (x_1255.xyz * x_1267));
      color_3 = x_1270;
      param_26 = x_1270;
      param_27 = x_320.u_tonemap;
      let x_1276 = to_display_vf3_vf4_(&(param_26), &(param_27));
      frag_color = vec4f(x_1276.x, x_1276.y, x_1276.z, base.w);
      return;
    }

    struct main_out {
      @location(0)
      frag_color_1 : vec4f,
    }

    @fragment
    fn main(@location(2) v_uv0_param : vec2f, @location(3) v_uv1_param : vec2f, @location(4) v_color_param : vec4f, @location(6) v_alpha_mode_param : f32, @location(0) v_normal_param : vec3f, @location(1) v_tangent_param : vec4f, @builtin(front_facing) gl_FrontFacing_param : bool, @location(5) v_world_pos_param : vec3f) -> main_out {
      v_uv0 = v_uv0_param;
      v_uv1 = v_uv1_param;
      v_color = v_color_param;
      v_alpha_mode = v_alpha_mode_param;
      v_normal = v_normal_param;
      v_tangent = v_tangent_param;
      gl_FrontFacing = gl_FrontFacing_param;
      v_world_pos = v_world_pos_param;
      main_1();
      return main_out(frag_color);
    }
*/
#if defined(SOKOL_WGPU)
static const uint8_t sprite_fs_lit_source_wgsl[18010] = {
    0x64,0x69,0x61,0x67,0x6e,0x6f,0x73,0x74,0x69,0x63,0x28,0x6f,0x66,0x66,0x2c,0x20,
    0x64,0x65,0x72,0x69,0x76,0x61,0x74,0x69,0x76,0x65,0x5f,0x75,0x6e,0x69,0x66,0x6f,
    0x72,0x6d,0x69,0x74,0x79,0x29,0x3b,0x0a,0x0a,0x61,0x6c,0x69,0x61,0x73,0x20,0x41,
    0x72,0x72,0x20,0x3d,0x20,0x61,0x72,0x72,0x61,0x79,0x3c,0x76,0x65,0x63,0x34,0x66,
    0x2c,0x20,0x35,0x75,0x3e,0x3b,0x0a,0x0a,0x61,0x6c,0x69,0x61,0x73,0x20,0x41,0x72,
    0x72,0x5f,0x31,0x20,0x3d,0x20,0x61,0x72,0x72,0x61,0x79,0x3c,0x76,0x65,0x63,0x34,
    0x66,0x2c,0x20,0x35,0x75,0x3e,0x3b,0x0a,0x0a,0x73,0x74,0x72,0x75,0x63,0x74,0x20,
    0x66,0x73,0x5f,0x70,0x61,0x72,0x61,0x6d,0x73,0x20,0x7b,0x0a,0x20,0x20,0x2f,0x2a,
    0x20,0x40,0x6f,0x66,0x66,0x73,0x65,0x74,0x28,0x30,0x29,0x20,0x2a,0x2f,0x0a,0x20,
    0x20,0x75,0x5f,0x62,0x61,0x73,0x65,0x5f,0x63,0x6f,0x6c,0x6f,0x72,0x20,0x3a,0x20,
    0x76,0x65,0x63,0x34,0x66,0x2c,0x0a,0x20,0x20,0x2f,0x2a,0x20,0x40,0x6f,0x66,0x66,
    0x73,0x65,0x74,0x28,0x31,0x36,0x29,0x20,0x2a,0x2f,0x0a,0x20,0x20,0x75,0x5f,0x65,
    0x6d,0x69,0x73,0x73,0x69,0x76,0x65,0x20,0x3a,0x20,0x76,0x65,0x63,0x34,0x66,0x2c,
    0x0a,0x20,0x20,0x2f,0x2a,0x20,0x40,0x6f,0x66,0x66,0x73,0x65,0x74,0x28,0x33,0x32,
    0x29,0x20,0x2a,0x2f,0x0a,0x20,0x20,0x75,0x5f,0x70,0x62,0x72,0x20,0x3a,0x20,0x76,
    0x65,0x63,0x34,0x66,0x2c,0x0a,0x20,0x20,0x2f,0x2a,0x20,0x40,0x6f,0x66,0x66,0x73,
    0x65,0x74,0x28,0x34,0x38,0x29,0x20,0x2a,0x2f,0x0a,0x20,0x20,0x75,0x5f,0x6d,0x61,
    0x74,0x65,0x72,0x69,0x61,0x6c,0x20,0x3a,0x20,0x76,0x65,0x63,0x34,0x66,0x2c,0x0a,
    0x20,0x20,0x2f,0x2a,0x20,0x40,0x6f,0x66,0x66,0x73,0x65,0x74,0x28,0x36,0x34,0x29,
    0x20,0x2a,0x2f,0x0a,0x20,0x20,0x75,0x5f,0x75,0x76,0x5f,0x72,0x6f,0x77,0x30,0x20,
    0x3a,0x20,0x41,0x72,0x72,0x2c,0x0a,0x20,0x20,0x2f,0x2a,0x20,0x40,0x6f,0x66,0x66,
    0x73,0x65,0x74,0x28,0x31,0x34,0x34,0x29,0x20,0x2a,0x2f,0x0a,0x20,0x20,0x75,0x5f,
    0x75,0x76,0x5f,0x72,0x6f,0x77,0x31,0x20,0x3a,0x20,0x41,0x72,0x72,0x5f,0x31,0x2c,
    0x0a,0x7d,0x0a,0x0a,0x61,0x6c,0x69,0x61,0x73,0x20,0x41,0x72,0x72,0x5f,0x32,0x20,
    0x3d,0x20,0x61,0x72,0x72,0x61,0x79,0x3c,0x76,0x65,0x63,0x34,0x66,0x2c,0x20,0x39,
    0x75,0x3e,0x3b,0x0a,0x0a,0x61,0x6c,0x69,0x61,0x73,0x20,0x41,0x72,0x72,0x5f,0x33,
    0x20,0x3d,0x20,0x61,0x72,0x72,0x61,0x79,0x3c,0x6d,0x61,0x74,0x34,0x78,0x34,0x66,
    0x2c,0x20,0x34,0x75,0x3e,0x3b,0x0a,0x0a,0x61,0x6c,0x69,0x61,0x73,0x20,0x41,0x72,
    0x72,0x5f,0x34,0x20,0x3d,0x20,0x61,0x72,0x72,0x61,0x79,0x3c,0x76,0x65,0x63,0x34,
    0x66,0x2c,0x20,0x34,0x75,0x3e,0x3b,0x0a,0x0a,0x61,0x6c,0x69,0x61,0x73,0x20,0x41,
    0x72,0x72,0x5f,0x35,0x20,0x3d,0x20,0x61,0x72,0x72,0x61,0x79,0x3c,0x76,0x65,0x63,
    0x34,0x66,0x2c,0x20,0x34,0x75,0x3e,0x3b,0x0a,0x0a,0x61,0x6c,0x69,0x61,0x73,0x20,
    0x41,0x72,0x72,0x5f,0x36,0x20,0x3d,0x20,0x61,0x72,0x72,0x61,0x79,0x3c,0x76,0x65,
    0x63,0x34,0x66,0x2c,0x20,0x34,0x75,0x3e,0x3b,0x0a,0x0a,0x73,0x74,0x72,0x75,0x63,
    0x74,0x20,0x66,0x73,0x5f,0x73,0x63,0x65,0x6e,0x65,0x20,0x7b,0x0a,0x20,0x20,0x2f,
    0x2a,0x20,0x40,0x6f,0x66,0x66,0x73,0x65,0x74,0x28,0x30,0x29,0x20,0x2a,0x2f,0x0a,
    0x20,0x20,0x75,0x5f,0x63,0x61,0x6d,0x65,0x72,0x61,0x5f,0x70,0x6f,0x73,0x20,0x3a,
    0x20,0x76,0x65,0x63,0x34,0x66,0x2c,0x0a,0x20,0x20,0x2f,0x2a,0x20,0x40,0x6f,0x66,
    0x66,0x73,0x65,0x74,0x28,0x31,0x36,0x29,0x20,0x2a,0x2f,0x0a,0x20,0x20,0x75,0x5f,
    0x61,0x6d,0x62,0x69,0x65,0x6e,0x74,0x20,0x3a,0x20,0x76,0x65,0x63,0x34,0x66,0x2c,
    0x0a,0x20,0x20,0x2f,0x2a,0x20,0x40,0x6f,0x66,0x66,0x73,0x65,0x74,0x28,0x33,0x32,
    0x29,0x20,0x2a,0x2f,0x0a,0x20,0x20,0x75,0x5f,0x65,0x6e,0x76,0x20,0x3a,0x20,0x76,
    0x65,0x63,0x34,0x66,0x2c,0x0a,0x20,0x20,0x2f,0x2a,0x20,0x40,0x6f,0x66,0x66,0x73,
    0x65,0x74,0x28,0x34,0x38,0x29,0x20,0x2a,0x2f,0x0a,0x20,0x20,0x75,0x5f,0x73,0x68,
    0x20,0x3a,0x20,0x41,0x72,0x72,0x5f,0x32,0x2c,0x0a,0x20,0x20,0x2f,0x2a,0x20,0x40,
    0x6f,0x66,0x66,0x73,0x65,0x74,0x28,0x31,0x39,0x32,0x29,0x20,0x2a,0x2f,0x0a,0x20,
    0x20,0x75,0x5f,0x74,0x6f,0x6e,0x65,0x6d,0x61,0x70,0x20,0x3a,0x20,0x76,0x65,0x63,
    0x34,0x66,0x2c,0x0a,0x20,0x20,0x2f,0x2a,0x20,0x40,0x6f,0x66,0x66,0x73,0x65,0x74,
    0x28,0x32,0x30,0x38,0x29,0x20,0x2a,0x2f,0x0a,0x20,0x20,0x75,0x5f,0x73,0x68,0x61,
    0x64,0x6f,0x77,0x5f,0x6d,0x61,0x74,0x20,0x3a,0x20,0x41,0x72,0x72,0x5f,0x33,0x2c,
    0x0a,0x20,0x20,0x2f,0x2a,0x20,0x40,0x6f,0x66,0x66,0x73,0x65,0x74,0x28,0x34,0x36,
    0x34,0x29,0x20,0x2a,0x2f,0x0a,0x20,0x20,0x75,0x5f,0x73,0x68,0x61,0x64,0x6f,0x77,
    0x5f,0x70,0x61,0x72,0x61,0x6d,0x73,0x20,0x3a,0x20,0x41,0x72,0x72,0x5f,0x34,0x2c,
    0x0a,0x20,0x20,0x2f,0x2a,0x20,0x40,0x6f,0x66,0x66,0x73,0x65,0x74,0x28,0x35,0x32,
    0x38,0x29,0x20,0x2a,0x2f,0x0a,0x20,0x20,0x75,0x5f,0x73,0x68,0x61,0x64,0x6f,0x77,
    0x5f,0x74,0x69,0x6e,0x74,0x20,0x3a,0x20,0x41,0x72,0x72,0x5f,0x35,0x2c,0x0a,0x20,
    0x20,0x2f,0x2a,0x20,0x40,0x6f,0x66,0x66,0x73,0x65,0x74,0x28,0x35,0x39,0x32,0x29,
    0x20,0x2a,0x2f,0x0a,0x20,0x20,0x75,0x5f,0x73,0x68,0x61,0x64,0x6f,0x77,0x5f,0x65,
    0x78,0x74,0x72,0x61,0x20,0x3a,0x20,0x41,0x72,0x72,0x5f,0x36,0x2c,0x0a,0x20,0x20,
    0x2f,0x2a,0x20,0x40,0x6f,0x66,0x66,0x73,0x65,0x74,0x28,0x36,0x35,0x36,0x29,0x20,
    0x2a,0x2f,0x0a,0x20,0x20,0x75,0x5f,0x73,0x68,0x61,0x64,0x6f,0x77,0x5f,0x6d,0x61,
    0x70,0x20,0x3a,0x20,0x76,0x65,0x63,0x34,0x66,0x2c,0x0a,0x7d,0x0a,0x0a,0x61,0x6c,
    0x69,0x61,0x73,0x20,0x41,0x72,0x72,0x5f,0x37,0x20,0x3d,0x20,0x61,0x72,0x72,0x61,
    0x79,0x3c,0x76,0x65,0x63,0x34,0x66,0x2c,0x20,0x38,0x75,0x3e,0x3b,0x0a,0x0a,0x61,
    0x6c,0x69,0x61,0x73,0x20,0x41,0x72,0x72,0x5f,0x38,0x20,0x3d,0x20,0x61,0x72,0x72,
    0x61,0x79,0x3c,0x76,0x65,0x63,0x34,0x66,0x2c,0x20,0x38,0x75,0x3e,0x3b,0x0a,0x0a,
    0x61,0x6c,0x69,0x61,0x73,0x20,0x41,0x72,0x72,0x5f,0x39,0x20,0x3d,0x20,0x61,0x72,
    0x72,0x61,0x79,0x3c,0x76,0x65,0x63,0x34,0x66,0x2c,0x20,0x38,0x75,0x3e,0x3b,0x0a,
    0x0a,0x61,0x6c,0x69,0x61,0x73,0x20,0x41,0x72,0x72,0x5f,0x31,0x30,0x20,0x3d,0x20,
    0x61,0x72,0x72,0x61,0x79,0x3c,0x76,0x65,0x63,0x34,0x66,0x2c,0x20,0x38,0x75,0x3e,
    0x3b,0x0a,0x0a,0x73,0x74,0x72,0x75,0x63,0x74,0x20,0x66,0x73,0x5f,0x6c,0x69,0x67,
    0x68,0x74,0x73,0x20,0x7b,0x0a,0x20,0x20,0x2f,0x2a,0x20,0x40,0x6f,0x66,0x66,0x73,
    0x65,0x74,0x28,0x30,0x29,0x20,0x2a,0x2f,0x0a,0x20,0x20,0x75,0x5f,0x6c,0x69,0x67,
    0x68,0x74,0x5f,0x70,0x6f,0x73,0x5f,0x72,0x61,0x6e,0x67,0x65,0x20,0x3a,0x20,0x41,
    0x72,0x72,0x5f,0x37,0x2c,0x0a,0x20,0x20,0x2f,0x2a,0x20,0x40,0x6f,0x66,0x66,0x73,
    0x65,0x74,0x28,0x31,0x32,0x38,0x29,0x20,0x2a,0x2f,0x0a,0x20,0x20,0x75,0x5f,0x6c,
    0x69,0x67,0x68,0x74,0x5f,0x64,0x69,0x72,0x5f,0x74,0x79,0x70,0x65,0x20,0x3a,0x20,
    0x41,0x72,0x72,0x5f,0x38,0x2c,0x0a,0x20,0x20,0x2f,0x2a,0x20,0x40,0x6f,0x66,0x66,
    0x73,0x65,0x74,0x28,0x32,0x35,0x36,0x29,0x20,0x2a,0x2f,0x0a,0x20,0x20,0x75,0x5f,
    0x6c,0x69,0x67,0x68,0x74,0x5f,0x72,0x61,0x64,0x69,0x61,0x6e,0x63,0x65,0x20,0x3a,
    0x20,0x41,0x72,0x72,0x5f,0x39,0x2c,0x0a,0x20,0x20,0x2f,0x2a,0x20,0x40,0x6f,0x66,
    0x66,0x73,0x65,0x74,0x28,0x33,0x38,0x34,0x29,0x20,0x2a,0x2f,0x0a,0x20,0x20,0x75,
    0x5f,0x6c,0x69,0x67,0x68,0x74,0x5f,0x73,0x70,0x6f,0x74,0x20,0x3a,0x20,0x41,0x72,
    0x72,0x5f,0x31,0x30,0x2c,0x0a,0x7d,0x0a,0x0a,0x40,0x62,0x69,0x6e,0x64,0x69,0x6e,
    0x67,0x28,0x31,0x29,0x20,0x40,0x67,0x72,0x6f,0x75,0x70,0x28,0x30,0x29,0x20,0x76,
    0x61,0x72,0x3c,0x75,0x6e,0x69,0x66,0x6f,0x72,0x6d,0x3e,0x20,0x78,0x5f,0x32,0x39,
    0x35,0x20,0x3a,0x20,0x66,0x73,0x5f,0x70,0x61,0x72,0x61,0x6d,0x73,0x3b,0x0a,0x0a,
    0x40,0x62,0x69,0x6e,0x64,0x69,0x6e,0x67,0x28,0x32,0x29,0x20,0x40,0x67,0x72,0x6f,
    0x75,0x70,0x28,0x30,0x29,0x20,0x76,0x61,0x72,0x3c,0x75,0x6e,0x69,0x66,0x6f,0x72,
    0x6d,0x3e,0x20,0x78,0x5f,0x33,0x32,0x30,0x20,0x3a,0x20,0x66,0x73,0x5f,0x73,0x63,
    0x65,0x6e,0x65,0x3b,0x0a,0x0a,0x40,0x62,0x69,0x6e,0x64,0x69,0x6e,0x67,0x28,0x38,
    0x29,0x20,0x40,0x67,0x72,0x6f,0x75,0x70,0x28,0x31,0x29,0x20,0x76,0x61,0x72,0x20,
    0x73,0x68,0x61,0x64,0x6f,0x77,0x5f,0x74,0x65,0x78,0x20,0x3a,0x20,0x74,0x65,0x78,
    0x74,0x75,0x72,0x65,0x5f,0x64,0x65,0x70,0x74,0x68,0x5f,0x32,0x64,0x5f,0x61,0x72,
    0x72,0x61,0x79,0x3b,0x0a,0x0a,0x40,0x62,0x69,0x6e,0x64,0x69,0x6e,0x67,0x28,0x34,
    0x30,0x29,0x20,0x40,0x67,0x72,0x6f,0x75,0x70,0x28,0x31,0x29,0x20,0x76,0x61,0x72,
    0x20,0x73,0x68,0x61,0x64,0x6f,0x77,0x5f,0x73,0x6d,0x70,0x20,0x3a,0x20,0x73,0x61,
    0x6d,0x70,0x6c,0x65,0x72,0x5f,0x63,0x6f,0x6d,0x70,0x61,0x72,0x69,0x73,0x6f,0x6e,
    0x3b,0x0a,0x0a,0x76,0x61,0x72,0x3c,0x70,0x72,0x69,0x76,0x61,0x74,0x65,0x3e,0x20,
    0x76,0x5f,0x75,0x76,0x30,0x20,0x3a,0x20,0x76,0x65,0x63,0x32,0x66,0x3b,0x0a,0x0a,
    0x76,0x61,0x72,0x3c,0x70,0x72,0x69,0x76,0x61,0x74,0x65,0x3e,0x20,0x76,0x5f,0x75,
    0x76,0x31,0x20,0x3a,0x20,0x76,0x65,0x63,0x32,0x66,0x3b,0x0a,0x0a,0x40,0x62,0x69,
    0x6e,0x64,0x69,0x6e,0x67,0x28,0x30,0x29,0x20,0x40,0x67,0x72,0x6f,0x75,0x70,0x28,
    0x31,0x29,0x20,0x76,0x61,0x72,0x20,0x62,0x61,0x73,0x65,0x5f,0x63,0x6f,0x6c,0x6f,
    0x72,0x5f,0x74,0x65,0x78,0x20,0x3a,0x20,0x74,0x65,0x78,0x74,0x75,0x72,0x65,0x5f,
    0x32,0x64,0x3c,0x66,0x33,0x32,0x3e,0x3b,0x0a,0x0a,0x40,0x62,0x69,0x6e,0x64,0x69,
    0x6e,0x67,0x28,0x33,0x32,0x29,0x20,0x40,0x67,0x72,0x6f,0x75,0x70,0x28,0x31,0x29,
    0x20,0x76,0x61,0x72,0x20,0x62,0x61,0x73,0x65,0x5f,0x63,0x6f,0x6c,0x6f,0x72,0x5f,
    0x73,0x6d,0x70,0x20,0x3a,0x20,0x73,0x61,0x6d,0x70,0x6c,0x65,0x72,0x3b,0x0a,0x0a,
    0x76,0x61,0x72,0x3c,0x70,0x72,0x69,0x76,0x61,0x74,0x65,0x3e,0x20,0x76,0x5f,0x63,
    0x6f,0x6c,0x6f,0x72,0x20,0x3a,0x20,0x76,0x65,0x63,0x34,0x66,0x3b,0x0a,0x0a,0x76,
    0x61,0x72,0x3c,0x70,0x72,0x69,0x76,0x61,0x74,0x65,0x3e,0x20,0x76,0x5f,0x61,0x6c,
    0x70,0x68,0x61,0x5f,0x6d,0x6f,0x64,0x65,0x20,0x3a,0x20,0x66,0x33,0x32,0x3b,0x0a,
    0x0a,0x76,0x61,0x72,0x3c,0x70,0x72,0x69,0x76,0x61,0x74,0x65,0x3e,0x20,0x66,0x72,
    0x61,0x67,0x5f,0x63,0x6f,0x6c,0x6f,0x72,0x20,0x3a,0x20,0x76,0x65,0x63,0x34,0x66,
    0x3b,0x0a,0x0a,0x76,0x61,0x72,0x3c,0x70,0x72,0x69,0x76,0x61,0x74,0x65,0x3e,0x20,
    0x76,0x5f,0x6e,0x6f,0x72,0x6d,0x61,0x6c,0x20,0x3a,0x20,0x76,0x65,0x63,0x33,0x66,
    0x3b,0x0a,0x0a,0x76,0x61,0x72,0x3c,0x70,0x72,0x69,0x76,0x61,0x74,0x65,0x3e,0x20,
    0x76,0x5f,0x74,0x61,0x6e,0x67,0x65,0x6e,0x74,0x20,0x3a,0x20,0x76,0x65,0x63,0x34,
    0x66,0x3b,0x0a,0x0a,0x76,0x61,0x72,0x3c,0x70,0x72,0x69,0x76,0x61,0x74,0x65,0x3e,
    0x20,0x67,0x6c,0x5f,0x46,0x72,0x6f,0x6e,0x74,0x46,0x61,0x63,0x69,0x6e,0x67,0x20,
    0x3a,0x20,0x62,0x6f,0x6f,0x6c,0x3b,0x0a,0x0a,0x40,0x62,0x69,0x6e,0x64,0x69,0x6e,
    0x67,0x28,0x32,0x29,0x20,0x40,0x67,0x72,0x6f,0x75,0x70,0x28,0x31,0x29,0x20,0x76,
    0x61,0x72,0x20,0x6e,0x6f,0x72,0x6d,0x61,0x6c,0x5f,0x74,0x65,0x78,0x20,0x3a,0x20,
    0x74,0x65,0x78,0x74,0x75,0x72,0x65,0x5f,0x32,0x64,0x3c,0x66,0x33,0x32,0x3e,0x3b,
    0x0a,0x0a,0x40,0x62,0x69,0x6e,0x64,0x69,0x6e,0x67,0x28,0x33,0x34,0x29,0x20,0x40,
    0x67,0x72,0x6f,0x75,0x70,0x28,0x31,0x29,0x20,0x76,0x61,0x72,0x20,0x6e,0x6f,0x72,
    0x6d,0x61,0x6c,0x5f,0x73,0x6d,0x70,0x20,0x3a,0x20,0x73,0x61,0x6d,0x70,0x6c,0x65,
    0x72,0x3b,0x0a,0x0a,0x40,0x62,0x69,0x6e,0x64,0x69,0x6e,0x67,0x28,0x31,0x29,0x20,
    0x40,0x67,0x72,0x6f,0x75,0x70,0x28,0x31,0x29,0x20,0x76,0x61,0x72,0x20,0x6d,0x65,
    0x74,0x61,0x6c,0x6c,0x69,0x63,0x5f,0x72,0x6f,0x75,0x67,0x68,0x6e,0x65,0x73,0x73,
    0x5f,0x74,0x65,0x78,0x20,0x3a,0x20,0x74,0x65,0x78,0x74,0x75,0x72,0x65,0x5f,0x32,
    0x64,0x3c,0x66,0x33,0x32,0x3e,0x3b,0x0a,0x0a,0x40,0x62,0x69,0x6e,0x64,0x69,0x6e,
    0x67,0x28,0x33,0x33,0x29,0x20,0x40,0x67,0x72,0x6f,0x75,0x70,0x28,0x31,0x29,0x20,
    0x76,0x61,0x72,0x20,0x6d,0x65,0x74,0x61,0x6c,0x6c,0x69,0x63,0x5f,0x72,0x6f,0x75,
    0x67,0x68,0x6e,0x65,0x73,0x73,0x5f,0x73,0x6d,0x70,0x20,0x3a,0x20,0x73,0x61,0x6d,
    0x70,0x6c,0x65,0x72,0x3b,0x0a,0x0a,0x76,0x61,0x72,0x3c,0x70,0x72,0x69,0x76,0x61,
    0x74,0x65,0x3e,0x20,0x76,0x5f,0x77,0x6f,0x72,0x6c,0x64,0x5f,0x70,0x6f,0x73,0x20,
    0x3a,0x20,0x76,0x65,0x63,0x33,0x66,0x3b,0x0a,0x0a,0x40,0x62,0x69,0x6e,0x64,0x69,
    0x6e,0x67,0x28,0x33,0x29,0x20,0x40,0x67,0x72,0x6f,0x75,0x70,0x28,0x31,0x29,0x20,
    0x76,0x61,0x72,0x20,0x6f,0x63,0x63,0x6c,0x75,0x73,0x69,0x6f,0x6e,0x5f,0x74,0x65,
    0x78,0x20,0x3a,0x20,0x74,0x65,0x78,0x74,0x75,0x72,0x65,0x5f,0x32,0x64,0x3c,0x66,
    0x33,0x32,0x3e,0x3b,0x0a,0x0a,0x40,0x62,0x69,0x6e,0x64,0x69,0x6e,0x67,0x28,0x33,
    0x35,0x29,0x20,0x40,0x67,0x72,0x6f,0x75,0x70,0x28,0x31,0x29,0x20,0x76,0x61,0x72,
    0x20,0x6f,0x63,0x63,0x6c,0x75,0x73,0x69,0x6f,0x6e,0x5f,0x73,0x6d,0x70,0x20,0x3a,
    0x20,0x73,0x61,0x6d,0x70,0x6c,0x65,0x72,0x3b,0x0a,0x0a,0x40,0x62,0x69,0x6e,0x64,
    0x69,0x6e,0x67,0x28,0x33,0x29,0x20,0x40,0x67,0x72,0x6f,0x75,0x70,0x28,0x30,0x29,
    0x20,0x76,0x61,0x72,0x3c,0x75,0x6e,0x69,0x66,0x6f,0x72,0x6d,0x3e,0x20,0x78,0x5f,
    0x39,0x35,0x38,0x20,0x3a,0x20,0x66,0x73,0x5f,0x6c,0x69,0x67,0x68,0x74,0x73,0x3b,
    0x0a,0x0a,0x40,0x62,0x69,0x6e,0x64,0x69,0x6e,0x67,0x28,0x35,0x29,0x20,0x40,0x67,
    0x72,0x6f,0x75,0x70,0x28,0x31,0x29,0x20,0x76,0x61,0x72,0x20,0x65,0x6e,0x76,0x5f,
    0x74,0x65,0x78,0x20,0x3a,0x20,0x74,0x65,0x78,0x74,0x75,0x72,0x65,0x5f,0x63,0x75,
    0x62,0x65,0x3c,0x66,0x33,0x32,0x3e,0x3b,0x0a,0x0a,0x40,0x62,0x69,0x6e,0x64,0x69,
    0x6e,0x67,0x28,0x33,0x37,0x29,0x20,0x40,0x67,0x72,0x6f,0x75,0x70,0x28,0x31,0x29,
    0x20,0x76,0x61,0x72,0x20,0x65,0x6e,0x76,0x5f,0x73,0x6d,0x70,0x20,0x3a,0x20,0x73,
    0x61,0x6d,0x70,0x6c,0x65,0x72,0x3b,0x0a,0x0a,0x40,0x62,0x69,0x6e,0x64,0x69,0x6e,
    0x67,0x28,0x36,0x29,0x20,0x40,0x67,0x72,0x6f,0x75,0x70,0x28,0x31,0x29,0x20,0x76,
    0x61,0x72,0x20,0x62,0x72,0x64,0x66,0x5f,0x74,0x65,0x78,0x20,0x3a,0x20,0x74,0x65,
    0x78,0x74,0x75,0x72,0x65,0x5f,0x32,0x64,0x3c,0x66,0x33,0x32,0x3e,0x3b,0x0a,0x0a,
    0x40,0x62,0x69,0x6e,0x64,0x69,0x6e,0x67,0x28,0x33,0x38,0x29,0x20,0x40,0x67,0x72,
    0x6f,0x75,0x70,0x28,0x31,0x29,0x20,0x76,0x61,0x72,0x20,0x62,0x72,0x64,0x66,0x5f,
    0x73,0x6d,0x70,0x20,0x3a,0x20,0x73,0x61,0x6d,0x70,0x6c,0x65,0x72,0x3b,0x0a,0x0a,
    0x40,0x62,0x69,0x6e,0x64,0x69,0x6e,0x67,0x28,0x34,0x29,0x20,0x40,0x67,0x72,0x6f,
    0x75,0x70,0x28,0x31,0x29,0x20,0x76,0x61,0x72,0x20,0x65,0x6d,0x69,0x73,0x73,0x69,
    0x76,0x65,0x5f,0x74,0x65,0x78,0x20,0x3a,0x20,0x74,0x65,0x78,0x74,0x75,0x72,0x65,
    0x5f,0x32,0x64,0x3c,0x66,0x33,0x32,0x3e,0x3b,0x0a,0x0a,0x40,0x62,0x69,0x6e,0x64,
    0x69,0x6e,0x67,0x28,0x33,0x36,0x29,0x20,0x40,0x67,0x72,0x6f,0x75,0x70,0x28,0x31,
    0x29,0x20,0x76,0x61,0x72,0x20,0x65,0x6d,0x69,0x73,0x73,0x69,0x76,0x65,0x5f,0x73,
    0x6d,0x70,0x20,0x3a,0x20,0x73,0x61,0x6d,0x70,0x6c,0x65,0x72,0x3b,0x0a,0x0a,0x66,
    0x6e,0x20,0x74,0x65,0x78,0x5f,0x75,0x76,0x5f,0x69,0x31,0x5f,0x28,0x69,0x20,0x3a,
    0x20,0x70,0x74,0x72,0x3c,0x66,0x75,0x6e,0x63,0x74,0x69,0x6f,0x6e,0x2c,0x20,0x69,
    0x33,0x32,0x3e,0x29,0x20,0x2d,0x3e,0x20,0x76,0x65,0x63,0x32,0x66,0x20,0x7b,0x0a,
    0x20,0x20,0x6c,0x65,0x74,0x20,0x78,0x5f,0x36,0x32,0x32,0x20,0x3d,0x20,0x73,0x65,
    0x6c,0x65,0x63,0x74,0x28,0x76,0x5f,0x75,0x76,0x31,0x2c,0x20,0x76,0x5f,0x75,0x76,
    0x30,0x2c,0x20,0x76,0x65,0x63,0x32,0x3c,0x62,0x6f,0x6f,0x6c,0x3e,0x28,0x28,0x78,
    0x5f,0x32,0x39,0x35,0x2e,0x75,0x5f,0x75,0x76,0x5f,0x72,0x6f,0x77,0x30,0x5b,0x2a,
    0x28,0x69,0x29,0x5d,0x2e,0x77,0x20,0x3c,0x20,0x30,0x2e,0x35,0x66,0x29,0x29,0x29,
    0x3b,0x0a,0x20,0x20,0x6c,0x65,0x74,0x20,0x78,0x5f,0x36,0x32,0x35,0x20,0x3d,0x20,
    0x76,0x65,0x63,0x33,0x66,0x28,0x78,0x5f,0x36,0x32,0x32,0x2e,0x78,0x2c,0x20,0x78,
    0x5f,0x36,0x32,0x32,0x2e,0x79,0x2c,0x20,0x31,0x2e,0x30,0x66,0x29,0x3b,0x0a,0x20,
    0x20,0x6c,0x65,0x74,0x20,0x78,0x5f,0x36,0x32,0x38,0x20,0x3d,0x20,0x78,0x5f,0x32,
    0x39,0x35,0x2e,0x75,0x5f,0x75,0x76,0x5f,0x72,0x6f,0x77,0x30,0x5b,0x2a,0x28,0x69,
    0x29,0x5d,0x3b,0x0a,0x20,0x20,0x6c,0x65,0x74,0x20,0x78,0x5f,0x36,0x33,0x34,0x20,
    0x3d,0x20,0x78,0x5f,0x32,0x39,0x35,0x2e,0x75,0x5f,0x75,0x76,0x5f,0x72,0x6f,0x77,
    0x31,0x5b,0x2a,0x28,0x69,0x29,0x5d,0x3b,0x0a,0x20,0x20,0x72,0x65,0x74,0x75,0x72,
    0x6e,0x20,0x76,0x65,0x63,0x32,0x66,0x28,0x64,0x6f,0x74,0x28,0x78,0x5f,0x36,0x32,
    0x38,0x2e,0x78,0x79,0x7a,0x2c,0x20,0x78,0x5f,0x36,0x32,0x35,0x29,0x2c,0x20,0x64,
    0x6f,0x74,0x28,0x78,0x5f,0x36,0x33,0x34,0x2e,0x78,0x79,0x7a,0x2c,0x20,0x78,0x5f,
    0x36,0x32,0x35,0x29,0x29,0x3b,0x0a,0x7d,0x0a,0x0a,0x63,0x6f,0x6e,0x73,0x74,0x20,
    0x78,0x5f,0x37,0x30,0x20,0x3d,0x20,0x76,0x65,0x63,0x33,0x66,0x28,0x30,0x2e,0x30,
    0x34,0x30,0x34,0x34,0x39,0x39,0x39,0x39,0x32,0x37,0x32,0x38,0x32,0x33,0x33,0x33,
    0x33,0x37,0x34,0x66,0x29,0x3b,0x0a,0x0a,0x63,0x6f,0x6e,0x73,0x74,0x20,0x78,0x5f,
    0x31,0x33,0x31,0x34,0x20,0x3d,0x20,0x76,0x65,0x63,0x33,0x66,0x28,0x30,0x2e,0x30,
    0x35,0x34,0x39,0x39,0x39,0x39,0x39,0x39,0x37,0x30,0x31,0x39,0x37,0x36,0x37,0x37,
    0x36,0x31,0x32,0x66,0x29,0x3b,0x0a,0x0a,0x66,0x6e,0x20,0x73,0x72,0x67,0x62,0x5f,
    0x74,0x6f,0x5f,0x6c,0x69,0x6e,0x65,0x61,0x72,0x5f,0x76,0x66,0x33,0x5f,0x28,0x63,
    0x20,0x3a,0x20,0x70,0x74,0x72,0x3c,0x66,0x75,0x6e,0x63,0x74,0x69,0x6f,0x6e,0x2c,
    0x20,0x76,0x65,0x63,0x33,0x66,0x3e,0x29,0x20,0x2d,0x3e,0x20,0x76,0x65,0x63,0x33,
    0x66,0x20,0x7b,0x0a,0x20,0x20,0x6c,0x65,0x74,0x20,0x78,0x5f,0x36,0x33,0x20,0x3d,
    0x20,0x2a,0x28,0x63,0x29,0x3b,0x0a,0x20,0x20,0x6c,0x65,0x74,0x20,0x78,0x5f,0x36,
    0x38,0x20,0x3d,0x20,0x2a,0x28,0x63,0x29,0x3b,0x0a,0x20,0x20,0x6c,0x65,0x74,0x20,
    0x78,0x5f,0x38,0x33,0x20,0x3d,0x20,0x2a,0x28,0x63,0x29,0x3b,0x0a,0x20,0x20,0x72,
    0x65,0x74,0x75,0x72,0x6e,0x20,0x6d,0x69,0x78,0x28,0x28,0x78,0x5f,0x36,0x33,0x20,
    0x2a,0x20,0x76,0x65,0x63,0x33,0x66,0x28,0x30,0x2e,0x30,0x37,0x37,0x33,0x39,0x39,
    0x33,0x38,0x30,0x35,0x30,0x35,0x30,0x38,0x34,0x39,0x39,0x31,0x34,0x36,0x66,0x29,
    0x29,0x2c,0x20,0x70,0x6f,0x77,0x28,0x28,0x28,0x6d,0x61,0x78,0x28,0x78,0x5f,0x36,
    0x38,0x2c,0x20,0x78,0x5f,0x37,0x30,0x29,0x20,0x2b,0x20,0x78,0x5f,0x31,0x33,0x31,
    0x34,0x29,0x20,0x2a,0x20,0x76,0x65,0x63,0x33,0x66,0x28,0x30,0x2e,0x39,0x34,0x37,
    0x38,0x36,0x37,0x33,0x33,0x33,0x38,0x38,0x39,0x30,0x30,0x37,0x35,0x36,0x38,0x33,
    0x36,0x66,0x29,0x29,0x2c,0x20,0x76,0x65,0x63,0x33,0x66,0x28,0x32,0x2e,0x34,0x30,
    0x30,0x30,0x30,0x30,0x30,0x39,0x35,0x33,0x36,0x37,0x34,0x33,0x31,0x36,0x34,0x30,
    0x36,0x32,0x66,0x29,0x29,0x2c,0x20,0x73,0x74,0x65,0x70,0x28,0x78,0x5f,0x37,0x30,
    0x2c,0x20,0x78,0x5f,0x38,0x33,0x29,0x29,0x3b,0x0a,0x7d,0x0a,0x0a,0x66,0x6e,0x20,
    0x74,0x6f,0x6e,0x65,0x6d,0x61,0x70,0x5f,0x6e,0x65,0x75,0x74,0x72,0x61,0x6c,0x5f,
    0x76,0x66,0x33,0x5f,0x28,0x63,0x6f,0x6c,0x6f,0x72,0x20,0x3a,0x20,0x70,0x74,0x72,
    0x3c,0x66,0x75,0x6e,0x63,0x74,0x69,0x6f,0x6e,0x2c,0x20,0x76,0x65,0x63,0x33,0x66,
    0x3e,0x29,0x20,0x2d,0x3e,0x20,0x76,0x65,0x63,0x33,0x66,0x20,0x7b,0x0a,0x20,0x20,
    0x76,0x61,0x72,0x20,0x78,0x5f,0x31,0x33,0x33,0x20,0x3a,0x20,0x66,0x33,0x32,0x3b,
    0x0a,0x20,0x20,0x6c,0x65,0x74,0x20,0x78,0x5f,0x31,0x32,0x37,0x20,0x3d,0x20,0x6d,
    0x69,0x6e,0x28,0x28,0x2a,0x28,0x63,0x6f,0x6c,0x6f,0x72,0x29,0x29,0x2e,0x78,0x2c,
    0x20,0x6d,0x69,0x6e,0x28,0x28,0x2a,0x28,0x63,0x6f,0x6c,0x6f,0x72,0x29,0x29,0x2e,
    0x79,0x2c,0x20,0x28,0x2a,0x28,0x63,0x6f,0x6c,0x6f,0x72,0x29,0x29,0x2e,0x7a,0x29,
    0x29,0x3b,0x0a,0x20,0x20,0x69,0x66,0x20,0x28,0x28,0x78,0x5f,0x31,0x32,0x37,0x20,
    0x3c,0x20,0x30,0x2e,0x30,0x37,0x39,0x39,0x39,0x39,0x39,0x39,0x38,0x32,0x31,0x31,
    0x38,0x36,0x30,0x36,0x35,0x36,0x37,0x34,0x66,0x29,0x29,0x20,0x7b,0x0a,0x20,0x20,
    0x20,0x20,0x78,0x5f,0x31,0x33,0x33,0x20,0x3d,0x20,0x28,0x78,0x5f,0x31,0x32,0x37,
    0x20,0x2d,0x20,0x28,0x28,0x36,0x2e,0x32,0x35,0x66,0x20,0x2a,0x20,0x78,0x5f,0x31,
    0x32,0x37,0x29,0x20,0x2a,0x20,0x78,0x5f,0x31,0x32,0x37,0x29,0x29,0x3b,0x0a,0x20,
    0x20,0x7d,0x20,0x65,0x6c,0x73,0x65,0x20,0x7b,0x0a,0x20,0x20,0x20,0x20,0x78,0x5f,
    0x31,0x33,0x33,0x20,0x3d,0x20,0x30,0x2e,0x30,0x33,0x39,0x39,0x39,0x39,0x39,0x39,
    0x39,0x31,0x30,0x35,0x39,0x33,0x30,0x33,0x32,0x38,0x33,0x37,0x66,0x3b,0x0a,0x20,
    0x20,0x7d,0x0a,0x20,0x20,0x2a,0x28,0x63,0x6f,0x6c,0x6f,0x72,0x29,0x20,0x3d,0x20,
    0x28,0x2a,0x28,0x63,0x6f,0x6c,0x6f,0x72,0x29,0x20,0x2d,0x20,0x76,0x65,0x63,0x33,
    0x66,0x28,0x78,0x5f,0x31,0x33,0x33,0x29,0x29,0x3b,0x0a,0x20,0x20,0x6c,0x65,0x74,
    0x20,0x78,0x5f,0x31,0x35,0x38,0x20,0x3d,0x20,0x6d,0x61,0x78,0x28,0x28,0x2a,0x28,
    0x63,0x6f,0x6c,0x6f,0x72,0x29,0x29,0x2e,0x78,0x2c,0x20,0x6d,0x61,0x78,0x28,0x28,
    0x2a,0x28,0x63,0x6f,0x6c,0x6f,0x72,0x29,0x29,0x2e,0x79,0x2c,0x20,0x28,0x2a,0x28,
    0x63,0x6f,0x6c,0x6f,0x72,0x29,0x29,0x2e,0x7a,0x29,0x29,0x3b,0x0a,0x20,0x20,0x69,
    0x66,0x20,0x28,0x28,0x78,0x5f,0x31,0x35,0x38,0x20,0x3c,0x20,0x30,0x2e,0x37,0x35,
    0x39,0x39,0x39,0x39,0x39,0x39,0x30,0x34,0x36,0x33,0x32,0x35,0x36,0x38,0x33,0x35,
    0x39,0x34,0x66,0x29,0x29,0x20,0x7b,0x0a,0x20,0x20,0x20,0x20,0x6c,0x65,0x74,0x20,
    0x78,0x5f,0x31,0x36,0x34,0x20,0x3d,0x20,0x2a,0x28,0x63,0x6f,0x6c,0x6f,0x72,0x29,
    0x3b,0x0a,0x20,0x20,0x20,0x20,0x72,0x65,0x74,0x75,0x72,0x6e,0x20,0x78,0x5f,0x31,
    0x36,0x34,0x3b,0x0a,0x20,0x20,0x7d,0x0a,0x20,0x20,0x6c,0x65,0x74,0x20,0x78,0x5f,
    0x31,0x37,0x33,0x20,0x3d,0x20,0x28,0x31,0x2e,0x30,0x66,0x20,0x2d,0x20,0x28,0x30,
    0x2e,0x30,0x35,0x37,0x35,0x39,0x39,0x39,0x39,0x39,0x30,0x31,0x30,0x35,0x36,0x32,
    0x38,0x39,0x36,0x37,0x33,0x66,0x20,0x2f,0x20,0x28,0x78,0x5f,0x31,0x35,0x38,0x20,
    0x2b,0x20,0x2d,0x30,0x2e,0x35,0x31,0x39,0x39,0x39,0x39,0x39,0x38,0x30,0x39,0x32,
    0x36,0x35,0x31,0x33,0x36,0x37,0x31,0x38,0x38,0x66,0x29,0x29,0x29,0x3b,0x0a,0x20,
    0x20,0x2a,0x28,0x63,0x6f,0x6c,0x6f,0x72,0x29,0x20,0x3d,0x20,0x28,0x2a,0x28,0x63,
    0x6f,0x6c,0x6f,0x72,0x29,0x20,0x2a,0x20,0x28,0x78,0x5f,0x31,0x37,0x33,0x20,0x2f,
    0x20,0x78,0x5f,0x31,0x35,0x38,0x29,0x29,0x3b,0x0a,0x20,0x20,0x6c,0x65,0x74,0x20,
    0x78,0x5f,0x31,0x38,0x37,0x20,0x3d,0x20,0x28,0x31,0x2e,0x30,0x66,0x20,0x2d,0x20,
    0x28,0x31,0x2e,0x30,0x66,0x20,0x2f,0x20,0x28,0x28,0x30,0x2e,0x31,0x35,0x30,0x30,
    0x30,0x30,0x30,0x30,0x35,0x39,0x36,0x30,0x34,0x36,0x34,0x34,0x37,0x37,0x35,0x34,
    0x66,0x20,0x2a,0x20,0x28,0x78,0x5f,0x31,0x35,0x38,0x20,0x2d,0x20,0x78,0x5f,0x31,
    0x37,0x33,0x29,0x29,0x20,0x2b,0x20,0x31,0x2e,0x30,0x66,0x29,0x29,0x29,0x3b,0x0a,
    0x20,0x20,0x6c,0x65,0x74,0x20,0x78,0x5f,0x31,0x38,0x38,0x20,0x3d,0x20,0x2a,0x28,
    0x63,0x6f,0x6c,0x6f,0x72,0x29,0x3b,0x0a,0x20,0x20,0x72,0x65,0x74,0x75,0x72,0x6e,
    0x20,0x6d,0x69,0x78,0x28,0x78,0x5f,0x31,0x38,0x38,0x2c,0x20,0x76,0x65,0x63,0x33,
    0x66,0x28,0x78,0x5f,0x31,0x37,0x33,0x29,0x2c,0x20,0x76,0x65,0x63,0x33,0x66,0x28,
    0x78,0x5f,0x31,0x38,0x37,0x29,0x29,0x3b,0x0a,0x7d,0x0a,0x0a,0x63,0x6f,0x6e,0x73,
    0x74,0x20,0x78,0x5f,0x39,0x32,0x20,0x3d,0x20,0x76,0x65,0x63,0x33,0x66,0x28,0x31,
    0x2e,0x30,0x66,0x29,0x3b,0x0a,0x0a,0x66,0x6e,0x20,0x74,0x6f,0x6e,0x65,0x6d,0x61,
    0x70,0x5f,0x61,0x63,0x65,0x73,0x5f,0x76,0x66,0x33,0x5f,0x28,0x63,0x6f,0x6c,0x6f,
    0x72,0x5f,0x31,0x20,0x3a,0x20,0x70,0x74,0x72,0x3c,0x66,0x75,0x6e,0x63,0x74,0x69,
    0x6f,0x6e,0x2c,0x20,0x76,0x65,0x63,0x33,0x66,0x3e,0x29,0x20,0x2d,0x3e,0x20,0x76,
    0x65,0x63,0x33,0x66,0x20,0x7b,0x0a,0x20,0x20,0x2a,0x28,0x63,0x6f,0x6c,0x6f,0x72,
    0x5f,0x31,0x29,0x20,0x3d,0x20,0x28,0x2a,0x28,0x63,0x6f,0x6c,0x6f,0x72,0x5f,0x31,
    0x29,0x20,0x2a,0x20,0x30,0x2e,0x36,0x30,0x30,0x30,0x30,0x30,0x30,0x32,0x33,0x38,
    0x34,0x31,0x38,0x35,0x37,0x39,0x31,0x30,0x31,0x36,0x66,0x29,0x3b,0x0a,0x20,0x20,
    0x6c,0x65,0x74,0x20,0x78,0x5f,0x31,0x39,0x39,0x20,0x3d,0x20,0x2a,0x28,0x63,0x6f,
    0x6c,0x6f,0x72,0x5f,0x31,0x29,0x3b,0x0a,0x20,0x20,0x6c,0x65,0x74,0x20,0x78,0x5f,
    0x32,0x30,0x31,0x20,0x3d,0x20,0x2a,0x28,0x63,0x6f,0x6c,0x6f,0x72,0x5f,0x31,0x29,
    0x3b,0x0a,0x20,0x20,0x6c,0x65,0x74,0x20,0x78,0x5f,0x32,0x30,0x37,0x20,0x3d,0x20,
    0x2a,0x28,0x63,0x6f,0x6c,0x6f,0x72,0x5f,0x31,0x29,0x3b,0x0a,0x20,0x20,0x6c,0x65,
    0x74,0x20,0x78,0x5f,0x32,0x30,0x39,0x20,0x3d,0x20,0x2a,0x28,0x63,0x6f,0x6c,0x6f,
    0x72,0x5f,0x31,0x29,0x3b,0x0a,0x20,0x20,0x72,0x65,0x74,0x75,0x72,0x6e,0x20,0x63,
    0x6c,0x61,0x6d,0x70,0x28,0x28,0x28,0x78,0x5f,0x31,0x39,0x39,0x20,0x2a,0x20,0x28,
    0x28,0x78,0x5f,0x32,0x30,0x31,0x20,0x2a,0x20,0x32,0x2e,0x35,0x30,0x39,0x39,0x39,
    0x39,0x39,0x39,0x30,0x34,0x36,0x33,0x32,0x35,0x36,0x38,0x33,0x35,0x39,0x34,0x66,
    0x29,0x20,0x2b,0x20,0x76,0x65,0x63,0x33,0x66,0x28,0x30,0x2e,0x30,0x32,0x39,0x39,
    0x39,0x39,0x39,0x39,0x39,0x33,0x32,0x39,0x34,0x34,0x37,0x37,0x34,0x36,0x32,0x38,
    0x66,0x29,0x29,0x29,0x20,0x2f,0x20,0x28,0x28,0x78,0x5f,0x32,0x30,0x37,0x20,0x2a,
    0x20,0x28,0x28,0x78,0x5f,0x32,0x30,0x39,0x20,0x2a,0x20,0x32,0x2e,0x34,0x33,0x30,
    0x30,0x30,0x30,0x30,0x36,0x36,0x37,0x35,0x37,0x32,0x30,0x32,0x31,0x34,0x38,0x34,
    0x34,0x66,0x29,0x20,0x2b,0x20,0x76,0x65,0x63,0x33,0x66,0x28,0x30,0x2e,0x35,0x38,
    0x39,0x39,0x39,0x39,0x39,0x37,0x33,0x37,0x37,0x33,0x39,0x35,0x36,0x32,0x39,0x38,
    0x38,0x33,0x66,0x29,0x29,0x29,0x20,0x2b,0x20,0x76,0x65,0x63,0x33,0x66,0x28,0x30,
    0x2e,0x31,0x34,0x30,0x30,0x30,0x30,0x30,0x30,0x30,0x35,0x39,0x36,0x30,0x34,0x36,
    0x34,0x34,0x37,0x37,0x35,0x66,0x29,0x29,0x29,0x2c,0x20,0x76,0x65,0x63,0x33,0x66,
    0x28,0x29,0x2c,0x20,0x78,0x5f,0x39,0x32,0x29,0x3b,0x0a,0x7d,0x0a,0x0a,0x63,0x6f,
    0x6e,0x73,0x74,0x20,0x78,0x5f,0x31,0x30,0x30,0x20,0x3d,0x20,0x76,0x65,0x63,0x33,
    0x66,0x28,0x30,0x2e,0x30,0x30,0x33,0x31,0x33,0x30,0x38,0x30,0x30,0x30,0x39,0x30,
    0x37,0x33,0x30,0x31,0x39,0x30,0x32,0x38,0x66,0x29,0x3b,0x0a,0x0a,0x66,0x6e,0x20,
    0x6c,0x69,0x6e,0x65,0x61,0x72,0x5f,0x74,0x6f,0x5f,0x73,0x72,0x67,0x62,0x5f,0x76,
    0x66,0x33,0x5f,0x28,0x63,0x5f,0x31,0x20,0x3a,0x20,0x70,0x74,0x72,0x3c,0x66,0x75,
    0x6e,0x63,0x74,0x69,0x6f,0x6e,0x2c,0x20,0x76,0x65,0x63,0x33,0x66,0x3e,0x29,0x20,
    0x2d,0x3e,0x20,0x76,0x65,0x63,0x33,0x66,0x20,0x7b,0x0a,0x20,0x20,0x2a,0x28,0x63,
    0x5f,0x31,0x29,0x20,0x3d,0x20,0x63,0x6c,0x61,0x6d,0x70,0x28,0x2a,0x28,0x63,0x5f,
    0x31,0x29,0x2c,0x20,0x76,0x65,0x63,0x33,0x66,0x28,0x29,0x2c,0x20,0x78,0x5f,0x39,
    0x32,0x29,0x3b,0x0a,0x20,0x20,0x6c,0x65,0x74,0x20,0x78,0x5f,0x39,0x35,0x20,0x3d,
    0x20,0x2a,0x28,0x63,0x5f,0x31,0x29,0x3b,0x0a,0x20,0x20,0x6c,0x65,0x74,0x20,0x78,
    0x5f,0x39,0x38,0x20,0x3d,0x20,0x2a,0x28,0x63,0x5f,0x31,0x29,0x3b,0x0a,0x20,0x20,
    0x6c,0x65,0x74,0x20,0x78,0x5f,0x31,0x31,0x30,0x20,0x3d,0x20,0x2a,0x28,0x63,0x5f,
    0x31,0x29,0x3b,0x0a,0x20,0x20,0x72,0x65,0x74,0x75,0x72,0x6e,0x20,0x6d,0x69,0x78,
    0x28,0x28,0x78,0x5f,0x39,0x35,0x20,0x2a,0x20,0x31,0x32,0x2e,0x39,0x32,0x30,0x30,
    0x30,0x30,0x30,0x37,0x36,0x32,0x39,0x33,0x39,0x34,0x35,0x33,0x31,0x32,0x35,0x66,
    0x29,0x2c,0x20,0x28,0x28,0x70,0x6f,0x77,0x28,0x6d,0x61,0x78,0x28,0x78,0x5f,0x39,
    0x38,0x2c,0x20,0x78,0x5f,0x31,0x30,0x30,0x29,0x2c,0x20,0x76,0x65,0x63,0x33,0x66,
    0x28,0x30,0x2e,0x34,0x31,0x36,0x36,0x36,0x36,0x36,0x35,0x36,0x37,0x33,0x32,0x35,
    0x35,0x39,0x32,0x30,0x34,0x31,0x66,0x29,0x29,0x20,0x2a,0x20,0x31,0x2e,0x30,0x35,
    0x34,0x39,0x39,0x39,0x39,0x34,0x37,0x35,0x34,0x37,0x39,0x31,0x32,0x35,0x39,0x37,
    0x36,0x36,0x66,0x29,0x20,0x2d,0x20,0x78,0x5f,0x31,0x33,0x31,0x34,0x29,0x2c,0x20,
    0x73,0x74,0x65,0x70,0x28,0x78,0x5f,0x31,0x30,0x30,0x2c,0x20,0x78,0x5f,0x31,0x31,
    0x30,0x29,0x29,0x3b,0x0a,0x7d,0x0a,0x0a,0x66,0x6e,0x20,0x74,0x6f,0x5f,0x64,0x69,
    0x73,0x70,0x6c,0x61,0x79,0x5f,0x76,0x66,0x33,0x5f,0x76,0x66,0x34,0x5f,0x28,0x63,
    0x6f,0x6c,0x6f,0x72,0x5f,0x32,0x20,0x3a,0x20,0x70,0x74,0x72,0x3c,0x66,0x75,0x6e,
    0x63,0x74,0x69,0x6f,0x6e,0x2c,0x20,0x76,0x65,0x63,0x33,0x66,0x3e,0x2c,0x20,0x74,
    0x6f,0x6e,0x65,0x6d,0x61,0x70,0x20,0x3a,0x20,0x70,0x74,0x72,0x3c,0x66,0x75,0x6e,
    0x63,0x74,0x69,0x6f,0x6e,0x2c,0x20,0x76,0x65,0x63,0x34,0x66,0x3e,0x29,0x20,0x2d,
    0x3e,0x20,0x76,0x65,0x63,0x33,0x66,0x20,0x7b,0x0a,0x20,0x20,0x76,0x61,0x72,0x20,
    0x70,0x61,0x72,0x61,0x6d,0x20,0x3a,0x20,0x76,0x65,0x63,0x33,0x66,0x3b,0x0a,0x20,
    0x20,0x76,0x61,0x72,0x20,0x70,0x61,0x72,0x61,0x6d,0x5f,0x31,0x20,0x3a,0x20,0x76,
    0x65,0x63,0x33,0x66,0x3b,0x0a,0x20,0x20,0x76,0x61,0x72,0x20,0x70,0x61,0x72,0x61,
    0x6d,0x5f,0x32,0x20,0x3a,0x20,0x76,0x65,0x63,0x33,0x66,0x3b,0x0a,0x20,0x20,0x76,
    0x61,0x72,0x20,0x78,0x5f,0x32,0x33,0x33,0x20,0x3a,0x20,0x69,0x33,0x32,0x3b,0x0a,
    0x20,0x20,0x2a,0x28,0x63,0x6f,0x6c,0x6f,0x72,0x5f,0x32,0x29,0x20,0x3d,0x20,0x28,
    0x2a,0x28,0x63,0x6f,0x6c,0x6f,0x72,0x5f,0x32,0x29,0x20,0x2a,0x20,0x28,0x2a,0x28,
    0x74,0x6f,0x6e,0x65,0x6d,0x61,0x70,0x29,0x29,0x2e,0x79,0x29,0x3b,0x0a,0x20,0x20,
    0x78,0x5f,0x32,0x33,0x33,0x20,0x3d,0x20,0x69,0x33,0x32,0x28,0x28,0x28,0x2a,0x28,
    0x74,0x6f,0x6e,0x65,0x6d,0x61,0x70,0x29,0x29,0x2e,0x78,0x20,0x2b,0x20,0x30,0x2e,
    0x35,0x66,0x29,0x29,0x3b,0x0a,0x20,0x20,0x69,0x66,0x20,0x28,0x28,0x78,0x5f,0x32,
    0x33,0x33,0x20,0x3d,0x3d,0x20,0x31,0x69,0x29,0x29,0x20,0x7b,0x0a,0x20,0x20,0x20,
    0x20,0x70,0x61,0x72,0x61,0x6d,0x20,0x3d,0x20,0x2a,0x28,0x63,0x6f,0x6c,0x6f,0x72,
    0x5f,0x32,0x29,0x3b,0x0a,0x20,0x20,0x20,0x20,0x6c,0x65,0x74,0x20,0x78,0x5f,0x32,
    0x34,0x31,0x20,0x3d,0x20,0x74,0x6f,0x6e,0x65,0x6d,0x61,0x70,0x5f,0x6e,0x65,0x75,
    0x74,0x72,0x61,0x6c,0x5f,0x76,0x66,0x33,0x5f,0x28,0x26,0x28,0x70,0x61,0x72,0x61,
    0x6d,0x29,0x29,0x3b,0x0a,0x20,0x20,0x20,0x20,0x2a,0x28,0x63,0x6f,0x6c,0x6f,0x72,
    0x5f,0x32,0x29,0x20,0x3d,0x20,0x78,0x5f,0x32,0x34,0x31,0x3b,0x0a,0x20,0x20,0x7d,
    0x20,0x65,0x6c,0x73,0x65,0x20,0x7b,0x0a,0x20,0x20,0x20,0x20,0x69,0x66,0x20,0x28,
    0x28,0x78,0x5f,0x32,0x33,0x33,0x20,0x3d,0x3d,0x20,0x32,0x69,0x29,0x29,0x20,0x7b,
    0x0a,0x20,0x20,0x20,0x20,0x20,0x20,0x70,0x61,0x72,0x61,0x6d,0x5f,0x31,0x20,0x3d,
    0x20,0x2a,0x28,0x63,0x6f,0x6c,0x6f,0x72,0x5f,0x32,0x29,0x3b,0x0a,0x20,0x20,0x20,
    0x20,0x20,0x20,0x6c,0x65,0x74,0x20,0x78,0x5f,0x32,0x35,0x30,0x20,0x3d,0x20,0x74,
    0x6f,0x6e,0x65,0x6d,0x61,0x70,0x5f,0x61,0x63,0x65,0x73,0x5f,0x76,0x66,0x33,0x5f,
    0x28,0x26,0x28,0x70,0x61,0x72,0x61,0x6d,0x5f,0x31,0x29,0x29,0x3b,0x0a,0x20,0x20,
    0x20,0x20,0x20,0x20,0x2a,0x28,0x63,0x6f,0x6c,0x6f,0x72,0x5f,0x32,0x29,0x20,0x3d,
    0x20,0x78,0x5f,0x32,0x35,0x30,0x3b,0x0a,0x20,0x20,0x20,0x20,0x7d,0x0a,0x20,0x20,
    0x7d,0x0a,0x20,0x20,0x70,0x61,0x72,0x61,0x6d,0x5f,0x32,0x20,0x3d,0x20,0x2a,0x28,
    0x63,0x6f,0x6c,0x6f,0x72,0x5f,0x32,0x29,0x3b,0x0a,0x20,0x20,0x6c,0x65,0x74,0x20,
    0x78,0x5f,0x32,0x35,0x33,0x20,0x3d,0x20,0x6c,0x69,0x6e,0x65,0x61,0x72,0x5f,0x74,
    0x6f,0x5f,0x73,0x72,0x67,0x62,0x5f,0x76,0x66,0x33,0x5f,0x28,0x26,0x28,0x70,0x61,
    0x72,0x61,0x6d,0x5f,0x32,0x29,0x29,0x3b,0x0a,0x20,0x20,0x72,0x65,0x74,0x75,0x72,
    0x6e,0x20,0x78,0x5f,0x32,0x35,0x33,0x3b,0x0a,0x7d,0x0a,0x0a,0x66,0x6e,0x20,0x61,
    0x74,0x74,0x65,0x6e,0x75,0x61,0x74,0x69,0x6f,0x6e,0x5f,0x66,0x31,0x5f,0x66,0x31,
    0x5f,0x28,0x64,0x20,0x3a,0x20,0x70,0x74,0x72,0x3c,0x66,0x75,0x6e,0x63,0x74,0x69,
    0x6f,0x6e,0x2c,0x20,0x66,0x33,0x32,0x3e,0x2c,0x20,0x72,0x61,0x6e,0x67,0x65,0x20,
    0x3a,0x20,0x70,0x74,0x72,0x3c,0x66,0x75,0x6e,0x63,0x74,0x69,0x6f,0x6e,0x2c,0x20,
    0x66,0x33,0x32,0x3e,0x29,0x20,0x2d,0x3e,0x20,0x66,0x33,0x32,0x20,0x7b,0x0a,0x20,
    0x20,0x6c,0x65,0x74,0x20,0x78,0x5f,0x36,0x34,0x37,0x20,0x3d,0x20,0x28,0x31,0x2e,
    0x30,0x66,0x20,0x2f,0x20,0x6d,0x61,0x78,0x28,0x28,0x2a,0x28,0x64,0x29,0x20,0x2a,
    0x20,0x2a,0x28,0x64,0x29,0x29,0x2c,0x20,0x30,0x2e,0x30,0x30,0x39,0x39,0x39,0x39,
    0x39,0x39,0x39,0x37,0x37,0x36,0x34,0x38,0x32,0x35,0x38,0x32,0x30,0x39,0x66,0x29,
    0x29,0x3b,0x0a,0x20,0x20,0x69,0x66,0x20,0x28,0x28,0x2a,0x28,0x72,0x61,0x6e,0x67,
    0x65,0x29,0x20,0x3c,0x3d,0x20,0x30,0x2e,0x30,0x66,0x29,0x29,0x20,0x7b,0x0a,0x20,
    0x20,0x20,0x20,0x72,0x65,0x74,0x75,0x72,0x6e,0x20,0x78,0x5f,0x36,0x34,0x37,0x3b,
    0x0a,0x20,0x20,0x7d,0x0a,0x20,0x20,0x6c,0x65,0x74,0x20,0x78,0x5f,0x36,0x35,0x37,
    0x20,0x3d,0x20,0x28,0x2a,0x28,0x64,0x29,0x20,0x2f,0x20,0x2a,0x28,0x72,0x61,0x6e,
    0x67,0x65,0x29,0x29,0x3b,0x0a,0x20,0x20,0x6c,0x65,0x74,0x20,0x78,0x5f,0x36,0x36,
    0x37,0x20,0x3d,0x20,0x63,0x6c,0x61,0x6d,0x70,0x28,0x28,0x31,0x2e,0x30,0x66,0x20,
    0x2d,0x20,0x28,0x28,0x28,0x78,0x5f,0x36,0x35,0x37,0x20,0x2a,0x20,0x78,0x5f,0x36,
    0x35,0x37,0x29,0x20,0x2a,0x20,0x78,0x5f,0x36,0x35,0x37,0x29,0x20,0x2a,0x20,0x78,
    0x5f,0x36,0x35,0x37,0x29,0x29,0x2c,0x20,0x30,0x2e,0x30,0x66,0x2c,0x20,0x31,0x2e,
    0x30,0x66,0x29,0x3b,0x0a,0x20,0x20,0x72,0x65,0x74,0x75,0x72,0x6e,0x20,0x28,0x28,
    0x78,0x5f,0x36,0x36,0x37,0x20,0x2a,0x20,0x78,0x5f,0x36,0x36,0x37,0x29,0x20,0x2a,
    0x20,0x78,0x5f,0x36,0x34,0x37,0x29,0x3b,0x0a,0x7d,0x0a,0x0a,0x66,0x6e,0x20,0x73,
    0x70,0x6f,0x74,0x5f,0x66,0x61,0x63,0x74,0x6f,0x72,0x5f,0x66,0x31,0x5f,0x66,0x31,
    0x5f,0x66,0x31,0x5f,0x28,0x63,0x6f,0x73,0x5f,0x61,0x6e,0x67,0x6c,0x65,0x20,0x3a,
    0x20,0x70,0x74,0x72,0x3c,0x66,0x75,0x6e,0x63,0x74,0x69,0x6f,0x6e,0x2c,0x20,0x66,
    0x33,0x32,0x3e,0x2c,0x20,0x63,0x6f,0x73,0x5f,0x69,0x6e,0x6e,0x65,0x72,0x20,0x3a,
    0x20,0x70,0x74,0x72,0x3c,0x66,0x75,0x6e,0x63,0x74,0x69,0x6f,0x6e,0x2c,0x20,0x66,
    0x33,0x32,0x3e,0x2c,0x20,0x63,0x6f,0x73,0x5f,0x6f,0x75,0x74,0x65,0x72,0x20,0x3a,
    0x20,0x70,0x74,0x72,0x3c,0x66,0x75,0x6e,0x63,0x74,0x69,0x6f,0x6e,0x2c,0x20,0x66,
    0x33,0x32,0x3e,0x29,0x20,0x2d,0x3e,0x20,0x66,0x33,0x32,0x20,0x7b,0x0a,0x20,0x20,
    0x69,0x66,0x20,0x28,0x28,0x28,0x2a,0x28,0x63,0x6f,0x73,0x5f,0x69,0x6e,0x6e,0x65,
    0x72,0x29,0x20,0x2d,0x20,0x2a,0x28,0x63,0x6f,0x73,0x5f,0x6f,0x75,0x74,0x65,0x72,
    0x29,0x29,0x20,0x3c,0x3d,0x20,0x30,0x2e,0x30,0x30,0x30,0x30,0x30,0x30,0x39,0x39,
    0x39,0x39,0x39,0x39,0x39,0x39,0x37,0x34,0x37,0x35,0x32,0x34,0x66,0x29,0x29,0x20,
    0x7b,0x0a,0x20,0x20,0x20,0x20,0x6c,0x65,0x74,0x20,0x78,0x5f,0x36,0x38,0x31,0x20,
    0x3d,0x20,0x2a,0x28,0x63,0x6f,0x73,0x5f,0x61,0x6e,0x67,0x6c,0x65,0x29,0x3b,0x0a,
    0x20,0x20,0x20,0x20,0x6c,0x65,0x74,0x20,0x78,0x5f,0x36,0x38,0x32,0x20,0x3d,0x20,
    0x2a,0x28,0x63,0x6f,0x73,0x5f,0x6f,0x75,0x74,0x65,0x72,0x29,0x3b,0x0a,0x20,0x20,
    0x20,0x20,0x72,0x65,0x74,0x75,0x72,0x6e,0x20,0x73,0x65,0x6c,0x65,0x63,0x74,0x28,
    0x30,0x2e,0x30,0x66,0x2c,0x20,0x31,0x2e,0x30,0x66,0x2c,0x20,0x28,0x78,0x5f,0x36,
    0x38,0x31,0x20,0x3e,0x3d,0x20,0x78,0x5f,0x36,0x38,0x32,0x29,0x29,0x3b,0x0a,0x20,
    0x20,0x7d,0x0a,0x20,0x20,0x6c,0x65,0x74,0x20,0x78,0x5f,0x36,0x38,0x36,0x20,0x3d,
    0x20,0x2a,0x28,0x63,0x6f,0x73,0x5f,0x6f,0x75,0x74,0x65,0x72,0x29,0x3b,0x0a,0x20,
    0x20,0x6c,0x65,0x74,0x20,0x78,0x5f,0x36,0x38,0x37,0x20,0x3d,0x20,0x2a,0x28,0x63,
    0x6f,0x73,0x5f,0x69,0x6e,0x6e,0x65,0x72,0x29,0x3b,0x0a,0x20,0x20,0x6c,0x65,0x74,
    0x20,0x78,0x5f,0x36,0x38,0x38,0x20,0x3d,0x20,0x2a,0x28,0x63,0x6f,0x73,0x5f,0x61,
    0x6e,0x67,0x6c,0x65,0x29,0x3b,0x0a,0x20,0x20,0x72,0x65,0x74,0x75,0x72,0x6e,0x20,
    0x73,0x6d,0x6f,0x6f,0x74,0x68,0x73,0x74,0x65,0x70,0x28,0x78,0x5f,0x36,0x38,0x36,
    0x2c,0x20,0x78,0x5f,0x36,0x38,0x37,0x2c,0x20,0x78,0x5f,0x36,0x38,0x38,0x29,0x3b,
    0x0a,0x7d,0x0a,0x0a,0x66,0x6e,0x20,0x73,0x68,0x61,0x64,0x6f,0x77,0x5f,0x66,0x61,
    0x63,0x74,0x6f,0x72,0x5f,0x69,0x31,0x5f,0x76,0x66,0x33,0x5f,0x76,0x66,0x33,0x5f,
    0x66,0x31,0x5f,0x28,0x73,0x6c,0x6f,0x74,0x20,0x3a,0x20,0x70,0x74,0x72,0x3c,0x66,
    0x75,0x6e,0x63,0x74,0x69,0x6f,0x6e,0x2c,0x20,0x69,0x33,0x32,0x3e,0x2c,0x20,0x77,
    0x6f,0x72,0x6c,0x64,0x5f,0x70,0x6f,0x73,0x20,0x3a,0x20,0x70,0x74,0x72,0x3c,0x66,
    0x75,0x6e,0x63,0x74,0x69,0x6f,0x6e,0x2c,0x20,0x76,0x65,0x63,0x33,0x66,0x3e,0x2c,
    0x20,0x6e,0x20,0x3a,0x20,0x70,0x74,0x72,0x3c,0x66,0x75,0x6e,0x63,0x74,0x69,0x6f,
    0x6e,0x2c,0x20,0x76,0x65,0x63,0x33,0x66,0x3e,0x2c,0x20,0x6e,0x5f,0x64,0x6f,0x74,
    0x5f,0x6c,0x20,0x3a,0x20,0x70,0x74,0x72,0x3c,0x66,0x75,0x6e,0x63,0x74,0x69,0x6f,
    0x6e,0x2c,0x20,0x66,0x33,0x32,0x3e,0x29,0x20,0x2d,0x3e,0x20,0x66,0x33,0x32,0x20,
    0x7b,0x0a,0x20,0x20,0x76,0x61,0x72,0x20,0x75,0x76,0x20,0x3a,0x20,0x76,0x65,0x63,
    0x32,0x66,0x3b,0x0a,0x20,0x20,0x76,0x61,0x72,0x20,0x6c,0x69,0x74,0x20,0x3a,0x20,
    0x66,0x33,0x32,0x3b,0x0a,0x20,0x20,0x76,0x61,0x72,0x20,0x79,0x20,0x3a,0x20,0x69,
    0x33,0x32,0x3b,0x0a,0x20,0x20,0x76,0x61,0x72,0x20,0x78,0x20,0x3a,0x20,0x69,0x33,
    0x32,0x3b,0x0a,0x20,0x20,0x76,0x61,0x72,0x20,0x78,0x5f,0x33,0x30,0x30,0x20,0x3a,
    0x20,0x62,0x6f,0x6f,0x6c,0x3b,0x0a,0x20,0x20,0x76,0x61,0x72,0x20,0x78,0x5f,0x33,
    0x30,0x31,0x20,0x3a,0x20,0x62,0x6f,0x6f,0x6c,0x3b,0x0a,0x20,0x20,0x6c,0x65,0x74,
    0x20,0x78,0x5f,0x32,0x38,0x36,0x20,0x3d,0x20,0x28,0x2a,0x28,0x73,0x6c,0x6f,0x74,
    0x29,0x20,0x3c,0x20,0x30,0x69,0x29,0x3b,0x0a,0x20,0x20,0x78,0x5f,0x33,0x30,0x31,
    0x20,0x3d,0x20,0x78,0x5f,0x32,0x38,0x36,0x3b,0x0a,0x20,0x20,0x69,0x66,0x20,0x28,
    0x21,0x28,0x78,0x5f,0x32,0x38,0x36,0x29,0x29,0x20,0x7b,0x0a,0x20,0x20,0x20,0x20,
    0x78,0x5f,0x33,0x30,0x30,0x20,0x3d,0x20,0x28,0x78,0x5f,0x32,0x39,0x35,0x2e,0x75,
    0x5f,0x6d,0x61,0x74,0x65,0x72,0x69,0x61,0x6c,0x2e,0x7a,0x20,0x3c,0x20,0x30,0x2e,
    0x35,0x66,0x29,0x3b,0x0a,0x20,0x20,0x20,0x20,0x78,0x5f,0x33,0x30,0x31,0x20,0x3d,
    0x20,0x78,0x5f,0x33,0x30,0x30,0x3b,0x0a,0x20,0x20,0x7d,0x0a,0x20,0x20,0x69,0x66,
    0x20,0x28,0x78,0x5f,0x33,0x30,0x31,0x29,0x20,0x7b,0x0a,0x20,0x20,0x20,0x20,0x72,
    0x65,0x74,0x75,0x72,0x6e,0x20,0x31,0x2e,0x30,0x66,0x3b,0x0a,0x20,0x20,0x7d,0x0a,
    0x20,0x20,0x6c,0x65,0x74,0x20,0x78,0x5f,0x33,0x30,0x38,0x20,0x3d,0x20,0x28,0x31,
    0x2e,0x30,0x66,0x20,0x2d,0x20,0x63,0x6c,0x61,0x6d,0x70,0x28,0x2a,0x28,0x6e,0x5f,
    0x64,0x6f,0x74,0x5f,0x6c,0x29,0x2c,0x20,0x30,0x2e,0x30,0x66,0x2c,0x20,0x31,0x2e,
    0x30,0x66,0x29,0x29,0x3b,0x0a,0x20,0x20,0x6c,0x65,0x74,0x20,0x78,0x5f,0x33,0x33,
    0x38,0x20,0x3d,0x20,0x28,0x2a,0x28,0x77,0x6f,0x72,0x6c,0x64,0x5f,0x70,0x6f,0x73,
    0x29,0x20,0x2b,0x20,0x28,0x2a,0x28,0x6e,0x29,0x20,0x2a,0x20,0x28,0x78,0x5f,0x33,
    0x32,0x30,0x2e,0x75,0x5f,0x73,0x68,0x61,0x64,0x6f,0x77,0x5f,0x70,0x61,0x72,0x61,
    0x6d,0x73,0x5b,0x2a,0x28,0x73,0x6c,0x6f,0x74,0x29,0x5d,0x2e,0x79,0x20,0x2a,0x20,
    0x28,0x31,0x2e,0x30,0x66,0x20,0x2b,0x20,0x28,0x32,0x2e,0x30,0x66,0x20,0x2a,0x20,
    0x78,0x5f,0x33,0x30,0x38,0x29,0x29,0x29,0x29,0x29,0x3b,0x0a,0x20,0x20,0x6c,0x65,
    0x74,0x20,0x78,0x5f,0x33,0x34,0x33,0x20,0x3d,0x20,0x28,0x78,0x5f,0x33,0x32,0x30,
    0x2e,0x75,0x5f,0x73,0x68,0x61,0x64,0x6f,0x77,0x5f,0x6d,0x61,0x74,0x5b,0x2a,0x28,
    0x73,0x6c,0x6f,0x74,0x29,0x5d,0x20,0x2a,0x20,0x76,0x65,0x63,0x34,0x66,0x28,0x78,
    0x5f,0x33,0x33,0x38,0x2e,0x78,0x2c,0x20,0x78,0x5f,0x33,0x33,0x38,0x2e,0x79,0x2c,
    0x20,0x78,0x5f,0x33,0x33,0x38,0x2e,0x7a,0x2c,0x20,0x31,0x2e,0x30,0x66,0x29,0x29,
    0x3b,0x0a,0x20,0x20,0x6c,0x65,0x74,0x20,0x78,0x5f,0x33,0x34,0x38,0x20,0x3d,0x20,
    0x78,0x5f,0x33,0x34,0x33,0x2e,0x77,0x3b,0x0a,0x20,0x20,0x6c,0x65,0x74,0x20,0x78,
    0x5f,0x33,0x35,0x37,0x20,0x3d,0x20,0x28,0x28,0x78,0x5f,0x33,0x34,0x33,0x2e,0x78,
    0x79,0x7a,0x20,0x2f,0x20,0x76,0x65,0x63,0x33,0x66,0x28,0x6d,0x61,0x78,0x28,0x61,
    0x62,0x73,0x28,0x78,0x5f,0x33,0x34,0x38,0x29,0x2c,0x20,0x30,0x2e,0x30,0x30,0x30,
    0x30,0x30,0x30,0x39,0x39,0x39,0x39,0x39,0x39,0x39,0x39,0x37,0x34,0x37,0x35,0x32,
    0x34,0x66,0x29,0x29,0x29,0x20,0x2a,0x20,0x73,0x69,0x67,0x6e,0x28,0x78,0x5f,0x33,
    0x34,0x38,0x29,0x29,0x3b,0x0a,0x20,0x20,0x6c,0x65,0x74,0x20,0x78,0x5f,0x33,0x36,
    0x31,0x20,0x3d,0x20,0x78,0x5f,0x33,0x35,0x37,0x2e,0x78,0x79,0x3b,0x0a,0x20,0x20,
    0x75,0x76,0x20,0x3d,0x20,0x28,0x28,0x78,0x5f,0x33,0x36,0x31,0x20,0x2a,0x20,0x30,
    0x2e,0x35,0x66,0x29,0x20,0x2b,0x20,0x76,0x65,0x63,0x32,0x66,0x28,0x30,0x2e,0x35,
    0x66,0x29,0x29,0x3b,0x0a,0x20,0x20,0x69,0x66,0x20,0x28,0x28,0x78,0x5f,0x33,0x32,
    0x30,0x2e,0x75,0x5f,0x73,0x68,0x61,0x64,0x6f,0x77,0x5f,0x6d,0x61,0x70,0x2e,0x7a,
    0x20,0x3e,0x20,0x30,0x2e,0x35,0x66,0x29,0x29,0x20,0x7b,0x0a,0x20,0x20,0x20,0x20,
    0x6c,0x65,0x74,0x20,0x78,0x5f,0x31,0x32,0x39,0x39,0x20,0x3d,0x20,0x75,0x76,0x3b,
    0x0a,0x20,0x20,0x20,0x20,0x76,0x61,0x72,0x20,0x78,0x5f,0x31,0x33,0x30,0x31,0x5f,
    0x31,0x20,0x3d,0x20,0x78,0x5f,0x31,0x32,0x39,0x39,0x3b,0x0a,0x20,0x20,0x20,0x20,
    0x78,0x5f,0x31,0x33,0x30,0x31,0x5f,0x31,0x2e,0x79,0x20,0x3d,0x20,0x28,0x31,0x2e,
    0x30,0x66,0x20,0x2d,0x20,0x78,0x5f,0x31,0x32,0x39,0x39,0x2e,0x79,0x29,0x3b,0x0a,
    0x20,0x20,0x20,0x20,0x75,0x76,0x20,0x3d,0x20,0x78,0x5f,0x31,0x33,0x30,0x31,0x5f,
    0x31,0x3b,0x0a,0x20,0x20,0x7d,0x0a,0x20,0x20,0x6c,0x65,0x74,0x20,0x78,0x5f,0x34,
    0x30,0x30,0x20,0x3d,0x20,0x28,0x28,0x28,0x78,0x5f,0x33,0x35,0x37,0x2e,0x7a,0x20,
    0x2a,0x20,0x78,0x5f,0x33,0x32,0x30,0x2e,0x75,0x5f,0x73,0x68,0x61,0x64,0x6f,0x77,
    0x5f,0x6d,0x61,0x70,0x2e,0x78,0x29,0x20,0x2b,0x20,0x78,0x5f,0x33,0x32,0x30,0x2e,
    0x75,0x5f,0x73,0x68,0x61,0x64,0x6f,0x77,0x5f,0x6d,0x61,0x70,0x2e,0x79,0x29,0x20,
    0x2d,0x20,0x28,0x28,0x78,0x5f,0x33,0x32,0x30,0x2e,0x75,0x5f,0x73,0x68,0x61,0x64,
    0x6f,0x77,0x5f,0x70,0x61,0x72,0x61,0x6d,0x73,0x5b,0x2a,0x28,0x73,0x6c,0x6f,0x74,
    0x29,0x5d,0x2e,0x7a,0x20,0x2b,0x20,0x28,0x78,0x5f,0x33,0x32,0x30,0x2e,0x75,0x5f,
    0x73,0x68,0x61,0x64,0x6f,0x77,0x5f,0x70,0x61,0x72,0x61,0x6d,0x73,0x5b,0x2a,0x28,
    0x73,0x6c,0x6f,0x74,0x29,0x5d,0x2e,0x77,0x20,0x2a,0x20,0x78,0x5f,0x33,0x30,0x38,
    0x29,0x29,0x20,0x2a,0x20,0x78,0x5f,0x33,0x32,0x30,0x2e,0x75,0x5f,0x73,0x68,0x61,
    0x64,0x6f,0x77,0x5f,0x74,0x69,0x6e,0x74,0x5b,0x2a,0x28,0x73,0x6c,0x6f,0x74,0x29,
    0x5d,0x2e,0x77,0x29,0x29,0x3b,0x0a,0x20,0x20,0x6c,0x65,0x74,0x20,0x78,0x5f,0x34,
    0x30,0x36,0x20,0x3d,0x20,0x28,0x76,0x65,0x63,0x32,0x66,0x28,0x31,0x2e,0x30,0x66,
    0x29,0x20,0x2d,0x20,0x61,0x62,0x73,0x28,0x78,0x5f,0x33,0x36,0x31,0x29,0x29,0x3b,
    0x0a,0x20,0x20,0x6c,0x65,0x74,0x20,0x78,0x5f,0x34,0x31,0x32,0x20,0x3d,0x20,0x6d,
    0x69,0x6e,0x28,0x78,0x5f,0x34,0x30,0x36,0x2e,0x78,0x2c,0x20,0x78,0x5f,0x34,0x30,
    0x36,0x2e,0x79,0x29,0x3b,0x0a,0x20,0x20,0x6c,0x65,0x74,0x20,0x78,0x5f,0x34,0x33,
    0x35,0x20,0x3d,0x20,0x78,0x5f,0x33,0x32,0x30,0x2e,0x75,0x5f,0x73,0x68,0x61,0x64,
    0x6f,0x77,0x5f,0x70,0x61,0x72,0x61,0x6d,0x73,0x5b,0x2a,0x28,0x73,0x6c,0x6f,0x74,
    0x29,0x5d,0x2e,0x78,0x3b,0x0a,0x20,0x20,0x6c,0x65,0x74,0x20,0x78,0x5f,0x34,0x34,
    0x33,0x20,0x3d,0x20,0x63,0x6c,0x61,0x6d,0x70,0x28,0x75,0x76,0x2c,0x20,0x76,0x65,
    0x63,0x32,0x66,0x28,0x78,0x5f,0x34,0x33,0x35,0x29,0x2c,0x20,0x76,0x65,0x63,0x32,
    0x66,0x28,0x28,0x31,0x2e,0x30,0x66,0x20,0x2d,0x20,0x78,0x5f,0x34,0x33,0x35,0x29,
    0x29,0x29,0x3b,0x0a,0x20,0x20,0x6c,0x69,0x74,0x20,0x3d,0x20,0x30,0x2e,0x30,0x66,
    0x3b,0x0a,0x20,0x20,0x79,0x20,0x3d,0x20,0x2d,0x31,0x69,0x3b,0x0a,0x20,0x20,0x6c,
    0x6f,0x6f,0x70,0x20,0x7b,0x0a,0x20,0x20,0x20,0x20,0x69,0x66,0x20,0x28,0x28,0x79,
    0x20,0x3c,0x3d,0x20,0x31,0x69,0x29,0x29,0x20,0x7b,0x0a,0x20,0x20,0x20,0x20,0x7d,
    0x20,0x65,0x6c,0x73,0x65,0x20,0x7b,0x0a,0x20,0x20,0x20,0x20,0x20,0x20,0x62,0x72,
    0x65,0x61,0x6b,0x3b,0x0a,0x20,0x20,0x20,0x20,0x7d,0x0a,0x20,0x20,0x20,0x20,0x78,
    0x20,0x3d,0x20,0x2d,0x31,0x69,0x3b,0x0a,0x20,0x20,0x20,0x20,0x6c,0x6f,0x6f,0x70,
    0x20,0x7b,0x0a,0x20,0x20,0x20,0x20,0x20,0x20,0x69,0x66,0x20,0x28,0x28,0x78,0x20,
    0x3c,0x3d,0x20,0x31,0x69,0x29,0x29,0x20,0x7b,0x0a,0x20,0x20,0x20,0x20,0x20,0x20,
    0x7d,0x20,0x65,0x6c,0x73,0x65,0x20,0x7b,0x0a,0x20,0x20,0x20,0x20,0x20,0x20,0x20,
    0x20,0x62,0x72,0x65,0x61,0x6b,0x3b,0x0a,0x20,0x20,0x20,0x20,0x20,0x20,0x7d,0x0a,
    0x20,0x20,0x20,0x20,0x20,0x20,0x6c,0x65,0x74,0x20,0x78,0x5f,0x34,0x38,0x31,0x20,
    0x3d,0x20,0x28,0x78,0x5f,0x34,0x34,0x33,0x20,0x2b,0x20,0x28,0x76,0x65,0x63,0x32,
    0x66,0x28,0x66,0x33,0x32,0x28,0x78,0x29,0x2c,0x20,0x66,0x33,0x32,0x28,0x79,0x29,
    0x29,0x20,0x2a,0x20,0x78,0x5f,0x34,0x33,0x35,0x29,0x29,0x3b,0x0a,0x20,0x20,0x20,
    0x20,0x20,0x20,0x6c,0x65,0x74,0x20,0x78,0x5f,0x34,0x38,0x32,0x20,0x3d,0x20,0x2a,
    0x28,0x73,0x6c,0x6f,0x74,0x29,0x3b,0x0a,0x20,0x20,0x20,0x20,0x20,0x20,0x6c,0x65,
    0x74,0x20,0x78,0x5f,0x34,0x38,0x35,0x20,0x3d,0x20,0x63,0x6c,0x61,0x6d,0x70,0x28,
    0x78,0x5f,0x34,0x30,0x30,0x2c,0x20,0x30,0x2e,0x30,0x66,0x2c,0x20,0x31,0x2e,0x30,
    0x66,0x29,0x3b,0x0a,0x20,0x20,0x20,0x20,0x20,0x20,0x6c,0x65,0x74,0x20,0x78,0x5f,
    0x34,0x39,0x30,0x20,0x3d,0x20,0x74,0x65,0x78,0x74,0x75,0x72,0x65,0x53,0x61,0x6d,
    0x70,0x6c,0x65,0x43,0x6f,0x6d,0x70,0x61,0x72,0x65,0x28,0x73,0x68,0x61,0x64,0x6f,
    0x77,0x5f,0x74,0x65,0x78,0x2c,0x20,0x73,0x68,0x61,0x64,0x6f,0x77,0x5f,0x73,0x6d,
    0x70,0x2c,0x20,0x76,0x65,0x63,0x34,0x66,0x28,0x78,0x5f,0x34,0x38,0x31,0x2e,0x78,
    0x2c,0x20,0x78,0x5f,0x34,0x38,0x31,0x2e,0x79,0x2c,0x20,0x66,0x33,0x32,0x28,0x78,
    0x5f,0x34,0x38,0x32,0x29,0x2c,0x20,0x78,0x5f,0x34,0x38,0x35,0x29,0x2e,0x78,0x79,
    0x2c,0x20,0x69,0x33,0x32,0x28,0x72,0x6f,0x75,0x6e,0x64,0x28,0x76,0x65,0x63,0x34,
    0x66,0x28,0x78,0x5f,0x34,0x38,0x31,0x2e,0x78,0x2c,0x20,0x78,0x5f,0x34,0x38,0x31,
    0x2e,0x79,0x2c,0x20,0x66,0x33,0x32,0x28,0x78,0x5f,0x34,0x38,0x32,0x29,0x2c,0x20,
    0x78,0x5f,0x34,0x38,0x35,0x29,0x2e,0x7a,0x29,0x29,0x2c,0x20,0x78,0x5f,0x34,0x38,
    0x35,0x29,0x3b,0x0a,0x20,0x20,0x20,0x20,0x20,0x20,0x6c,0x69,0x74,0x20,0x3d,0x20,
    0x28,0x6c,0x69,0x74,0x20,0x2b,0x20,0x78,0x5f,0x34,0x39,0x30,0x29,0x3b,0x0a,0x0a,
    0x20,0x20,0x20,0x20,0x20,0x20,0x63,0x6f,0x6e,0x74,0x69,0x6e,0x75,0x69,0x6e,0x67,
    0x20,0x7b,0x0a,0x20,0x20,0x20,0x20,0x20,0x20,0x20,0x20,0x78,0x20,0x3d,0x20,0x28,
    0x78,0x20,0x2b,0x20,0x31,0x69,0x29,0x3b,0x0a,0x20,0x20,0x20,0x20,0x20,0x20,0x7d,
    0x0a,0x20,0x20,0x20,0x20,0x7d,0x0a,0x0a,0x20,0x20,0x20,0x20,0x63,0x6f,0x6e,0x74,
    0x69,0x6e,0x75,0x69,0x6e,0x67,0x20,0x7b,0x0a,0x20,0x20,0x20,0x20,0x20,0x20,0x79,
    0x20,0x3d,0x20,0x28,0x79,0x20,0x2b,0x20,0x31,0x69,0x29,0x3b,0x0a,0x20,0x20,0x20,
    0x20,0x7d,0x0a,0x20,0x20,0x7d,0x0a,0x20,0x20,0x6c,0x65,0x74,0x20,0x78,0x5f,0x34,
    0x39,0x37,0x20,0x3d,0x20,0x6c,0x69,0x74,0x3b,0x0a,0x20,0x20,0x6c,0x65,0x74,0x20,
    0x78,0x5f,0x35,0x30,0x34,0x20,0x3d,0x20,0x78,0x5f,0x33,0x32,0x30,0x2e,0x75,0x5f,
    0x73,0x68,0x61,0x64,0x6f,0x77,0x5f,0x65,0x78,0x74,0x72,0x61,0x5b,0x2a,0x28,0x73,
    0x6c,0x6f,0x74,0x29,0x5d,0x2e,0x78,0x3b,0x0a,0x20,0x20,0x72,0x65,0x74,0x75,0x72,
    0x6e,0x20,0x6d,0x69,0x78,0x28,0x31,0x2e,0x30,0x66,0x2c,0x20,0x28,0x78,0x5f,0x34,
    0x39,0x37,0x20,0x2a,0x20,0x30,0x2e,0x31,0x31,0x31,0x31,0x31,0x31,0x31,0x31,0x31,
    0x39,0x33,0x38,0x39,0x35,0x33,0x33,0x39,0x39,0x36,0x36,0x66,0x29,0x2c,0x20,0x28,
    0x28,0x63,0x6c,0x61,0x6d,0x70,0x28,0x28,0x78,0x5f,0x34,0x31,0x32,0x20,0x2a,0x20,
    0x31,0x30,0x2e,0x30,0x66,0x29,0x2c,0x20,0x30,0x2e,0x30,0x66,0x2c,0x20,0x31,0x2e,
    0x30,0x66,0x29,0x20,0x2a,0x20,0x28,0x28,0x73,0x74,0x65,0x70,0x28,0x30,0x2e,0x30,
    0x66,0x2c,0x20,0x78,0x5f,0x34,0x31,0x32,0x29,0x20,0x2a,0x20,0x73,0x74,0x65,0x70,
    0x28,0x78,0x5f,0x34,0x30,0x30,0x2c,0x20,0x31,0x2e,0x30,0x66,0x29,0x29,0x20,0x2a,
    0x20,0x73,0x74,0x65,0x70,0x28,0x30,0x2e,0x30,0x66,0x2c,0x20,0x78,0x5f,0x33,0x34,
    0x38,0x29,0x29,0x29,0x20,0x2a,0x20,0x78,0x5f,0x35,0x30,0x34,0x29,0x29,0x3b,0x0a,
    0x7d,0x0a,0x0a,0x66,0x6e,0x20,0x65,0x6e,0x76,0x5f,0x64,0x69,0x72,0x5f,0x76,0x66,
    0x33,0x5f,0x76,0x66,0x34,0x5f,0x28,0x64,0x69,0x72,0x20,0x3a,0x20,0x70,0x74,0x72,
    0x3c,0x66,0x75,0x6e,0x63,0x74,0x69,0x6f,0x6e,0x2c,0x20,0x76,0x65,0x63,0x33,0x66,
    0x3e,0x2c,0x20,0x65,0x6e,0x76,0x20,0x3a,0x20,0x70,0x74,0x72,0x3c,0x66,0x75,0x6e,
    0x63,0x74,0x69,0x6f,0x6e,0x2c,0x20,0x76,0x65,0x63,0x34,0x66,0x3e,0x29,0x20,0x2d,
    0x3e,0x20,0x76,0x65,0x63,0x33,0x66,0x20,0x7b,0x0a,0x20,0x20,0x6c,0x65,0x74,0x20,
    0x78,0x5f,0x32,0x35,0x37,0x20,0x3d,0x20,0x28,0x2a,0x28,0x65,0x6e,0x76,0x29,0x29,
    0x2e,0x7a,0x3b,0x0a,0x20,0x20,0x6c,0x65,0x74,0x20,0x78,0x5f,0x32,0x35,0x39,0x20,
    0x3d,0x20,0x28,0x2a,0x28,0x64,0x69,0x72,0x29,0x29,0x2e,0x78,0x3b,0x0a,0x20,0x20,
    0x6c,0x65,0x74,0x20,0x78,0x5f,0x32,0x36,0x33,0x20,0x3d,0x20,0x28,0x2a,0x28,0x65,
    0x6e,0x76,0x29,0x29,0x2e,0x77,0x3b,0x0a,0x20,0x20,0x6c,0x65,0x74,0x20,0x78,0x5f,
    0x32,0x36,0x35,0x20,0x3d,0x20,0x28,0x2a,0x28,0x64,0x69,0x72,0x29,0x29,0x2e,0x7a,
    0x3b,0x0a,0x20,0x20,0x6c,0x65,0x74,0x20,0x78,0x5f,0x32,0x36,0x39,0x20,0x3d,0x20,
    0x28,0x2a,0x28,0x64,0x69,0x72,0x29,0x29,0x2e,0x79,0x3b,0x0a,0x20,0x20,0x6c,0x65,
    0x74,0x20,0x78,0x5f,0x32,0x37,0x31,0x20,0x3d,0x20,0x28,0x2a,0x28,0x65,0x6e,0x76,
    0x29,0x29,0x2e,0x77,0x3b,0x0a,0x20,0x20,0x6c,0x65,0x74,0x20,0x78,0x5f,0x32,0x37,
    0x33,0x20,0x3d,0x20,0x28,0x2a,0x28,0x64,0x69,0x72,0x29,0x29,0x2e,0x78,0x3b,0x0a,
    0x20,0x20,0x6c,0x65,0x74,0x20,0x78,0x5f,0x32,0x37,0x36,0x20,0x3d,0x20,0x28,0x2a,
    0x28,0x65,0x6e,0x76,0x29,0x29,0x2e,0x7a,0x3b,0x0a,0x20,0x20,0x6c,0x65,0x74,0x20,
    0x78,0x5f,0x32,0x37,0x38,0x20,0x3d,0x20,0x28,0x2a,0x28,0x64,0x69,0x72,0x29,0x29,
    0x2e,0x7a,0x3b,0x0a,0x20,0x20,0x72,0x65,0x74,0x75,0x72,0x6e,0x20,0x76,0x65,0x63,
    0x33,0x66,0x28,0x28,0x28,0x78,0x5f,0x32,0x35,0x37,0x20,0x2a,0x20,0x78,0x5f,0x32,
    0x35,0x39,0x29,0x20,0x2d,0x20,0x28,0x78,0x5f,0x32,0x36,0x33,0x20,0x2a,0x20,0x78,
    0x5f,0x32,0x36,0x35,0x29,0x29,0x2c,0x20,0x78,0x5f,0x32,0x36,0x39,0x2c,0x20,0x28,
    0x28,0x78,0x5f,0x32,0x37,0x31,0x20,0x2a,0x20,0x78,0x5f,0x32,0x37,0x33,0x29,0x20,
    0x2b,0x20,0x28,0x78,0x5f,0x32,0x37,0x36,0x20,0x2a,0x20,0x78,0x5f,0x32,0x37,0x38,
    0x29,0x29,0x29,0x3b,0x0a,0x7d,0x0a,0x0a,0x66,0x6e,0x20,0x65,0x76,0x61,0x6c,0x5f,
    0x73,0x68,0x5f,0x76,0x66,0x33,0x5f,0x28,0x6e,0x5f,0x31,0x20,0x3a,0x20,0x70,0x74,
    0x72,0x3c,0x66,0x75,0x6e,0x63,0x74,0x69,0x6f,0x6e,0x2c,0x20,0x76,0x65,0x63,0x33,
    0x66,0x3e,0x29,0x20,0x2d,0x3e,0x20,0x76,0x65,0x63,0x33,0x66,0x20,0x7b,0x0a,0x20,
    0x20,0x6c,0x65,0x74,0x20,0x78,0x5f,0x35,0x31,0x31,0x20,0x3d,0x20,0x78,0x5f,0x33,
    0x32,0x30,0x2e,0x75,0x5f,0x73,0x68,0x5b,0x30,0x69,0x5d,0x3b,0x0a,0x20,0x20,0x6c,
    0x65,0x74,0x20,0x78,0x5f,0x35,0x31,0x36,0x20,0x3d,0x20,0x78,0x5f,0x33,0x32,0x30,
    0x2e,0x75,0x5f,0x73,0x68,0x5b,0x31,0x69,0x5d,0x3b,0x0a,0x20,0x20,0x6c,0x65,0x74,
    0x20,0x78,0x5f,0x35,0x32,0x30,0x20,0x3d,0x20,0x28,0x2a,0x28,0x6e,0x5f,0x31,0x29,
    0x29,0x2e,0x79,0x3b,0x0a,0x20,0x20,0x6c,0x65,0x74,0x20,0x78,0x5f,0x35,0x32,0x35,
    0x20,0x3d,0x20,0x78,0x5f,0x33,0x32,0x30,0x2e,0x75,0x5f,0x73,0x68,0x5b,0x32,0x69,
    0x5d,0x3b,0x0a,0x20,0x20,0x6c,0x65,0x74,0x20,0x78,0x5f,0x35,0x32,0x38,0x20,0x3d,
    0x20,0x28,0x2a,0x28,0x6e,0x5f,0x31,0x29,0x29,0x2e,0x7a,0x3b,0x0a,0x20,0x20,0x6c,
    0x65,0x74,0x20,0x78,0x5f,0x35,0x33,0x33,0x20,0x3d,0x20,0x78,0x5f,0x33,0x32,0x30,
    0x2e,0x75,0x5f,0x73,0x68,0x5b,0x33,0x69,0x5d,0x3b,0x0a,0x20,0x20,0x6c,0x65,0x74,
    0x20,0x78,0x5f,0x35,0x33,0x36,0x20,0x3d,0x20,0x28,0x2a,0x28,0x6e,0x5f,0x31,0x29,
    0x29,0x2e,0x78,0x3b,0x0a,0x20,0x20,0x6c,0x65,0x74,0x20,0x78,0x5f,0x35,0x34,0x32,
    0x20,0x3d,0x20,0x78,0x5f,0x33,0x32,0x30,0x2e,0x75,0x5f,0x73,0x68,0x5b,0x34,0x69,
    0x5d,0x3b,0x0a,0x20,0x20,0x6c,0x65,0x74,0x20,0x78,0x5f,0x35,0x34,0x36,0x20,0x3d,
    0x20,0x28,0x2a,0x28,0x6e,0x5f,0x31,0x29,0x29,0x2e,0x78,0x3b,0x0a,0x20,0x20,0x6c,
    0x65,0x74,0x20,0x78,0x5f,0x35,0x34,0x39,0x20,0x3d,0x20,0x28,0x2a,0x28,0x6e,0x5f,
    0x31,0x29,0x29,0x2e,0x79,0x3b,0x0a,0x20,0x20,0x6c,0x65,0x74,0x20,0x78,0x5f,0x35,
    0x35,0x34,0x20,0x3d,0x20,0x78,0x5f,0x33,0x32,0x30,0x2e,0x75,0x5f,0x73,0x68,0x5b,
    0x35,0x69,0x5d,0x3b,0x0a,0x20,0x20,0x6c,0x65,0x74,0x20,0x78,0x5f,0x35,0x35,0x37,
    0x20,0x3d,0x20,0x28,0x2a,0x28,0x6e,0x5f,0x31,0x29,0x29,0x2e,0x79,0x3b,0x0a,0x20,
    0x20,0x6c,0x65,0x74,0x20,0x78,0x5f,0x35,0x36,0x30,0x20,0x3d,0x20,0x28,0x2a,0x28,
    0x6e,0x5f,0x31,0x29,0x29,0x2e,0x7a,0x3b,0x0a,0x20,0x20,0x6c,0x65,0x74,0x20,0x78,
    0x5f,0x35,0x36,0x35,0x20,0x3d,0x20,0x78,0x5f,0x33,0x32,0x30,0x2e,0x75,0x5f,0x73,
    0x68,0x5b,0x36,0x69,0x5d,0x3b,0x0a,0x20,0x20,0x6c,0x65,0x74,0x20,0x78,0x5f,0x35,
    0x37,0x30,0x20,0x3d,0x20,0x28,0x2a,0x28,0x6e,0x5f,0x31,0x29,0x29,0x2e,0x7a,0x3b,
    0x0a,0x20,0x20,0x6c,0x65,0x74,0x20,0x78,0x5f,0x35,0x37,0x33,0x20,0x3d,0x20,0x28,
    0x2a,0x28,0x6e,0x5f,0x31,0x29,0x29,0x2e,0x7a,0x3b,0x0a,0x20,0x20,0x6c,0x65,0x74,
    0x20,0x78,0x5f,0x35,0x38,0x30,0x20,0x3d,0x20,0x78,0x5f,0x33,0x32,0x30,0x2e,0x75,
    0x5f,0x73,0x68,0x5b,0x37,0x69,0x5d,0x3b,0x0a,0x20,0x20,0x6c,0x65,0x74,0x20,0x78,
    0x5f,0x35,0x38,0x33,0x20,0x3d,0x20,0x28,0x2a,0x28,0x6e,0x5f,0x31,0x29,0x29,0x2e,
    0x78,0x3b,0x0a,0x20,0x20,0x6c,0x65,0x74,0x20,0x78,0x5f,0x35,0x38,0x36,0x20,0x3d,
    0x20,0x28,0x2a,0x28,0x6e,0x5f,0x31,0x29,0x29,0x2e,0x7a,0x3b,0x0a,0x20,0x20,0x6c,
    0x65,0x74,0x20,0x78,0x5f,0x35,0x39,0x31,0x20,0x3d,0x20,0x78,0x5f,0x33,0x32,0x30,
    0x2e,0x75,0x5f,0x73,0x68,0x5b,0x38,0x69,0x5d,0x3b,0x0a,0x20,0x20,0x6c,0x65,0x74,
    0x20,0x78,0x5f,0x35,0x39,0x35,0x20,0x3d,0x20,0x28,0x2a,0x28,0x6e,0x5f,0x31,0x29,
    0x29,0x2e,0x78,0x3b,0x0a,0x20,0x20,0x6c,0x65,0x74,0x20,0x78,0x5f,0x35,0x39,0x37,
    0x20,0x3d,0x20,0x28,0x2a,0x28,0x6e,0x5f,0x31,0x29,0x29,0x2e,0x78,0x3b,0x0a,0x20,
    0x20,0x6c,0x65,0x74,0x20,0x78,0x5f,0x36,0x30,0x30,0x20,0x3d,0x20,0x28,0x2a,0x28,
    0x6e,0x5f,0x31,0x29,0x29,0x2e,0x79,0x3b,0x0a,0x20,0x20,0x6c,0x65,0x74,0x20,0x78,
    0x5f,0x36,0x30,0x32,0x20,0x3d,0x20,0x28,0x2a,0x28,0x6e,0x5f,0x31,0x29,0x29,0x2e,
    0x79,0x3b,0x0a,0x20,0x20,0x72,0x65,0x74,0x75,0x72,0x6e,0x20,0x28,0x28,0x28,0x28,
    0x28,0x28,0x28,0x28,0x28,0x78,0x5f,0x35,0x31,0x31,0x2e,0x78,0x79,0x7a,0x20,0x2a,
    0x20,0x30,0x2e,0x32,0x38,0x32,0x30,0x39,0x34,0x39,0x38,0x35,0x32,0x34,0x36,0x36,
    0x35,0x38,0x33,0x32,0x35,0x32,0x66,0x29,0x20,0x2b,0x20,0x28,0x78,0x5f,0x35,0x31,
    0x36,0x2e,0x78,0x79,0x7a,0x20,0x2a,0x20,0x28,0x30,0x2e,0x34,0x38,0x38,0x36,0x30,
    0x32,0x39,0x39,0x35,0x38,0x37,0x32,0x34,0x39,0x37,0x35,0x35,0x38,0x35,0x39,0x66,
    0x20,0x2a,0x20,0x78,0x5f,0x35,0x32,0x30,0x29,0x29,0x29,0x20,0x2b,0x20,0x28,0x78,
    0x5f,0x35,0x32,0x35,0x2e,0x78,0x79,0x7a,0x20,0x2a,0x20,0x28,0x30,0x2e,0x34,0x38,
    0x38,0x36,0x30,0x32,0x39,0x39,0x35,0x38,0x37,0x32,0x34,0x39,0x37,0x35,0x35,0x38,
    0x35,0x39,0x66,0x20,0x2a,0x20,0x78,0x5f,0x35,0x32,0x38,0x29,0x29,0x29,0x20,0x2b,
    0x20,0x28,0x78,0x5f,0x35,0x33,0x33,0x2e,0x78,0x79,0x7a,0x20,0x2a,0x20,0x28,0x30,
    0x2e,0x34,0x38,0x38,0x36,0x30,0x32,0x39,0x39,0x35,0x38,0x37,0x32,0x34,0x39,0x37,
    0x35,0x35,0x38,0x35,0x39,0x66,0x20,0x2a,0x20,0x78,0x5f,0x35,0x33,0x36,0x29,0x29,
    0x29,0x20,0x2b,0x20,0x28,0x78,0x5f,0x35,0x34,0x32,0x2e,0x78,0x79,0x7a,0x20,0x2a,
    0x20,0x28,0x28,0x31,0x2e,0x30,0x39,0x32,0x35,0x34,0x38,0x30,0x31,0x32,0x37,0x33,
    0x33,0x34,0x35,0x39,0x34,0x37,0x32,0x36,0x36,0x66,0x20,0x2a,0x20,0x78,0x5f,0x35,
    0x34,0x36,0x29,0x20,0x2a,0x20,0x78,0x5f,0x35,0x34,0x39,0x29,0x29,0x29,0x20,0x2b,
    0x20,0x28,0x78,0x5f,0x35,0x35,0x34,0x2e,0x78,0x79,0x7a,0x20,0x2a,0x20,0x28,0x28,
    0x31,0x2e,0x30,0x39,0x32,0x35,0x34,0x38,0x30,0x31,0x32,0x37,0x33,0x33,0x34,0x35,
    0x39,0x34,0x37,0x32,0x36,0x36,0x66,0x20,0x2a,0x20,0x78,0x5f,0x35,0x35,0x37,0x29,
    0x20,0x2a,0x20,0x78,0x5f,0x35,0x36,0x30,0x29,0x29,0x29,0x20,0x2b,0x20,0x28,0x78,
    0x5f,0x35,0x36,0x35,0x2e,0x78,0x79,0x7a,0x20,0x2a,0x20,0x28,0x30,0x2e,0x33,0x31,
    0x35,0x33,0x39,0x31,0x39,0x38,0x37,0x35,0x36,0x32,0x31,0x37,0x39,0x35,0x36,0x35,
    0x34,0x33,0x66,0x20,0x2a,0x20,0x28,0x28,0x28,0x33,0x2e,0x30,0x66,0x20,0x2a,0x20,
    0x78,0x5f,0x35,0x37,0x30,0x29,0x20,0x2a,0x20,0x78,0x5f,0x35,0x37,0x33,0x29,0x20,
    0x2d,0x20,0x31,0x2e,0x30,0x66,0x29,0x29,0x29,0x29,0x20,0x2b,0x20,0x28,0x78,0x5f,
    0x35,0x38,0x30,0x2e,0x78,0x79,0x7a,0x20,0x2a,0x20,0x28,0x28,0x31,0x2e,0x30,0x39,
    0x32,0x35,0x34,0x38,0x30,0x31,0x32,0x37,0x33,0x33,0x34,0x35,0x39,0x34,0x37,0x32,
    0x36,0x36,0x66,0x20,0x2a,0x20,0x78,0x5f,0x35,0x38,0x33,0x29,0x20,0x2a,0x20,0x78,
    0x5f,0x35,0x38,0x36,0x29,0x29,0x29,0x20,0x2b,0x20,0x28,0x78,0x5f,0x35,0x39,0x31,
    0x2e,0x78,0x79,0x7a,0x20,0x2a,0x20,0x28,0x30,0x2e,0x35,0x34,0x36,0x32,0x37,0x34,
    0x30,0x30,0x36,0x33,0x36,0x36,0x37,0x32,0x39,0x37,0x33,0x36,0x33,0x33,0x66,0x20,
    0x2a,0x20,0x28,0x28,0x78,0x5f,0x35,0x39,0x35,0x20,0x2a,0x20,0x78,0x5f,0x35,0x39,
    0x37,0x29,0x20,0x2d,0x20,0x28,0x78,0x5f,0x36,0x30,0x30,0x20,0x2a,0x20,0x78,0x5f,
    0x36,0x30,0x32,0x29,0x29,0x29,0x29,0x29,0x3b,0x0a,0x7d,0x0a,0x0a,0x66,0x6e,0x20,
    0x6d,0x61,0x69,0x6e,0x5f,0x31,0x28,0x29,0x20,0x7b,0x0a,0x20,0x20,0x76,0x61,0x72,
    0x20,0x70,0x61,0x72,0x61,0x6d,0x5f,0x33,0x20,0x3a,0x20,0x69,0x33,0x32,0x3b,0x0a,
    0x20,0x20,0x76,0x61,0x72,0x20,0x62,0x61,0x73,0x65,0x20,0x3a,0x20,0x76,0x65,0x63,
    0x34,0x66,0x3b,0x0a,0x20,0x20,0x76,0x61,0x72,0x20,0x70,0x61,0x72,0x61,0x6d,0x5f,
    0x34,0x20,0x3a,0x20,0x76,0x65,0x63,0x33,0x66,0x3b,0x0a,0x20,0x20,0x76,0x61,0x72,
    0x20,0x70,0x61,0x72,0x61,0x6d,0x5f,0x35,0x20,0x3a,0x20,0x76,0x65,0x63,0x33,0x66,
    0x3b,0x0a,0x20,0x20,0x76,0x61,0x72,0x20,0x70,0x61,0x72,0x61,0x6d,0x5f,0x36,0x20,
    0x3a,0x20,0x76,0x65,0x63,0x34,0x66,0x3b,0x0a,0x20,0x20,0x76,0x61,0x72,0x20,0x6e,
    0x5f,0x32,0x20,0x3a,0x20,0x76,0x65,0x63,0x33,0x66,0x3b,0x0a,0x20,0x20,0x76,0x61,
    0x72,0x20,0x74,0x20,0x3a,0x20,0x76,0x65,0x63,0x33,0x66,0x3b,0x0a,0x20,0x20,0x76,
    0x61,0x72,0x20,0x70,0x61,0x72,0x61,0x6d,0x5f,0x37,0x20,0x3a,0x20,0x69,0x33,0x32,
    0x3b,0x0a,0x20,0x20,0x76,0x61,0x72,0x20,0x70,0x61,0x72,0x61,0x6d,0x5f,0x38,0x20,
    0x3a,0x20,0x69,0x33,0x32,0x3b,0x0a,0x20,0x20,0x76,0x61,0x72,0x20,0x70,0x61,0x72,
    0x61,0x6d,0x5f,0x39,0x20,0x3a,0x20,0x69,0x33,0x32,0x3b,0x0a,0x20,0x20,0x76,0x61,
    0x72,0x20,0x63,0x6f,0x6c,0x6f,0x72,0x5f,0x33,0x20,0x3a,0x20,0x76,0x65,0x63,0x33,
    0x66,0x3b,0x0a,0x20,0x20,0x76,0x61,0x72,0x20,0x69,0x5f,0x31,0x20,0x3a,0x20,0x69,
    0x33,0x32,0x3b,0x0a,0x20,0x20,0x76,0x61,0x72,0x20,0x66,0x61,0x6c,0x6c,0x6f,0x66,
    0x66,0x20,0x3a,0x20,0x66,0x33,0x32,0x3b,0x0a,0x20,0x20,0x76,0x61,0x72,0x20,0x6c,
    0x69,0x67,0x68,0x74,0x5f,0x64,0x69,0x72,0x20,0x3a,0x20,0x76,0x65,0x63,0x33,0x66,
    0x3b,0x0a,0x20,0x20,0x76,0x61,0x72,0x20,0x78,0x5f,0x39,0x38,0x37,0x20,0x3a,0x20,
    0x76,0x65,0x63,0x33,0x66,0x3b,0x0a,0x20,0x20,0x76,0x61,0x72,0x20,0x70,0x61,0x72,
    0x61,0x6d,0x5f,0x31,0x30,0x20,0x3a,0x20,0x66,0x33,0x32,0x3b,0x0a,0x20,0x20,0x76,
    0x61,0x72,0x20,0x70,0x61,0x72,0x61,0x6d,0x5f,0x31,0x31,0x20,0x3a,0x20,0x66,0x33,
    0x32,0x3b,0x0a,0x20,0x20,0x76,0x61,0x72,0x20,0x70,0x61,0x72,0x61,0x6d,0x5f,0x31,
    0x32,0x20,0x3a,0x20,0x66,0x33,0x32,0x3b,0x0a,0x20,0x20,0x76,0x61,0x72,0x20,0x70,
    0x61,0x72,0x61,0x6d,0x5f,0x31,0x33,0x20,0x3a,0x20,0x66,0x33,0x32,0x3b,0x0a,0x20,
    0x20,0x76,0x61,0x72,0x20,0x70,0x61,0x72,0x61,0x6d,0x5f,0x31,0x34,0x20,0x3a,0x20,
    0x66,0x33,0x32,0x3b,0x0a,0x20,0x20,0x76,0x61,0x72,0x20,0x70,0x61,0x72,0x61,0x6d,
    0x5f,0x31,0x35,0x20,0x3a,0x20,0x69,0x33,0x32,0x3b,0x0a,0x20,0x20,0x76,0x61,0x72,
    0x20,0x70,0x61,0x72,0x61,0x6d,0x5f,0x31,0x36,0x20,0x3a,0x20,0x76,0x65,0x63,0x33,
    0x66,0x3b,0x0a,0x20,0x20,0x76,0x61,0x72,0x20,0x70,0x61,0x72,0x61,0x6d,0x5f,0x31,
    0x37,0x20,0x3a,0x20,0x76,0x65,0x63,0x33,0x66,0x3b,0x0a,0x20,0x20,0x76,0x61,0x72,
    0x20,0x70,0x61,0x72,0x61,0x6d,0x5f,0x31,0x38,0x20,0x3a,0x20,0x66,0x33,0x32,0x3b,
    0x0a,0x20,0x20,0x76,0x61,0x72,0x20,0x70,0x61,0x72,0x61,0x6d,0x5f,0x31,0x39,0x20,
    0x3a,0x20,0x76,0x65,0x63,0x33,0x66,0x3b,0x0a,0x20,0x20,0x76,0x61,0x72,0x20,0x70,
    0x61,0x72,0x61,0x6d,0x5f,0x32,0x30,0x20,0x3a,0x20,0x76,0x65,0x63,0x34,0x66,0x3b,
    0x0a,0x20,0x20,0x76,0x61,0x72,0x20,0x70,0x61,0x72,0x61,0x6d,0x5f,0x32,0x31,0x20,
    0x3a,0x20,0x76,0x65,0x63,0x33,0x66,0x3b,0x0a,0x20,0x20,0x76,0x61,0x72,0x20,0x70,
    0x61,0x72,0x61,0x6d,0x5f,0x32,0x32,0x20,0x3a,0x20,0x76,0x65,0x63,0x33,0x66,0x3b,
    0x0a,0x20,0x20,0x76,0x61,0x72,0x20,0x70,0x61,0x72,0x61,0x6d,0x5f,0x32,0x33,0x20,
    0x3a,0x20,0x76,0x65,0x63,0x34,0x66,0x3b,0x0a,0x20,0x20,0x76,0x61,0x72,0x20,0x70,
    0x61,0x72,0x61,0x6d,0x5f,0x32,0x34,0x20,0x3a,0x20,0x69,0x33,0x32,0x3b,0x0a,0x20,
    0x20,0x76,0x61,0x72,0x20,0x70,0x61,0x72,0x61,0x6d,0x5f,0x32,0x35,0x20,0x3a,0x20,
    0x76,0x65,0x63,0x33,0x66,0x3b,0x0a,0x20,0x20,0x76,0x61,0x72,0x20,0x70,0x61,0x72,
    0x61,0x6d,0x5f,0x32,0x36,0x20,0x3a,0x20,0x76,0x65,0x63,0x33,0x66,0x3b,0x0a,0x20,
    0x20,0x76,0x61,0x72,0x20,0x70,0x61,0x72,0x61,0x6d,0x5f,0x32,0x37,0x20,0x3a,0x20,
    0x76,0x65,0x63,0x34,0x66,0x3b,0x0a,0x20,0x20,0x70,0x61,0x72,0x61,0x6d,0x5f,0x33,
    0x20,0x3d,0x20,0x30,0x69,0x3b,0x0a,0x20,0x20,0x6c,0x65,0x74,0x20,0x78,0x5f,0x37,
    0x30,0x32,0x20,0x3d,0x20,0x74,0x65,0x78,0x5f,0x75,0x76,0x5f,0x69,0x31,0x5f,0x28,
    0x26,0x28,0x70,0x61,0x72,0x61,0x6d,0x5f,0x33,0x29,0x29,0x3b,0x0a,0x20,0x20,0x6c,
    0x65,0x74,0x20,0x78,0x5f,0x37,0x30,0x33,0x20,0x3d,0x20,0x74,0x65,0x78,0x74,0x75,
    0x72,0x65,0x53,0x61,0x6d,0x70,0x6c,0x65,0x28,0x62,0x61,0x73,0x65,0x5f,0x63,0x6f,
    0x6c,0x6f,0x72,0x5f,0x74,0x65,0x78,0x2c,0x20,0x62,0x61,0x73,0x65,0x5f,0x63,0x6f,
    0x6c,0x6f,0x72,0x5f,0x73,0x6d,0x70,0x2c,0x20,0x78,0x5f,0x37,0x30,0x32,0x29,0x3b,
    0x0a,0x20,0x20,0x70,0x61,0x72,0x61,0x6d,0x5f,0x34,0x20,0x3d,0x20,0x78,0x5f,0x37,
    0x30,0x33,0x2e,0x78,0x79,0x7a,0x3b,0x0a,0x20,0x20,0x6c,0x65,0x74,0x20,0x78,0x5f,
    0x37,0x30,0x38,0x20,0x3d,0x20,0x73,0x72,0x67,0x62,0x5f,0x74,0x6f,0x5f,0x6c,0x69,
    0x6e,0x65,0x61,0x72,0x5f,0x76,0x66,0x33,0x5f,0x28,0x26,0x28,0x70,0x61,0x72,0x61,
    0x6d,0x5f,0x34,0x29,0x29,0x3b,0x0a,0x20,0x20,0x6c,0x65,0x74,0x20,0x78,0x5f,0x37,
    0x32,0x31,0x20,0x3d,0x20,0x28,0x28,0x76,0x65,0x63,0x34,0x66,0x28,0x78,0x5f,0x37,
    0x30,0x38,0x2e,0x78,0x2c,0x20,0x78,0x5f,0x37,0x30,0x38,0x2e,0x79,0x2c,0x20,0x78,
    0x5f,0x37,0x30,0x38,0x2e,0x7a,0x2c,0x20,0x78,0x5f,0x37,0x30,0x33,0x2e,0x77,0x29,
    0x20,0x2a,0x20,0x78,0x5f,0x32,0x39,0x35,0x2e,0x75,0x5f,0x62,0x61,0x73,0x65,0x5f,
    0x63,0x6f,0x6c,0x6f,0x72,0x29,0x20,0x2a,0x20,0x76,0x5f,0x63,0x6f,0x6c,0x6f,0x72,
    0x29,0x3b,0x0a,0x20,0x20,0x62,0x61,0x73,0x65,0x20,0x3d,0x20,0x78,0x5f,0x37,0x32,
    0x31,0x3b,0x0a,0x20,0x20,0x6c,0x65,0x74,0x20,0x78,0x5f,0x37,0x32,0x37,0x20,0x3d,
    0x20,0x76,0x5f,0x61,0x6c,0x70,0x68,0x61,0x5f,0x6d,0x6f,0x64,0x65,0x3b,0x0a,0x20,
    0x20,0x69,0x66,0x20,0x28,0x28,0x78,0x5f,0x37,0x32,0x31,0x2e,0x77,0x20,0x3c,0x20,
    0x6d,0x61,0x78,0x28,0x78,0x5f,0x32,0x39,0x35,0x2e,0x75,0x5f,0x6d,0x61,0x74,0x65,
    0x72,0x69,0x61,0x6c,0x2e,0x78,0x2c,0x20,0x6d,0x61,0x78,0x28,0x76,0x5f,0x61,0x6c,
    0x70,0x68,0x61,0x5f,0x6d,0x6f,0x64,0x65,0x2c,0x20,0x30,0x2e,0x30,0x66,0x29,0x29,
    0x29,0x29,0x20,0x7b,0x0a,0x20,0x20,0x20,0x20,0x64,0x69,0x73,0x63,0x61,0x72,0x64,
    0x3b,0x0a,0x20,0x20,0x7d,0x0a,0x20,0x20,0x69,0x66,0x20,0x28,0x21,0x28,0x28,0x78,
    0x5f,0x37,0x32,0x37,0x20,0x3d,0x3d,0x20,0x30,0x2e,0x30,0x66,0x29,0x29,0x29,0x20,
    0x7b,0x0a,0x20,0x20,0x20,0x20,0x6c,0x65,0x74,0x20,0x78,0x5f,0x31,0x32,0x38,0x35,
    0x20,0x3d,0x20,0x62,0x61,0x73,0x65,0x3b,0x0a,0x20,0x20,0x20,0x20,0x76,0x61,0x72,
    0x20,0x78,0x5f,0x31,0x32,0x38,0x36,0x5f,0x31,0x20,0x3d,0x20,0x78,0x5f,0x31,0x32,
    0x38,0x35,0x3b,0x0a,0x20,0x20,0x20,0x20,0x78,0x5f,0x31,0x32,0x38,0x36,0x5f,0x31,
    0x2e,0x77,0x20,0x3d,0x20,0x31,0x2e,0x30,0x66,0x3b,0x0a,0x20,0x20,0x20,0x20,0x62,
    0x61,0x73,0x65,0x20,0x3d,0x20,0x78,0x5f,0x31,0x32,0x38,0x36,0x5f,0x31,0x3b,0x0a,
    0x20,0x20,0x7d,0x0a,0x20,0x20,0x69,0x66,0x20,0x28,0x28,0x78,0x5f,0x32,0x39,0x35,
    0x2e,0x75,0x5f,0x70,0x62,0x72,0x2e,0x77,0x20,0x3c,0x20,0x30,0x2e,0x35,0x66,0x29,
    0x29,0x20,0x7b,0x0a,0x20,0x20,0x20,0x20,0x70,0x61,0x72,0x61,0x6d,0x5f,0x35,0x20,
    0x3d,0x20,0x62,0x61,0x73,0x65,0x2e,0x78,0x79,0x7a,0x3b,0x0a,0x20,0x20,0x20,0x20,
    0x70,0x61,0x72,0x61,0x6d,0x5f,0x36,0x20,0x3d,0x20,0x78,0x5f,0x33,0x32,0x30,0x2e,
    0x75,0x5f,0x74,0x6f,0x6e,0x65,0x6d,0x61,0x70,0x3b,0x0a,0x20,0x20,0x20,0x20,0x6c,
    0x65,0x74,0x20,0x78,0x5f,0x37,0x35,0x35,0x20,0x3d,0x20,0x74,0x6f,0x5f,0x64,0x69,
    0x73,0x70,0x6c,0x61,0x79,0x5f,0x76,0x66,0x33,0x5f,0x76,0x66,0x34,0x5f,0x28,0x26,
    0x28,0x70,0x61,0x72,0x61,0x6d,0x5f,0x35,0x29,0x2c,0x20,0x26,0x28,0x70,0x61,0x72,
    0x61,0x6d,0x5f,0x36,0x29,0x29,0x3b,0x0a,0x20,0x20,0x20,0x20,0x66,0x72,0x61,0x67,
    0x5f,0x63,0x6f,0x6c,0x6f,0x72,0x20,0x3d,0x20,0x76,0x65,0x63,0x34,0x66,0x28,0x78,
    0x5f,0x37,0x35,0x35,0x2e,0x78,0x2c,0x20,0x78,0x5f,0x37,0x35,0x35,0x2e,0x79,0x2c,
    0x20,0x78,0x5f,0x37,0x35,0x35,0x2e,0x7a,0x2c,0x20,0x62,0x61,0x73,0x65,0x2e,0x77,
    0x29,0x3b,0x0a,0x20,0x20,0x20,0x20,0x72,0x65,0x74,0x75,0x72,0x6e,0x3b,0x0a,0x20,
    0x20,0x7d,0x0a,0x20,0x20,0x6c,0x65,0x74,0x20,0x78,0x5f,0x37,0x36,0x37,0x20,0x3d,
    0x20,0x6e,0x6f,0x72,0x6d,0x61,0x6c,0x69,0x7a,0x65,0x28,0x76,0x5f,0x6e,0x6f,0x72,
    0x6d,0x61,0x6c,0x29,0x3b,0x0a,0x20,0x20,0x6e,0x5f,0x32,0x20,0x3d,0x20,0x78,0x5f,
    0x37,0x36,0x37,0x3b,0x0a,0x20,0x20,0x6c,0x65,0x74,0x20,0x78,0x5f,0x37,0x37,0x31,
    0x20,0x3d,0x20,0x76,0x5f,0x74,0x61,0x6e,0x67,0x65,0x6e,0x74,0x2e,0x78,0x79,0x7a,
    0x3b,0x0a,0x20,0x20,0x6c,0x65,0x74,0x20,0x78,0x5f,0x37,0x37,0x38,0x20,0x3d,0x20,
    0x28,0x78,0x5f,0x37,0x37,0x31,0x20,0x2d,0x20,0x28,0x78,0x5f,0x37,0x36,0x37,0x20,
    0x2a,0x20,0x64,0x6f,0x74,0x28,0x78,0x5f,0x37,0x36,0x37,0x2c,0x20,0x78,0x5f,0x37,
    0x37,0x31,0x29,0x29,0x29,0x3b,0x0a,0x20,0x20,0x74,0x20,0x3d,0x20,0x78,0x5f,0x37,
    0x37,0x38,0x3b,0x0a,0x20,0x20,0x6c,0x65,0x74,0x20,0x78,0x5f,0x37,0x38,0x34,0x20,
    0x3d,0x20,0x73,0x65,0x6c,0x65,0x63,0x74,0x28,0x2d,0x31,0x2e,0x30,0x66,0x2c,0x20,
    0x31,0x2e,0x30,0x66,0x2c,0x20,0x67,0x6c,0x5f,0x46,0x72,0x6f,0x6e,0x74,0x46,0x61,
    0x63,0x69,0x6e,0x67,0x29,0x3b,0x0a,0x20,0x20,0x69,0x66,0x20,0x28,0x28,0x64,0x6f,
    0x74,0x28,0x78,0x5f,0x37,0x37,0x38,0x2c,0x20,0x78,0x5f,0x37,0x37,0x38,0x29,0x20,
    0x3e,0x20,0x30,0x2e,0x30,0x30,0x30,0x30,0x30,0x30,0x30,0x30,0x39,0x39,0x39,0x39,
    0x39,0x39,0x39,0x39,0x33,0x39,0x32,0x33,0x66,0x29,0x29,0x20,0x7b,0x0a,0x20,0x20,
    0x20,0x20,0x6c,0x65,0x74,0x20,0x78,0x5f,0x37,0x39,0x33,0x20,0x3d,0x20,0x6e,0x6f,
    0x72,0x6d,0x61,0x6c,0x69,0x7a,0x65,0x28,0x74,0x29,0x3b,0x0a,0x20,0x20,0x20,0x20,
    0x74,0x20,0x3d,0x20,0x78,0x5f,0x37,0x39,0x33,0x3b,0x0a,0x20,0x20,0x20,0x20,0x6c,
    0x65,0x74,0x20,0x78,0x5f,0x37,0x39,0x35,0x20,0x3d,0x20,0x6e,0x5f,0x32,0x3b,0x0a,
    0x20,0x20,0x20,0x20,0x6c,0x65,0x74,0x20,0x78,0x5f,0x37,0x39,0x39,0x20,0x3d,0x20,
    0x76,0x5f,0x74,0x61,0x6e,0x67,0x65,0x6e,0x74,0x2e,0x77,0x3b,0x0a,0x20,0x20,0x20,
    0x20,0x70,0x61,0x72,0x61,0x6d,0x5f,0x37,0x20,0x3d,0x20,0x32,0x69,0x3b,0x0a,0x20,
    0x20,0x20,0x20,0x6c,0x65,0x74,0x20,0x78,0x5f,0x38,0x30,0x38,0x20,0x3d,0x20,0x74,
    0x65,0x78,0x5f,0x75,0x76,0x5f,0x69,0x31,0x5f,0x28,0x26,0x28,0x70,0x61,0x72,0x61,
    0x6d,0x5f,0x37,0x29,0x29,0x3b,0x0a,0x20,0x20,0x20,0x20,0x6c,0x65,0x74,0x20,0x78,
    0x5f,0x38,0x30,0x39,0x20,0x3d,0x20,0x74,0x65,0x78,0x74,0x75,0x72,0x65,0x53,0x61,
    0x6d,0x70,0x6c,0x65,0x28,0x6e,0x6f,0x72,0x6d,0x61,0x6c,0x5f,0x74,0x65,0x78,0x2c,
    0x20,0x6e,0x6f,0x72,0x6d,0x61,0x6c,0x5f,0x73,0x6d,0x70,0x2c,0x20,0x78,0x5f,0x38,
    0x30,0x38,0x29,0x3b,0x0a,0x20,0x20,0x20,0x20,0x6c,0x65,0x74,0x20,0x78,0x5f,0x38,
    0x31,0x33,0x20,0x3d,0x20,0x28,0x28,0x78,0x5f,0x38,0x30,0x39,0x2e,0x78,0x79,0x7a,
    0x20,0x2a,0x20,0x32,0x2e,0x30,0x66,0x29,0x20,0x2d,0x20,0x78,0x5f,0x39,0x32,0x29,
    0x3b,0x0a,0x20,0x20,0x20,0x20,0x6c,0x65,0x74,0x20,0x78,0x5f,0x38,0x31,0x38,0x20,
    0x3d,0x20,0x28,0x78,0x5f,0x38,0x31,0x33,0x2e,0x78,0x79,0x20,0x2a,0x20,0x78,0x5f,
    0x32,0x39,0x35,0x2e,0x75,0x5f,0x65,0x6d,0x69,0x73,0x73,0x69,0x76,0x65,0x2e,0x77,
    0x29,0x3b,0x0a,0x20,0x20,0x20,0x20,0x76,0x61,0x72,0x20,0x78,0x5f,0x31,0x32,0x38,
    0x39,0x5f,0x31,0x20,0x3d,0x20,0x78,0x5f,0x38,0x31,0x33,0x3b,0x0a,0x20,0x20,0x20,
    0x20,0x78,0x5f,0x31,0x32,0x38,0x39,0x5f,0x31,0x2e,0x78,0x20,0x3d,0x20,0x78,0x5f,
    0x38,0x31,0x38,0x2e,0x78,0x3b,0x0a,0x20,0x20,0x20,0x20,0x6c,0x65,0x74,0x20,0x78,
    0x5f,0x31,0x32,0x38,0x39,0x20,0x3d,0x20,0x78,0x5f,0x31,0x32,0x38,0x39,0x5f,0x31,
    0x3b,0x0a,0x20,0x20,0x20,0x20,0x76,0x61,0x72,0x20,0x78,0x5f,0x31,0x32,0x39,0x31,
    0x5f,0x31,0x20,0x3d,0x20,0x78,0x5f,0x31,0x32,0x38,0x39,0x3b,0x0a,0x20,0x20,0x20,
    0x20,0x78,0x5f,0x31,0x32,0x39,0x31,0x5f,0x31,0x2e,0x79,0x20,0x3d,0x20,0x78,0x5f,
    0x38,0x31,0x38,0x2e,0x79,0x3b,0x0a,0x20,0x20,0x20,0x20,0x6e,0x5f,0x32,0x20,0x3d,
    0x20,0x6e,0x6f,0x72,0x6d,0x61,0x6c,0x69,0x7a,0x65,0x28,0x28,0x6d,0x61,0x74,0x33,
    0x78,0x33,0x66,0x28,0x74,0x2c,0x20,0x28,0x63,0x72,0x6f,0x73,0x73,0x28,0x78,0x5f,
    0x37,0x39,0x35,0x2c,0x20,0x78,0x5f,0x37,0x39,0x33,0x29,0x20,0x2a,0x20,0x78,0x5f,
    0x37,0x39,0x39,0x29,0x2c,0x20,0x6e,0x5f,0x32,0x29,0x20,0x2a,0x20,0x78,0x5f,0x31,
    0x32,0x39,0x31,0x5f,0x31,0x29,0x29,0x3b,0x0a,0x20,0x20,0x7d,0x0a,0x20,0x20,0x6e,
    0x5f,0x32,0x20,0x3d,0x20,0x28,0x6e,0x5f,0x32,0x20,0x2a,0x20,0x78,0x5f,0x37,0x38,
    0x34,0x29,0x3b,0x0a,0x20,0x20,0x70,0x61,0x72,0x61,0x6d,0x5f,0x38,0x20,0x3d,0x20,
    0x31,0x69,0x3b,0x0a,0x20,0x20,0x6c,0x65,0x74,0x20,0x78,0x5f,0x38,0x35,0x33,0x20,
    0x3d,0x20,0x74,0x65,0x78,0x5f,0x75,0x76,0x5f,0x69,0x31,0x5f,0x28,0x26,0x28,0x70,
    0x61,0x72,0x61,0x6d,0x5f,0x38,0x29,0x29,0x3b,0x0a,0x20,0x20,0x6c,0x65,0x74,0x20,
    0x78,0x5f,0x38,0x35,0x34,0x20,0x3d,0x20,0x74,0x65,0x78,0x74,0x75,0x72,0x65,0x53,
    0x61,0x6d,0x70,0x6c,0x65,0x28,0x6d,0x65,0x74,0x61,0x6c,0x6c,0x69,0x63,0x5f,0x72,
    0x6f,0x75,0x67,0x68,0x6e,0x65,0x73,0x73,0x5f,0x74,0x65,0x78,0x2c,0x20,0x6d,0x65,
    0x74,0x61,0x6c,0x6c,0x69,0x63,0x5f,0x72,0x6f,0x75,0x67,0x68,0x6e,0x65,0x73,0x73,
    0x5f,0x73,0x6d,0x70,0x2c,0x20,0x78,0x5f,0x38,0x35,0x33,0x29,0x3b,0x0a,0x20,0x20,
    0x6c,0x65,0x74,0x20,0x78,0x5f,0x38,0x36,0x32,0x20,0x3d,0x20,0x63,0x6c,0x61,0x6d,
    0x70,0x28,0x28,0x78,0x5f,0x32,0x39,0x35,0x2e,0x75,0x5f,0x70,0x62,0x72,0x2e,0x78,
    0x20,0x2a,0x20,0x78,0x5f,0x38,0x35,0x34,0x2e,0x7a,0x29,0x2c,0x20,0x30,0x2e,0x30,
    0x66,0x2c,0x20,0x31,0x2e,0x30,0x66,0x29,0x3b,0x0a,0x20,0x20,0x6c,0x65,0x74,0x20,
    0x78,0x5f,0x38,0x36,0x39,0x20,0x3d,0x20,0x63,0x6c,0x61,0x6d,0x70,0x28,0x28,0x78,
    0x5f,0x32,0x39,0x35,0x2e,0x75,0x5f,0x70,0x62,0x72,0x2e,0x79,0x20,0x2a,0x20,0x78,
    0x5f,0x38,0x35,0x34,0x2e,0x79,0x29,0x2c,0x20,0x30,0x2e,0x30,0x32,0x39,0x39,0x39,
    0x39,0x39,0x39,0x39,0x33,0x32,0x39,0x34,0x34,0x37,0x37,0x34,0x36,0x32,0x38,0x66,
    0x2c,0x20,0x31,0x2e,0x30,0x66,0x29,0x3b,0x0a,0x20,0x20,0x6c,0x65,0x74,0x20,0x78,
    0x5f,0x38,0x37,0x33,0x20,0x3d,0x20,0x28,0x78,0x5f,0x38,0x36,0x39,0x20,0x2a,0x20,
    0x78,0x5f,0x38,0x36,0x39,0x29,0x3b,0x0a,0x20,0x20,0x6c,0x65,0x74,0x20,0x78,0x5f,
    0x38,0x37,0x37,0x20,0x3d,0x20,0x28,0x78,0x5f,0x38,0x37,0x33,0x20,0x2a,0x20,0x78,
    0x5f,0x38,0x37,0x33,0x29,0x3b,0x0a,0x20,0x20,0x6c,0x65,0x74,0x20,0x78,0x5f,0x38,
    0x38,0x31,0x20,0x3d,0x20,0x62,0x61,0x73,0x65,0x2e,0x78,0x79,0x7a,0x3b,0x0a,0x20,
    0x20,0x6c,0x65,0x74,0x20,0x78,0x5f,0x38,0x38,0x34,0x20,0x3d,0x20,0x6d,0x69,0x78,
    0x28,0x76,0x65,0x63,0x33,0x66,0x28,0x30,0x2e,0x30,0x33,0x39,0x39,0x39,0x39,0x39,
    0x39,0x39,0x31,0x30,0x35,0x39,0x33,0x30,0x33,0x32,0x38,0x33,0x37,0x66,0x29,0x2c,
    0x20,0x78,0x5f,0x38,0x38,0x31,0x2c,0x20,0x76,0x65,0x63,0x33,0x66,0x28,0x78,0x5f,
    0x38,0x36,0x32,0x29,0x29,0x3b,0x0a,0x20,0x20,0x6c,0x65,0x74,0x20,0x78,0x5f,0x38,
    0x39,0x30,0x20,0x3d,0x20,0x28,0x78,0x5f,0x38,0x38,0x31,0x20,0x2a,0x20,0x28,0x31,
    0x2e,0x30,0x66,0x20,0x2d,0x20,0x78,0x5f,0x38,0x36,0x32,0x29,0x29,0x3b,0x0a,0x20,
    0x20,0x6c,0x65,0x74,0x20,0x78,0x5f,0x38,0x39,0x36,0x20,0x3d,0x20,0x76,0x5f,0x77,
    0x6f,0x72,0x6c,0x64,0x5f,0x70,0x6f,0x73,0x3b,0x0a,0x20,0x20,0x6c,0x65,0x74,0x20,
    0x78,0x5f,0x38,0x39,0x38,0x20,0x3d,0x20,0x6e,0x6f,0x72,0x6d,0x61,0x6c,0x69,0x7a,
    0x65,0x28,0x28,0x78,0x5f,0x33,0x32,0x30,0x2e,0x75,0x5f,0x63,0x61,0x6d,0x65,0x72,
    0x61,0x5f,0x70,0x6f,0x73,0x2e,0x78,0x79,0x7a,0x20,0x2d,0x20,0x76,0x5f,0x77,0x6f,
    0x72,0x6c,0x64,0x5f,0x70,0x6f,0x73,0x29,0x29,0x3b,0x0a,0x20,0x20,0x6c,0x65,0x74,
    0x20,0x78,0x5f,0x39,0x30,0x35,0x20,0x3d,0x20,0x63,0x6c,0x61,0x6d,0x70,0x28,0x61,
    0x62,0x73,0x28,0x64,0x6f,0x74,0x28,0x6e,0x5f,0x32,0x2c,0x20,0x78,0x5f,0x38,0x39,
    0x38,0x29,0x29,0x2c,0x20,0x30,0x2e,0x30,0x30,0x30,0x30,0x39,0x39,0x39,0x39,0x39,
    0x39,0x39,0x37,0x34,0x37,0x33,0x37,0x38,0x37,0x35,0x32,0x66,0x2c,0x20,0x31,0x2e,
    0x30,0x66,0x29,0x3b,0x0a,0x20,0x20,0x6c,0x65,0x74,0x20,0x78,0x5f,0x39,0x30,0x38,
    0x20,0x3d,0x20,0x78,0x5f,0x32,0x39,0x35,0x2e,0x75,0x5f,0x70,0x62,0x72,0x2e,0x7a,
    0x3b,0x0a,0x20,0x20,0x70,0x61,0x72,0x61,0x6d,0x5f,0x39,0x20,0x3d,0x20,0x33,0x69,
    0x3b,0x0a,0x20,0x20,0x6c,0x65,0x74,0x20,0x78,0x5f,0x39,0x31,0x35,0x20,0x3d,0x20,
    0x74,0x65,0x78,0x5f,0x75,0x76,0x5f,0x69,0x31,0x5f,0x28,0x26,0x28,0x70,0x61,0x72,
    0x61,0x6d,0x5f,0x39,0x29,0x29,0x3b,0x0a,0x20,0x20,0x6c,0x65,0x74,0x20,0x78,0x5f,
    0x39,0x31,0x36,0x20,0x3d,0x20,0x74,0x65,0x78,0x74,0x75,0x72,0x65,0x53,0x61,0x6d,
    0x70,0x6c,0x65,0x28,0x6f,0x63,0x63,0x6c,0x75,0x73,0x69,0x6f,0x6e,0x5f,0x74,0x65,
    0x78,0x2c,0x20,0x6f,0x63,0x63,0x6c,0x75,0x73,0x69,0x6f,0x6e,0x5f,0x73,0x6d,0x70,
    0x2c,0x20,0x78,0x5f,0x39,0x31,0x35,0x29,0x3b,0x0a,0x20,0x20,0x6c,0x65,0x74,0x20,
    0x78,0x5f,0x39,0x32,0x30,0x20,0x3d,0x20,0x28,0x31,0x2e,0x30,0x66,0x20,0x2b,0x20,
    0x28,0x78,0x5f,0x39,0x30,0x38,0x20,0x2a,0x20,0x28,0x78,0x5f,0x39,0x31,0x36,0x2e,
    0x78,0x20,0x2d,0x20,0x31,0x2e,0x30,0x66,0x29,0x29,0x29,0x3b,0x0a,0x20,0x20,0x63,
    0x6f,0x6c,0x6f,0x72,0x5f,0x33,0x20,0x3d,0x20,0x28,0x28,0x78,0x5f,0x33,0x32,0x30,
    0x2e,0x75,0x5f,0x61,0x6d,0x62,0x69,0x65,0x6e,0x74,0x2e,0x78,0x79,0x7a,0x20,0x2a,
    0x20,0x28,0x78,0x5f,0x38,0x39,0x30,0x20,0x2b,0x20,0x78,0x5f,0x38,0x38,0x34,0x29,
    0x29,0x20,0x2a,0x20,0x78,0x5f,0x39,0x32,0x30,0x29,0x3b,0x0a,0x20,0x20,0x6c,0x65,
    0x74,0x20,0x78,0x5f,0x39,0x33,0x34,0x20,0x3d,0x20,0x69,0x33,0x32,0x28,0x78,0x5f,
    0x32,0x39,0x35,0x2e,0x75,0x5f,0x6d,0x61,0x74,0x65,0x72,0x69,0x61,0x6c,0x2e,0x79,
    0x29,0x3b,0x0a,0x20,0x20,0x69,0x5f,0x31,0x20,0x3d,0x20,0x30,0x69,0x3b,0x0a,0x20,
    0x20,0x6c,0x6f,0x6f,0x70,0x20,0x7b,0x0a,0x20,0x20,0x20,0x20,0x69,0x66,0x20,0x28,
    0x28,0x69,0x5f,0x31,0x20,0x3c,0x20,0x38,0x69,0x29,0x29,0x20,0x7b,0x0a,0x20,0x20,
    0x20,0x20,0x7d,0x20,0x65,0x6c,0x73,0x65,0x20,0x7b,0x0a,0x20,0x20,0x20,0x20,0x20,
    0x20,0x62,0x72,0x65,0x61,0x6b,0x3b,0x0a,0x20,0x20,0x20,0x20,0x7d,0x0a,0x20,0x20,
    0x20,0x20,0x69,0x66,0x20,0x28,0x28,0x69,0x5f,0x31,0x20,0x3e,0x3d,0x20,0x78,0x5f,
    0x39,0x33,0x34,0x29,0x29,0x20,0x7b,0x0a,0x20,0x20,0x20,0x20,0x20,0x20,0x62,0x72,
    0x65,0x61,0x6b,0x3b,0x0a,0x20,0x20,0x20,0x20,0x7d,0x0a,0x20,0x20,0x20,0x20,0x76,
    0x61,0x72,0x20,0x78,0x5f,0x39,0x36,0x33,0x20,0x3a,0x20,0x69,0x33,0x32,0x3b,0x0a,
    0x20,0x20,0x20,0x20,0x66,0x61,0x6c,0x6c,0x6f,0x66,0x66,0x20,0x3d,0x20,0x31,0x2e,
    0x30,0x66,0x3b,0x0a,0x20,0x20,0x20,0x20,0x78,0x5f,0x39,0x36,0x33,0x20,0x3d,0x20,
    0x69,0x33,0x32,0x28,0x28,0x78,0x5f,0x39,0x35,0x38,0x2e,0x75,0x5f,0x6c,0x69,0x67,
    0x68,0x74,0x5f,0x64,0x69,0x72,0x5f,0x74,0x79,0x70,0x65,0x5b,0x69,0x5f,0x31,0x5d,
    0x2e,0x77,0x20,0x2b,0x20,0x30,0x2e,0x35,0x66,0x29,0x29,0x3b,0x0a,0x20,0x20,0x20,
    0x20,0x69,0x66,0x20,0x28,0x28,0x78,0x5f,0x39,0x36,0x33,0x20,0x3d,0x3d,0x20,0x30,
    0x69,0x29,0x29,0x20,0x7b,0x0a,0x20,0x20,0x20,0x20,0x20,0x20,0x6c,0x69,0x67,0x68,
    0x74,0x5f,0x64,0x69,0x72,0x20,0x3d,0x20,0x6e,0x6f,0x72,0x6d,0x61,0x6c,0x69,0x7a,
    0x65,0x28,0x78,0x5f,0x39,0x35,0x38,0x2e,0x75,0x5f,0x6c,0x69,0x67,0x68,0x74,0x5f,
    0x64,0x69,0x72,0x5f,0x74,0x79,0x70,0x65,0x5b,0x69,0x5f,0x31,0x5d,0x2e,0x78,0x79,
    0x7a,0x29,0x3b,0x0a,0x20,0x20,0x20,0x20,0x7d,0x20,0x65,0x6c,0x73,0x65,0x20,0x7b,
    0x0a,0x20,0x20,0x20,0x20,0x20,0x20,0x6c,0x65,0x74,0x20,0x78,0x5f,0x39,0x38,0x31,
    0x20,0x3d,0x20,0x28,0x78,0x5f,0x38,0x39,0x36,0x20,0x2d,0x20,0x78,0x5f,0x39,0x35,
    0x38,0x2e,0x75,0x5f,0x6c,0x69,0x67,0x68,0x74,0x5f,0x70,0x6f,0x73,0x5f,0x72,0x61,
    0x6e,0x67,0x65,0x5b,0x69,0x5f,0x31,0x5d,0x2e,0x78,0x79,0x7a,0x29,0x3b,0x0a,0x20,
    0x20,0x20,0x20,0x20,0x20,0x6c,0x65,0x74,0x20,0x78,0x5f,0x39,0x38,0x34,0x20,0x3d,
    0x20,0x6c,0x65,0x6e,0x67,0x74,0x68,0x28,0x78,0x5f,0x39,0x38,0x31,0x29,0x3b,0x0a,
    0x20,0x20,0x20,0x20,0x20,0x20,0x69,0x66,0x20,0x28,0x28,0x78,0x5f,0x39,0x38,0x34,
    0x20,0x3e,0x20,0x30,0x2e,0x30,0x30,0x30,0x30,0x30,0x30,0x39,0x39,0x39,0x39,0x39,
    0x39,0x39,0x39,0x37,0x34,0x37,0x35,0x32,0x34,0x66,0x29,0x29,0x20,0x7b,0x0a,0x20,
    0x20,0x20,0x20,0x20,0x20,0x20,0x20,0x78,0x5f,0x39,0x38,0x37,0x20,0x3d,0x20,0x28,
    0x78,0x5f,0x39,0x38,0x31,0x20,0x2f,0x20,0x76,0x65,0x63,0x33,0x66,0x28,0x78,0x5f,
    0x39,0x38,0x34,0x29,0x29,0x3b,0x0a,0x20,0x20,0x20,0x20,0x20,0x20,0x7d,0x20,0x65,
    0x6c,0x73,0x65,0x20,0x7b,0x0a,0x20,0x20,0x20,0x20,0x20,0x20,0x20,0x20,0x78,0x5f,
    0x39,0x38,0x37,0x20,0x3d,0x20,0x76,0x65,0x63,0x33,0x66,0x28,0x30,0x2e,0x30,0x66,
    0x2c,0x20,0x2d,0x31,0x2e,0x30,0x66,0x2c,0x20,0x30,0x2e,0x30,0x66,0x29,0x3b,0x0a,
    0x20,0x20,0x20,0x20,0x20,0x20,0x7d,0x0a,0x20,0x20,0x20,0x20,0x20,0x20,0x6c,0x69,
    0x67,0x68,0x74,0x5f,0x64,0x69,0x72,0x20,0x3d,0x20,0x78,0x5f,0x39,0x38,0x37,0x3b,
    0x0a,0x20,0x20,0x20,0x20,0x20,0x20,0x6c,0x65,0x74,0x20,0x78,0x5f,0x39,0x39,0x37,
    0x20,0x3d,0x20,0x69,0x5f,0x31,0x3b,0x0a,0x20,0x20,0x20,0x20,0x20,0x20,0x70,0x61,
    0x72,0x61,0x6d,0x5f,0x31,0x30,0x20,0x3d,0x20,0x78,0x5f,0x39,0x38,0x34,0x3b,0x0a,
    0x20,0x20,0x20,0x20,0x20,0x20,0x70,0x61,0x72,0x61,0x6d,0x5f,0x31,0x31,0x20,0x3d,
    0x20,0x78,0x5f,0x39,0x35,0x38,0x2e,0x75,0x5f,0x6c,0x69,0x67,0x68,0x74,0x5f,0x70,
    0x6f,0x73,0x5f,0x72,0x61,0x6e,0x67,0x65,0x5b,0x78,0x5f,0x39,0x39,0x37,0x5d,0x2e,
    0x77,0x3b,0x0a,0x20,0x20,0x20,0x20,0x20,0x20,0x6c,0x65,0x74,0x20,0x78,0x5f,0x31,
    0x30,0x30,0x33,0x20,0x3d,0x20,0x61,0x74,0x74,0x65,0x6e,0x75,0x61,0x74,0x69,0x6f,
    0x6e,0x5f,0x66,0x31,0x5f,0x66,0x31,0x5f,0x28,0x26,0x28,0x70,0x61,0x72,0x61,0x6d,
    0x5f,0x31,0x30,0x29,0x2c,0x20,0x26,0x28,0x70,0x61,0x72,0x61,0x6d,0x5f,0x31,0x31,
    0x29,0x29,0x3b,0x0a,0x20,0x20,0x20,0x20,0x20,0x20,0x66,0x61,0x6c,0x6c,0x6f,0x66,
    0x66,0x20,0x3d,0x20,0x78,0x5f,0x31,0x30,0x30,0x33,0x3b,0x0a,0x20,0x20,0x20,0x20,
    0x20,0x20,0x69,0x66,0x20,0x28,0x28,0x78,0x5f,0x39,0x36,0x33,0x20,0x3d,0x3d,0x20,
    0x32,0x69,0x29,0x29,0x20,0x7b,0x0a,0x20,0x20,0x20,0x20,0x20,0x20,0x20,0x20,0x6c,
    0x65,0x74,0x20,0x78,0x5f,0x31,0x30,0x30,0x39,0x20,0x3d,0x20,0x69,0x5f,0x31,0x3b,
    0x0a,0x20,0x20,0x20,0x20,0x20,0x20,0x20,0x20,0x70,0x61,0x72,0x61,0x6d,0x5f,0x31,
    0x32,0x20,0x3d,0x20,0x64,0x6f,0x74,0x28,0x6c,0x69,0x67,0x68,0x74,0x5f,0x64,0x69,
    0x72,0x2c,0x20,0x6e,0x6f,0x72,0x6d,0x61,0x6c,0x69,0x7a,0x65,0x28,0x78,0x5f,0x39,
    0x35,0x38,0x2e,0x75,0x5f,0x6c,0x69,0x67,0x68,0x74,0x5f,0x64,0x69,0x72,0x5f,0x74,
    0x79,0x70,0x65,0x5b,0x69,0x5f,0x31,0x5d,0x2e,0x78,0x79,0x7a,0x29,0x29,0x3b,0x0a,
    0x20,0x20,0x20,0x20,0x20,0x20,0x20,0x20,0x70,0x61,0x72,0x61,0x6d,0x5f,0x31,0x33,
    0x20,0x3d,0x20,0x78,0x5f,0x39,0x35,0x38,0x2e,0x75,0x5f,0x6c,0x69,0x67,0x68,0x74,
    0x5f,0x73,0x70,0x6f,0x74,0x5b,0x78,0x5f,0x31,0x30,0x30,0x39,0x5d,0x2e,0x78,0x3b,
    0x0a,0x20,0x20,0x20,0x20,0x20,0x20,0x20,0x20,0x70,0x61,0x72,0x61,0x6d,0x5f,0x31,
    0x34,0x20,0x3d,0x20,0x78,0x5f,0x39,0x35,0x38,0x2e,0x75,0x5f,0x6c,0x69,0x67,0x68,
    0x74,0x5f,0x73,0x70,0x6f,0x74,0x5b,0x78,0x5f,0x31,0x30,0x30,0x39,0x5d,0x2e,0x79,
    0x3b,0x0a,0x20,0x20,0x20,0x20,0x20,0x20,0x20,0x20,0x6c,0x65,0x74,0x20,0x78,0x5f,
    0x31,0x30,0x32,0x34,0x20,0x3d,0x20,0x73,0x70,0x6f,0x74,0x5f,0x66,0x61,0x63,0x74,
    0x6f,0x72,0x5f,0x66,0x31,0x5f,0x66,0x31,0x5f,0x66,0x31,0x5f,0x28,0x26,0x28,0x70,
    0x61,0x72,0x61,0x6d,0x5f,0x31,0x32,0x29,0x2c,0x20,0x26,0x28,0x70,0x61,0x72,0x61,
    0x6d,0x5f,0x31,0x33,0x29,0x2c,0x20,0x26,0x28,0x70,0x61,0x72,0x61,0x6d,0x5f,0x31,
    0x34,0x29,0x29,0x3b,0x0a,0x20,0x20,0x20,0x20,0x20,0x20,0x20,0x20,0x66,0x61,0x6c,
    0x6c,0x6f,0x66,0x66,0x20,0x3d,0x20,0x28,0x66,0x61,0x6c,0x6c,0x6f,0x66,0x66,0x20,
    0x2a,0x20,0x78,0x5f,0x31,0x30,0x32,0x34,0x29,0x3b,0x0a,0x20,0x20,0x20,0x20,0x20,
    0x20,0x7d,0x0a,0x20,0x20,0x20,0x20,0x7d,0x0a,0x20,0x20,0x20,0x20,0x6c,0x65,0x74,
    0x20,0x78,0x5f,0x31,0x30,0x32,0x39,0x20,0x3d,0x20,0x2d,0x28,0x6c,0x69,0x67,0x68,
    0x74,0x5f,0x64,0x69,0x72,0x29,0x3b,0x0a,0x20,0x20,0x20,0x20,0x6c,0x65,0x74,0x20,
    0x78,0x5f,0x31,0x30,0x33,0x33,0x20,0x3d,0x20,0x64,0x6f,0x74,0x28,0x6e,0x5f,0x32,
    0x2c,0x20,0x78,0x5f,0x31,0x30,0x32,0x39,0x29,0x3b,0x0a,0x20,0x20,0x20,0x20,0x69,
    0x66,0x20,0x28,0x28,0x28,0x78,0x5f,0x31,0x30,0x33,0x33,0x20,0x3c,0x3d,0x20,0x30,
    0x2e,0x30,0x66,0x29,0x20,0x7c,0x20,0x28,0x66,0x61,0x6c,0x6c,0x6f,0x66,0x66,0x20,
    0x3c,0x3d,0x20,0x30,0x2e,0x30,0x66,0x29,0x29,0x29,0x20,0x7b,0x0a,0x20,0x20,0x20,
    0x20,0x20,0x20,0x63,0x6f,0x6e,0x74,0x69,0x6e,0x75,0x65,0x3b,0x0a,0x20,0x20,0x20,
    0x20,0x7d,0x0a,0x20,0x20,0x20,0x20,0x6c,0x65,0x74,0x20,0x78,0x5f,0x31,0x30,0x34,
    0x36,0x20,0x3d,0x20,0x6e,0x6f,0x72,0x6d,0x61,0x6c,0x69,0x7a,0x65,0x28,0x28,0x78,
    0x5f,0x31,0x30,0x32,0x39,0x20,0x2b,0x20,0x78,0x5f,0x38,0x39,0x38,0x29,0x29,0x3b,
    0x0a,0x20,0x20,0x20,0x20,0x6c,0x65,0x74,0x20,0x78,0x5f,0x31,0x30,0x35,0x31,0x20,
    0x3d,0x20,0x63,0x6c,0x61,0x6d,0x70,0x28,0x64,0x6f,0x74,0x28,0x6e,0x5f,0x32,0x2c,
    0x20,0x78,0x5f,0x31,0x30,0x34,0x36,0x29,0x2c,0x20,0x30,0x2e,0x30,0x66,0x2c,0x20,
    0x31,0x2e,0x30,0x66,0x29,0x3b,0x0a,0x20,0x20,0x20,0x20,0x6c,0x65,0x74,0x20,0x78,
    0x5f,0x31,0x30,0x36,0x37,0x20,0x3d,0x20,0x28,0x78,0x5f,0x38,0x38,0x34,0x20,0x2b,
    0x20,0x28,0x28,0x78,0x5f,0x39,0x32,0x20,0x2d,0x20,0x78,0x5f,0x38,0x38,0x34,0x29,
    0x20,0x2a,0x20,0x70,0x6f,0x77,0x28,0x28,0x31,0x2e,0x30,0x66,0x20,0x2d,0x20,0x63,
    0x6c,0x61,0x6d,0x70,0x28,0x64,0x6f,0x74,0x28,0x78,0x5f,0x38,0x39,0x38,0x2c,0x20,
    0x78,0x5f,0x31,0x30,0x34,0x36,0x29,0x2c,0x20,0x30,0x2e,0x30,0x66,0x2c,0x20,0x31,
    0x2e,0x30,0x66,0x29,0x29,0x2c,0x20,0x35,0x2e,0x30,0x66,0x29,0x29,0x29,0x3b,0x0a,
    0x20,0x20,0x20,0x20,0x6c,0x65,0x74,0x20,0x78,0x5f,0x31,0x30,0x37,0x35,0x20,0x3d,
    0x20,0x28,0x28,0x28,0x78,0x5f,0x31,0x30,0x35,0x31,0x20,0x2a,0x20,0x78,0x5f,0x31,
    0x30,0x35,0x31,0x29,0x20,0x2a,0x20,0x28,0x78,0x5f,0x38,0x37,0x37,0x20,0x2d,0x20,
    0x31,0x2e,0x30,0x66,0x29,0x29,0x20,0x2b,0x20,0x31,0x2e,0x30,0x66,0x29,0x3b,0x0a,
    0x20,0x20,0x20,0x20,0x6c,0x65,0x74,0x20,0x78,0x5f,0x31,0x30,0x39,0x30,0x20,0x3d,
    0x20,0x28,0x31,0x2e,0x30,0x66,0x20,0x2d,0x20,0x78,0x5f,0x38,0x37,0x37,0x29,0x3b,
    0x0a,0x20,0x20,0x20,0x20,0x6c,0x65,0x74,0x20,0x78,0x5f,0x31,0x31,0x32,0x31,0x20,
    0x3d,0x20,0x28,0x28,0x28,0x78,0x5f,0x39,0x32,0x20,0x2d,0x20,0x78,0x5f,0x31,0x30,
    0x36,0x37,0x29,0x20,0x2a,0x20,0x78,0x5f,0x38,0x39,0x30,0x29,0x20,0x2a,0x20,0x76,
    0x65,0x63,0x33,0x66,0x28,0x30,0x2e,0x33,0x31,0x38,0x33,0x30,0x39,0x38,0x37,0x33,
    0x33,0x34,0x32,0x35,0x31,0x34,0x30,0x33,0x38,0x30,0x39,0x66,0x29,0x29,0x3b,0x0a,
    0x20,0x20,0x20,0x20,0x6c,0x65,0x74,0x20,0x78,0x5f,0x31,0x31,0x32,0x37,0x20,0x3d,
    0x20,0x28,0x28,0x78,0x5f,0x31,0x30,0x36,0x37,0x20,0x2a,0x20,0x28,0x78,0x5f,0x38,
    0x37,0x37,0x20,0x2f,0x20,0x28,0x28,0x33,0x2e,0x31,0x34,0x31,0x35,0x39,0x32,0x37,
    0x34,0x31,0x30,0x31,0x32,0x35,0x37,0x33,0x32,0x34,0x32,0x31,0x39,0x66,0x20,0x2a,
    0x20,0x78,0x5f,0x31,0x30,0x37,0x35,0x29,0x20,0x2a,0x20,0x78,0x5f,0x31,0x30,0x37,
    0x35,0x29,0x29,0x29,0x20,0x2a,0x20,0x28,0x30,0x2e,0x35,0x66,0x20,0x2f,0x20,0x6d,
    0x61,0x78,0x28,0x28,0x28,0x78,0x5f,0x31,0x30,0x33,0x33,0x20,0x2a,0x20,0x73,0x71,
    0x72,0x74,0x28,0x28,0x28,0x28,0x78,0x5f,0x39,0x30,0x35,0x20,0x2a,0x20,0x78,0x5f,
    0x39,0x30,0x35,0x29,0x20,0x2a,0x20,0x78,0x5f,0x31,0x30,0x39,0x30,0x29,0x20,0x2b,
    0x20,0x78,0x5f,0x38,0x37,0x37,0x29,0x29,0x29,0x20,0x2b,0x20,0x28,0x78,0x5f,0x39,
    0x30,0x35,0x20,0x2a,0x20,0x73,0x71,0x72,0x74,0x28,0x28,0x28,0x28,0x78,0x5f,0x31,
    0x30,0x33,0x33,0x20,0x2a,0x20,0x78,0x5f,0x31,0x30,0x33,0x33,0x29,0x20,0x2a,0x20,
    0x78,0x5f,0x31,0x30,0x39,0x30,0x29,0x20,0x2b,0x20,0x78,0x5f,0x38,0x37,0x37,0x29,
    0x29,0x29,0x29,0x2c,0x20,0x30,0x2e,0x30,0x30,0x30,0x30,0x30,0x30,0x39,0x39,0x39,
    0x39,0x39,0x39,0x39,0x39,0x37,0x34,0x37,0x35,0x32,0x34,0x66,0x29,0x29,0x29,0x3b,
    0x0a,0x20,0x20,0x20,0x20,0x6c,0x65,0x74,0x20,0x78,0x5f,0x31,0x31,0x33,0x32,0x20,
    0x3d,0x20,0x69,0x33,0x32,0x28,0x78,0x5f,0x39,0x35,0x38,0x2e,0x75,0x5f,0x6c,0x69,
    0x67,0x68,0x74,0x5f,0x73,0x70,0x6f,0x74,0x5b,0x69,0x5f,0x31,0x5d,0x2e,0x7a,0x29,
    0x3b,0x0a,0x20,0x20,0x20,0x20,0x69,0x66,0x20,0x28,0x28,0x78,0x5f,0x31,0x31,0x33,
    0x32,0x20,0x3e,0x3d,0x20,0x30,0x69,0x29,0x29,0x20,0x7b,0x0a,0x20,0x20,0x20,0x20,
    0x20,0x20,0x70,0x61,0x72,0x61,0x6d,0x5f,0x31,0x35,0x20,0x3d,0x20,0x78,0x5f,0x31,
    0x31,0x33,0x32,0x3b,0x0a,0x20,0x20,0x20,0x20,0x20,0x20,0x70,0x61,0x72,0x61,0x6d,
    0x5f,0x31,0x36,0x20,0x3d,0x20,0x78,0x5f,0x38,0x39,0x36,0x3b,0x0a,0x20,0x20,0x20,
    0x20,0x20,0x20,0x70,0x61,0x72,0x61,0x6d,0x5f,0x31,0x37,0x20,0x3d,0x20,0x6e,0x5f,
    0x32,0x3b,0x0a,0x20,0x20,0x20,0x20,0x20,0x20,0x70,0x61,0x72,0x61,0x6d,0x5f,0x31,
    0x38,0x20,0x3d,0x20,0x78,0x5f,0x31,0x30,0x33,0x33,0x3b,0x0a,0x20,0x20,0x20,0x20,
    0x20,0x20,0x6c,0x65,0x74,0x20,0x78,0x5f,0x31,0x31,0x34,0x36,0x20,0x3d,0x20,0x73,
    0x68,0x61,0x64,0x6f,0x77,0x5f,0x66,0x61,0x63,0x74,0x6f,0x72,0x5f,0x69,0x31,0x5f,
    0x76,0x66,0x33,0x5f,0x76,0x66,0x33,0x5f,0x66,0x31,0x5f,0x28,0x26,0x28,0x70,0x61,
    0x72,0x61,0x6d,0x5f,0x31,0x35,0x29,0x2c,0x20,0x26,0x28,0x70,0x61,0x72,0x61,0x6d,
    0x5f,0x31,0x36,0x29,0x2c,0x20,0x26,0x28,0x70,0x61,0x72,0x61,0x6d,0x5f,0x31,0x37,
    0x29,0x2c,0x20,0x26,0x28,0x70,0x61,0x72,0x61,0x6d,0x5f,0x31,0x38,0x29,0x29,0x3b,
    0x0a,0x20,0x20,0x20,0x20,0x20,0x20,0x63,0x6f,0x6c,0x6f,0x72,0x5f,0x33,0x20,0x3d,
    0x20,0x28,0x63,0x6f,0x6c,0x6f,0x72,0x5f,0x33,0x20,0x2b,0x20,0x28,0x28,0x78,0x5f,
    0x33,0x32,0x30,0x2e,0x75,0x5f,0x73,0x68,0x61,0x64,0x6f,0x77,0x5f,0x74,0x69,0x6e,
    0x74,0x5b,0x78,0x5f,0x31,0x31,0x33,0x32,0x5d,0x2e,0x78,0x79,0x7a,0x20,0x2a,0x20,
    0x28,0x31,0x2e,0x30,0x66,0x20,0x2d,0x20,0x78,0x5f,0x31,0x31,0x34,0x36,0x29,0x29,
    0x20,0x2a,0x20,0x78,0x5f,0x38,0x39,0x30,0x29,0x29,0x3b,0x0a,0x20,0x20,0x20,0x20,
    0x20,0x20,0x66,0x61,0x6c,0x6c,0x6f,0x66,0x66,0x20,0x3d,0x20,0x28,0x66,0x61,0x6c,
    0x6c,0x6f,0x66,0x66,0x20,0x2a,0x20,0x78,0x5f,0x31,0x31,0x34,0x36,0x29,0x3b,0x0a,
    0x20,0x20,0x20,0x20,0x7d,0x0a,0x20,0x20,0x20,0x20,0x63,0x6f,0x6c,0x6f,0x72,0x5f,
    0x33,0x20,0x3d,0x20,0x28,0x63,0x6f,0x6c,0x6f,0x72,0x5f,0x33,0x20,0x2b,0x20,0x28,
    0x28,0x28,0x78,0x5f,0x39,0x35,0x38,0x2e,0x75,0x5f,0x6c,0x69,0x67,0x68,0x74,0x5f,
    0x72,0x61,0x64,0x69,0x61,0x6e,0x63,0x65,0x5b,0x69,0x5f,0x31,0x5d,0x2e,0x78,0x79,
    0x7a,0x20,0x2a,0x20,0x66,0x61,0x6c,0x6c,0x6f,0x66,0x66,0x29,0x20,0x2a,0x20,0x78,
    0x5f,0x31,0x30,0x33,0x33,0x29,0x20,0x2a,0x20,0x28,0x78,0x5f,0x31,0x31,0x32,0x31,
    0x20,0x2b,0x20,0x78,0x5f,0x31,0x31,0x32,0x37,0x29,0x29,0x29,0x3b,0x0a,0x0a,0x20,
    0x20,0x20,0x20,0x63,0x6f,0x6e,0x74,0x69,0x6e,0x75,0x69,0x6e,0x67,0x20,0x7b,0x0a,
    0x20,0x20,0x20,0x20,0x20,0x20,0x69,0x5f,0x31,0x20,0x3d,0x20,0x28,0x69,0x5f,0x31,
    0x20,0x2b,0x20,0x31,0x69,0x29,0x3b,0x0a,0x20,0x20,0x20,0x20,0x7d,0x0a,0x20,0x20,
    0x7d,0x0a,0x20,0x20,0x6c,0x65,0x74,0x20,0x78,0x5f,0x31,0x31,0x37,0x38,0x20,0x3d,
    0x20,0x78,0x5f,0x33,0x32,0x30,0x2e,0x75,0x5f,0x65,0x6e,0x76,0x2e,0x78,0x3b,0x0a,
    0x20,0x20,0x69,0x66,0x20,0x28,0x28,0x78,0x5f,0x31,0x31,0x37,0x38,0x20,0x3e,0x20,
    0x30,0x2e,0x30,0x66,0x29,0x29,0x20,0x7b,0x0a,0x20,0x20,0x20,0x20,0x6c,0x65,0x74,
    0x20,0x78,0x5f,0x31,0x31,0x38,0x35,0x20,0x3d,0x20,0x73,0x71,0x72,0x74,0x28,0x63,
    0x6c,0x61,0x6d,0x70,0x28,0x78,0x5f,0x38,0x37,0x33,0x2c,0x20,0x30,0x2e,0x30,0x66,
    0x2c,0x20,0x31,0x2e,0x30,0x66,0x29,0x29,0x3b,0x0a,0x20,0x20,0x20,0x20,0x70,0x61,
    0x72,0x61,0x6d,0x5f,0x31,0x39,0x20,0x3d,0x20,0x6e,0x5f,0x32,0x3b,0x0a,0x20,0x20,
    0x20,0x20,0x6c,0x65,0x74,0x20,0x78,0x5f,0x31,0x31,0x39,0x31,0x20,0x3d,0x20,0x78,
    0x5f,0x33,0x32,0x30,0x2e,0x75,0x5f,0x65,0x6e,0x76,0x3b,0x0a,0x20,0x20,0x20,0x20,
    0x70,0x61,0x72,0x61,0x6d,0x5f,0x32,0x30,0x20,0x3d,0x20,0x78,0x5f,0x31,0x31,0x39,
    0x31,0x3b,0x0a,0x20,0x20,0x20,0x20,0x6c,0x65,0x74,0x20,0x78,0x5f,0x31,0x31,0x39,
    0x32,0x20,0x3d,0x20,0x65,0x6e,0x76,0x5f,0x64,0x69,0x72,0x5f,0x76,0x66,0x33,0x5f,
    0x76,0x66,0x34,0x5f,0x28,0x26,0x28,0x70,0x61,0x72,0x61,0x6d,0x5f,0x31,0x39,0x29,
    0x2c,0x20,0x26,0x28,0x70,0x61,0x72,0x61,0x6d,0x5f,0x32,0x30,0x29,0x29,0x3b,0x0a,
    0x20,0x20,0x20,0x20,0x70,0x61,0x72,0x61,0x6d,0x5f,0x32,0x31,0x20,0x3d,0x20,0x78,
    0x5f,0x31,0x31,0x39,0x32,0x3b,0x0a,0x20,0x20,0x20,0x20,0x6c,0x65,0x74,0x20,0x78,
    0x5f,0x31,0x31,0x39,0x34,0x20,0x3d,0x20,0x65,0x76,0x61,0x6c,0x5f,0x73,0x68,0x5f,
    0x76,0x66,0x33,0x5f,0x28,0x26,0x28,0x70,0x61,0x72,0x61,0x6d,0x5f,0x32,0x31,0x29,
    0x29,0x3b,0x0a,0x20,0x20,0x20,0x20,0x70,0x61,0x72,0x61,0x6d,0x5f,0x32,0x32,0x20,
    0x3d,0x20,0x72,0x65,0x66,0x6c,0x65,0x63,0x74,0x28,0x2d,0x28,0x78,0x5f,0x38,0x39,
    0x38,0x29,0x2c,0x20,0x6e,0x5f,0x32,0x29,0x3b,0x0a,0x20,0x20,0x20,0x20,0x70,0x61,
    0x72,0x61,0x6d,0x5f,0x32,0x33,0x20,0x3d,0x20,0x78,0x5f,0x31,0x31,0x39,0x31,0x3b,
    0x0a,0x20,0x20,0x20,0x20,0x6c,0x65,0x74,0x20,0x78,0x5f,0x31,0x32,0x30,0x35,0x20,
    0x3d,0x20,0x65,0x6e,0x76,0x5f,0x64,0x69,0x72,0x5f,0x76,0x66,0x33,0x5f,0x76,0x66,
    0x34,0x5f,0x28,0x26,0x28,0x70,0x61,0x72,0x61,0x6d,0x5f,0x32,0x32,0x29,0x2c,0x20,
    0x26,0x28,0x70,0x61,0x72,0x61,0x6d,0x5f,0x32,0x33,0x29,0x29,0x3b,0x0a,0x20,0x20,
    0x20,0x20,0x6c,0x65,0x74,0x20,0x78,0x5f,0x31,0x32,0x32,0x30,0x20,0x3d,0x20,0x74,
    0x65,0x78,0x74,0x75,0x72,0x65,0x53,0x61,0x6d,0x70,0x6c,0x65,0x4c,0x65,0x76,0x65,
    0x6c,0x28,0x65,0x6e,0x76,0x5f,0x74,0x65,0x78,0x2c,0x20,0x65,0x6e,0x76,0x5f,0x73,
    0x6d,0x70,0x2c,0x20,0x78,0x5f,0x31,0x32,0x30,0x35,0x2c,0x20,0x28,0x78,0x5f,0x31,
    0x31,0x38,0x35,0x20,0x2a,0x20,0x78,0x5f,0x33,0x32,0x30,0x2e,0x75,0x5f,0x65,0x6e,
    0x76,0x2e,0x79,0x29,0x29,0x3b,0x0a,0x20,0x20,0x20,0x20,0x6c,0x65,0x74,0x20,0x78,
    0x5f,0x31,0x32,0x33,0x31,0x20,0x3d,0x20,0x74,0x65,0x78,0x74,0x75,0x72,0x65,0x53,
    0x61,0x6d,0x70,0x6c,0x65,0x28,0x62,0x72,0x64,0x66,0x5f,0x74,0x65,0x78,0x2c,0x20,
    0x62,0x72,0x64,0x66,0x5f,0x73,0x6d,0x70,0x2c,0x20,0x76,0x65,0x63,0x32,0x66,0x28,
    0x78,0x5f,0x39,0x30,0x35,0x2c,0x20,0x78,0x5f,0x31,0x31,0x38,0x35,0x29,0x29,0x3b,
    0x0a,0x20,0x20,0x20,0x20,0x63,0x6f,0x6c,0x6f,0x72,0x5f,0x33,0x20,0x3d,0x20,0x28,
    0x63,0x6f,0x6c,0x6f,0x72,0x5f,0x33,0x20,0x2b,0x20,0x28,0x28,0x28,0x28,0x6d,0x61,
    0x78,0x28,0x78,0x5f,0x31,0x31,0x39,0x34,0x2c,0x20,0x76,0x65,0x63,0x33,0x66,0x28,
    0x29,0x29,0x20,0x2a,0x20,0x78,0x5f,0x38,0x39,0x30,0x29,0x20,0x2b,0x20,0x28,0x78,
    0x5f,0x31,0x32,0x32,0x30,0x2e,0x78,0x79,0x7a,0x20,0x2a,0x20,0x28,0x28,0x78,0x5f,
    0x38,0x38,0x34,0x20,0x2a,0x20,0x78,0x5f,0x31,0x32,0x33,0x31,0x2e,0x78,0x29,0x20,
    0x2b,0x20,0x76,0x65,0x63,0x33,0x66,0x28,0x78,0x5f,0x31,0x32,0x33,0x31,0x2e,0x79,
    0x29,0x29,0x29,0x29,0x20,0x2a,0x20,0x78,0x5f,0x39,0x32,0x30,0x29,0x20,0x2a,0x20,
    0x78,0x5f,0x31,0x31,0x37,0x38,0x29,0x29,0x3b,0x0a,0x20,0x20,0x7d,0x0a,0x20,0x20,
    0x6c,0x65,0x74,0x20,0x78,0x5f,0x31,0x32,0x35,0x35,0x20,0x3d,0x20,0x78,0x5f,0x32,
    0x39,0x35,0x2e,0x75,0x5f,0x65,0x6d,0x69,0x73,0x73,0x69,0x76,0x65,0x3b,0x0a,0x20,
    0x20,0x70,0x61,0x72,0x61,0x6d,0x5f,0x32,0x34,0x20,0x3d,0x20,0x34,0x69,0x3b,0x0a,
    0x20,0x20,0x6c,0x65,0x74,0x20,0x78,0x5f,0x31,0x32,0x36,0x33,0x20,0x3d,0x20,0x74,
    0x65,0x78,0x5f,0x75,0x76,0x5f,0x69,0x31,0x5f,0x28,0x26,0x28,0x70,0x61,0x72,0x61,
    0x6d,0x5f,0x32,0x34,0x29,0x29,0x3b,0x0a,0x20,0x20,0x6c,0x65,0x74,0x20,0x78,0x5f,
    0x31,0x32,0x36,0x34,0x20,0x3d,0x20,0x74,0x65,0x78,0x74,0x75,0x72,0x65,0x53,0x61,
    0x6d,0x70,0x6c,0x65,0x28,0x65,0x6d,0x69,0x73,0x73,0x69,0x76,0x65,0x5f,0x74,0x65,
    0x78,0x2c,0x20,0x65,0x6d,0x69,0x73,0x73,0x69,0x76,0x65,0x5f,0x73,0x6d,0x70,0x2c,
    0x20,0x78,0x5f,0x31,0x32,0x36,0x33,0x29,0x3b,0x0a,0x20,0x20,0x70,0x61,0x72,0x61,
    0x6d,0x5f,0x32,0x35,0x20,0x3d,0x20,0x78,0x5f,0x31,0x32,0x36,0x34,0x2e,0x78,0x79,
    0x7a,0x3b,0x0a,0x20,0x20,0x6c,0x65,0x74,0x20,0x78,0x5f,0x31,0x32,0x36,0x37,0x20,
    0x3d,0x20,0x73,0x72,0x67,0x62,0x5f,0x74,0x6f,0x5f,0x6c,0x69,0x6e,0x65,0x61,0x72,
    0x5f,0x76,0x66,0x33,0x5f,0x28,0x26,0x28,0x70,0x61,0x72,0x61,0x6d,0x5f,0x32,0x35,
    0x29,0x29,0x3b,0x0a,0x20,0x20,0x6c,0x65,0x74,0x20,0x78,0x5f,0x31,0x32,0x37,0x30,
    0x20,0x3d,0x20,0x28,0x63,0x6f,0x6c,0x6f,0x72,0x5f,0x33,0x20,0x2b,0x20,0x28,0x78,
    0x5f,0x31,0x32,0x35,0x35,0x2e,0x78,0x79,0x7a,0x20,0x2a,0x20,0x78,0x5f,0x31,0x32,
    0x36,0x37,0x29,0x29,0x3b,0x0a,0x20,0x20,0x63,0x6f,0x6c,0x6f,0x72,0x5f,0x33,0x20,
    0x3d,0x20,0x78,0x5f,0x31,0x32,0x37,0x30,0x3b,0x0a,0x20,0x20,0x70,0x61,0x72,0x61,
    0x6d,0x5f,0x32,0x36,0x20,0x3d,0x20,0x78,0x5f,0x31,0x32,0x37,0x30,0x3b,0x0a,0x20,
    0x20,0x70,0x61,0x72,0x61,0x6d,0x5f,0x32,0x37,0x20,0x3d,0x20,0x78,0x5f,0x33,0x32,
    0x30,0x2e,0x75,0x5f,0x74,0x6f,0x6e,0x65,0x6d,0x61,0x70,0x3b,0x0a,0x20,0x20,0x6c,
    0x65,0x74,0x20,0x78,0x5f,0x31,0x32,0x37,0x36,0x20,0x3d,0x20,0x74,0x6f,0x5f,0x64,
    0x69,0x73,0x70,0x6c,0x61,0x79,0x5f,0x76,0x66,0x33,0x5f,0x76,0x66,0x34,0x5f,0x28,
    0x26,0x28,0x70,0x61,0x72,0x61,0x6d,0x5f,0x32,0x36,0x29,0x2c,0x20,0x26,0x28,0x70,
    0x61,0x72,0x61,0x6d,0x5f,0x32,0x37,0x29,0x29,0x3b,0x0a,0x20,0x20,0x66,0x72,0x61,
    0x67,0x5f,0x63,0x6f,0x6c,0x6f,0x72,0x20,0x3d,0x20,0x76,0x65,0x63,0x34,0x66,0x28,
    0x78,0x5f,0x31,0x32,0x37,0x36,0x2e,0x78,0x2c,0x20,0x78,0x5f,0x31,0x32,0x37,0x36,
    0x2e,0x79,0x2c,0x20,0x78,0x5f,0x31,0x32,0x37,0x36,0x2e,0x7a,0x2c,0x20,0x62,0x61,
    0x73,0x65,0x2e,0x77,0x29,0x3b,0x0a,0x20,0x20,0x72,0x65,0x74,0x75,0x72,0x6e,0x3b,
    0x0a,0x7d,0x0a,0x0a,0x73,0x74,0x72,0x75,0x63,0x74,0x20,0x6d,0x61,0x69,0x6e,0x5f,
    0x6f,0x75,0x74,0x20,0x7b,0x0a,0x20,0x20,0x40,0x6c,0x6f,0x63,0x61,0x74,0x69,0x6f,
    0x6e,0x28,0x30,0x29,0x0a,0x20,0x20,0x66,0x72,0x61,0x67,0x5f,0x63,0x6f,0x6c,0x6f,
    0x72,0x5f,0x31,0x20,0x3a,0x20,0x76,0x65,0x63,0x34,0x66,0x2c,0x0a,0x7d,0x0a,0x0a,
    0x40,0x66,0x72,0x61,0x67,0x6d,0x65,0x6e,0x74,0x0a,0x66,0x6e,0x20,0x6d,0x61,0x69,
    0x6e,0x28,0x40,0x6c,0x6f,0x63,0x61,0x74,0x69,0x6f,0x6e,0x28,0x32,0x29,0x20,0x76,
    0x5f,0x75,0x76,0x30,0x5f,0x70,0x61,0x72,0x61,0x6d,0x20,0x3a,0x20,0x76,0x65,0x63,
    0x32,0x66,0x2c,0x20,0x40,0x6c,0x6f,0x63,0x61,0x74,0x69,0x6f,0x6e,0x28,0x33,0x29,
    0x20,0x76,0x5f,0x75,0x76,0x31,0x5f,0x70,0x61,0x72,0x61,0x6d,0x20,0x3a,0x20,0x76,
    0x65,0x63,0x32,0x66,0x2c,0x20,0x40,0x6c,0x6f,0x63,0x61,0x74,0x69,0x6f,0x6e,0x28,
    0x34,0x29,0x20,0x76,0x5f,0x63,0x6f,0x6c,0x6f,0x72,0x5f,0x70,0x61,0x72,0x61,0x6d,
    0x20,0x3a,0x20,0x76,0x65,0x63,0x34,0x66,0x2c,0x20,0x40,0x6c,0x6f,0x63,0x61,0x74,
    0x69,0x6f,0x6e,0x28,0x36,0x29,0x20,0x76,0x5f,0x61,0x6c,0x70,0x68,0x61,0x5f,0x6d,
    0x6f,0x64,0x65,0x5f,0x70,0x61,0x72,0x61,0x6d,0x20,0x3a,0x20,0x66,0x33,0x32,0x2c,
    0x20,0x40,0x6c,0x6f,0x63,0x61,0x74,0x69,0x6f,0x6e,0x28,0x30,0x29,0x20,0x76,0x5f,
    0x6e,0x6f,0x72,0x6d,0x61,0x6c,0x5f,0x70,0x61,0x72,0x61,0x6d,0x20,0x3a,0x20,0x76,
    0x65,0x63,0x33,0x66,0x2c,0x20,0x40,0x6c,0x6f,0x63,0x61,0x74,0x69,0x6f,0x6e,0x28,
    0x31,0x29,0x20,0x76,0x5f,0x74,0x61,0x6e,0x67,0x65,0x6e,0x74,0x5f,0x70,0x61,0x72,
    0x61,0x6d,0x20,0x3a,0x20,0x76,0x65,0x63,0x34,0x66,0x2c,0x20,0x40,0x62,0x75,0x69,
    0x6c,0x74,0x69,0x6e,0x28,0x66,0x72,0x6f,0x6e,0x74,0x5f,0x66,0x61,0x63,0x69,0x6e,
    0x67,0x29,0x20,0x67,0x6c,0x5f,0x46,0x72,0x6f,0x6e,0x74,0x46,0x61,0x63,0x69,0x6e,
    0x67,0x5f,0x70,0x61,0x72,0x61,0x6d,0x20,0x3a,0x20,0x62,0x6f,0x6f,0x6c,0x2c,0x20,
    0x40,0x6c,0x6f,0x63,0x61,0x74,0x69,0x6f,0x6e,0x28,0x35,0x29,0x20,0x76,0x5f,0x77,
    0x6f,0x72,0x6c,0x64,0x5f,0x70,0x6f,0x73,0x5f,0x70,0x61,0x72,0x61,0x6d,0x20,0x3a,
    0x20,0x76,0x65,0x63,0x33,0x66,0x29,0x20,0x2d,0x3e,0x20,0x6d,0x61,0x69,0x6e,0x5f,
    0x6f,0x75,0x74,0x20,0x7b,0x0a,0x20,0x20,0x76,0x5f,0x75,0x76,0x30,0x20,0x3d,0x20,
    0x76,0x5f,0x75,0x76,0x30,0x5f,0x70,0x61,0x72,0x61,0x6d,0x3b,0x0a,0x20,0x20,0x76,
    0x5f,0x75,0x76,0x31,0x20,0x3d,0x20,0x76,0x5f,0x75,0x76,0x31,0x5f,0x70,0x61,0x72,
    0x61,0x6d,0x3b,0x0a,0x20,0x20,0x76,0x5f,0x63,0x6f,0x6c,0x6f,0x72,0x20,0x3d,0x20,
    0x76,0x5f,0x63,0x6f,0x6c,0x6f,0x72,0x5f,0x70,0x61,0x72,0x61,0x6d,0x3b,0x0a,0x20,
    0x20,0x76,0x5f,0x61,0x6c,0x70,0x68,0x61,0x5f,0x6d,0x6f,0x64,0x65,0x20,0x3d,0x20,
    0x76,0x5f,0x61,0x6c,0x70,0x68,0x61,0x5f,0x6d,0x6f,0x64,0x65,0x5f,0x70,0x61,0x72,
    0x61,0x6d,0x3b,0x0a,0x20,0x20,0x76,0x5f,0x6e,0x6f,0x72,0x6d,0x61,0x6c,0x20,0x3d,
    0x20,0x76,0x5f,0x6e,0x6f,0x72,0x6d,0x61,0x6c,0x5f,0x70,0x61,0x72,0x61,0x6d,0x3b,
    0x0a,0x20,0x20,0x76,0x5f,0x74,0x61,0x6e,0x67,0x65,0x6e,0x74,0x20,0x3d,0x20,0x76,
    0x5f,0x74,0x61,0x6e,0x67,0x65,0x6e,0x74,0x5f,0x70,0x61,0x72,0x61,0x6d,0x3b,0x0a,
    0x20,0x20,0x67,0x6c,0x5f,0x46,0x72,0x6f,0x6e,0x74,0x46,0x61,0x63,0x69,0x6e,0x67,
    0x20,0x3d,0x20,0x67,0x6c,0x5f,0x46,0x72,0x6f,0x6e,0x74,0x46,0x61,0x63,0x69,0x6e,
    0x67,0x5f,0x70,0x61,0x72,0x61,0x6d,0x3b,0x0a,0x20,0x20,0x76,0x5f,0x77,0x6f,0x72,
    0x6c,0x64,0x5f,0x70,0x6f,0x73,0x20,0x3d,0x20,0x76,0x5f,0x77,0x6f,0x72,0x6c,0x64,
    0x5f,0x70,0x6f,0x73,0x5f,0x70,0x61,0x72,0x61,0x6d,0x3b,0x0a,0x20,0x20,0x6d,0x61,
    0x69,0x6e,0x5f,0x31,0x28,0x29,0x3b,0x0a,0x20,0x20,0x72,0x65,0x74,0x75,0x72,0x6e,
    0x20,0x6d,0x61,0x69,0x6e,0x5f,0x6f,0x75,0x74,0x28,0x66,0x72,0x61,0x67,0x5f,0x63,
    0x6f,0x6c,0x6f,0x72,0x29,0x3b,0x0a,0x7d,0x0a,0x00,
};
#endif
static inline const sg_shader_desc* sprite_particle_shader_desc(sg_backend backend) {
    #if defined(SOKOL_GLCORE)
    if (backend == SG_BACKEND_GLCORE) {
        static sg_shader_desc desc;
        static bool valid;
        if (!valid) {
            valid = true;
            desc.vertex_func.source = (const char*)sprite_vs_particle_source_glsl410;
            desc.vertex_func.entry = "main";
            desc.fragment_func.source = (const char*)sprite_fs_source_glsl410;
            desc.fragment_func.entry = "main";
            desc.attrs[0].base_type = SG_SHADERATTRBASETYPE_FLOAT;
            desc.attrs[0].glsl_name = "corner";
            desc.attrs[1].base_type = SG_SHADERATTRBASETYPE_FLOAT;
            desc.attrs[1].glsl_name = "born";
            desc.attrs[2].base_type = SG_SHADERATTRBASETYPE_FLOAT;
            desc.attrs[2].glsl_name = "motion";
            desc.attrs[3].base_type = SG_SHADERATTRBASETYPE_FLOAT;
            desc.attrs[3].glsl_name = "shape";
            desc.uniform_blocks[0].stage = SG_SHADERSTAGE_VERTEX;
            desc.uniform_blocks[0].layout = SG_UNIFORMLAYOUT_STD140;
            desc.uniform_blocks[0].size = 528;
            desc.uniform_blocks[0].glsl_uniforms[0].type = SG_UNIFORMTYPE_FLOAT4;
            desc.uniform_blocks[0].glsl_uniforms[0].array_count = 33;
            desc.uniform_blocks[0].glsl_uniforms[0].glsl_name = "particle_params";
            desc.views[0].texture.stage = SG_SHADERSTAGE_FRAGMENT;
            desc.views[0].texture.image_type = SG_IMAGETYPE_2D;
            desc.views[0].texture.sample_type = SG_IMAGESAMPLETYPE_FLOAT;
            desc.views[0].texture.multisampled = false;
            desc.samplers[0].stage = SG_SHADERSTAGE_FRAGMENT;
            desc.samplers[0].sampler_type = SG_SAMPLERTYPE_FILTERING;
            desc.texture_sampler_pairs[0].stage = SG_SHADERSTAGE_FRAGMENT;
            desc.texture_sampler_pairs[0].view_slot = 0;
            desc.texture_sampler_pairs[0].sampler_slot = 0;
            desc.texture_sampler_pairs[0].glsl_name = "tex_smp";
            desc.label = "sprite_particle_shader";
        }
        return &desc;
    }
    #endif /* SOKOL_GLCORE */
    #if defined(SOKOL_GLES3)
    if (backend == SG_BACKEND_GLES3) {
        static sg_shader_desc desc;
        static bool valid;
        if (!valid) {
            valid = true;
            desc.vertex_func.source = (const char*)sprite_vs_particle_source_glsl300es;
            desc.vertex_func.entry = "main";
            desc.fragment_func.source = (const char*)sprite_fs_source_glsl300es;
            desc.fragment_func.entry = "main";
            desc.attrs[0].base_type = SG_SHADERATTRBASETYPE_FLOAT;
            desc.attrs[0].glsl_name = "corner";
            desc.attrs[1].base_type = SG_SHADERATTRBASETYPE_FLOAT;
            desc.attrs[1].glsl_name = "born";
            desc.attrs[2].base_type = SG_SHADERATTRBASETYPE_FLOAT;
            desc.attrs[2].glsl_name = "motion";
            desc.attrs[3].base_type = SG_SHADERATTRBASETYPE_FLOAT;
            desc.attrs[3].glsl_name = "shape";
            desc.uniform_blocks[0].stage = SG_SHADERSTAGE_VERTEX;
            desc.uniform_blocks[0].layout = SG_UNIFORMLAYOUT_STD140;
            desc.uniform_blocks[0].size = 528;
            desc.uniform_blocks[0].glsl_uniforms[0].type = SG_UNIFORMTYPE_FLOAT4;
            desc.uniform_blocks[0].glsl_uniforms[0].array_count = 33;
            desc.uniform_blocks[0].glsl_uniforms[0].glsl_name = "particle_params";
            desc.views[0].texture.stage = SG_SHADERSTAGE_FRAGMENT;
            desc.views[0].texture.image_type = SG_IMAGETYPE_2D;
            desc.views[0].texture.sample_type = SG_IMAGESAMPLETYPE_FLOAT;
            desc.views[0].texture.multisampled = false;
            desc.samplers[0].stage = SG_SHADERSTAGE_FRAGMENT;
            desc.samplers[0].sampler_type = SG_SAMPLERTYPE_FILTERING;
            desc.texture_sampler_pairs[0].stage = SG_SHADERSTAGE_FRAGMENT;
            desc.texture_sampler_pairs[0].view_slot = 0;
            desc.texture_sampler_pairs[0].sampler_slot = 0;
            desc.texture_sampler_pairs[0].glsl_name = "tex_smp";
            desc.label = "sprite_particle_shader";
        }
        return &desc;
    }
    #endif /* SOKOL_GLES3 */
    #if defined(SOKOL_WGPU)
    if (backend == SG_BACKEND_WGPU) {
        static sg_shader_desc desc;
        static bool valid;
        if (!valid) {
            valid = true;
            desc.vertex_func.source = (const char*)sprite_vs_particle_source_wgsl;
            desc.vertex_func.entry = "main";
            desc.fragment_func.source = (const char*)sprite_fs_source_wgsl;
            desc.fragment_func.entry = "main";
            desc.attrs[0].base_type = SG_SHADERATTRBASETYPE_FLOAT;
            desc.attrs[1].base_type = SG_SHADERATTRBASETYPE_FLOAT;
            desc.attrs[2].base_type = SG_SHADERATTRBASETYPE_FLOAT;
            desc.attrs[3].base_type = SG_SHADERATTRBASETYPE_FLOAT;
            desc.uniform_blocks[0].stage = SG_SHADERSTAGE_VERTEX;
            desc.uniform_blocks[0].layout = SG_UNIFORMLAYOUT_STD140;
            desc.uniform_blocks[0].size = 528;
            desc.uniform_blocks[0].wgsl_group0_binding_n = 0;
            desc.views[0].texture.stage = SG_SHADERSTAGE_FRAGMENT;
            desc.views[0].texture.image_type = SG_IMAGETYPE_2D;
            desc.views[0].texture.sample_type = SG_IMAGESAMPLETYPE_FLOAT;
            desc.views[0].texture.multisampled = false;
            desc.views[0].texture.wgsl_group1_binding_n = 0;
            desc.samplers[0].stage = SG_SHADERSTAGE_FRAGMENT;
            desc.samplers[0].sampler_type = SG_SAMPLERTYPE_FILTERING;
            desc.samplers[0].wgsl_group1_binding_n = 32;
            desc.texture_sampler_pairs[0].stage = SG_SHADERSTAGE_FRAGMENT;
            desc.texture_sampler_pairs[0].view_slot = 0;
            desc.texture_sampler_pairs[0].sampler_slot = 0;
            desc.label = "sprite_particle_shader";
        }
        return &desc;
    }
    #endif /* SOKOL_WGPU */
    return 0;
}
static inline const sg_shader_desc* sprite_quad_shader_desc(sg_backend backend) {
    #if defined(SOKOL_GLCORE)
    if (backend == SG_BACKEND_GLCORE) {
        static sg_shader_desc desc;
        static bool valid;
        if (!valid) {
            valid = true;
            desc.vertex_func.source = (const char*)sprite_vs_source_glsl410;
            desc.vertex_func.entry = "main";
            desc.fragment_func.source = (const char*)sprite_fs_source_glsl410;
            desc.fragment_func.entry = "main";
            desc.attrs[0].base_type = SG_SHADERATTRBASETYPE_FLOAT;
            desc.attrs[0].glsl_name = "corner";
            desc.attrs[1].base_type = SG_SHADERATTRBASETYPE_FLOAT;
            desc.attrs[1].glsl_name = "inst_pos";
            desc.attrs[2].base_type = SG_SHADERATTRBASETYPE_FLOAT;
            desc.attrs[2].glsl_name = "inst_size";
            desc.attrs[3].base_type = SG_SHADERATTRBASETYPE_FLOAT;
            desc.attrs[3].glsl_name = "inst_uv";
            desc.attrs[4].base_type = SG_SHADERATTRBASETYPE_FLOAT;
            desc.attrs[4].glsl_name = "inst_right";
            desc.attrs[5].base_type = SG_SHADERATTRBASETYPE_FLOAT;
            desc.attrs[5].glsl_name = "inst_up";
            desc.attrs[6].base_type = SG_SHADERATTRBASETYPE_FLOAT;
            desc.attrs[6].glsl_name = "inst_color";
            desc.uniform_blocks[0].stage = SG_SHADERSTAGE_VERTEX;
            desc.uniform_blocks[0].layout = SG_UNIFORMLAYOUT_STD140;
            desc.uniform_blocks[0].size = 112;
            desc.uniform_blocks[0].glsl_uniforms[0].type = SG_UNIFORMTYPE_FLOAT4;
            desc.uniform_blocks[0].glsl_uniforms[0].array_count = 7;
            desc.uniform_blocks[0].glsl_uniforms[0].glsl_name = "vs_params";
            desc.views[0].texture.stage = SG_SHADERSTAGE_FRAGMENT;
            desc.views[0].texture.image_type = SG_IMAGETYPE_2D;
            desc.views[0].texture.sample_type = SG_IMAGESAMPLETYPE_FLOAT;
            desc.views[0].texture.multisampled = false;
            desc.samplers[0].stage = SG_SHADERSTAGE_FRAGMENT;
            desc.samplers[0].sampler_type = SG_SAMPLERTYPE_FILTERING;
            desc.texture_sampler_pairs[0].stage = SG_SHADERSTAGE_FRAGMENT;
            desc.texture_sampler_pairs[0].view_slot = 0;
            desc.texture_sampler_pairs[0].sampler_slot = 0;
            desc.texture_sampler_pairs[0].glsl_name = "tex_smp";
            desc.label = "sprite_quad_shader";
        }
        return &desc;
    }
    #endif /* SOKOL_GLCORE */
    #if defined(SOKOL_GLES3)
    if (backend == SG_BACKEND_GLES3) {
        static sg_shader_desc desc;
        static bool valid;
        if (!valid) {
            valid = true;
            desc.vertex_func.source = (const char*)sprite_vs_source_glsl300es;
            desc.vertex_func.entry = "main";
            desc.fragment_func.source = (const char*)sprite_fs_source_glsl300es;
            desc.fragment_func.entry = "main";
            desc.attrs[0].base_type = SG_SHADERATTRBASETYPE_FLOAT;
            desc.attrs[0].glsl_name = "corner";
            desc.attrs[1].base_type = SG_SHADERATTRBASETYPE_FLOAT;
            desc.attrs[1].glsl_name = "inst_pos";
            desc.attrs[2].base_type = SG_SHADERATTRBASETYPE_FLOAT;
            desc.attrs[2].glsl_name = "inst_size";
            desc.attrs[3].base_type = SG_SHADERATTRBASETYPE_FLOAT;
            desc.attrs[3].glsl_name = "inst_uv";
            desc.attrs[4].base_type = SG_SHADERATTRBASETYPE_FLOAT;
            desc.attrs[4].glsl_name = "inst_right";
            desc.attrs[5].base_type = SG_SHADERATTRBASETYPE_FLOAT;
            desc.attrs[5].glsl_name = "inst_up";
            desc.attrs[6].base_type = SG_SHADERATTRBASETYPE_FLOAT;
            desc.attrs[6].glsl_name = "inst_color";
            desc.uniform_blocks[0].stage = SG_SHADERSTAGE_VERTEX;
            desc.uniform_blocks[0].layout = SG_UNIFORMLAYOUT_STD140;
            desc.uniform_blocks[0].size = 112;
            desc.uniform_blocks[0].glsl_uniforms[0].type = SG_UNIFORMTYPE_FLOAT4;
            desc.uniform_blocks[0].glsl_uniforms[0].array_count = 7;
            desc.uniform_blocks[0].glsl_uniforms[0].glsl_name = "vs_params";
            desc.views[0].texture.stage = SG_SHADERSTAGE_FRAGMENT;
            desc.views[0].texture.image_type = SG_IMAGETYPE_2D;
            desc.views[0].texture.sample_type = SG_IMAGESAMPLETYPE_FLOAT;
            desc.views[0].texture.multisampled = false;
            desc.samplers[0].stage = SG_SHADERSTAGE_FRAGMENT;
            desc.samplers[0].sampler_type = SG_SAMPLERTYPE_FILTERING;
            desc.texture_sampler_pairs[0].stage = SG_SHADERSTAGE_FRAGMENT;
            desc.texture_sampler_pairs[0].view_slot = 0;
            desc.texture_sampler_pairs[0].sampler_slot = 0;
            desc.texture_sampler_pairs[0].glsl_name = "tex_smp";
            desc.label = "sprite_quad_shader";
        }
        return &desc;
    }
    #endif /* SOKOL_GLES3 */
    #if defined(SOKOL_WGPU)
    if (backend == SG_BACKEND_WGPU) {
        static sg_shader_desc desc;
        static bool valid;
        if (!valid) {
            valid = true;
            desc.vertex_func.source = (const char*)sprite_vs_source_wgsl;
            desc.vertex_func.entry = "main";
            desc.fragment_func.source = (const char*)sprite_fs_source_wgsl;
            desc.fragment_func.entry = "main";
            desc.attrs[0].base_type = SG_SHADERATTRBASETYPE_FLOAT;
            desc.attrs[1].base_type = SG_SHADERATTRBASETYPE_FLOAT;
            desc.attrs[2].base_type = SG_SHADERATTRBASETYPE_FLOAT;
            desc.attrs[3].base_type = SG_SHADERATTRBASETYPE_FLOAT;
            desc.attrs[4].base_type = SG_SHADERATTRBASETYPE_FLOAT;
            desc.attrs[5].base_type = SG_SHADERATTRBASETYPE_FLOAT;
            desc.attrs[6].base_type = SG_SHADERATTRBASETYPE_FLOAT;
            desc.uniform_blocks[0].stage = SG_SHADERSTAGE_VERTEX;
            desc.uniform_blocks[0].layout = SG_UNIFORMLAYOUT_STD140;
            desc.uniform_blocks[0].size = 112;
            desc.uniform_blocks[0].wgsl_group0_binding_n = 0;
            desc.views[0].texture.stage = SG_SHADERSTAGE_FRAGMENT;
            desc.views[0].texture.image_type = SG_IMAGETYPE_2D;
            desc.views[0].texture.sample_type = SG_IMAGESAMPLETYPE_FLOAT;
            desc.views[0].texture.multisampled = false;
            desc.views[0].texture.wgsl_group1_binding_n = 0;
            desc.samplers[0].stage = SG_SHADERSTAGE_FRAGMENT;
            desc.samplers[0].sampler_type = SG_SAMPLERTYPE_FILTERING;
            desc.samplers[0].wgsl_group1_binding_n = 32;
            desc.texture_sampler_pairs[0].stage = SG_SHADERSTAGE_FRAGMENT;
            desc.texture_sampler_pairs[0].view_slot = 0;
            desc.texture_sampler_pairs[0].sampler_slot = 0;
            desc.label = "sprite_quad_shader";
        }
        return &desc;
    }
    #endif /* SOKOL_WGPU */
    return 0;
}
static inline const sg_shader_desc* sprite_quad_lit_shader_desc(sg_backend backend) {
    #if defined(SOKOL_GLCORE)
    if (backend == SG_BACKEND_GLCORE) {
        static sg_shader_desc desc;
        static bool valid;
        if (!valid) {
            valid = true;
            desc.vertex_func.source = (const char*)sprite_vs_lit_source_glsl410;
            desc.vertex_func.entry = "main";
            desc.fragment_func.source = (const char*)sprite_fs_lit_source_glsl410;
            desc.fragment_func.entry = "main";
            desc.attrs[0].base_type = SG_SHADERATTRBASETYPE_FLOAT;
            desc.attrs[0].glsl_name = "corner";
            desc.attrs[1].base_type = SG_SHADERATTRBASETYPE_FLOAT;
            desc.attrs[1].glsl_name = "inst_pos";
            desc.attrs[2].base_type = SG_SHADERATTRBASETYPE_FLOAT;
            desc.attrs[2].glsl_name = "inst_size";
            desc.attrs[3].base_type = SG_SHADERATTRBASETYPE_FLOAT;
            desc.attrs[3].glsl_name = "inst_uv";
            desc.attrs[4].base_type = SG_SHADERATTRBASETYPE_FLOAT;
            desc.attrs[4].glsl_name = "inst_right";
            desc.attrs[5].base_type = SG_SHADERATTRBASETYPE_FLOAT;
            desc.attrs[5].glsl_name = "inst_up";
            desc.attrs[6].base_type = SG_SHADERATTRBASETYPE_FLOAT;
            desc.attrs[6].glsl_name = "inst_color";
            desc.uniform_blocks[0].stage = SG_SHADERSTAGE_VERTEX;
            desc.uniform_blocks[0].layout = SG_UNIFORMLAYOUT_STD140;
            desc.uniform_blocks[0].size = 112;
            desc.uniform_blocks[0].glsl_uniforms[0].type = SG_UNIFORMTYPE_FLOAT4;
            desc.uniform_blocks[0].glsl_uniforms[0].array_count = 7;
            desc.uniform_blocks[0].glsl_uniforms[0].glsl_name = "vs_params";
            desc.uniform_blocks[1].stage = SG_SHADERSTAGE_FRAGMENT;
            desc.uniform_blocks[1].layout = SG_UNIFORMLAYOUT_STD140;
            desc.uniform_blocks[1].size = 224;
            desc.uniform_blocks[1].glsl_uniforms[0].type = SG_UNIFORMTYPE_FLOAT4;
            desc.uniform_blocks[1].glsl_uniforms[0].array_count = 14;
            desc.uniform_blocks[1].glsl_uniforms[0].glsl_name = "fs_params";
            desc.uniform_blocks[2].stage = SG_SHADERSTAGE_FRAGMENT;
            desc.uniform_blocks[2].layout = SG_UNIFORMLAYOUT_STD140;
            desc.uniform_blocks[2].size = 672;
            desc.uniform_blocks[2].glsl_uniforms[0].type = SG_UNIFORMTYPE_FLOAT4;
            desc.uniform_blocks[2].glsl_uniforms[0].array_count = 42;
            desc.uniform_blocks[2].glsl_uniforms[0].glsl_name = "fs_scene";
            desc.uniform_blocks[3].stage = SG_SHADERSTAGE_FRAGMENT;
            desc.uniform_blocks[3].layout = SG_UNIFORMLAYOUT_STD140;
            desc.uniform_blocks[3].size = 512;
            desc.uniform_blocks[3].glsl_uniforms[0].type = SG_UNIFORMTYPE_FLOAT4;
            desc.uniform_blocks[3].glsl_uniforms[0].array_count = 32;
            desc.uniform_blocks[3].glsl_uniforms[0].glsl_name = "fs_lights";
            desc.views[0].texture.stage = SG_SHADERSTAGE_FRAGMENT;
            desc.views[0].texture.image_type = SG_IMAGETYPE_2D;
            desc.views[0].texture.sample_type = SG_IMAGESAMPLETYPE_FLOAT;
            desc.views[0].texture.multisampled = false;
            desc.views[1].texture.stage = SG_SHADERSTAGE_FRAGMENT;
            desc.views[1].texture.image_type = SG_IMAGETYPE_2D;
            desc.views[1].texture.sample_type = SG_IMAGESAMPLETYPE_FLOAT;
            desc.views[1].texture.multisampled = false;
            desc.views[2].texture.stage = SG_SHADERSTAGE_FRAGMENT;
            desc.views[2].texture.image_type = SG_IMAGETYPE_2D;
            desc.views[2].texture.sample_type = SG_IMAGESAMPLETYPE_FLOAT;
            desc.views[2].texture.multisampled = false;
            desc.views[3].texture.stage = SG_SHADERSTAGE_FRAGMENT;
            desc.views[3].texture.image_type = SG_IMAGETYPE_2D;
            desc.views[3].texture.sample_type = SG_IMAGESAMPLETYPE_FLOAT;
            desc.views[3].texture.multisampled = false;
            desc.views[4].texture.stage = SG_SHADERSTAGE_FRAGMENT;
            desc.views[4].texture.image_type = SG_IMAGETYPE_2D;
            desc.views[4].texture.sample_type = SG_IMAGESAMPLETYPE_FLOAT;
            desc.views[4].texture.multisampled = false;
            desc.views[5].texture.stage = SG_SHADERSTAGE_FRAGMENT;
            desc.views[5].texture.image_type = SG_IMAGETYPE_CUBE;
            desc.views[5].texture.sample_type = SG_IMAGESAMPLETYPE_FLOAT;
            desc.views[5].texture.multisampled = false;
            desc.views[6].texture.stage = SG_SHADERSTAGE_FRAGMENT;
            desc.views[6].texture.image_type = SG_IMAGETYPE_2D;
            desc.views[6].texture.sample_type = SG_IMAGESAMPLETYPE_FLOAT;
            desc.views[6].texture.multisampled = false;
            desc.views[8].texture.stage = SG_SHADERSTAGE_FRAGMENT;
            desc.views[8].texture.image_type = SG_IMAGETYPE_ARRAY;
            desc.views[8].texture.sample_type = SG_IMAGESAMPLETYPE_DEPTH;
            desc.views[8].texture.multisampled = false;
            desc.samplers[0].stage = SG_SHADERSTAGE_FRAGMENT;
            desc.samplers[0].sampler_type = SG_SAMPLERTYPE_FILTERING;
            desc.samplers[1].stage = SG_SHADERSTAGE_FRAGMENT;
            desc.samplers[1].sampler_type = SG_SAMPLERTYPE_FILTERING;
            desc.samplers[2].stage = SG_SHADERSTAGE_FRAGMENT;
            desc.samplers[2].sampler_type = SG_SAMPLERTYPE_FILTERING;
            desc.samplers[3].stage = SG_SHADERSTAGE_FRAGMENT;
            desc.samplers[3].sampler_type = SG_SAMPLERTYPE_FILTERING;
            desc.samplers[4].stage = SG_SHADERSTAGE_FRAGMENT;
            desc.samplers[4].sampler_type = SG_SAMPLERTYPE_FILTERING;
            desc.samplers[5].stage = SG_SHADERSTAGE_FRAGMENT;
            desc.samplers[5].sampler_type = SG_SAMPLERTYPE_FILTERING;
            desc.samplers[6].stage = SG_SHADERSTAGE_FRAGMENT;
            desc.samplers[6].sampler_type = SG_SAMPLERTYPE_FILTERING;
            desc.samplers[8].stage = SG_SHADERSTAGE_FRAGMENT;
            desc.samplers[8].sampler_type = SG_SAMPLERTYPE_COMPARISON;
            desc.texture_sampler_pairs[0].stage = SG_SHADERSTAGE_FRAGMENT;
            desc.texture_sampler_pairs[0].view_slot = 0;
            desc.texture_sampler_pairs[0].sampler_slot = 0;
            desc.texture_sampler_pairs[0].glsl_name = "base_color_tex_base_color_smp";
            desc.texture_sampler_pairs[1].stage = SG_SHADERSTAGE_FRAGMENT;
            desc.texture_sampler_pairs[1].view_slot = 2;
            desc.texture_sampler_pairs[1].sampler_slot = 2;
            desc.texture_sampler_pairs[1].glsl_name = "normal_tex_normal_smp";
            desc.texture_sampler_pairs[2].stage = SG_SHADERSTAGE_FRAGMENT;
            desc.texture_sampler_pairs[2].view_slot = 1;
            desc.texture_sampler_pairs[2].sampler_slot = 1;
            desc.texture_sampler_pairs[2].glsl_name = "metallic_roughness_tex_metallic_roughness_smp";
            desc.texture_sampler_pairs[3].stage = SG_SHADERSTAGE_FRAGMENT;
            desc.texture_sampler_pairs[3].view_slot = 3;
            desc.texture_sampler_pairs[3].sampler_slot = 3;
            desc.texture_sampler_pairs[3].glsl_name = "occlusion_tex_occlusion_smp";
            desc.texture_sampler_pairs[4].stage = SG_SHADERSTAGE_FRAGMENT;
            desc.texture_sampler_pairs[4].view_slot = 8;
            desc.texture_sampler_pairs[4].sampler_slot = 8;
            desc.texture_sampler_pairs[4].glsl_name = "shadow_tex_shadow_smp";
            desc.texture_sampler_pairs[5].stage = SG_SHADERSTAGE_FRAGMENT;
            desc.texture_sampler_pairs[5].view_slot = 5;
            desc.texture_sampler_pairs[5].sampler_slot = 5;
            desc.texture_sampler_pairs[5].glsl_name = "env_tex_env_smp";
            desc.texture_sampler_pairs[6].stage = SG_SHADERSTAGE_FRAGMENT;
            desc.texture_sampler_pairs[6].view_slot = 6;
            desc.texture_sampler_pairs[6].sampler_slot = 6;
            desc.texture_sampler_pairs[6].glsl_name = "brdf_tex_brdf_smp";
            desc.texture_sampler_pairs[7].stage = SG_SHADERSTAGE_FRAGMENT;
            desc.texture_sampler_pairs[7].view_slot = 4;
            desc.texture_sampler_pairs[7].sampler_slot = 4;
            desc.texture_sampler_pairs[7].glsl_name = "emissive_tex_emissive_smp";
            desc.label = "sprite_quad_lit_shader";
        }
        return &desc;
    }
    #endif /* SOKOL_GLCORE */
    #if defined(SOKOL_GLES3)
    if (backend == SG_BACKEND_GLES3) {
        static sg_shader_desc desc;
        static bool valid;
        if (!valid) {
            valid = true;
            desc.vertex_func.source = (const char*)sprite_vs_lit_source_glsl300es;
            desc.vertex_func.entry = "main";
            desc.fragment_func.source = (const char*)sprite_fs_lit_source_glsl300es;
            desc.fragment_func.entry = "main";
            desc.attrs[0].base_type = SG_SHADERATTRBASETYPE_FLOAT;
            desc.attrs[0].glsl_name = "corner";
            desc.attrs[1].base_type = SG_SHADERATTRBASETYPE_FLOAT;
            desc.attrs[1].glsl_name = "inst_pos";
            desc.attrs[2].base_type = SG_SHADERATTRBASETYPE_FLOAT;
            desc.attrs[2].glsl_name = "inst_size";
            desc.attrs[3].base_type = SG_SHADERATTRBASETYPE_FLOAT;
            desc.attrs[3].glsl_name = "inst_uv";
            desc.attrs[4].base_type = SG_SHADERATTRBASETYPE_FLOAT;
            desc.attrs[4].glsl_name = "inst_right";
            desc.attrs[5].base_type = SG_SHADERATTRBASETYPE_FLOAT;
            desc.attrs[5].glsl_name = "inst_up";
            desc.attrs[6].base_type = SG_SHADERATTRBASETYPE_FLOAT;
            desc.attrs[6].glsl_name = "inst_color";
            desc.uniform_blocks[0].stage = SG_SHADERSTAGE_VERTEX;
            desc.uniform_blocks[0].layout = SG_UNIFORMLAYOUT_STD140;
            desc.uniform_blocks[0].size = 112;
            desc.uniform_blocks[0].glsl_uniforms[0].type = SG_UNIFORMTYPE_FLOAT4;
            desc.uniform_blocks[0].glsl_uniforms[0].array_count = 7;
            desc.uniform_blocks[0].glsl_uniforms[0].glsl_name = "vs_params";
            desc.uniform_blocks[1].stage = SG_SHADERSTAGE_FRAGMENT;
            desc.uniform_blocks[1].layout = SG_UNIFORMLAYOUT_STD140;
            desc.uniform_blocks[1].size = 224;
            desc.uniform_blocks[1].glsl_uniforms[0].type = SG_UNIFORMTYPE_FLOAT4;
            desc.uniform_blocks[1].glsl_uniforms[0].array_count = 14;
            desc.uniform_blocks[1].glsl_uniforms[0].glsl_name = "fs_params";
            desc.uniform_blocks[2].stage = SG_SHADERSTAGE_FRAGMENT;
            desc.uniform_blocks[2].layout = SG_UNIFORMLAYOUT_STD140;
            desc.uniform_blocks[2].size = 672;
            desc.uniform_blocks[2].glsl_uniforms[0].type = SG_UNIFORMTYPE_FLOAT4;
            desc.uniform_blocks[2].glsl_uniforms[0].array_count = 42;
            desc.uniform_blocks[2].glsl_uniforms[0].glsl_name = "fs_scene";
            desc.uniform_blocks[3].stage = SG_SHADERSTAGE_FRAGMENT;
            desc.uniform_blocks[3].layout = SG_UNIFORMLAYOUT_STD140;
            desc.uniform_blocks[3].size = 512;
            desc.uniform_blocks[3].glsl_uniforms[0].type = SG_UNIFORMTYPE_FLOAT4;
            desc.uniform_blocks[3].glsl_uniforms[0].array_count = 32;
            desc.uniform_blocks[3].glsl_uniforms[0].glsl_name = "fs_lights";
            desc.views[0].texture.stage = SG_SHADERSTAGE_FRAGMENT;
            desc.views[0].texture.image_type = SG_IMAGETYPE_2D;
            desc.views[0].texture.sample_type = SG_IMAGESAMPLETYPE_FLOAT;
            desc.views[0].texture.multisampled = false;
            desc.views[1].texture.stage = SG_SHADERSTAGE_FRAGMENT;
            desc.views[1].texture.image_type = SG_IMAGETYPE_2D;
            desc.views[1].texture.sample_type = SG_IMAGESAMPLETYPE_FLOAT;
            desc.views[1].texture.multisampled = false;
            desc.views[2].texture.stage = SG_SHADERSTAGE_FRAGMENT;
            desc.views[2].texture.image_type = SG_IMAGETYPE_2D;
            desc.views[2].texture.sample_type = SG_IMAGESAMPLETYPE_FLOAT;
            desc.views[2].texture.multisampled = false;
            desc.views[3].texture.stage = SG_SHADERSTAGE_FRAGMENT;
            desc.views[3].texture.image_type = SG_IMAGETYPE_2D;
            desc.views[3].texture.sample_type = SG_IMAGESAMPLETYPE_FLOAT;
            desc.views[3].texture.multisampled = false;
            desc.views[4].texture.stage = SG_SHADERSTAGE_FRAGMENT;
            desc.views[4].texture.image_type = SG_IMAGETYPE_2D;
            desc.views[4].texture.sample_type = SG_IMAGESAMPLETYPE_FLOAT;
            desc.views[4].texture.multisampled = false;
            desc.views[5].texture.stage = SG_SHADERSTAGE_FRAGMENT;
            desc.views[5].texture.image_type = SG_IMAGETYPE_CUBE;
            desc.views[5].texture.sample_type = SG_IMAGESAMPLETYPE_FLOAT;
            desc.views[5].texture.multisampled = false;
            desc.views[6].texture.stage = SG_SHADERSTAGE_FRAGMENT;
            desc.views[6].texture.image_type = SG_IMAGETYPE_2D;
            desc.views[6].texture.sample_type = SG_IMAGESAMPLETYPE_FLOAT;
            desc.views[6].texture.multisampled = false;
            desc.views[8].texture.stage = SG_SHADERSTAGE_FRAGMENT;
            desc.views[8].texture.image_type = SG_IMAGETYPE_ARRAY;
            desc.views[8].texture.sample_type = SG_IMAGESAMPLETYPE_DEPTH;
            desc.views[8].texture.multisampled = false;
            desc.samplers[0].stage = SG_SHADERSTAGE_FRAGMENT;
            desc.samplers[0].sampler_type = SG_SAMPLERTYPE_FILTERING;
            desc.samplers[1].stage = SG_SHADERSTAGE_FRAGMENT;
            desc.samplers[1].sampler_type = SG_SAMPLERTYPE_FILTERING;
            desc.samplers[2].stage = SG_SHADERSTAGE_FRAGMENT;
            desc.samplers[2].sampler_type = SG_SAMPLERTYPE_FILTERING;
            desc.samplers[3].stage = SG_SHADERSTAGE_FRAGMENT;
            desc.samplers[3].sampler_type = SG_SAMPLERTYPE_FILTERING;
            desc.samplers[4].stage = SG_SHADERSTAGE_FRAGMENT;
            desc.samplers[4].sampler_type = SG_SAMPLERTYPE_FILTERING;
            desc.samplers[5].stage = SG_SHADERSTAGE_FRAGMENT;
            desc.samplers[5].sampler_type = SG_SAMPLERTYPE_FILTERING;
            desc.samplers[6].stage = SG_SHADERSTAGE_FRAGMENT;
            desc.samplers[6].sampler_type = SG_SAMPLERTYPE_FILTERING;
            desc.samplers[8].stage = SG_SHADERSTAGE_FRAGMENT;
            desc.samplers[8].sampler_type = SG_SAMPLERTYPE_COMPARISON;
            desc.texture_sampler_pairs[0].stage = SG_SHADERSTAGE_FRAGMENT;
            desc.texture_sampler_pairs[0].view_slot = 0;
            desc.texture_sampler_pairs[0].sampler_slot = 0;
            desc.texture_sampler_pairs[0].glsl_name = "base_color_tex_base_color_smp";
            desc.texture_sampler_pairs[1].stage = SG_SHADERSTAGE_FRAGMENT;
            desc.texture_sampler_pairs[1].view_slot = 2;
            desc.texture_sampler_pairs[1].sampler_slot = 2;
            desc.texture_sampler_pairs[1].glsl_name = "normal_tex_normal_smp";
            desc.texture_sampler_pairs[2].stage = SG_SHADERSTAGE_FRAGMENT;
            desc.texture_sampler_pairs[2].view_slot = 1;
            desc.texture_sampler_pairs[2].sampler_slot = 1;
            desc.texture_sampler_pairs[2].glsl_name = "metallic_roughness_tex_metallic_roughness_smp";
            desc.texture_sampler_pairs[3].stage = SG_SHADERSTAGE_FRAGMENT;
            desc.texture_sampler_pairs[3].view_slot = 3;
            desc.texture_sampler_pairs[3].sampler_slot = 3;
            desc.texture_sampler_pairs[3].glsl_name = "occlusion_tex_occlusion_smp";
            desc.texture_sampler_pairs[4].stage = SG_SHADERSTAGE_FRAGMENT;
            desc.texture_sampler_pairs[4].view_slot = 8;
            desc.texture_sampler_pairs[4].sampler_slot = 8;
            desc.texture_sampler_pairs[4].glsl_name = "shadow_tex_shadow_smp";
            desc.texture_sampler_pairs[5].stage = SG_SHADERSTAGE_FRAGMENT;
            desc.texture_sampler_pairs[5].view_slot = 5;
            desc.texture_sampler_pairs[5].sampler_slot = 5;
            desc.texture_sampler_pairs[5].glsl_name = "env_tex_env_smp";
            desc.texture_sampler_pairs[6].stage = SG_SHADERSTAGE_FRAGMENT;
            desc.texture_sampler_pairs[6].view_slot = 6;
            desc.texture_sampler_pairs[6].sampler_slot = 6;
            desc.texture_sampler_pairs[6].glsl_name = "brdf_tex_brdf_smp";
            desc.texture_sampler_pairs[7].stage = SG_SHADERSTAGE_FRAGMENT;
            desc.texture_sampler_pairs[7].view_slot = 4;
            desc.texture_sampler_pairs[7].sampler_slot = 4;
            desc.texture_sampler_pairs[7].glsl_name = "emissive_tex_emissive_smp";
            desc.label = "sprite_quad_lit_shader";
        }
        return &desc;
    }
    #endif /* SOKOL_GLES3 */
    #if defined(SOKOL_WGPU)
    if (backend == SG_BACKEND_WGPU) {
        static sg_shader_desc desc;
        static bool valid;
        if (!valid) {
            valid = true;
            desc.vertex_func.source = (const char*)sprite_vs_lit_source_wgsl;
            desc.vertex_func.entry = "main";
            desc.fragment_func.source = (const char*)sprite_fs_lit_source_wgsl;
            desc.fragment_func.entry = "main";
            desc.attrs[0].base_type = SG_SHADERATTRBASETYPE_FLOAT;
            desc.attrs[1].base_type = SG_SHADERATTRBASETYPE_FLOAT;
            desc.attrs[2].base_type = SG_SHADERATTRBASETYPE_FLOAT;
            desc.attrs[3].base_type = SG_SHADERATTRBASETYPE_FLOAT;
            desc.attrs[4].base_type = SG_SHADERATTRBASETYPE_FLOAT;
            desc.attrs[5].base_type = SG_SHADERATTRBASETYPE_FLOAT;
            desc.attrs[6].base_type = SG_SHADERATTRBASETYPE_FLOAT;
            desc.uniform_blocks[0].stage = SG_SHADERSTAGE_VERTEX;
            desc.uniform_blocks[0].layout = SG_UNIFORMLAYOUT_STD140;
            desc.uniform_blocks[0].size = 112;
            desc.uniform_blocks[0].wgsl_group0_binding_n = 0;
            desc.uniform_blocks[1].stage = SG_SHADERSTAGE_FRAGMENT;
            desc.uniform_blocks[1].layout = SG_UNIFORMLAYOUT_STD140;
            desc.uniform_blocks[1].size = 224;
            desc.uniform_blocks[1].wgsl_group0_binding_n = 1;
            desc.uniform_blocks[2].stage = SG_SHADERSTAGE_FRAGMENT;
            desc.uniform_blocks[2].layout = SG_UNIFORMLAYOUT_STD140;
            desc.uniform_blocks[2].size = 672;
            desc.uniform_blocks[2].wgsl_group0_binding_n = 2;
            desc.uniform_blocks[3].stage = SG_SHADERSTAGE_FRAGMENT;
            desc.uniform_blocks[3].layout = SG_UNIFORMLAYOUT_STD140;
            desc.uniform_blocks[3].size = 512;
            desc.uniform_blocks[3].wgsl_group0_binding_n = 3;
            desc.views[0].texture.stage = SG_SHADERSTAGE_FRAGMENT;
            desc.views[0].texture.image_type = SG_IMAGETYPE_2D;
            desc.views[0].texture.sample_type = SG_IMAGESAMPLETYPE_FLOAT;
            desc.views[0].texture.multisampled = false;
            desc.views[0].texture.wgsl_group1_binding_n = 0;
            desc.views[1].texture.stage = SG_SHADERSTAGE_FRAGMENT;
            desc.views[1].texture.image_type = SG_IMAGETYPE_2D;
            desc.views[1].texture.sample_type = SG_IMAGESAMPLETYPE_FLOAT;
            desc.views[1].texture.multisampled = false;
            desc.views[1].texture.wgsl_group1_binding_n = 1;
            desc.views[2].texture.stage = SG_SHADERSTAGE_FRAGMENT;
            desc.views[2].texture.image_type = SG_IMAGETYPE_2D;
            desc.views[2].texture.sample_type = SG_IMAGESAMPLETYPE_FLOAT;
            desc.views[2].texture.multisampled = false;
            desc.views[2].texture.wgsl_group1_binding_n = 2;
            desc.views[3].texture.stage = SG_SHADERSTAGE_FRAGMENT;
            desc.views[3].texture.image_type = SG_IMAGETYPE_2D;
            desc.views[3].texture.sample_type = SG_IMAGESAMPLETYPE_FLOAT;
            desc.views[3].texture.multisampled = false;
            desc.views[3].texture.wgsl_group1_binding_n = 3;
            desc.views[4].texture.stage = SG_SHADERSTAGE_FRAGMENT;
            desc.views[4].texture.image_type = SG_IMAGETYPE_2D;
            desc.views[4].texture.sample_type = SG_IMAGESAMPLETYPE_FLOAT;
            desc.views[4].texture.multisampled = false;
            desc.views[4].texture.wgsl_group1_binding_n = 4;
            desc.views[5].texture.stage = SG_SHADERSTAGE_FRAGMENT;
            desc.views[5].texture.image_type = SG_IMAGETYPE_CUBE;
            desc.views[5].texture.sample_type = SG_IMAGESAMPLETYPE_FLOAT;
            desc.views[5].texture.multisampled = false;
            desc.views[5].texture.wgsl_group1_binding_n = 5;
            desc.views[6].texture.stage = SG_SHADERSTAGE_FRAGMENT;
            desc.views[6].texture.image_type = SG_IMAGETYPE_2D;
            desc.views[6].texture.sample_type = SG_IMAGESAMPLETYPE_FLOAT;
            desc.views[6].texture.multisampled = false;
            desc.views[6].texture.wgsl_group1_binding_n = 6;
            desc.views[8].texture.stage = SG_SHADERSTAGE_FRAGMENT;
            desc.views[8].texture.image_type = SG_IMAGETYPE_ARRAY;
            desc.views[8].texture.sample_type = SG_IMAGESAMPLETYPE_DEPTH;
            desc.views[8].texture.multisampled = false;
            desc.views[8].texture.wgsl_group1_binding_n = 8;
            desc.samplers[0].stage = SG_SHADERSTAGE_FRAGMENT;
            desc.samplers[0].sampler_type = SG_SAMPLERTYPE_FILTERING;
            desc.samplers[0].wgsl_group1_binding_n = 32;
            desc.samplers[1].stage = SG_SHADERSTAGE_FRAGMENT;
            desc.samplers[1].sampler_type = SG_SAMPLERTYPE_FILTERING;
            desc.samplers[1].wgsl_group1_binding_n = 33;
            desc.samplers[2].stage = SG_SHADERSTAGE_FRAGMENT;
            desc.samplers[2].sampler_type = SG_SAMPLERTYPE_FILTERING;
            desc.samplers[2].wgsl_group1_binding_n = 34;
            desc.samplers[3].stage = SG_SHADERSTAGE_FRAGMENT;
            desc.samplers[3].sampler_type = SG_SAMPLERTYPE_FILTERING;
            desc.samplers[3].wgsl_group1_binding_n = 35;
            desc.samplers[4].stage = SG_SHADERSTAGE_FRAGMENT;
            desc.samplers[4].sampler_type = SG_SAMPLERTYPE_FILTERING;
            desc.samplers[4].wgsl_group1_binding_n = 36;
            desc.samplers[5].stage = SG_SHADERSTAGE_FRAGMENT;
            desc.samplers[5].sampler_type = SG_SAMPLERTYPE_FILTERING;
            desc.samplers[5].wgsl_group1_binding_n = 37;
            desc.samplers[6].stage = SG_SHADERSTAGE_FRAGMENT;
            desc.samplers[6].sampler_type = SG_SAMPLERTYPE_FILTERING;
            desc.samplers[6].wgsl_group1_binding_n = 38;
            desc.samplers[8].stage = SG_SHADERSTAGE_FRAGMENT;
            desc.samplers[8].sampler_type = SG_SAMPLERTYPE_COMPARISON;
            desc.samplers[8].wgsl_group1_binding_n = 40;
            desc.texture_sampler_pairs[0].stage = SG_SHADERSTAGE_FRAGMENT;
            desc.texture_sampler_pairs[0].view_slot = 0;
            desc.texture_sampler_pairs[0].sampler_slot = 0;
            desc.texture_sampler_pairs[1].stage = SG_SHADERSTAGE_FRAGMENT;
            desc.texture_sampler_pairs[1].view_slot = 2;
            desc.texture_sampler_pairs[1].sampler_slot = 2;
            desc.texture_sampler_pairs[2].stage = SG_SHADERSTAGE_FRAGMENT;
            desc.texture_sampler_pairs[2].view_slot = 1;
            desc.texture_sampler_pairs[2].sampler_slot = 1;
            desc.texture_sampler_pairs[3].stage = SG_SHADERSTAGE_FRAGMENT;
            desc.texture_sampler_pairs[3].view_slot = 3;
            desc.texture_sampler_pairs[3].sampler_slot = 3;
            desc.texture_sampler_pairs[4].stage = SG_SHADERSTAGE_FRAGMENT;
            desc.texture_sampler_pairs[4].view_slot = 8;
            desc.texture_sampler_pairs[4].sampler_slot = 8;
            desc.texture_sampler_pairs[5].stage = SG_SHADERSTAGE_FRAGMENT;
            desc.texture_sampler_pairs[5].view_slot = 5;
            desc.texture_sampler_pairs[5].sampler_slot = 5;
            desc.texture_sampler_pairs[6].stage = SG_SHADERSTAGE_FRAGMENT;
            desc.texture_sampler_pairs[6].view_slot = 6;
            desc.texture_sampler_pairs[6].sampler_slot = 6;
            desc.texture_sampler_pairs[7].stage = SG_SHADERSTAGE_FRAGMENT;
            desc.texture_sampler_pairs[7].view_slot = 4;
            desc.texture_sampler_pairs[7].sampler_slot = 4;
            desc.label = "sprite_quad_lit_shader";
        }
        return &desc;
    }
    #endif /* SOKOL_WGPU */
    return 0;
}
static inline const sg_shader_desc* sprite_quad_lit_pulled_shader_desc(sg_backend backend) {
    #if defined(SOKOL_GLCORE)
    if (backend == SG_BACKEND_GLCORE) {
        static sg_shader_desc desc;
        static bool valid;
        if (!valid) {
            valid = true;
            desc.vertex_func.source = (const char*)sprite_vs_lit_pulled_source_glsl410;
            desc.vertex_func.entry = "main";
            desc.fragment_func.source = (const char*)sprite_fs_lit_source_glsl410;
            desc.fragment_func.entry = "main";
            desc.attrs[0].base_type = SG_SHADERATTRBASETYPE_FLOAT;
            desc.attrs[0].glsl_name = "corner";
            desc.uniform_blocks[0].stage = SG_SHADERSTAGE_VERTEX;
            desc.uniform_blocks[0].layout = SG_UNIFORMLAYOUT_STD140;
            desc.uniform_blocks[0].size = 112;
            desc.uniform_blocks[0].glsl_uniforms[0].type = SG_UNIFORMTYPE_FLOAT4;
            desc.uniform_blocks[0].glsl_uniforms[0].array_count = 7;
            desc.uniform_blocks[0].glsl_uniforms[0].glsl_name = "vs_params";
            desc.uniform_blocks[1].stage = SG_SHADERSTAGE_FRAGMENT;
            desc.uniform_blocks[1].layout = SG_UNIFORMLAYOUT_STD140;
            desc.uniform_blocks[1].size = 224;
            desc.uniform_blocks[1].glsl_uniforms[0].type = SG_UNIFORMTYPE_FLOAT4;
            desc.uniform_blocks[1].glsl_uniforms[0].array_count = 14;
            desc.uniform_blocks[1].glsl_uniforms[0].glsl_name = "fs_params";
            desc.uniform_blocks[2].stage = SG_SHADERSTAGE_FRAGMENT;
            desc.uniform_blocks[2].layout = SG_UNIFORMLAYOUT_STD140;
            desc.uniform_blocks[2].size = 672;
            desc.uniform_blocks[2].glsl_uniforms[0].type = SG_UNIFORMTYPE_FLOAT4;
            desc.uniform_blocks[2].glsl_uniforms[0].array_count = 42;
            desc.uniform_blocks[2].glsl_uniforms[0].glsl_name = "fs_scene";
            desc.uniform_blocks[3].stage = SG_SHADERSTAGE_FRAGMENT;
            desc.uniform_blocks[3].layout = SG_UNIFORMLAYOUT_STD140;
            desc.uniform_blocks[3].size = 512;
            desc.uniform_blocks[3].glsl_uniforms[0].type = SG_UNIFORMTYPE_FLOAT4;
            desc.uniform_blocks[3].glsl_uniforms[0].array_count = 32;
            desc.uniform_blocks[3].glsl_uniforms[0].glsl_name = "fs_lights";
            desc.uniform_blocks[4].stage = SG_SHADERSTAGE_VERTEX;
            desc.uniform_blocks[4].layout = SG_UNIFORMLAYOUT_STD140;
            desc.uniform_blocks[4].size = 16;
            desc.uniform_blocks[4].glsl_uniforms[0].type = SG_UNIFORMTYPE_FLOAT4;
            desc.uniform_blocks[4].glsl_uniforms[0].array_count = 1;
            desc.uniform_blocks[4].glsl_uniforms[0].glsl_name = "vs_batch_lit";
            desc.views[0].texture.stage = SG_SHADERSTAGE_FRAGMENT;
            desc.views[0].texture.image_type = SG_IMAGETYPE_2D;
            desc.views[0].texture.sample_type = SG_IMAGESAMPLETYPE_FLOAT;
            desc.views[0].texture.multisampled = false;
            desc.views[1].texture.stage = SG_SHADERSTAGE_FRAGMENT;
            desc.views[1].texture.image_type = SG_IMAGETYPE_2D;
            desc.views[1].texture.sample_type = SG_IMAGESAMPLETYPE_FLOAT;
            desc.views[1].texture.multisampled = false;
            desc.views[2].texture.stage = SG_SHADERSTAGE_FRAGMENT;
            desc.views[2].texture.image_type = SG_IMAGETYPE_2D;
            desc.views[2].texture.sample_type = SG_IMAGESAMPLETYPE_FLOAT;
            desc.views[2].texture.multisampled = false;
            desc.views[3].texture.stage = SG_SHADERSTAGE_FRAGMENT;
            desc.views[3].texture.image_type = SG_IMAGETYPE_2D;
            desc.views[3].texture.sample_type = SG_IMAGESAMPLETYPE_FLOAT;
            desc.views[3].texture.multisampled = false;
            desc.views[4].texture.stage = SG_SHADERSTAGE_FRAGMENT;
            desc.views[4].texture.image_type = SG_IMAGETYPE_2D;
            desc.views[4].texture.sample_type = SG_IMAGESAMPLETYPE_FLOAT;
            desc.views[4].texture.multisampled = false;
            desc.views[5].texture.stage = SG_SHADERSTAGE_FRAGMENT;
            desc.views[5].texture.image_type = SG_IMAGETYPE_CUBE;
            desc.views[5].texture.sample_type = SG_IMAGESAMPLETYPE_FLOAT;
            desc.views[5].texture.multisampled = false;
            desc.views[6].texture.stage = SG_SHADERSTAGE_FRAGMENT;
            desc.views[6].texture.image_type = SG_IMAGETYPE_2D;
            desc.views[6].texture.sample_type = SG_IMAGESAMPLETYPE_FLOAT;
            desc.views[6].texture.multisampled = false;
            desc.views[7].texture.stage = SG_SHADERSTAGE_VERTEX;
            desc.views[7].texture.image_type = SG_IMAGETYPE_2D;
            desc.views[7].texture.sample_type = SG_IMAGESAMPLETYPE_UNFILTERABLE_FLOAT;
            desc.views[7].texture.multisampled = false;
            desc.views[8].texture.stage = SG_SHADERSTAGE_FRAGMENT;
            desc.views[8].texture.image_type = SG_IMAGETYPE_ARRAY;
            desc.views[8].texture.sample_type = SG_IMAGESAMPLETYPE_DEPTH;
            desc.views[8].texture.multisampled = false;
            desc.samplers[0].stage = SG_SHADERSTAGE_FRAGMENT;
            desc.samplers[0].sampler_type = SG_SAMPLERTYPE_FILTERING;
            desc.samplers[1].stage = SG_SHADERSTAGE_FRAGMENT;
            desc.samplers[1].sampler_type = SG_SAMPLERTYPE_FILTERING;
            desc.samplers[2].stage = SG_SHADERSTAGE_FRAGMENT;
            desc.samplers[2].sampler_type = SG_SAMPLERTYPE_FILTERING;
            desc.samplers[3].stage = SG_SHADERSTAGE_FRAGMENT;
            desc.samplers[3].sampler_type = SG_SAMPLERTYPE_FILTERING;
            desc.samplers[4].stage = SG_SHADERSTAGE_FRAGMENT;
            desc.samplers[4].sampler_type = SG_SAMPLERTYPE_FILTERING;
            desc.samplers[5].stage = SG_SHADERSTAGE_FRAGMENT;
            desc.samplers[5].sampler_type = SG_SAMPLERTYPE_FILTERING;
            desc.samplers[6].stage = SG_SHADERSTAGE_FRAGMENT;
            desc.samplers[6].sampler_type = SG_SAMPLERTYPE_FILTERING;
            desc.samplers[7].stage = SG_SHADERSTAGE_VERTEX;
            desc.samplers[7].sampler_type = SG_SAMPLERTYPE_NONFILTERING;
            desc.samplers[8].stage = SG_SHADERSTAGE_FRAGMENT;
            desc.samplers[8].sampler_type = SG_SAMPLERTYPE_COMPARISON;
            desc.texture_sampler_pairs[0].stage = SG_SHADERSTAGE_VERTEX;
            desc.texture_sampler_pairs[0].view_slot = 7;
            desc.texture_sampler_pairs[0].sampler_slot = 7;
            desc.texture_sampler_pairs[0].glsl_name = "sprite_data_lit_sprite_data_lit_smp";
            desc.texture_sampler_pairs[1].stage = SG_SHADERSTAGE_FRAGMENT;
            desc.texture_sampler_pairs[1].view_slot = 0;
            desc.texture_sampler_pairs[1].sampler_slot = 0;
            desc.texture_sampler_pairs[1].glsl_name = "base_color_tex_base_color_smp";
            desc.texture_sampler_pairs[2].stage = SG_SHADERSTAGE_FRAGMENT;
            desc.texture_sampler_pairs[2].view_slot = 2;
            desc.texture_sampler_pairs[2].sampler_slot = 2;
            desc.texture_sampler_pairs[2].glsl_name = "normal_tex_normal_smp";
            desc.texture_sampler_pairs[3].stage = SG_SHADERSTAGE_FRAGMENT;
            desc.texture_sampler_pairs[3].view_slot = 1;
            desc.texture_sampler_pairs[3].sampler_slot = 1;
            desc.texture_sampler_pairs[3].glsl_name = "metallic_roughness_tex_metallic_roughness_smp";
            desc.texture_sampler_pairs[4].stage = SG_SHADERSTAGE_FRAGMENT;
            desc.texture_sampler_pairs[4].view_slot = 3;
            desc.texture_sampler_pairs[4].sampler_slot = 3;
            desc.texture_sampler_pairs[4].glsl_name = "occlusion_tex_occlusion_smp";
            desc.texture_sampler_pairs[5].stage = SG_SHADERSTAGE_FRAGMENT;
            desc.texture_sampler_pairs[5].view_slot = 8;
            desc.texture_sampler_pairs[5].sampler_slot = 8;
            desc.texture_sampler_pairs[5].glsl_name = "shadow_tex_shadow_smp";
            desc.texture_sampler_pairs[6].stage = SG_SHADERSTAGE_FRAGMENT;
            desc.texture_sampler_pairs[6].view_slot = 5;
            desc.texture_sampler_pairs[6].sampler_slot = 5;
            desc.texture_sampler_pairs[6].glsl_name = "env_tex_env_smp";
            desc.texture_sampler_pairs[7].stage = SG_SHADERSTAGE_FRAGMENT;
            desc.texture_sampler_pairs[7].view_slot = 6;
            desc.texture_sampler_pairs[7].sampler_slot = 6;
            desc.texture_sampler_pairs[7].glsl_name = "brdf_tex_brdf_smp";
            desc.texture_sampler_pairs[8].stage = SG_SHADERSTAGE_FRAGMENT;
            desc.texture_sampler_pairs[8].view_slot = 4;
            desc.texture_sampler_pairs[8].sampler_slot = 4;
            desc.texture_sampler_pairs[8].glsl_name = "emissive_tex_emissive_smp";
            desc.label = "sprite_quad_lit_pulled_shader";
        }
        return &desc;
    }
    #endif /* SOKOL_GLCORE */
    #if defined(SOKOL_GLES3)
    if (backend == SG_BACKEND_GLES3) {
        static sg_shader_desc desc;
        static bool valid;
        if (!valid) {
            valid = true;
            desc.vertex_func.source = (const char*)sprite_vs_lit_pulled_source_glsl300es;
            desc.vertex_func.entry = "main";
            desc.fragment_func.source = (const char*)sprite_fs_lit_source_glsl300es;
            desc.fragment_func.entry = "main";
            desc.attrs[0].base_type = SG_SHADERATTRBASETYPE_FLOAT;
            desc.attrs[0].glsl_name = "corner";
            desc.uniform_blocks[0].stage = SG_SHADERSTAGE_VERTEX;
            desc.uniform_blocks[0].layout = SG_UNIFORMLAYOUT_STD140;
            desc.uniform_blocks[0].size = 112;
            desc.uniform_blocks[0].glsl_uniforms[0].type = SG_UNIFORMTYPE_FLOAT4;
            desc.uniform_blocks[0].glsl_uniforms[0].array_count = 7;
            desc.uniform_blocks[0].glsl_uniforms[0].glsl_name = "vs_params";
            desc.uniform_blocks[1].stage = SG_SHADERSTAGE_FRAGMENT;
            desc.uniform_blocks[1].layout = SG_UNIFORMLAYOUT_STD140;
            desc.uniform_blocks[1].size = 224;
            desc.uniform_blocks[1].glsl_uniforms[0].type = SG_UNIFORMTYPE_FLOAT4;
            desc.uniform_blocks[1].glsl_uniforms[0].array_count = 14;
            desc.uniform_blocks[1].glsl_uniforms[0].glsl_name = "fs_params";
            desc.uniform_blocks[2].stage = SG_SHADERSTAGE_FRAGMENT;
            desc.uniform_blocks[2].layout = SG_UNIFORMLAYOUT_STD140;
            desc.uniform_blocks[2].size = 672;
            desc.uniform_blocks[2].glsl_uniforms[0].type = SG_UNIFORMTYPE_FLOAT4;
            desc.uniform_blocks[2].glsl_uniforms[0].array_count = 42;
            desc.uniform_blocks[2].glsl_uniforms[0].glsl_name = "fs_scene";
            desc.uniform_blocks[3].stage = SG_SHADERSTAGE_FRAGMENT;
            desc.uniform_blocks[3].layout = SG_UNIFORMLAYOUT_STD140;
            desc.uniform_blocks[3].size = 512;
            desc.uniform_blocks[3].glsl_uniforms[0].type = SG_UNIFORMTYPE_FLOAT4;
            desc.uniform_blocks[3].glsl_uniforms[0].array_count = 32;
            desc.uniform_blocks[3].glsl_uniforms[0].glsl_name = "fs_lights";
            desc.uniform_blocks[4].stage = SG_SHADERSTAGE_VERTEX;
            desc.uniform_blocks[4].layout = SG_UNIFORMLAYOUT_STD140;
            desc.uniform_blocks[4].size = 16;
            desc.uniform_blocks[4].glsl_uniforms[0].type = SG_UNIFORMTYPE_FLOAT4;
            desc.uniform_blocks[4].glsl_uniforms[0].array_count = 1;
            desc.uniform_blocks[4].glsl_uniforms[0].glsl_name = "vs_batch_lit";
            desc.views[0].texture.stage = SG_SHADERSTAGE_FRAGMENT;
            desc.views[0].texture.image_type = SG_IMAGETYPE_2D;
            desc.views[0].texture.sample_type = SG_IMAGESAMPLETYPE_FLOAT;
            desc.views[0].texture.multisampled = false;
            desc.views[1].texture.stage = SG_SHADERSTAGE_FRAGMENT;
            desc.views[1].texture.image_type = SG_IMAGETYPE_2D;
            desc.views[1].texture.sample_type = SG_IMAGESAMPLETYPE_FLOAT;
            desc.views[1].texture.multisampled = false;
            desc.views[2].texture.stage = SG_SHADERSTAGE_FRAGMENT;
            desc.views[2].texture.image_type = SG_IMAGETYPE_2D;
            desc.views[2].texture.sample_type = SG_IMAGESAMPLETYPE_FLOAT;
            desc.views[2].texture.multisampled = false;
            desc.views[3].texture.stage = SG_SHADERSTAGE_FRAGMENT;
            desc.views[3].texture.image_type = SG_IMAGETYPE_2D;
            desc.views[3].texture.sample_type = SG_IMAGESAMPLETYPE_FLOAT;
            desc.views[3].texture.multisampled = false;
            desc.views[4].texture.stage = SG_SHADERSTAGE_FRAGMENT;
            desc.views[4].texture.image_type = SG_IMAGETYPE_2D;
            desc.views[4].texture.sample_type = SG_IMAGESAMPLETYPE_FLOAT;
            desc.views[4].texture.multisampled = false;
            desc.views[5].texture.stage = SG_SHADERSTAGE_FRAGMENT;
            desc.views[5].texture.image_type = SG_IMAGETYPE_CUBE;
            desc.views[5].texture.sample_type = SG_IMAGESAMPLETYPE_FLOAT;
            desc.views[5].texture.multisampled = false;
            desc.views[6].texture.stage = SG_SHADERSTAGE_FRAGMENT;
            desc.views[6].texture.image_type = SG_IMAGETYPE_2D;
            desc.views[6].texture.sample_type = SG_IMAGESAMPLETYPE_FLOAT;
            desc.views[6].texture.multisampled = false;
            desc.views[7].texture.stage = SG_SHADERSTAGE_VERTEX;
            desc.views[7].texture.image_type = SG_IMAGETYPE_2D;
            desc.views[7].texture.sample_type = SG_IMAGESAMPLETYPE_UNFILTERABLE_FLOAT;
            desc.views[7].texture.multisampled = false;
            desc.views[8].texture.stage = SG_SHADERSTAGE_FRAGMENT;
            desc.views[8].texture.image_type = SG_IMAGETYPE_ARRAY;
            desc.views[8].texture.sample_type = SG_IMAGESAMPLETYPE_DEPTH;
            desc.views[8].texture.multisampled = false;
            desc.samplers[0].stage = SG_SHADERSTAGE_FRAGMENT;
            desc.samplers[0].sampler_type = SG_SAMPLERTYPE_FILTERING;
            desc.samplers[1].stage = SG_SHADERSTAGE_FRAGMENT;
            desc.samplers[1].sampler_type = SG_SAMPLERTYPE_FILTERING;
            desc.samplers[2].stage = SG_SHADERSTAGE_FRAGMENT;
            desc.samplers[2].sampler_type = SG_SAMPLERTYPE_FILTERING;
            desc.samplers[3].stage = SG_SHADERSTAGE_FRAGMENT;
            desc.samplers[3].sampler_type = SG_SAMPLERTYPE_FILTERING;
            desc.samplers[4].stage = SG_SHADERSTAGE_FRAGMENT;
            desc.samplers[4].sampler_type = SG_SAMPLERTYPE_FILTERING;
            desc.samplers[5].stage = SG_SHADERSTAGE_FRAGMENT;
            desc.samplers[5].sampler_type = SG_SAMPLERTYPE_FILTERING;
            desc.samplers[6].stage = SG_SHADERSTAGE_FRAGMENT;
            desc.samplers[6].sampler_type = SG_SAMPLERTYPE_FILTERING;
            desc.samplers[7].stage = SG_SHADERSTAGE_VERTEX;
            desc.samplers[7].sampler_type = SG_SAMPLERTYPE_NONFILTERING;
            desc.samplers[8].stage = SG_SHADERSTAGE_FRAGMENT;
            desc.samplers[8].sampler_type = SG_SAMPLERTYPE_COMPARISON;
            desc.texture_sampler_pairs[0].stage = SG_SHADERSTAGE_VERTEX;
            desc.texture_sampler_pairs[0].view_slot = 7;
            desc.texture_sampler_pairs[0].sampler_slot = 7;
            desc.texture_sampler_pairs[0].glsl_name = "sprite_data_lit_sprite_data_lit_smp";
            desc.texture_sampler_pairs[1].stage = SG_SHADERSTAGE_FRAGMENT;
            desc.texture_sampler_pairs[1].view_slot = 0;
            desc.texture_sampler_pairs[1].sampler_slot = 0;
            desc.texture_sampler_pairs[1].glsl_name = "base_color_tex_base_color_smp";
            desc.texture_sampler_pairs[2].stage = SG_SHADERSTAGE_FRAGMENT;
            desc.texture_sampler_pairs[2].view_slot = 2;
            desc.texture_sampler_pairs[2].sampler_slot = 2;
            desc.texture_sampler_pairs[2].glsl_name = "normal_tex_normal_smp";
            desc.texture_sampler_pairs[3].stage = SG_SHADERSTAGE_FRAGMENT;
            desc.texture_sampler_pairs[3].view_slot = 1;
            desc.texture_sampler_pairs[3].sampler_slot = 1;
            desc.texture_sampler_pairs[3].glsl_name = "metallic_roughness_tex_metallic_roughness_smp";
            desc.texture_sampler_pairs[4].stage = SG_SHADERSTAGE_FRAGMENT;
            desc.texture_sampler_pairs[4].view_slot = 3;
            desc.texture_sampler_pairs[4].sampler_slot = 3;
            desc.texture_sampler_pairs[4].glsl_name = "occlusion_tex_occlusion_smp";
            desc.texture_sampler_pairs[5].stage = SG_SHADERSTAGE_FRAGMENT;
            desc.texture_sampler_pairs[5].view_slot = 8;
            desc.texture_sampler_pairs[5].sampler_slot = 8;
            desc.texture_sampler_pairs[5].glsl_name = "shadow_tex_shadow_smp";
            desc.texture_sampler_pairs[6].stage = SG_SHADERSTAGE_FRAGMENT;
            desc.texture_sampler_pairs[6].view_slot = 5;
            desc.texture_sampler_pairs[6].sampler_slot = 5;
            desc.texture_sampler_pairs[6].glsl_name = "env_tex_env_smp";
            desc.texture_sampler_pairs[7].stage = SG_SHADERSTAGE_FRAGMENT;
            desc.texture_sampler_pairs[7].view_slot = 6;
            desc.texture_sampler_pairs[7].sampler_slot = 6;
            desc.texture_sampler_pairs[7].glsl_name = "brdf_tex_brdf_smp";
            desc.texture_sampler_pairs[8].stage = SG_SHADERSTAGE_FRAGMENT;
            desc.texture_sampler_pairs[8].view_slot = 4;
            desc.texture_sampler_pairs[8].sampler_slot = 4;
            desc.texture_sampler_pairs[8].glsl_name = "emissive_tex_emissive_smp";
            desc.label = "sprite_quad_lit_pulled_shader";
        }
        return &desc;
    }
    #endif /* SOKOL_GLES3 */
    #if defined(SOKOL_WGPU)
    if (backend == SG_BACKEND_WGPU) {
        static sg_shader_desc desc;
        static bool valid;
        if (!valid) {
            valid = true;
            desc.vertex_func.source = (const char*)sprite_vs_lit_pulled_source_wgsl;
            desc.vertex_func.entry = "main";
            desc.fragment_func.source = (const char*)sprite_fs_lit_source_wgsl;
            desc.fragment_func.entry = "main";
            desc.attrs[0].base_type = SG_SHADERATTRBASETYPE_FLOAT;
            desc.uniform_blocks[0].stage = SG_SHADERSTAGE_VERTEX;
            desc.uniform_blocks[0].layout = SG_UNIFORMLAYOUT_STD140;
            desc.uniform_blocks[0].size = 112;
            desc.uniform_blocks[0].wgsl_group0_binding_n = 0;
            desc.uniform_blocks[1].stage = SG_SHADERSTAGE_FRAGMENT;
            desc.uniform_blocks[1].layout = SG_UNIFORMLAYOUT_STD140;
            desc.uniform_blocks[1].size = 224;
            desc.uniform_blocks[1].wgsl_group0_binding_n = 1;
            desc.uniform_blocks[2].stage = SG_SHADERSTAGE_FRAGMENT;
            desc.uniform_blocks[2].layout = SG_UNIFORMLAYOUT_STD140;
            desc.uniform_blocks[2].size = 672;
            desc.uniform_blocks[2].wgsl_group0_binding_n = 2;
            desc.uniform_blocks[3].stage = SG_SHADERSTAGE_FRAGMENT;
            desc.uniform_blocks[3].layout = SG_UNIFORMLAYOUT_STD140;
            desc.uniform_blocks[3].size = 512;
            desc.uniform_blocks[3].wgsl_group0_binding_n = 3;
            desc.uniform_blocks[4].stage = SG_SHADERSTAGE_VERTEX;
            desc.uniform_blocks[4].layout = SG_UNIFORMLAYOUT_STD140;
            desc.uniform_blocks[4].size = 16;
            desc.uniform_blocks[4].wgsl_group0_binding_n = 4;
            desc.views[0].texture.stage = SG_SHADERSTAGE_FRAGMENT;
            desc.views[0].texture.image_type = SG_IMAGETYPE_2D;
            desc.views[0].texture.sample_type = SG_IMAGESAMPLETYPE_FLOAT;
            desc.views[0].texture.multisampled = false;
            desc.views[0].texture.wgsl_group1_binding_n = 0;
            desc.views[1].texture.stage = SG_SHADERSTAGE_FRAGMENT;
            desc.views[1].texture.image_type = SG_IMAGETYPE_2D;
            desc.views[1].texture.sample_type = SG_IMAGESAMPLETYPE_FLOAT;
            desc.views[1].texture.multisampled = false;
            desc.views[1].texture.wgsl_group1_binding_n = 1;
            desc.views[2].texture.stage = SG_SHADERSTAGE_FRAGMENT;
            desc.views[2].texture.image_type = SG_IMAGETYPE_2D;
            desc.views[2].texture.sample_type = SG_IMAGESAMPLETYPE_FLOAT;
            desc.views[2].texture.multisampled = false;
            desc.views[2].texture.wgsl_group1_binding_n = 2;
            desc.views[3].texture.stage = SG_SHADERSTAGE_FRAGMENT;
            desc.views[3].texture.image_type = SG_IMAGETYPE_2D;
            desc.views[3].texture.sample_type = SG_IMAGESAMPLETYPE_FLOAT;
            desc.views[3].texture.multisampled = false;
            desc.views[3].texture.wgsl_group1_binding_n = 3;
            desc.views[4].texture.stage = SG_SHADERSTAGE_FRAGMENT;
            desc.views[4].texture.image_type = SG_IMAGETYPE_2D;
            desc.views[4].texture.sample_type = SG_IMAGESAMPLETYPE_FLOAT;
            desc.views[4].texture.multisampled = false;
            desc.views[4].texture.wgsl_group1_binding_n = 4;
            desc.views[5].texture.stage = SG_SHADERSTAGE_FRAGMENT;
            desc.views[5].texture.image_type = SG_IMAGETYPE_CUBE;
            desc.views[5].texture.sample_type = SG_IMAGESAMPLETYPE_FLOAT;
            desc.views[5].texture.multisampled = false;
            desc.views[5].texture.wgsl_group1_binding_n = 5;
            desc.views[6].texture.stage = SG_SHADERSTAGE_FRAGMENT;
            desc.views[6].texture.image_type = SG_IMAGETYPE_2D;
            desc.views[6].texture.sample_type = SG_IMAGESAMPLETYPE_FLOAT;
            desc.views[6].texture.multisampled = false;
            desc.views[6].texture.wgsl_group1_binding_n = 6;
            desc.views[7].texture.stage = SG_SHADERSTAGE_VERTEX;
            desc.views[7].texture.image_type = SG_IMAGETYPE_2D;
            desc.views[7].texture.sample_type = SG_IMAGESAMPLETYPE_UNFILTERABLE_FLOAT;
            desc.views[7].texture.multisampled = false;
            desc.views[7].texture.wgsl_group1_binding_n = 7;
            desc.views[8].texture.stage = SG_SHADERSTAGE_FRAGMENT;
            desc.views[8].texture.image_type = SG_IMAGETYPE_ARRAY;
            desc.views[8].texture.sample_type = SG_IMAGESAMPLETYPE_DEPTH;
            desc.views[8].texture.multisampled = false;
            desc.views[8].texture.wgsl_group1_binding_n = 8;
            desc.samplers[0].stage = SG_SHADERSTAGE_FRAGMENT;
            desc.samplers[0].sampler_type = SG_SAMPLERTYPE_FILTERING;
            desc.samplers[0].wgsl_group1_binding_n = 32;
            desc.samplers[1].stage = SG_SHADERSTAGE_FRAGMENT;
            desc.samplers[1].sampler_type = SG_SAMPLERTYPE_FILTERING;
            desc.samplers[1].wgsl_group1_binding_n = 33;
            desc.samplers[2].stage = SG_SHADERSTAGE_FRAGMENT;
            desc.samplers[2].sampler_type = SG_SAMPLERTYPE_FILTERING;
            desc.samplers[2].wgsl_group1_binding_n = 34;
            desc.samplers[3].stage = SG_SHADERSTAGE_FRAGMENT;
            desc.samplers[3].sampler_type = SG_SAMPLERTYPE_FILTERING;
            desc.samplers[3].wgsl_group1_binding_n = 35;
            desc.samplers[4].stage = SG_SHADERSTAGE_FRAGMENT;
            desc.samplers[4].sampler_type = SG_SAMPLERTYPE_FILTERING;
            desc.samplers[4].wgsl_group1_binding_n = 36;
            desc.samplers[5].stage = SG_SHADERSTAGE_FRAGMENT;
            desc.samplers[5].sampler_type = SG_SAMPLERTYPE_FILTERING;
            desc.samplers[5].wgsl_group1_binding_n = 37;
            desc.samplers[6].stage = SG_SHADERSTAGE_FRAGMENT;
            desc.samplers[6].sampler_type = SG_SAMPLERTYPE_FILTERING;
            desc.samplers[6].wgsl_group1_binding_n = 38;
            desc.samplers[7].stage = SG_SHADERSTAGE_VERTEX;
            desc.samplers[7].sampler_type = SG_SAMPLERTYPE_NONFILTERING;
            desc.samplers[7].wgsl_group1_binding_n = 39;
            desc.samplers[8].stage = SG_SHADERSTAGE_FRAGMENT;
            desc.samplers[8].sampler_type = SG_SAMPLERTYPE_COMPARISON;
            desc.samplers[8].wgsl_group1_binding_n = 40;
            desc.texture_sampler_pairs[0].stage = SG_SHADERSTAGE_VERTEX;
            desc.texture_sampler_pairs[0].view_slot = 7;
            desc.texture_sampler_pairs[0].sampler_slot = 7;
            desc.texture_sampler_pairs[1].stage = SG_SHADERSTAGE_FRAGMENT;
            desc.texture_sampler_pairs[1].view_slot = 0;
            desc.texture_sampler_pairs[1].sampler_slot = 0;
            desc.texture_sampler_pairs[2].stage = SG_SHADERSTAGE_FRAGMENT;
            desc.texture_sampler_pairs[2].view_slot = 2;
            desc.texture_sampler_pairs[2].sampler_slot = 2;
            desc.texture_sampler_pairs[3].stage = SG_SHADERSTAGE_FRAGMENT;
            desc.texture_sampler_pairs[3].view_slot = 1;
            desc.texture_sampler_pairs[3].sampler_slot = 1;
            desc.texture_sampler_pairs[4].stage = SG_SHADERSTAGE_FRAGMENT;
            desc.texture_sampler_pairs[4].view_slot = 3;
            desc.texture_sampler_pairs[4].sampler_slot = 3;
            desc.texture_sampler_pairs[5].stage = SG_SHADERSTAGE_FRAGMENT;
            desc.texture_sampler_pairs[5].view_slot = 8;
            desc.texture_sampler_pairs[5].sampler_slot = 8;
            desc.texture_sampler_pairs[6].stage = SG_SHADERSTAGE_FRAGMENT;
            desc.texture_sampler_pairs[6].view_slot = 5;
            desc.texture_sampler_pairs[6].sampler_slot = 5;
            desc.texture_sampler_pairs[7].stage = SG_SHADERSTAGE_FRAGMENT;
            desc.texture_sampler_pairs[7].view_slot = 6;
            desc.texture_sampler_pairs[7].sampler_slot = 6;
            desc.texture_sampler_pairs[8].stage = SG_SHADERSTAGE_FRAGMENT;
            desc.texture_sampler_pairs[8].view_slot = 4;
            desc.texture_sampler_pairs[8].sampler_slot = 4;
            desc.label = "sprite_quad_lit_pulled_shader";
        }
        return &desc;
    }
    #endif /* SOKOL_WGPU */
    return 0;
}
static inline const sg_shader_desc* sprite_quad_pulled_shader_desc(sg_backend backend) {
    #if defined(SOKOL_GLCORE)
    if (backend == SG_BACKEND_GLCORE) {
        static sg_shader_desc desc;
        static bool valid;
        if (!valid) {
            valid = true;
            desc.vertex_func.source = (const char*)sprite_vs_pulled_source_glsl410;
            desc.vertex_func.entry = "main";
            desc.fragment_func.source = (const char*)sprite_fs_source_glsl410;
            desc.fragment_func.entry = "main";
            desc.attrs[0].base_type = SG_SHADERATTRBASETYPE_FLOAT;
            desc.attrs[0].glsl_name = "corner";
            desc.uniform_blocks[0].stage = SG_SHADERSTAGE_VERTEX;
            desc.uniform_blocks[0].layout = SG_UNIFORMLAYOUT_STD140;
            desc.uniform_blocks[0].size = 112;
            desc.uniform_blocks[0].glsl_uniforms[0].type = SG_UNIFORMTYPE_FLOAT4;
            desc.uniform_blocks[0].glsl_uniforms[0].array_count = 7;
            desc.uniform_blocks[0].glsl_uniforms[0].glsl_name = "vs_params";
            desc.uniform_blocks[1].stage = SG_SHADERSTAGE_VERTEX;
            desc.uniform_blocks[1].layout = SG_UNIFORMLAYOUT_STD140;
            desc.uniform_blocks[1].size = 16;
            desc.uniform_blocks[1].glsl_uniforms[0].type = SG_UNIFORMTYPE_FLOAT4;
            desc.uniform_blocks[1].glsl_uniforms[0].array_count = 1;
            desc.uniform_blocks[1].glsl_uniforms[0].glsl_name = "vs_batch";
            desc.views[0].texture.stage = SG_SHADERSTAGE_FRAGMENT;
            desc.views[0].texture.image_type = SG_IMAGETYPE_2D;
            desc.views[0].texture.sample_type = SG_IMAGESAMPLETYPE_FLOAT;
            desc.views[0].texture.multisampled = false;
            desc.views[1].texture.stage = SG_SHADERSTAGE_VERTEX;
            desc.views[1].texture.image_type = SG_IMAGETYPE_2D;
            desc.views[1].texture.sample_type = SG_IMAGESAMPLETYPE_UNFILTERABLE_FLOAT;
            desc.views[1].texture.multisampled = false;
            desc.samplers[0].stage = SG_SHADERSTAGE_FRAGMENT;
            desc.samplers[0].sampler_type = SG_SAMPLERTYPE_FILTERING;
            desc.samplers[1].stage = SG_SHADERSTAGE_VERTEX;
            desc.samplers[1].sampler_type = SG_SAMPLERTYPE_NONFILTERING;
            desc.texture_sampler_pairs[0].stage = SG_SHADERSTAGE_VERTEX;
            desc.texture_sampler_pairs[0].view_slot = 1;
            desc.texture_sampler_pairs[0].sampler_slot = 1;
            desc.texture_sampler_pairs[0].glsl_name = "sprite_data_sprite_data_smp";
            desc.texture_sampler_pairs[1].stage = SG_SHADERSTAGE_FRAGMENT;
            desc.texture_sampler_pairs[1].view_slot = 0;
            desc.texture_sampler_pairs[1].sampler_slot = 0;
            desc.texture_sampler_pairs[1].glsl_name = "tex_smp";
            desc.label = "sprite_quad_pulled_shader";
        }
        return &desc;
    }
    #endif /* SOKOL_GLCORE */
    #if defined(SOKOL_GLES3)
    if (backend == SG_BACKEND_GLES3) {
        static sg_shader_desc desc;
        static bool valid;
        if (!valid) {
            valid = true;
            desc.vertex_func.source = (const char*)sprite_vs_pulled_source_glsl300es;
            desc.vertex_func.entry = "main";
            desc.fragment_func.source = (const char*)sprite_fs_source_glsl300es;
            desc.fragment_func.entry = "main";
            desc.attrs[0].base_type = SG_SHADERATTRBASETYPE_FLOAT;
            desc.attrs[0].glsl_name = "corner";
            desc.uniform_blocks[0].stage = SG_SHADERSTAGE_VERTEX;
            desc.uniform_blocks[0].layout = SG_UNIFORMLAYOUT_STD140;
            desc.uniform_blocks[0].size = 112;
            desc.uniform_blocks[0].glsl_uniforms[0].type = SG_UNIFORMTYPE_FLOAT4;
            desc.uniform_blocks[0].glsl_uniforms[0].array_count = 7;
            desc.uniform_blocks[0].glsl_uniforms[0].glsl_name = "vs_params";
            desc.uniform_blocks[1].stage = SG_SHADERSTAGE_VERTEX;
            desc.uniform_blocks[1].layout = SG_UNIFORMLAYOUT_STD140;
            desc.uniform_blocks[1].size = 16;
            desc.uniform_blocks[1].glsl_uniforms[0].type = SG_UNIFORMTYPE_FLOAT4;
            desc.uniform_blocks[1].glsl_uniforms[0].array_count = 1;
            desc.uniform_blocks[1].glsl_uniforms[0].glsl_name = "vs_batch";
            desc.views[0].texture.stage = SG_SHADERSTAGE_FRAGMENT;
            desc.views[0].texture.image_type = SG_IMAGETYPE_2D;
            desc.views[0].texture.sample_type = SG_IMAGESAMPLETYPE_FLOAT;
            desc.views[0].texture.multisampled = false;
            desc.views[1].texture.stage = SG_SHADERSTAGE_VERTEX;
            desc.views[1].texture.image_type = SG_IMAGETYPE_2D;
            desc.views[1].texture.sample_type = SG_IMAGESAMPLETYPE_UNFILTERABLE_FLOAT;
            desc.views[1].texture.multisampled = false;
            desc.samplers[0].stage = SG_SHADERSTAGE_FRAGMENT;
            desc.samplers[0].sampler_type = SG_SAMPLERTYPE_FILTERING;
            desc.samplers[1].stage = SG_SHADERSTAGE_VERTEX;
            desc.samplers[1].sampler_type = SG_SAMPLERTYPE_NONFILTERING;
            desc.texture_sampler_pairs[0].stage = SG_SHADERSTAGE_VERTEX;
            desc.texture_sampler_pairs[0].view_slot = 1;
            desc.texture_sampler_pairs[0].sampler_slot = 1;
            desc.texture_sampler_pairs[0].glsl_name = "sprite_data_sprite_data_smp";
            desc.texture_sampler_pairs[1].stage = SG_SHADERSTAGE_FRAGMENT;
            desc.texture_sampler_pairs[1].view_slot = 0;
            desc.texture_sampler_pairs[1].sampler_slot = 0;
            desc.texture_sampler_pairs[1].glsl_name = "tex_smp";
            desc.label = "sprite_quad_pulled_shader";
        }
        return &desc;
    }
    #endif /* SOKOL_GLES3 */
    #if defined(SOKOL_WGPU)
    if (backend == SG_BACKEND_WGPU) {
        static sg_shader_desc desc;
        static bool valid;
        if (!valid) {
            valid = true;
            desc.vertex_func.source = (const char*)sprite_vs_pulled_source_wgsl;
            desc.vertex_func.entry = "main";
            desc.fragment_func.source = (const char*)sprite_fs_source_wgsl;
            desc.fragment_func.entry = "main";
            desc.attrs[0].base_type = SG_SHADERATTRBASETYPE_FLOAT;
            desc.uniform_blocks[0].stage = SG_SHADERSTAGE_VERTEX;
            desc.uniform_blocks[0].layout = SG_UNIFORMLAYOUT_STD140;
            desc.uniform_blocks[0].size = 112;
            desc.uniform_blocks[0].wgsl_group0_binding_n = 0;
            desc.uniform_blocks[1].stage = SG_SHADERSTAGE_VERTEX;
            desc.uniform_blocks[1].layout = SG_UNIFORMLAYOUT_STD140;
            desc.uniform_blocks[1].size = 16;
            desc.uniform_blocks[1].wgsl_group0_binding_n = 1;
            desc.views[0].texture.stage = SG_SHADERSTAGE_FRAGMENT;
            desc.views[0].texture.image_type = SG_IMAGETYPE_2D;
            desc.views[0].texture.sample_type = SG_IMAGESAMPLETYPE_FLOAT;
            desc.views[0].texture.multisampled = false;
            desc.views[0].texture.wgsl_group1_binding_n = 0;
            desc.views[1].texture.stage = SG_SHADERSTAGE_VERTEX;
            desc.views[1].texture.image_type = SG_IMAGETYPE_2D;
            desc.views[1].texture.sample_type = SG_IMAGESAMPLETYPE_UNFILTERABLE_FLOAT;
            desc.views[1].texture.multisampled = false;
            desc.views[1].texture.wgsl_group1_binding_n = 1;
            desc.samplers[0].stage = SG_SHADERSTAGE_FRAGMENT;
            desc.samplers[0].sampler_type = SG_SAMPLERTYPE_FILTERING;
            desc.samplers[0].wgsl_group1_binding_n = 32;
            desc.samplers[1].stage = SG_SHADERSTAGE_VERTEX;
            desc.samplers[1].sampler_type = SG_SAMPLERTYPE_NONFILTERING;
            desc.samplers[1].wgsl_group1_binding_n = 33;
            desc.texture_sampler_pairs[0].stage = SG_SHADERSTAGE_VERTEX;
            desc.texture_sampler_pairs[0].view_slot = 1;
            desc.texture_sampler_pairs[0].sampler_slot = 1;
            desc.texture_sampler_pairs[1].stage = SG_SHADERSTAGE_FRAGMENT;
            desc.texture_sampler_pairs[1].view_slot = 0;
            desc.texture_sampler_pairs[1].sampler_slot = 0;
            desc.label = "sprite_quad_pulled_shader";
        }
        return &desc;
    }
    #endif /* SOKOL_WGPU */
    return 0;
}
